/* generated by tools/png_to_rgb565.py from plate.320.png (dither: bayer) — do not edit.
 * 108800 byte, .rodata → flash. Never memcpy this to RAM. */
#include "plate_bg.h"

const uint16_t plate_bg[320 * 170] = {
    0x61EA, 0x6A0A, 0x6A0A, 0x722B, 0x722B, 0x6A0B, 0x722B, 0x722B, 0x722B, 0x7A4C, 0x7A4C, 0x826D,
    0x826C, 0x826C, 0x8A8D, 0x8A8D, 0x828D, 0x8AAE, 0x8AAD, 0x92AE, 0x92AE, 0x92AE, 0x9ACE, 0x9ACE,
    0x92CE, 0x9ACF, 0x9ACE, 0xC392, 0x5167, 0x0000, 0x0000, 0x0000, 0x0000, 0x0000, 0x0000, 0x0000,
    0x0000, 0x0000, 0x0000, 0x0000, 0x1082, 0x51A8, 0x826D, 0xAB31, 0xA331, 0x9B10, 0xA331, 0xA310,
    0x9B10, 0xA331, 0xA310, 0xA331, 0xA311, 0xA310, 0xA331, 0xA310, 0xA310, 0xA311, 0xA310, 0xAB11,
    0xA310, 0xA2F0, 0xA2F0, 0xA2F0, 0xA2CF, 0xA2D0, 0xA2CF, 0xAAF0, 0xA2F0, 0xA2D0, 0xAAF0, 0xAAD0,
    0xA2CF, 0xAAF0, 0xA2CF, 0xAAD0, 0xA2CF, 0xA2CF, 0xAAD0, 0xA2CF, 0xA2CF, 0xAACF, 0xA2CF, 0xAAD0,
    0xA2CF, 0xA2AF, 0xAACF, 0xA2AF, 0xA2AE, 0xAACF, 0xA2AE, 0xAACF, 0xAACF, 0xA2AE, 0xAACF, 0xA2AE,
    0xA28E, 0xAAAF, 0xA2AE, 0xAACF, 0xAAAE, 0xA28E, 0xAAAE, 0xA28E, 0xA28D, 0xAAAE, 0xA28E, 0xAAAE,
    0xAA8E, 0xA28E, 0xAAAE, 0xAA8E, 0xA28D, 0xAAAE, 0xA28E, 0xAAAE, 0xAAAE, 0xA28D, 0xAA8E, 0xA26D,
    0xA26D, 0xAA8E, 0xA28D, 0xAAAE, 0xAA8D, 0xA28D, 0xAA8D, 0xA26D, 0xA26D, 0xAA8D, 0xA28D, 0xAAAE,
    0xAA8D, 0xA26D, 0xAA8D, 0xA28D, 0xA28D, 0xAA8D, 0xA26D, 0xAA8D, 0xAA8D, 0xA26C, 0xAA8D, 0xA26D,
    0xA26C, 0xAA8D, 0xAA6C, 0xAA8D, 0xAA8D, 0xA26C, 0xAA8D, 0xAA8C, 0xA26C, 0xAA8D, 0xA26C, 0xAA8D,
    0xAA8D, 0xA26C, 0xAA8D, 0xA26C, 0xA26C, 0xAA6C, 0xAA6C, 0xAA8D, 0xAA8C, 0xA26C, 0xAA8C, 0xA26C,
    0xA26C, 0xAA6C, 0xA26C, 0xAA8D, 0xA28C, 0xA26C, 0xAAAD, 0xAA8D, 0xA26C, 0xAA6C, 0xA26C, 0xAA8D,
    0xAA6C, 0xA26C, 0xAA8D, 0xAA6C, 0xA26C, 0xAA8D, 0xAA8D, 0xAA8D, 0xAA8D, 0xA28D, 0xAAAD, 0xAA8D,
    0xA28C, 0xAA8D, 0xA26D, 0xAA8D, 0xAA8D, 0xA26C, 0xAA8D, 0xAA8D, 0xA28D, 0xAA8D, 0xA28D, 0xAAAE,
    0xAAAD, 0xAAAD, 0xAAAE, 0xAAAD, 0xA28D, 0xAA8D, 0xA28D, 0xAA8E, 0xA28D, 0xA28D, 0xAAAE, 0xA28D,
    0xA26D, 0xAA8E, 0xA28D, 0xAACE, 0xAACE, 0xA2AD, 0xAAAE, 0xAAAE, 0xA2AE, 0xAAAE, 0xA2AE, 0xAACF,
    0xAAAE, 0xA2AE, 0xAACF, 0xA2CF, 0xA2CE, 0xAACF, 0xA2AE, 0xAACF, 0xAACF, 0xA2AE, 0xAACF, 0xA2AF,
    0xA2AE, 0xAACF, 0xA2CF, 0xAACF, 0xA2CF, 0xA2AF, 0xAAEF, 0xA2CF, 0xA2CF, 0xA2EF, 0xA2EF, 0xAAF0,
    0xAAF0, 0xA2EF, 0xAAF0, 0xA2F0, 0xA2EF, 0xA2F0, 0xA2F0, 0xAB10, 0xA310, 0xA2F0, 0xAB11, 0xA310,
    0xA310, 0xA311, 0xA310, 0xAB31, 0xA311, 0xA310, 0xAB31, 0xA310, 0xA310, 0xA310, 0xA2F0, 0xA311,
    0xA310, 0x826D, 0x4987, 0x1061, 0x0000, 0x0000, 0x0000, 0x0000, 0x0000, 0x0000, 0x0000, 0x0000,
    0x0000, 0x0000, 0x0000, 0x4987, 0xABB1, 0x8AED, 0x8B0E, 0x8AEE, 0x82ED, 0x8AEE, 0x82CD, 0x8AEE,
    0x82CD, 0x82AD, 0x82CD, 0x82AC, 0x7A8C, 0x7A8C, 0x7A6C, 0x7A8C, 0x7A6C, 0x724B, 0x726C, 0x724B,
    0x6A2A, 0x722B, 0x6A2A, 0x6A2B, 0x6A0A, 0x61EA, 0x6A0A, 0x61EA, 0x6A0A, 0x6A0A, 0x720B, 0x6A0B,
    0x722B, 0x722B, 0x722B, 0x7A4C, 0x7A4C, 0x7A4B, 0x826C, 0x7A6C, 0x828D, 0x828D, 0x826D, 0x8A8D,
    0x8A8D, 0x8A8D, 0x92AE, 0x92AE, 0x9ACE, 0x92CE, 0x92CE, 0x9AEF, 0x9ACF, 0x9ACE, 0x9AEF, 0xBB72,
    0x5188, 0x0000, 0x0000, 0x0000, 0x0000, 0x0000, 0x0000, 0x0000, 0x0000, 0x0000, 0x720C, 0xEBB7,
    0xFCBB, 0xFCDB, 0xFC9B, 0xFC7A, 0xFC7B, 0xFC7A, 0xFC7A, 0xFC9A, 0xFC7A, 0xFC7A, 0xFC7A, 0xFC79,
    0xFC7A, 0xFC7A, 0xFC79, 0xFC7A, 0xFC59, 0xFC59, 0xFC5A, 0xFC59, 0xFC39, 0xFC39, 0xFC18, 0xFC19,
    0xFBF8, 0xFBF8, 0xFC18, 0xFBF8, 0xFBF8, 0xFC18, 0xFBF7, 0xFBF8, 0xFBF7, 0xFC17, 0xFC18, 0xFBF7,
    0xFBF7, 0xFBD7, 0xFBD6, 0xFBF7, 0xFBF7, 0xFBD6, 0xFBD7, 0xFBD6, 0xFBD7, 0xFBD6, 0xFBB6, 0xFBD6,
    0xFBB6, 0xFB95, 0xFBB6, 0xFBB6, 0xFBD6, 0xFBB6, 0xFB95, 0xFBB6, 0xFBB5, 0xFBB5, 0xFBB6, 0xFBB5,
    0xFBB6, 0xFB95, 0xFB75, 0xFB95, 0xFB74, 0xFB54, 0xFB75, 0xFB74, 0xFB95, 0xFB95, 0xFB75, 0xFBB5,
    0xFB94, 0xFB74, 0xFB95, 0xFB94, 0xFB95, 0xFB74, 0xFB74, 0xFB74, 0xFB74, 0xFB74, 0xFB74, 0xFB74,
    0xFB74, 0xFB74, 0xFB53, 0xFB54, 0xFB54, 0xFB53, 0xFB94, 0xFB94, 0xFB74, 0xFB74, 0xFB53, 0xFB74,
    0xFB73, 0xFB73, 0xFB74, 0xFB73, 0xFB93, 0xFB73, 0xFB32, 0xFB53, 0xFB52, 0xFB52, 0xFB53, 0xFB32,
    0xFB53, 0xFB52, 0xFB32, 0xFB52, 0xFB32, 0xFB32, 0xFB52, 0xFB52, 0xFB52, 0xFB52, 0xFB32, 0xFB52,
    0xFB52, 0xFB31, 0xFB52, 0xFB52, 0xFB52, 0xFB52, 0xFB31, 0xFB52, 0xFB32, 0xFB31, 0xFB52, 0xFB52,
    0xFB52, 0xFB52, 0xFB52, 0xFB72, 0xFB52, 0xFB31, 0xFB32, 0xFB32, 0xFB52, 0xFB52, 0xFB52, 0xFB53,
    0xFB52, 0xFB52, 0xFB73, 0xFB73, 0xFB73, 0xFB73, 0xFB73, 0xFB73, 0xFB52, 0xFB52, 0xFB53, 0xFB52,
    0xFB73, 0xFB53, 0xFB32, 0xFB53, 0xFB53, 0xFB53, 0xFB74, 0xFB73, 0xFB74, 0xFB74, 0xFB73, 0xFB94,
    0xFB74, 0xFB73, 0xFB74, 0xFB74, 0xFB74, 0xFB74, 0xFB74, 0xFB94, 0xFB74, 0xFB74, 0xFB95, 0xFB94,
    0xFBB5, 0xFB95, 0xFB94, 0xFBB5, 0xFBB5, 0xFBB5, 0xFBD6, 0xFBB5, 0xFBD6, 0xFBB6, 0xFBB5, 0xFBD6,
    0xFBD6, 0xFBB5, 0xFBB6, 0xFBB5, 0xFBB6, 0xFBD6, 0xFBB6, 0xFBD6, 0xFBD6, 0xFBD6, 0xFBD6, 0xFBB6,
    0xFBD6, 0xFBD6, 0xFBD6, 0xFBF7, 0xFBD7, 0xFBD7, 0xFBF7, 0xFBF7, 0xFC18, 0xFC18, 0xFBF7, 0xFC18,
    0xFC18, 0xFC18, 0xFC38, 0xFC18, 0xFC39, 0xFC59, 0xFC38, 0xFC59, 0xFC59, 0xFC59, 0xFC59, 0xFC59,
    0xFC5A, 0xFC59, 0xFC59, 0xFC59, 0xFC59, 0xFC59, 0xFC5A, 0xFC59, 0xFC7A, 0xFC7A, 0xFC7A, 0xFC3A,
    0xDB54, 0x61A9, 0x0000, 0x0000, 0x0000, 0x0000, 0x0000, 0x0000, 0x0000, 0x0000, 0x0000, 0x4187,
    0xABB2, 0x8B0E, 0x8AEE, 0x930E, 0x8AEE, 0x8AED, 0x8AEE, 0x82CD, 0x8ACE, 0x82CD, 0x82AD, 0x82AD,
    0x82AC, 0x7A8C, 0x7A8C, 0x7A6C, 0x7A6C, 0x7A6C, 0x724B, 0x724B, 0x724B, 0x6A2A, 0x722B, 0x6A2A,
    0x722B, 0x6A0A, 0x61EA, 0x6A0A, 0x722B, 0x6A0B, 0x6A0A, 0x722B, 0x722B, 0x7A4C, 0x7A4C, 0x7A4B,
    0x7A6C, 0x7A4C, 0x7A4C, 0x826D, 0x826D, 0x8A8D, 0x8A8D, 0x8A8D, 0x92AE, 0x92AE, 0x92AE, 0x92CE,
    0x92CE, 0x9ACF, 0x9ACF, 0x9ACE, 0xA2EF, 0xA2EF, 0x9ACE, 0xC393, 0x5167, 0x0000, 0x0000, 0x0000,
    0x0000, 0x0000, 0x0000, 0x0000, 0x7A6D, 0xFCDB, 0xFC9C, 0xFC39, 0xFD3A, 0xF65B, 0xF71C, 0xFF1D,
    0xF6FC, 0xFF3D, 0xFF3D, 0xF73D, 0xFF3D, 0xFF3D, 0xF71C, 0xFF3D, 0xFF1C, 0xFF3D, 0xFF3D, 0xF71D,
    0xFF3D, 0xFF3D, 0xF71D, 0xFF3D, 0xFF3D, 0xFF3D, 0xFF3D, 0xF71C, 0xFF1D, 0xFF1D, 0xF71C, 0xFF1D,
    0xFF1C, 0xFF1D, 0xFF1D, 0xF71C, 0xFF1D, 0xFF1C, 0xF6FC, 0xFF1D, 0xFEFC, 0xFF1D, 0xFEFC, 0xF6FC,
    0xFF1D, 0xFF1D, 0xF6FC, 0xFF1D, 0xFEFC, 0xFF1D, 0xFF1D, 0xF71C, 0xFF3D, 0xFF1C, 0xF6FC, 0xFEFC,
    0xFEFC, 0xFF1D, 0xFEFC, 0xF6DC, 0xFEFC, 0xFEFC, 0xF6FC, 0xFEFC, 0xFEFC, 0xFF1D, 0xFF1C, 0xF6FC,
    0xFEFC, 0xFEFC, 0xF6FB, 0xFEDC, 0xFEFC, 0xFF1D, 0xFEFC, 0xF6FC, 0xFEFC, 0xFEDC, 0xF6DB, 0xFEDC,
    0xF6DC, 0xFEFC, 0xFEFC, 0xF6FB, 0xFEFC, 0xFEFC, 0xF6DB, 0xFEDC, 0xFEFB, 0xFEFC, 0xFEFC, 0xFEFC,
    0xFEFC, 0xFEDC, 0xF6DB, 0xFEFC, 0xFEFB, 0xFEFC, 0xFEFC, 0xF6DB, 0xFEDC, 0xFEDB, 0xF6DB, 0xFEFC,
    0xFEFC, 0xFEFC, 0xFEFC, 0xF6DB, 0xFEFC, 0xFEFC, 0xF6DB, 0xFEFC, 0xFEDB, 0xFEFC, 0xFEFC, 0xFEDB,
    0xFEFC, 0xFEDB, 0xF6DB, 0xFEFC, 0xFEFC, 0xFEFC, 0xFEFC, 0xF6FB, 0xFEFC, 0xFEFC, 0xF6FB, 0xFEFC,
    0xFEFB, 0xFEFC, 0xFEFC, 0xF6DB, 0xFEFC, 0xFEFC, 0xF6FB, 0xFEFC, 0xFEFB, 0xFEFC, 0xFEFC, 0xF6DB,
    0xFEFC, 0xFEFC, 0xF6DB, 0xFEFC, 0xFEFC, 0xFF1C, 0xFEFC, 0xF6FB, 0xFEFC, 0xFEFC, 0xF6FB, 0xFEFC,
    0xFEFC, 0xFEFC, 0xFEFC, 0xF6DB, 0xFEFC, 0xFEFC, 0xF6DB, 0xFEFC, 0xFEFB, 0xFEFC, 0xFEFC, 0xF6FB,
    0xFEFC, 0xFEFC, 0xF6DB, 0xFEFC, 0xFEFC, 0xFEFC, 0xFEFC, 0xF6DB, 0xFEFC, 0xFEDC, 0xF6DB, 0xFEFC,
    0xFEFC, 0xFEFC, 0xFEFC, 0xFEFC, 0xFF1C, 0xFF1C, 0xF6FC, 0xFEFC, 0xFEDC, 0xFEFC, 0xFEFC, 0xF6FC,
    0xFEFC, 0xFEFC, 0xF6DC, 0xFEFC, 0xFEFC, 0xFEFC, 0xFEFC, 0xF6DC, 0xFEFC, 0xFEFC, 0xF6DC, 0xFEFC,
    0xFEFC, 0xFF1D, 0xFEFC, 0xFEFC, 0xFF1D, 0xFEFC, 0xF6FC, 0xFEFC, 0xFEFC, 0xFEFC, 0xFF1C, 0xF6FC,
    0xFF1D, 0xFF1C, 0xF6FC, 0xFF1D, 0xFF1C, 0xFF1D, 0xFF1C, 0xF6FC, 0xFF1D, 0xFF1D, 0xF6FC, 0xFF1D,
    0xFF1C, 0xFF1D, 0xFF1D, 0xF6FC, 0xFF1D, 0xFF1D, 0xF71C, 0xFF1D, 0xFF1D, 0xFF3D, 0xFF3D, 0xF71C,
    0xFF3D, 0xFF1C, 0xF73C, 0xFF3D, 0xFF1C, 0xFEDC, 0xF61B, 0xF4F9, 0xFC59, 0xFCBB, 0xFCDA, 0x6A2B,
    0x0000, 0x0000, 0x0000, 0x0000, 0x0000, 0x0000, 0x0000, 0x4987, 0xABB1, 0x930E, 0x930E, 0x8B0E,
    0x930E, 0x8AEE, 0x8AED, 0x8AEE, 0x8ACD, 0x8AEE, 0x82CD, 0x82AD, 0x82AD, 0x82AC, 0x7A8C, 0x7A8C,
    0x7A6C, 0x7A6C, 0x7A6C, 0x724B, 0x7A4C, 0x724B, 0x6A2A, 0x722B, 0x6A2A, 0x722B, 0x6A0A, 0x61EA,
    0x6A0A, 0x722B, 0x722B, 0x722B, 0x7A4C, 0x724B, 0x7A4C, 0x7A4C, 0x7A4C, 0x826D, 0x826C, 0x826C,
    0x8A8D, 0x8A8D, 0x92AE, 0x8AAE, 0x8AAD, 0x92CE, 0x92CE, 0x92CE, 0x9ACF, 0x9ACE, 0xA2EF, 0xA2EF,
    0x9AEF, 0xA30F, 0xA2EF, 0xC392, 0x5188, 0x0000, 0x0000, 0x0000, 0x0000, 0x0000, 0x0020, 0xE478,
    0xFD5F, 0xFCFA, 0xFEBC, 0xFFFE, 0xFFDE, 0xFF5E, 0xFEDD, 0xF6BC, 0xFEBD, 0xFEBC, 0xFEDD, 0xFEDD,
    0xFEBC, 0xFEDD, 0xFEBC, 0xF6BC, 0xFEDD, 0xFEBC, 0xFEDD, 0xFEDC, 0xFEBC, 0xFEDD, 0xFEBC, 0xF6BC,
    0xFEDD, 0xFEDC, 0xFEDC, 0xFEBC, 0xFEBC, 0xFEDC, 0xFEBC, 0xF6BC, 0xFEBC, 0xFEBC, 0xFEDC, 0xFEBC,
    0xFEBC, 0xFEDC, 0xFEBC, 0xF69B, 0xFEBC, 0xFE9C, 0xFEBC, 0xFEBC, 0xFE9C, 0xFEBC, 0xFE9C, 0xF69B,
    0xFEBC, 0xFE9C, 0xFEBC, 0xFEBC, 0xFE9C, 0xFEBC, 0xFE9C, 0xFE9B, 0xFE9C, 0xFE9B, 0xFEBC, 0xFE9C,
    0xFE9B, 0xFEBC, 0xFE9B, 0xF69B, 0xFE9C, 0xFE9B, 0xFEBC, 0xFEBC, 0xFE9B, 0xFE9C, 0xFE9B, 0xF69B,
    0xFE9B, 0xFE9B, 0xFE9C, 0xFE9B, 0xFE7B, 0xFE9B, 0xFE7B, 0xF67B, 0xFE7B, 0xFE7B, 0xFE9C, 0xFE9B,
    0xFE7B, 0xFE9B, 0xFE9B, 0xF67A, 0xFE9B, 0xFE9B, 0xFEBB, 0xFE9B, 0xFE7B, 0xFE9B, 0xFE7B, 0xF67A,
    0xFE9B, 0xFE9A, 0xFE7B, 0xFE7A, 0xFE7A, 0xFE7B, 0xFE7A, 0xF67A, 0xFE7B, 0xFE7B, 0xFE9B, 0xFE9B,
    0xFE7B, 0xFE9B, 0xFE7B, 0xF67A, 0xFE7B, 0xFE7A, 0xFE7B, 0xFE7B, 0xFE7A, 0xFE9B, 0xFE7B, 0xF67A,
    0xFE7B, 0xFE7A, 0xFE9B, 0xFE9B, 0xFE9A, 0xFE9B, 0xFE7A, 0xFE9A, 0xFE9B, 0xFE9A, 0xFE9B, 0xFE9B,
    0xFE7A, 0xFE9B, 0xFE7A, 0xF67A, 0xFE7B, 0xFE7A, 0xFE9B, 0xFE7A, 0xFE7A, 0xFE9B, 0xFE9B, 0xFE7A,
    0xFE9B, 0xFE9B, 0xFE9B, 0xFE7B, 0xFE7A, 0xFE9B, 0xFE7A, 0xFE7A, 0xFE9B, 0xFE7B, 0xFE9B, 0xFE9B,
    0xFE9A, 0xFE9B, 0xFE9B, 0xFE7A, 0xFE7B, 0xFE9B, 0xFEBB, 0xFE9B, 0xFE9A, 0xFE9B, 0xFE7B, 0xF67A,
    0xFE9B, 0xFE7B, 0xFE9B, 0xFE9B, 0xFE7A, 0xFE9B, 0xFE9B, 0xF67A, 0xFE9B, 0xFE7B, 0xFE9B, 0xFE9B,
    0xFE9B, 0xFEBC, 0xFE9B, 0xFE9B, 0xFE9B, 0xFE9B, 0xFEBC, 0xFE9B, 0xFE9B, 0xFE9C, 0xFE9B, 0xF69B,
    0xFE9B, 0xFE9B, 0xFE9C, 0xFE9B, 0xFE9B, 0xFEBC, 0xFE9B, 0xF69B, 0xFE9C, 0xFE9B, 0xFEBC, 0xFEBC,
    0xFE9B, 0xFEBC, 0xFE9C, 0xFE9B, 0xFE9C, 0xFE9C, 0xFEBC, 0xFEBC, 0xFEBB, 0xFEDC, 0xFEBC, 0xF6BB,
    0xFEBC, 0xFEBC, 0xFEBC, 0xFEBC, 0xFEBC, 0xFEDC, 0xFEBC, 0xF6BC, 0xFEBC, 0xFEBC, 0xFEDC, 0xFEBC,
    0xFEBC, 0xFEDC, 0xFEBC, 0xF6BC, 0xFEDC, 0xFEBC, 0xFEDD, 0xFEBC, 0xFE9C, 0xFEDD, 0xFEBC, 0xF6BC,
    0xFEBC, 0xFEDC, 0xFF7E, 0xFFFE, 0xFFDE, 0xF69C, 0xFCFA, 0xFD3D, 0xD3D4, 0x0000, 0x0000, 0x0000,
    0x0000, 0x0000, 0x0000, 0x4187, 0xB3D2, 0x8B0E, 0x932F, 0x932E, 0x8B0E, 0x930E, 0x8AEE, 0x8AED,
    0x8AEE, 0x8ACD, 0x8AEE, 0x82CD, 0x82AD, 0x82AD, 0x828C, 0x7A8C, 0x7A8C, 0x7A6C, 0x7A6C, 0x7A6C,
    0x724B, 0x7A4C, 0x724B, 0x6A2A, 0x722B, 0x6A2A, 0x722B, 0x6A0A, 0x722B, 0x722B, 0x7A4C, 0x722B,
    0x722B, 0x7A4C, 0x7A4C, 0x826D, 0x826C, 0x826C, 0x8A8D, 0x828D, 0x828D, 0x8AAE, 0x8AAD, 0x92AE,
    0x92CE, 0x92AE, 0x9ACF, 0x9ACE, 0x9ACE, 0xA2EF, 0x9AEF, 0xA310, 0xA30F, 0xA2EF, 0xA310, 0xCB93,
    0x5167, 0x0000, 0x0000, 0x0000, 0x0000, 0x1882, 0xFC9C, 0xFCBB, 0xF63A, 0xFFFF, 0xFFBE, 0xFE3C,
    0xF4B9, 0xF3F7, 0xF3D7, 0xF3D7, 0xEBD6, 0xF3F7, 0xF3D7, 0xF3D7, 0xF3D7, 0xF3B6, 0xF3D7, 0xF3D6,
    0xF3B6, 0xF3D6, 0xF3B6, 0xFBD7, 0xF3B6, 0xF395, 0xF3B6, 0xF395, 0xF395, 0xF396, 0xF395, 0xFB95,
    0xF395, 0xF374, 0xF395, 0xF375, 0xF354, 0xF375, 0xF374, 0xFB75, 0xF374, 0xF374, 0xFB74, 0xF354,
    0xF353, 0xF354, 0xF354, 0xFB74, 0xFB54, 0xF353, 0xFB54, 0xF353, 0xF333, 0xF354, 0xF333, 0xFB34,
    0xF333, 0xF333, 0xFB33, 0xF333, 0xF332, 0xFB33, 0xF333, 0xFB53, 0xF333, 0xF332, 0xFB53, 0xF333,
    0xF332, 0xFB33, 0xF312, 0xFB33, 0xF332, 0xF312, 0xFB53, 0xF332, 0xF312, 0xFB12, 0xF312, 0xFB12,
    0xF312, 0xF311, 0xFB32, 0xF312, 0xF311, 0xFB32, 0xF312, 0xFB32, 0xFB32, 0xF311, 0xFB32, 0xF311,
    0xF311, 0xFB12, 0xF311, 0xFB12, 0xFB11, 0xF2F1, 0xFAF1, 0xF2F1, 0xF2D0, 0xFAF1, 0xF2F1, 0xFAF1,
    0xFAF1, 0xF2F0, 0xFAF1, 0xF2D1, 0xF2D0, 0xFAF1, 0xF2F1, 0xFAF1, 0xFAF1, 0xF2D0, 0xFAF1, 0xF2D0,
    0xF2D0, 0xFAF0, 0xF2D0, 0xFAF1, 0xFAF0, 0xF2D0, 0xFAF1, 0xF2F0, 0xF2D0, 0xFAF0, 0xF2D0, 0xFAD0,
    0xFAD0, 0xF2D0, 0xFAF0, 0xF2D0, 0xF2CF, 0xFAF0, 0xF2D0, 0xFAF0, 0xFAF0, 0xF2D0, 0xFAF0, 0xF2D0,
    0xF2D0, 0xFAD0, 0xF2D0, 0xFAF0, 0xFAD0, 0xF2D0, 0xFAF0, 0xF2D0, 0xF2D0, 0xFAF0, 0xF2D0, 0xFAF1,
    0xFAF0, 0xF2F0, 0xFAF1, 0xFAF0, 0xF2D0, 0xFAF1, 0xF2F0, 0xFAF1, 0xFAF1, 0xF2F0, 0xFB11, 0xF2F0,
    0xF2F0, 0xFAF1, 0xF2F1, 0xFB11, 0xFB11, 0xF2F1, 0xFB11, 0xF2F1, 0xF2F0, 0xFB11, 0xF311, 0xFB12,
    0xFB11, 0xF2F1, 0xFB12, 0xF311, 0xF2F1, 0xFB32, 0xF331, 0xFB32, 0xFB12, 0xF2F1, 0xFB32, 0xF332,
    0xF332, 0xFB32, 0xF312, 0xFB33, 0xF332, 0xF332, 0xFB33, 0xF332, 0xF332, 0xFB33, 0xF332, 0xFB53,
    0xF333, 0xF332, 0xFB53, 0xF353, 0xF332, 0xFB53, 0xF333, 0xFB33, 0xF353, 0xF333, 0xFB53, 0xF353,
    0xF353, 0xFB54, 0xF353, 0xFB74, 0xF374, 0xF354, 0xFB74, 0xF374, 0xF374, 0xFB74, 0xF374, 0xFBB5,
    0xF395, 0xF394, 0xFB95, 0xF395, 0xF394, 0xF395, 0xF395, 0xFBB6, 0xF3B5, 0xF3B5, 0xF3D6, 0xF3B6,
    0xF3B5, 0xF3D6, 0xF3D6, 0xFBD7, 0xF3D6, 0xF3D6, 0xF3D7, 0xF3B6, 0xF3B6, 0xF3F7, 0xF417, 0xFCF9,
    0xFE7C, 0xFFFF, 0xFFFF, 0xF59A, 0xFC1A, 0xFC18, 0x0020, 0x0000, 0x0000, 0x0000, 0x0000, 0x4987,
    0xABD1, 0x932F, 0x932E, 0x932F, 0x932E, 0x8B0E, 0x930E, 0x8AEE, 0x8AED, 0x8AEE, 0x8ACD, 0x8ACE,
    0x82CD, 0x82AD, 0x82AD, 0x828D, 0x7A8C, 0x828C, 0x7A6C, 0x7A6C, 0x7A6C, 0x724B, 0x7A4C, 0x724B,
    0x6A2B, 0x722B, 0x6A2A, 0x722B, 0x7A4C, 0x722B, 0x722B, 0x7A4C, 0x7A4C, 0x7A4C, 0x826C, 0x826C,
    0x828D, 0x828D, 0x828D, 0x8AAD, 0x8A8D, 0x8A8D, 0x92AE, 0x92AE, 0x9ACF, 0x9ACF, 0x9ACE, 0x9AEF,
    0x9AEF, 0x9AEF, 0xA30F, 0xA2EF, 0xAB10, 0xAB10, 0xA2EF, 0xCBB3, 0x5188, 0x0000, 0x0000, 0x0000,
    0x18A3, 0xFD1D, 0xFC39, 0xFE9C, 0xFFFF, 0xF63B, 0xF458, 0xF3D7, 0xF438, 0xF478, 0xF457, 0xF478,
    0xF478, 0xF457, 0xF478, 0xF457, 0xF478, 0xF477, 0xF457, 0xF477, 0xF457, 0xF457, 0xF457, 0xF457,
    0xF457, 0xF457, 0xF436, 0xF457, 0xF436, 0xF436, 0xF436, 0xF436, 0xFC36, 0xF416, 0xF415, 0xFC36,
    0xF416, 0xF415, 0xF416, 0xF415, 0xFC36, 0xF415, 0xF3F5, 0xFC15, 0xF3F5, 0xF3F4, 0xFBF5, 0xF3F5,
    0xFC15, 0xF3F5, 0xF3F4, 0xFBF5, 0xF3D4, 0xF3D4, 0xF3F5, 0xF3D4, 0xFBF5, 0xF3F4, 0xF3D4, 0xFBF5,
    0xF3D4, 0xF3D4, 0xFBD4, 0xF3D4, 0xFBF5, 0xFBD4, 0xF3D4, 0xFBF4, 0xF3D4, 0xF3B3, 0xFBD4, 0xF3B3,
    0xFBD4, 0xF3D4, 0xF3D3, 0xFBD4, 0xF3B3, 0xF3B3, 0xFBB3, 0xF3B3, 0xFBD4, 0xF3D3, 0xF3B3, 0xFBD3,
    0xF3B3, 0xF3B3, 0xFBB3, 0xF3B3, 0xFBD3, 0xF3D3, 0xF3B3, 0xFBD3, 0xF3B3, 0xF3B2, 0xFBB3, 0xF3B3,
    0xFBB3, 0xFBB3, 0xF392, 0xFBB3, 0xF392, 0xF392, 0xFBB3, 0xF3B2, 0xFBB3, 0xF3B2, 0xF392, 0xFBB2,
    0xF392, 0xF392, 0xFB92, 0xF392, 0xFBB2, 0xFB92, 0xF392, 0xFBB2, 0xF392, 0xF391, 0xFB92, 0xF392,
    0xFBB2, 0xFBB2, 0xF392, 0xFBB2, 0xF392, 0xF391, 0xFB92, 0xF391, 0xFB92, 0xFB91, 0xF391, 0xFB92,
    0xF391, 0xF391, 0xFB92, 0xF391, 0xFB92, 0xFB92, 0xF391, 0xFBB2, 0xF392, 0xF391, 0xFB92, 0xF391,
    0xFB92, 0xFB92, 0xF391, 0xFB92, 0xF392, 0xF391, 0xFB92, 0xF392, 0xFBB2, 0xFBB2, 0xF392, 0xFBB2,
    0xF392, 0xF392, 0xFBB2, 0xF392, 0xFBB2, 0xFBB2, 0xF392, 0xFBB2, 0xF392, 0xF392, 0xFBB2, 0xF3B2,
    0xFBB3, 0xFBB2, 0xF3B2, 0xFBB3, 0xF3B2, 0xF3B2, 0xFBB3, 0xF3B2, 0xFBB3, 0xFBB3, 0xF3B2, 0xFBD3,
    0xF3B3, 0xF3B3, 0xFBD3, 0xF3D3, 0xFBD4, 0xFBD3, 0xF3B3, 0xFBD4, 0xF3D3, 0xF3D3, 0xFBD4, 0xF3D3,
    0xFBF4, 0xF3D4, 0xF3D3, 0xFBF4, 0xF3D4, 0xF3D4, 0xFBF4, 0xF3D4, 0xFBF5, 0xFBF4, 0xF3F4, 0xFBF4,
    0xF3F4, 0xF3D4, 0xFBF4, 0xF3F4, 0xFBF5, 0xFBF4, 0xF3F4, 0xFC15, 0xF3F5, 0xF3F4, 0xFC15, 0xF415,
    0xFC15, 0xF415, 0xF415, 0xFC15, 0xF415, 0xF415, 0xF415, 0xF415, 0xFC36, 0xF436, 0xF415, 0xFC36,
    0xF436, 0xF415, 0xF436, 0xF436, 0xFC57, 0xF457, 0xF456, 0xF457, 0xF457, 0xF456, 0xF477, 0xF477,
    0xF477, 0xF477, 0xF457, 0xF477, 0xF457, 0xF457, 0xF457, 0xF417, 0xF3F7, 0xF458, 0xFE7B, 0xFFFF,
    0xF61A, 0xFBF9, 0xFD1B, 0x0020, 0x0000, 0x0000, 0x0000, 0x49A8, 0xB3F2, 0x932E, 0x932F, 0x932F,
    0x932F, 0x932F, 0x8B0E, 0x930F, 0x8AEE, 0x8AED, 0x8AEE, 0x8ACD, 0x8ACE, 0x8ACD, 0x82AD, 0x82AD,
    0x828D, 0x7A8C, 0x828C, 0x7A6C, 0x7A6C, 0x7A6C, 0x724B, 0x7A4C, 0x724B, 0x722B, 0x722B, 0x6A2A,
    0x722B, 0x7A4C, 0x7A4C, 0x7A4C, 0x826C, 0x7A6C, 0x7A6C, 0x826D, 0x828D, 0x8A8D, 0x8A8D, 0x8A8D,
    0x92AE, 0x92AE, 0x92AE, 0x9ACE, 0x9ACE, 0x9AEF, 0x9AEF, 0x9AEF, 0xA310, 0xA2EF, 0xA2EF, 0xAB10,
    0xAB10, 0xAB30, 0xAB10, 0xCBB3, 0x59A8, 0x0000, 0x0000, 0x0000, 0xFCDB, 0xFD1C, 0xFF3D, 0xFFBE,
    0xF4D9, 0xF397, 0xEC17, 0xF478, 0xF478, 0xF478, 0xF478, 0xF457, 0xF478, 0xF457, 0xEC57, 0xF457,
    0xF457, 0xF478, 0xF457, 0xF457, 0xF457, 0xF457, 0xF436, 0xF457, 0xF436, 0xFC57, 0xF436, 0xF436,
    0xF436, 0xF436, 0xF416, 0xF436, 0xF416, 0xFC36, 0xF416, 0xF415, 0xFC16, 0xF415, 0xF415, 0xF415,
    0xF415, 0xFC16, 0xF3F5, 0xF3F5, 0xFBF5, 0xF3F5, 0xF3F4, 0xFBF5, 0xF3F5, 0xFBF5, 0xF3F5, 0xF3D4,
    0xFBF5, 0xF3D4, 0xF3D4, 0xFBD4, 0xF3D4, 0xFBF5, 0xF3D4, 0xF3D4, 0xFBD4, 0xF3D4, 0xF3D4, 0xFBD4,
    0xF3D4, 0xFBD4, 0xF3D4, 0xF3B3, 0xFBD4, 0xF3B4, 0xF3B3, 0xFBD4, 0xF3B3, 0xFBD4, 0xF3B3, 0xF3B3,
    0xFBD4, 0xF3B3, 0xF3B3, 0xFBB3, 0xF3B3, 0xFBB3, 0xF3B3, 0xF3B3, 0xFBB3, 0xF3B3, 0xF393, 0xFBB3,
    0xF3B3, 0xFBB3, 0xFBB3, 0xF3B2, 0xFBB3, 0xF3B3, 0xF3B2, 0xFBB3, 0xF3B2, 0xFBB3, 0xFBB2, 0xF392,
    0xFBB3, 0xF392, 0xF392, 0xFBB2, 0xF392, 0xFB93, 0xF392, 0xF392, 0xFBB2, 0xF392, 0xF391, 0xFB92,
    0xF392, 0xFB92, 0xFB92, 0xF391, 0xFB92, 0xF392, 0xF391, 0xFB92, 0xF392, 0xFBB2, 0xFB92, 0xF391,
    0xFB92, 0xF391, 0xF391, 0xFB92, 0xF391, 0xFB92, 0xFB91, 0xF371, 0xFB92, 0xF391, 0xF391, 0xFB92,
    0xF391, 0xFB92, 0xFB91, 0xF391, 0xFB92, 0xF391, 0xF371, 0xFB92, 0xF391, 0xFB92, 0xFB92, 0xF391,
    0xFB92, 0xF392, 0xF391, 0xFB92, 0xF392, 0xFBB2, 0xFB92, 0xF391, 0xFBB2, 0xFB92, 0xF391, 0xFB92,
    0xF392, 0xFB92, 0xFB92, 0xF391, 0xFBB2, 0xF392, 0xF392, 0xFBB2, 0xF3B2, 0xFBB3, 0xFBB2, 0xF392,
    0xFBB2, 0xF392, 0xF392, 0xFBB3, 0xF3B2, 0xFBB3, 0xFBB3, 0xF3B2, 0xFBB3, 0xF3B3, 0xF3B2, 0xFBB3,
    0xF3B3, 0xFBD3, 0xFBB3, 0xF3B3, 0xFBD4, 0xF3B3, 0xF3B3, 0xFBD4, 0xF3D3, 0xFBD4, 0xF3D4, 0xF3D3,
    0xFBD4, 0xF3D4, 0xF3D3, 0xFBF4, 0xF3D4, 0xFBF4, 0xF3F4, 0xF3D4, 0xFBF4, 0xF3D4, 0xF3D4, 0xFBF4,
    0xF3F4, 0xFBF5, 0xF3F4, 0xF3F4, 0xFBF5, 0xF3F4, 0xF3F4, 0xFC15, 0xF415, 0xFC15, 0xF415, 0xF3F5,
    0xFC15, 0xF415, 0xF415, 0xF416, 0xF415, 0xFC36, 0xF416, 0xF415, 0xFC36, 0xF416, 0xF415, 0xF436,
    0xF436, 0xFC57, 0xF456, 0xF436, 0xF457, 0xF457, 0xF456, 0xF457, 0xF457, 0xF477, 0xF457, 0xF457,
    0xF477, 0xF457, 0xEC57, 0xF477, 0xF477, 0xF417, 0xF396, 0xF57A, 0xFFFF, 0xF69B, 0xFCDB, 0xF499,
    0x0000, 0x0000, 0x0000, 0x49A7, 0xBC13, 0x932F, 0x932F, 0x9B4F, 0x932F, 0x9B2F, 0x932F, 0x930E,
    0x930F, 0x930E, 0x8AEE, 0x8AEE, 0x8ACD, 0x8AEE, 0x8ACD, 0x82AD, 0x82AD, 0x828D, 0x7A8C, 0x828C,
    0x7A6C, 0x826C, 0x7A6C, 0x724B, 0x7A4C, 0x724B, 0x722B, 0x722B, 0x7A4C, 0x7A4C, 0x826C, 0x7A6C,
    0x7A6C, 0x828D, 0x826D, 0x826C, 0x8A8D, 0x8A8D, 0x92AE, 0x92AE, 0x92AE, 0x92CE, 0x92CE, 0x92CE,
    0x9AEF, 0x9AEF, 0xA310, 0xA30F, 0xA2EF, 0xAB10, 0xAB10, 0xA30F, 0xAB30, 0xAB30, 0xAB30, 0xD3D4,
    0x5188, 0x0000, 0x0000, 0xB332, 0xFCFD, 0xF6FC, 0xFFFF, 0xF4F9, 0xEBB6, 0xF478, 0xF478, 0xEC57,
    0xF478, 0xF478, 0xF478, 0xF478, 0xF457, 0xF478, 0xF457, 0xEC57, 0xF457, 0xF457, 0xF457, 0xF457,
    0xF436, 0xF457, 0xF436, 0xF436, 0xF437, 0xF436, 0xFC37, 0xF436, 0xF416, 0xF436, 0xF416, 0xF415,
    0xF416, 0xF415, 0xFC36, 0xF416, 0xF3F5, 0xFC16, 0xF415, 0xF3F5, 0xF415, 0xF3F5, 0xFBF5, 0xF3F5,
    0xF3F4, 0xFBF5, 0xF3F5, 0xF3D4, 0xFBF5, 0xF3F4, 0xFBF5, 0xF3D4, 0xF3D4, 0xFBD4, 0xF3D4, 0xF3D4,
    0xF3D4, 0xF3D4, 0xFBD4, 0xF3D4, 0xF3D4, 0xFBD4, 0xF3D4, 0xF3B3, 0xFBD4, 0xF3D4, 0xFBD4, 0xF3D4,
    0xF3B3, 0xFBD4, 0xF3B3, 0xF3B3, 0xFBB3, 0xF3B3, 0xFBD4, 0xF3B3, 0xF3B3, 0xFBB3, 0xF3B3, 0xF3B3,
    0xFBB3, 0xF3B3, 0xFBB3, 0xF3B3, 0xF392, 0xFBB3, 0xF3B3, 0xF392, 0xFBB3, 0xF3B3, 0xFBB3, 0xFBB3,
    0xF3B2, 0xFBB3, 0xF3B3, 0xF392, 0xFBB2, 0xF392, 0xFBB3, 0xF3B2, 0xF392, 0xFBB2, 0xF392, 0xF392,
    0xFB92, 0xF392, 0xFB92, 0xF392, 0xF391, 0xFB92, 0xF392, 0xF391, 0xFB92, 0xF391, 0xFB92, 0xFB92,
    0xF371, 0xFB92, 0xF391, 0xF391, 0xFB92, 0xF391, 0xFBB2, 0xFB92, 0xF371, 0xFB92, 0xF391, 0xF371,
    0xFB91, 0xF391, 0xFB92, 0xFB91, 0xF371, 0xFB92, 0xFB91, 0xF371, 0xFB91, 0xF371, 0xFB92, 0xFB91,
    0xF371, 0xFB92, 0xF371, 0xF371, 0xFB91, 0xF371, 0xFB92, 0xFB91, 0xF391, 0xFB92, 0xF391, 0xF391,
    0xFB92, 0xF391, 0xFB92, 0xFB92, 0xF391, 0xFB92, 0xF392, 0xF391, 0xFB92, 0xF391, 0xFB92, 0xFB92,
    0xF391, 0xFBB2, 0xF392, 0xF392, 0xFBB2, 0xF392, 0xFBB2, 0xFBB2, 0xF392, 0xFBB2, 0xF392, 0xF392,
    0xFBB3, 0xF3B2, 0xFBB3, 0xF3B3, 0xF3B2, 0xFBB3, 0xF3B3, 0xF392, 0xFBB3, 0xF3B3, 0xFBB3, 0xF3B3,
    0xF3B3, 0xFBD3, 0xF3B3, 0xF3B3, 0xFBD3, 0xF3D3, 0xFBD4, 0xFBD4, 0xF3D3, 0xFBD4, 0xF3D4, 0xF3D3,
    0xFBF4, 0xF3D4, 0xFBF4, 0xF3D4, 0xF3D4, 0xFBF4, 0xF3D4, 0xF3D4, 0xFBF4, 0xF3F4, 0xFBF5, 0xFBF4,
    0xF3D4, 0xFBF5, 0xF3F5, 0xF3F4, 0xFBF5, 0xF3F5, 0xFC15, 0xF415, 0xF3F5, 0xFC15, 0xF415, 0xF415,
    0xF416, 0xF415, 0xFC16, 0xF416, 0xF415, 0xFC36, 0xF436, 0xF435, 0xF436, 0xF436, 0xFC57, 0xF456,
    0xF436, 0xF457, 0xF457, 0xF456, 0xF457, 0xF457, 0xF477, 0xF457, 0xF457, 0xF457, 0xF457, 0xEC57,
    0xF457, 0xF457, 0xF478, 0xF3D6, 0xF59A, 0xFFFF, 0xF63B, 0xFCBC, 0x9AAF, 0x0000, 0x0000, 0x49A8,
    0xBC12, 0x9B4F, 0x9B4F, 0x934F, 0x9B4F, 0x932F, 0x9B2F, 0x932F, 0x930E, 0x930F, 0x930E, 0x8AEE,
    0x8AEE, 0x8ACD, 0x8ACE, 0x8ACD, 0x82AD, 0x8AAD, 0x828D, 0x7A8C, 0x828C, 0x7A6C, 0x826C, 0x7A6C,
    0x7A4B, 0x7A6C, 0x724B, 0x722B, 0x7A4B, 0x7A6C, 0x7A6C, 0x826D, 0x826D, 0x826C, 0x8A8D, 0x8A8D,
    0x8A8D, 0x8AAE, 0x8AAE, 0x92CE, 0x92CE, 0x92CE, 0x9AEF, 0x9ACF, 0x9AEF, 0xA2EF, 0xA2EF, 0xAB10,
    0xAB10, 0xA30F, 0xAB30, 0xAB30, 0xAB30, 0xB331, 0xAB30, 0xDBF4, 0x59A8, 0x0000, 0x3946, 0xFCBD,
    0xF59A, 0xFFFF, 0xF55A, 0xF3F7, 0xF498, 0xF478, 0xF478, 0xF478, 0xF457, 0xF478, 0xF457, 0xF478,
    0xF457, 0xF457, 0xF477, 0xF457, 0xEC57, 0xF457, 0xF437, 0xF457, 0xF457, 0xF436, 0xF457, 0xF436,
    0xF436, 0xF436, 0xF436, 0xFC36, 0xF436, 0xF415, 0xF436, 0xF416, 0xF415, 0xF416, 0xF415, 0xFC16,
    0xF415, 0xF3F5, 0xFC15, 0xF3F5, 0xF3F5, 0xF3F5, 0xF3F5, 0xFBF5, 0xF3F5, 0xF3D4, 0xFBF5, 0xF3F4,
    0xF3D4, 0xF3F4, 0xF3D4, 0xFBF5, 0xF3D4, 0xF3B4, 0xFBD4, 0xF3D4, 0xF3D4, 0xFBD4, 0xF3D4, 0xFBD4,
    0xF3D4, 0xF3B3, 0xFBD4, 0xF3B4, 0xF3B3, 0xFBD4, 0xF3D3, 0xFBD4, 0xF3D4, 0xF3B3, 0xFBD4, 0xF3B3,
    0xF3B3, 0xFBB3, 0xF3B3, 0xFBB4, 0xF3B3, 0xF3B3, 0xFBB3, 0xF3B3, 0xF392, 0xFBB3, 0xF393, 0xFBB3,
    0xF3B3, 0xF392, 0xFBB3, 0xF3B3, 0xF3B2, 0xFBB3, 0xF3B2, 0xFBB3, 0xFBB3, 0xF3B2, 0xFBB3, 0xF3B2,
    0xF392, 0xFBB2, 0xF392, 0xFBB3, 0xFB92, 0xF392, 0xFB92, 0xF392, 0xF391, 0xFB92, 0xF392, 0xFB92,
    0xFB92, 0xF371, 0xFB92, 0xF391, 0xF371, 0xFB92, 0xF391, 0xFB92, 0xF391, 0xF371, 0xFB92, 0xF391,
    0xF391, 0xFB92, 0xF391, 0xFB92, 0xFB91, 0xF371, 0xFB92, 0xF391, 0xF371, 0xFB91, 0xF391, 0xFB92,
    0xFB91, 0xF371, 0xFB91, 0xF391, 0xF371, 0xFB91, 0xF371, 0xFB92, 0xFB91, 0xF371, 0xFB91, 0xF371,
    0xF371, 0xFB91, 0xF391, 0xFB92, 0xFB91, 0xF371, 0xFB92, 0xF391, 0xF391, 0xFB92, 0xF391, 0xFB92,
    0xFB91, 0xF371, 0xFB92, 0xF391, 0xF391, 0xFB92, 0xF391, 0xFB92, 0xFB92, 0xF391, 0xFBB2, 0xF392,
    0xF391, 0xFBB2, 0xF392, 0xFBB2, 0xFBB2, 0xF392, 0xFBB2, 0xF392, 0xF392, 0xFBB3, 0xF3B2, 0xFBB3,
    0xF3B3, 0xF392, 0xFBB3, 0xF392, 0xF392, 0xFBB3, 0xF3B3, 0xFBD3, 0xFBB3, 0xF3B3, 0xFBD3, 0xF3B3,
    0xF3B3, 0xFBD3, 0xF3D3, 0xFBD4, 0xF3D4, 0xF3B3, 0xFBD4, 0xF3D4, 0xF3D3, 0xFBF4, 0xF3D4, 0xFBF4,
    0xF3D4, 0xF3D4, 0xFBD4, 0xF3D4, 0xF3D4, 0xFBF4, 0xF3F4, 0xFBF5, 0xF3F4, 0xF3F4, 0xFBF5, 0xF3F5,
    0xF3F4, 0xFC15, 0xF3F5, 0xFC15, 0xF415, 0xF3F5, 0xFC15, 0xF415, 0xF415, 0xF415, 0xF415, 0xFC36,
    0xF436, 0xF415, 0xFC36, 0xF436, 0xF435, 0xF436, 0xF436, 0xFC57, 0xF456, 0xF436, 0xF457, 0xF457,
    0xF456, 0xF457, 0xF457, 0xF477, 0xF457, 0xF457, 0xF457, 0xF457, 0xEC57, 0xF457, 0xF477, 0xF498,
    0xF3D6, 0xF5FA, 0xFFFF, 0xF4D9, 0xFC9B, 0x18A3, 0x0000, 0x51C8, 0xBC33, 0x9B4F, 0x9B70, 0x9B4F,
    0x934F, 0x9B4F, 0x932F, 0x9B4F, 0x932F, 0x930E, 0x930F, 0x930E, 0x8AEE, 0x92EE, 0x8ACE, 0x8ACE,
    0x8ACD, 0x82AD, 0x8AAD, 0x828D, 0x828C, 0x828D, 0x7A6C, 0x826C, 0x7A6C, 0x7A4B, 0x7A4C, 0x7A4B,
    0x7A6C, 0x7A4C, 0x826D, 0x826C, 0x8A8D, 0x8A8D, 0x8A8D, 0x8AAE, 0x8AAE, 0x8AAD, 0x92AE, 0x92CE,
    0x9ACF, 0x9ACF, 0x9ACF, 0xA2EF, 0xA2EF, 0xA2EF, 0xAB10, 0xA310, 0xAB30, 0xAB30, 0xAB30, 0xB331,
    0xB330, 0xB330, 0xB331, 0xDBF4, 0x59A8, 0x0000, 0xDBD6, 0xFCFC, 0xFFDE, 0xF65B, 0xF3B7, 0xF478,
    0xF478, 0xF478, 0xF457, 0xF478, 0xF457, 0xF457, 0xF458, 0xF457, 0xF458, 0xF457, 0xF457, 0xF457,
    0xF457, 0xEC36, 0xF457, 0xF436, 0xF457, 0xF436, 0xF436, 0xF437, 0xF436, 0xF416, 0xF436, 0xF416,
    0xFC36, 0xF416, 0xF415, 0xFC16, 0xF415, 0xF3F5, 0xF416, 0xF3F5, 0xFC16, 0xF3F5, 0xF3F5, 0xFC15,
    0xF3F5, 0xF3F4, 0xFBF5, 0xF3F4, 0xFBF5, 0xF3F5, 0xF3D4, 0xFBF5, 0xF3D4, 0xF3D4, 0xFBD4, 0xF3D4,
    0xFBD4, 0xF3D4, 0xF3B4, 0xFBD4, 0xF3D4, 0xF3D3, 0xFBD4, 0xF3D4, 0xFBD4, 0xFBD4, 0xF3B3, 0xFBD4,
    0xF3B3, 0xF3B3, 0xFBD4, 0xF3B3, 0xFBD4, 0xF3B3, 0xF3B3, 0xFBD4, 0xF3B3, 0xF393, 0xFBB3, 0xF3B3,
    0xFBB3, 0xF3B3, 0xF393, 0xFBB3, 0xF393, 0xF392, 0xFBB3, 0xF392, 0xFBB3, 0xF3B3, 0xF392, 0xFBB3,
    0xF3B3, 0xF392, 0xFBB3, 0xF3B2, 0xFBB3, 0xFBB3, 0xF392, 0xFBB3, 0xF392, 0xF392, 0xFB92, 0xF392,
    0xFB92, 0xFB92, 0xF392, 0xFB92, 0xF392, 0xF371, 0xFB92, 0xF392, 0xFB92, 0xFB92, 0xF371, 0xFB92,
    0xF371, 0xF371, 0xFB92, 0xF371, 0xFB92, 0xFB91, 0xF371, 0xFB92, 0xF391, 0xF371, 0xFB91, 0xF391,
    0xFB92, 0xFB91, 0xF371, 0xFB91, 0xF371, 0xF371, 0xFB91, 0xF391, 0xFB91, 0xFB91, 0xF371, 0xFB91,
    0xF371, 0xF371, 0xFB91, 0xF371, 0xFB91, 0xFB91, 0xF371, 0xFB91, 0xF371, 0xF371, 0xFB91, 0xF391,
    0xFB92, 0xF391, 0xF371, 0xFB92, 0xF391, 0xF371, 0xFB91, 0xF371, 0xFB92, 0xFB91, 0xF371, 0xFB92,
    0xF391, 0xF371, 0xFB92, 0xF391, 0xFB92, 0xFB92, 0xF391, 0xFBB2, 0xF392, 0xF391, 0xFB92, 0xF392,
    0xFBB3, 0xFBB2, 0xF392, 0xFBB2, 0xF392, 0xF392, 0xFBB3, 0xF3B2, 0xFBB3, 0xF3B2, 0xF392, 0xFBB3,
    0xF3B2, 0xF392, 0xFBB3, 0xF3B3, 0xFBD3, 0xFBB3, 0xF3B3, 0xFBD3, 0xF3B3, 0xF3B3, 0xFBD3, 0xF3D3,
    0xFBD4, 0xF3D4, 0xF3B3, 0xFBD4, 0xF3D4, 0xF3D3, 0xFBD4, 0xF3D4, 0xFBF4, 0xF3D4, 0xF3D4, 0xFBF4,
    0xF3D4, 0xF3D4, 0xFBF4, 0xF3F4, 0xFBF5, 0xF3F4, 0xF3F4, 0xFBF5, 0xF3F5, 0xF3F4, 0xFBF5, 0xF3F5,
    0xFC15, 0xF415, 0xF3F5, 0xFC15, 0xF415, 0xF415, 0xF415, 0xF415, 0xFC36, 0xF436, 0xF415, 0xF436,
    0xF436, 0xF435, 0xF436, 0xF436, 0xFC57, 0xF456, 0xF436, 0xF457, 0xF456, 0xF456, 0xF457, 0xF457,
    0xF457, 0xF457, 0xF457, 0xF477, 0xF457, 0xF457, 0xF478, 0xF477, 0xF458, 0xF3B6, 0xFF1D, 0xFF3D,
    0xFC7B, 0xBB72, 0x0000, 0x49C7, 0xC434, 0x9B70, 0x9B6F, 0xA370, 0x9B4F, 0x9B4F, 0x9B4F, 0x9B2F,
    0x9B4F, 0x9B2F, 0x930E, 0x930F, 0x930E, 0x8AEE, 0x92EE, 0x8ACE, 0x92CE, 0x8ACD, 0x82AD, 0x8AAD,
    0x828D, 0x828C, 0x828D, 0x7A6C, 0x828D, 0x7A6C, 0x7A4B, 0x7A6C, 0x826D, 0x826D, 0x826C, 0x8A8D,
    0x8A8D, 0x8AAE, 0x8AAE, 0x8AAD, 0x92CE, 0x92AE, 0x92AE, 0x9ACF, 0x9ACF, 0xA2EF, 0xA2EF, 0xA2EF,
    0xAB10, 0xA310, 0xA30F, 0xAB30, 0xAB30, 0xB331, 0xB331, 0xB330, 0xB351, 0xB351, 0xAB30, 0xE415,
    0x3905, 0x0841, 0xFCDD, 0xF61B, 0xFFFF, 0xF458, 0xEC17, 0xF478, 0xF478, 0xF478, 0xF478, 0xF457,
    0xF478, 0xF457, 0xEC57, 0xF457, 0xF457, 0xF458, 0xF457, 0xF437, 0xF457, 0xF437, 0xF436, 0xF457,
    0xF436, 0xFC37, 0xF436, 0xF416, 0xF436, 0xF436, 0xF415, 0xF436, 0xF416, 0xFC36, 0xF416, 0xF415,
    0xFC16, 0xF415, 0xF3F5, 0xF3F5, 0xF3F5, 0xFC15, 0xF3F5, 0xF3F4, 0xFBF5, 0xF3F5, 0xF3D4, 0xFBF5,
    0xF3F4, 0xFBF5, 0xF3F4, 0xF3D4, 0xFBF4, 0xF3D4, 0xF3D4, 0xF3D4, 0xF3D4, 0xFBD4, 0xF3D4, 0xF3B3,
    0xFBD4, 0xF3D4, 0xF3B3, 0xFBD4, 0xF3D3, 0xFBD4, 0xF3D4, 0xF3B3, 0xFBD4, 0xF3B3, 0xF3B3, 0xFBB4,
    0xF3B3, 0xFBD4, 0xF3B3, 0xF3B3, 0xFBB3, 0xF3B3, 0xF392, 0xFBB3, 0xF393, 0xFBB3, 0xF3B3, 0xF392,
    0xFBB3, 0xF392, 0xF392, 0xFBB3, 0xF3B2, 0xFBB3, 0xF3B2, 0xF392, 0xFBB3, 0xF3B2, 0xF392, 0xFBB3,
    0xF3B2, 0xFBB3, 0xFB92, 0xF392, 0xFBB2, 0xF392, 0xF391, 0xFB92, 0xF392, 0xFB92, 0xFB92, 0xF391,
    0xFB92, 0xF371, 0xF371, 0xFB92, 0xF371, 0xFB92, 0xFB92, 0xF371, 0xFB92, 0xF371, 0xF371, 0xFB91,
    0xF371, 0xFB92, 0xFB91, 0xF371, 0xFB92, 0xF371, 0xF371, 0xFB91, 0xF371, 0xFB91, 0xFB91, 0xF371,
    0xFB91, 0xF371, 0xF371, 0xFB91, 0xF371, 0xFB91, 0xFB91, 0xF370, 0xFB91, 0xF371, 0xF371, 0xFB91,
    0xF371, 0xFB91, 0xFB91, 0xF371, 0xFB91, 0xF371, 0xF371, 0xFB91, 0xF371, 0xFB92, 0xF391, 0xF371,
    0xFB92, 0xF391, 0xF371, 0xFB91, 0xF371, 0xFB92, 0xFB91, 0xF371, 0xFB92, 0xF391, 0xF371, 0xFB92,
    0xF391, 0xFBB2, 0xFB92, 0xF391, 0xFB92, 0xF392, 0xF391, 0xFB92, 0xF392, 0xFBB2, 0xFB92, 0xF392,
    0xFBB2, 0xF392, 0xF392, 0xFBB2, 0xF3B2, 0xFBB3, 0xFBB2, 0xF392, 0xFBB3, 0xF3B2, 0xF392, 0xFBB3,
    0xF3B3, 0xFBD3, 0xF3D3, 0xF3B3, 0xFBD3, 0xF3B3, 0xF3B3, 0xFBD3, 0xF3D3, 0xFBD4, 0xF3D3, 0xF3B3,
    0xFBD4, 0xF3D4, 0xF3D3, 0xFBD4, 0xF3D4, 0xFBF4, 0xF3D4, 0xF3D4, 0xFBF4, 0xF3D4, 0xF3D4, 0xFBF4,
    0xF3F4, 0xFBF5, 0xFBF4, 0xF3F4, 0xFBF5, 0xF3F4, 0xF3F4, 0xFBF5, 0xF3F4, 0xFC15, 0xFC15, 0xF3F5,
    0xFC15, 0xF415, 0xF415, 0xF415, 0xF415, 0xFC36, 0xF416, 0xF415, 0xFC36, 0xF436, 0xF415, 0xF436,
    0xF436, 0xFC57, 0xF456, 0xF436, 0xF457, 0xF457, 0xF436, 0xF457, 0xF457, 0xF457, 0xF457, 0xF457,
    0xF457, 0xF457, 0xF457, 0xF457, 0xF457, 0xF3F7, 0xF4D9, 0xFFFF, 0xFD7A, 0xFCDB, 0x0000, 0x3966,
    0xC453, 0xA390, 0xA390, 0x9B70, 0xA370, 0x9B70, 0x9B4F, 0x9B50, 0x9B4F, 0x9B50, 0x9B2F, 0x930E,
    0x9B0F, 0x930E, 0x8AEE, 0x92EE, 0x8ACE, 0x92CE, 0x8ACD, 0x8AAD, 0x8AAD, 0x828D, 0x828C, 0x828D,
    0x826C, 0x828D, 0x826C, 0x7A4C, 0x826C, 0x8A8D, 0x8A8D, 0x828D, 0x8AAE, 0x8AAD, 0x92AE, 0x92AE,
    0x92AE, 0x9ACF, 0x9ACE, 0x9ACE, 0x9AEF, 0x9AEF, 0xA310, 0xA310, 0xA30F, 0xAB30, 0xAB30, 0xAB30,
    0xB331, 0xB330, 0xBB51, 0xB351, 0xB351, 0xBB71, 0xBB51, 0xE415, 0x30E4, 0x7A2C, 0xFCFD, 0xFF7D,
    0xF65B, 0xF3D7, 0xF478, 0xEC57, 0xF478, 0xF457, 0xF478, 0xF477, 0xEC57, 0xF478, 0xF457, 0xEC37,
    0xF457, 0xF457, 0xF457, 0xF457, 0xF436, 0xF457, 0xF436, 0xF436, 0xF436, 0xF436, 0xFC37, 0xF436,
    0xF416, 0xF436, 0xF416, 0xF415, 0xF416, 0xF415, 0xFC16, 0xF415, 0xF3F5, 0xFC15, 0xF3F5, 0xF3F5,
    0xF3F5, 0xF3F5, 0xFBF5, 0xF3F5, 0xF3D4, 0xFBF5, 0xF3D4, 0xF3D4, 0xF3F5, 0xF3D4, 0xFBF5, 0xF3F4,
    0xF3D4, 0xFBF4, 0xF3D4, 0xF3B3, 0xFBD4, 0xF3D4, 0xFBD4, 0xF3D4, 0xF3B3, 0xFBD4, 0xF3B4, 0xF3B3,
    0xFBD4, 0xF3B3, 0xFBD4, 0xF3D3, 0xF3B3, 0xFBD4, 0xF3B3, 0xF3B3, 0xFBB3, 0xF3B3, 0xFBB4, 0xF3B3,
    0xF393, 0xFBB3, 0xF3B3, 0xF392, 0xF3B3, 0xF393, 0xFBB3, 0xF3B3, 0xF392, 0xFBB3, 0xF392, 0xF392,
    0xFBB2, 0xF392, 0xFBB3, 0xF392, 0xF392, 0xFBB3, 0xF392, 0xF392, 0xFBB2, 0xF392, 0xFBB2, 0xFB92,
    0xF392, 0xFB92, 0xF392, 0xF391, 0xFB92, 0xF391, 0xFB92, 0xF392, 0xF371, 0xFB92, 0xF371, 0xF371,
    0xFB92, 0xF371, 0xFB92, 0xFB91, 0xF371, 0xFB92, 0xF371, 0xF371, 0xFB91, 0xF371, 0xFB92, 0xFB91,
    0xF371, 0xFB91, 0xF371, 0xF370, 0xFB71, 0xF371, 0xFB91, 0xFB71, 0xF370, 0xFB91, 0xF371, 0xF370,
    0xFB71, 0xF371, 0xFB91, 0xFB71, 0xF370, 0xFB91, 0xF371, 0xF370, 0xFB71, 0xF371, 0xFB91, 0xF371,
    0xF371, 0xFB91, 0xF371, 0xF371, 0xFB71, 0xF371, 0xFB92, 0xF391, 0xF371, 0xFB92, 0xF371, 0xF371,
    0xFB91, 0xF371, 0xFB92, 0xFB91, 0xF371, 0xFB92, 0xF371, 0xF371, 0xFB92, 0xF392, 0xFBB2, 0xFB92,
    0xF391, 0xFB92, 0xF392, 0xF391, 0xFB92, 0xF392, 0xFBB2, 0xFBB2, 0xF392, 0xFBB2, 0xF392, 0xF392,
    0xFBB2, 0xF392, 0xFBB3, 0xF3B2, 0xF392, 0xFBB3, 0xF3B2, 0xF3B2, 0xFBB3, 0xF3B3, 0xFBD3, 0xFBB3,
    0xF3B3, 0xFBD3, 0xF3B3, 0xF3B3, 0xFBD3, 0xF3B3, 0xFBD4, 0xF3D3, 0xF3B3, 0xFBD4, 0xF3D3, 0xF3D3,
    0xFBD4, 0xF3D4, 0xFBF4, 0xF3F4, 0xF3D4, 0xFBF4, 0xF3D4, 0xF3D4, 0xFBF4, 0xF3F4, 0xFBF5, 0xFBF4,
    0xF3D4, 0xFBF5, 0xF3F4, 0xF3F4, 0xFBF5, 0xF3F5, 0xFC15, 0xF415, 0xF3F5, 0xFC15, 0xF415, 0xF3F5,
    0xF415, 0xF415, 0xFC36, 0xF415, 0xF415, 0xF436, 0xF416, 0xF415, 0xF436, 0xF436, 0xFC56, 0xF436,
    0xF436, 0xF457, 0xF457, 0xF436, 0xF457, 0xF457, 0xF457, 0xF457, 0xF457, 0xF457, 0xF457, 0xEC57,
    0xF457, 0xF457, 0xF3D7, 0xFF3D, 0xF6FC, 0xFCDC, 0x61AA, 0x18E3, 0xCC74, 0xA390, 0xA391, 0xA390,
    0xA370, 0xA370, 0xA370, 0x9B4F, 0xA350, 0x9B4F, 0x9B50, 0x9B2F, 0x930E, 0x9B0F, 0x930E, 0x92EE,
    0x92EE, 0x8ACE, 0x92CE, 0x8ACE, 0x8AAD, 0x8AAD, 0x8AAD, 0x828C, 0x828D, 0x826C, 0x828D, 0x826C,
    0x8A8D, 0x828D, 0x8AAE, 0x8A8D, 0x8A8D, 0x92AE, 0x92AE, 0x9ACF, 0x9ACE, 0x9ACE, 0x9AEF, 0x9AEF,
    0x9AEF, 0xA310, 0xA30F, 0xAB30, 0xAB30, 0xAB10, 0xB331, 0xB331, 0xB330, 0xB351, 0xB351, 0xBB72,
    0xBB71, 0xBB51, 0xBB72, 0xDBF4, 0x3925, 0xCB34, 0xFD5C, 0xFFFF, 0xF4F9, 0xF3F7, 0xF478, 0xF457,
    0xF457, 0xF478, 0xF457, 0xF478, 0xF457, 0xF457, 0xF457, 0xF457, 0xF437, 0xF457, 0xF457, 0xFC57,
    0xF457, 0xF436, 0xF457, 0xF436, 0xF436, 0xF436, 0xF436, 0xFC36, 0xF436, 0xF416, 0xFC36, 0xF415,
    0xF415, 0xF416, 0xF415, 0xFC16, 0xF415, 0xF3F5, 0xFC15, 0xF3F5, 0xF3F4, 0xF3F5, 0xF3D4, 0xFBF5,
    0xF3F5, 0xF3D4, 0xFBF5, 0xF3D4, 0xF3D4, 0xF3F4, 0xF3D4, 0xFBF5, 0xF3D4, 0xF3D4, 0xFBD4, 0xF3B4,
    0xF3B3, 0xFBD4, 0xF3B3, 0xFBD4, 0xF3D4, 0xF3B3, 0xFBD4, 0xF3B3, 0xF3B3, 0xFBB4, 0xF3B3, 0xFBB4,
    0xFBB3, 0xF3B3, 0xFBB3, 0xF3B3, 0xF3B3, 0xFBB3, 0xF3B3, 0xFBB3, 0xF3B3, 0xF392, 0xFBB3, 0xF3B3,
    0xF392, 0xFBB3, 0xF392, 0xFBB3, 0xF393, 0xF392, 0xFBB3, 0xF392, 0xF392, 0xFB92, 0xF392, 0xFBB3,
    0xF392, 0xF392, 0xFBB2, 0xF392, 0xF392, 0xFB92, 0xF392, 0xFB92, 0xFB92, 0xF371, 0xFB92, 0xF371,
    0xF371, 0xFB92, 0xF371, 0xFB92, 0xFB91, 0xF371, 0xFB92, 0xF371, 0xF371, 0xFB72, 0xF371, 0xFB92,
    0xFB71, 0xF371, 0xFB91, 0xF371, 0xF371, 0xFB71, 0xF371, 0xFB91, 0xF371, 0xF371, 0xFB91, 0xF371,
    0xF370, 0xFB71, 0xF371, 0xFB91, 0xFB71, 0xF370, 0xFB91, 0xF371, 0xF370, 0xFB71, 0xF370, 0xFB91,
    0xFB71, 0xF370, 0xFB91, 0xF371, 0xF370, 0xFB71, 0xF371, 0xFB91, 0xF371, 0xF370, 0xFB91, 0xF371,
    0xF371, 0xFB71, 0xF391, 0xFB91, 0xF391, 0xF371, 0xFB91, 0xF371, 0xF371, 0xFB91, 0xF371, 0xFB92,
    0xFB91, 0xF371, 0xFB92, 0xFB91, 0xF391, 0xFB92, 0xF391, 0xFB92, 0xFB92, 0xF391, 0xFBB2, 0xF392,
    0xF391, 0xFB92, 0xF392, 0xFBB2, 0xFBB2, 0xF392, 0xFBB2, 0xF392, 0xF392, 0xFBB2, 0xF392, 0xFBB3,
    0xF3B2, 0xF392, 0xFBB3, 0xF3B2, 0xF3B2, 0xFBB3, 0xF3B3, 0xFBD3, 0xF3B3, 0xF3B3, 0xFBD3, 0xF3B3,
    0xF3B3, 0xFBB3, 0xF3B3, 0xFBD4, 0xF3D3, 0xF3B3, 0xFBD4, 0xF3D3, 0xF3D3, 0xFBD4, 0xF3D3, 0xFBF4,
    0xF3F4, 0xF3D4, 0xFBF4, 0xF3D4, 0xF3D4, 0xFBF4, 0xF3D4, 0xFBF5, 0xF3F4, 0xF3D4, 0xFBF5, 0xF3F4,
    0xF3F4, 0xFBF5, 0xF3F4, 0xFC15, 0xF415, 0xF3F5, 0xFC15, 0xF3F5, 0xF415, 0xFC15, 0xF415, 0xFC16,
    0xF415, 0xF415, 0xFC36, 0xF416, 0xF415, 0xF436, 0xF436, 0xFC36, 0xF436, 0xF436, 0xF457, 0xF456,
    0xF436, 0xF457, 0xF456, 0xF457, 0xF457, 0xF437, 0xF457, 0xF457, 0xEC37, 0xF477, 0xF3D6, 0xFDBA,
    0xFFFE, 0xFCDA, 0xBAF2, 0x3145, 0xC453, 0xA390, 0xA390, 0xAB91, 0xA390, 0xA370, 0xA390, 0xA370,
    0x9B4F, 0xA350, 0x9B4F, 0xA350, 0x9B2F, 0x930F, 0x9B0F, 0x930E, 0x92EE, 0x92EE, 0x92CE, 0x92CE,
    0x92CE, 0x8AAD, 0x8AAE, 0x8AAD, 0x828C, 0x8A8D, 0x828C, 0x828D, 0x8AAE, 0x8AAD, 0x8A8D, 0x92AE,
    0x92AE, 0x92AE, 0x9ACE, 0x92CE, 0x9AEF, 0x9AEF, 0x9AEF, 0xA310, 0xA30F, 0xA30F, 0xAB10, 0xAB10,
    0xB331, 0xB331, 0xB330, 0xBB51, 0xB351, 0xB351, 0xBB71, 0xBB71, 0xC372, 0xC372, 0xBB71, 0xD3D3,
    0x6A0A, 0xEBD8, 0xFE5C, 0xFF9E, 0xF418, 0xF437, 0xF457, 0xF478, 0xF457, 0xF457, 0xF477, 0xF457,
    0xF478, 0xF457, 0xF437, 0xF457, 0xF457, 0xF456, 0xF457, 0xF457, 0xFC57, 0xF437, 0xF436, 0xF437,
    0xF436, 0xF416, 0xF436, 0xF416, 0xFC36, 0xF416, 0xF415, 0xFC36, 0xF415, 0xF415, 0xF415, 0xF3F5,
    0xFC16, 0xF3F5, 0xF3F5, 0xFBF5, 0xF3F5, 0xF3D4, 0xF3F5, 0xF3D4, 0xFBF5, 0xF3F5, 0xF3D4, 0xFBF5,
    0xF3D4, 0xF3D4, 0xFBD4, 0xF3D4, 0xFBD4, 0xFBD4, 0xF3B3, 0xFBD4, 0xF3D4, 0xF3B3, 0xFBB4, 0xF3B3,
    0xFBD4, 0xF3D3, 0xF3B3, 0xFBB4, 0xF3B3, 0xF3B3, 0xF3B3, 0xF3B3, 0xFBB4, 0xF3B3, 0xF393, 0xFBB3,
    0xF3B3, 0xF392, 0xFBB3, 0xF3B3, 0xFBB3, 0xFBB3, 0xF392, 0xFBB3, 0xF392, 0xF392, 0xFBB3, 0xF392,
    0xFB93, 0xF392, 0xF392, 0xFBB3, 0xF392, 0xF392, 0xFB92, 0xF392, 0xFBB2, 0xF392, 0xF392, 0xFB92,
    0xF392, 0xF392, 0xFB92, 0xF392, 0xFB92, 0xFB92, 0xF371, 0xFB92, 0xF371, 0xF371, 0xFB91, 0xF371,
    0xFB92, 0xFB71, 0xF371, 0xFB92, 0xF371, 0xF371, 0xFB91, 0xF371, 0xFB92, 0xFB91, 0xF371, 0xFB91,
    0xF371, 0xF370, 0xFB71, 0xF371, 0xFB91, 0xFB71, 0xF371, 0xFB71, 0xF371, 0xF370, 0xFB71, 0xF371,
    0xFB91, 0xFB71, 0xF370, 0xFB91, 0xF371, 0xF370, 0xFB71, 0xF370, 0xFB71, 0xFB71, 0xF370, 0xFB91,
    0xF371, 0xF370, 0xFB71, 0xF371, 0xFB71, 0xFB71, 0xF371, 0xFB91, 0xF371, 0xF370, 0xFB71, 0xF371,
    0xFB91, 0xFB91, 0xF371, 0xFB91, 0xF371, 0xF371, 0xFB91, 0xF391, 0xFB92, 0xFB91, 0xF371, 0xFB92,
    0xF391, 0xF371, 0xFB92, 0xF391, 0xFB92, 0xFB92, 0xF391, 0xFB92, 0xF391, 0xF391, 0xFB92, 0xF392,
    0xFBB2, 0xFB92, 0xF392, 0xFBB2, 0xFBB2, 0xF392, 0xFBB2, 0xF392, 0xFBB3, 0xFBB2, 0xF392, 0xFBB3,
    0xF3B3, 0xF3B2, 0xFBB3, 0xF3B3, 0xFBD3, 0xFBB3, 0xF3B3, 0xFBD3, 0xF3B3, 0xF3B3, 0xFBB3, 0xF3B3,
    0xFBD4, 0xF3D3, 0xF3B3, 0xFBD4, 0xF3D3, 0xF3D3, 0xFBD4, 0xF3D4, 0xFBF4, 0xF3D4, 0xF3D3, 0xFBF4,
    0xF3D4, 0xF3D4, 0xFBF4, 0xF3D4, 0xFBF5, 0xF3F4, 0xF3D4, 0xFBF5, 0xF3F4, 0xF3F4, 0xF3F5, 0xF3F4,
    0xFC15, 0xF415, 0xF3F5, 0xFC15, 0xF415, 0xF415, 0xF415, 0xF415, 0xFC16, 0xF415, 0xF415, 0xF436,
    0xF416, 0xF415, 0xF436, 0xF436, 0xFC36, 0xF436, 0xF436, 0xF457, 0xF456, 0xF436, 0xF457, 0xF456,
    0xF457, 0xF457, 0xF437, 0xF457, 0xF457, 0xEC57, 0xF417, 0xF498, 0xFFFF, 0xFD5B, 0xE396, 0x5A09,
    0xBC12, 0xA390, 0xABB1, 0xA390, 0xABB1, 0xA390, 0xA370, 0xA390, 0xA370, 0x9B4F, 0xA350, 0x9B4F,
    0xA350, 0x9B2F, 0x9B0F, 0x9B0F, 0x930E, 0x92EE, 0x92EE, 0x92CE, 0x92CE, 0x92CE, 0x8AAD, 0x8AAE,
    0x8AAD, 0x828D, 0x8A8D, 0x828C, 0x8AAD, 0x92AE, 0x92AE, 0x92AE, 0x9ACF, 0x92CE, 0x92CE, 0x9AEF,
    0x9AEF, 0xA310, 0xA30F, 0xA2EF, 0xAB10, 0xAB10, 0xAB10, 0xB331, 0xB330, 0xBB51, 0xB351, 0xB351,
    0xBB72, 0xBB71, 0xBB51, 0xC372, 0xC372, 0xC392, 0xC392, 0xC372, 0xA310, 0xFC7A, 0xFEDD, 0xFF1D,
    0xF3B6, 0xF478, 0xF478, 0xF457, 0xF478, 0xF457, 0xEC57, 0xF457, 0xF457, 0xF478, 0xF457, 0xF437,
    0xF457, 0xF437, 0xF436, 0xF437, 0xF436, 0xFC57, 0xF437, 0xF436, 0xFC36, 0xF436, 0xF416, 0xF436,
    0xF416, 0xFC36, 0xF416, 0xF3F5, 0xFC16, 0xF415, 0xF3F5, 0xFC15, 0xF3D5, 0xFBD5, 0xF3F5, 0xF3F4,
    0xFBF5, 0xF3F5, 0xF3D4, 0xF3D5, 0xF3D4, 0xFBF5, 0xFBF4, 0xF3D4, 0xFBF5, 0xF3D4, 0xF3D4, 0xFBD4,
    0xF3D4, 0xFBD4, 0xFBD4, 0xF3B3, 0xFBD4, 0xF3B3, 0xF3B3, 0xFBB4, 0xF3B3, 0xFBD4, 0xF3B3, 0xF3B3,
    0xFBB4, 0xF3B3, 0xF393, 0xFBB3, 0xF3B3, 0xFBB3, 0xF3B3, 0xF393, 0xFBB3, 0xF3B3, 0xF392, 0xFBB3,
    0xF392, 0xFBB3, 0xF393, 0xF392, 0xFBB3, 0xF392, 0xF392, 0xFB92, 0xF392, 0xFB93, 0xF392, 0xF392,
    0xFBB2, 0xF392, 0xF392, 0xFB92, 0xF392, 0xFB92, 0xF392, 0xF392, 0xFB92, 0xF392, 0xF391, 0xFB92,
    0xF392, 0xFB92, 0xFB92, 0xF371, 0xFB92, 0xF371, 0xF371, 0xFB71, 0xF371, 0xFB92, 0xFB71, 0xF371,
    0xFB91, 0xF371, 0xF371, 0xFB71, 0xF371, 0xFB92, 0xFB71, 0xF371, 0xFB71, 0xF371, 0xF350, 0xFB71,
    0xF371, 0xFB71, 0xFB71, 0xF371, 0xFB71, 0xF371, 0xF370, 0xFB71, 0xF371, 0xFB91, 0xFB71, 0xF370,
    0xFB91, 0xF371, 0xF370, 0xFB71, 0xF370, 0xFB91, 0xFB71, 0xF370, 0xFB91, 0xF371, 0xF370, 0xFB71,
    0xF371, 0xFB71, 0xFB71, 0xF370, 0xFB91, 0xF371, 0xF370, 0xFB71, 0xF371, 0xFB91, 0xFB71, 0xF371,
    0xFB91, 0xF391, 0xF371, 0xFB91, 0xF391, 0xFB92, 0xFB91, 0xF371, 0xFB92, 0xF391, 0xF371, 0xFB92,
    0xF391, 0xFB92, 0xFB91, 0xF391, 0xFB92, 0xF391, 0xF391, 0xFB92, 0xF392, 0xFBB2, 0xFB92, 0xF392,
    0xFBB2, 0xF392, 0xF392, 0xFBB2, 0xF3B2, 0xFBB3, 0xFBB2, 0xF392, 0xFBB3, 0xF3B2, 0xF3B2, 0xFBB3,
    0xF3B3, 0xFBD3, 0xFBB3, 0xF3B3, 0xFBD3, 0xF3B3, 0xF3B3, 0xFBB3, 0xF3B3, 0xFBD3, 0xFBD3, 0xF3B3,
    0xFBD4, 0xF3D3, 0xF3D3, 0xFBD4, 0xF3D3, 0xFBD4, 0xF3D4, 0xF3D3, 0xFBF4, 0xF3D4, 0xF3D3, 0xFBD4,
    0xF3D4, 0xFBF5, 0xFBF4, 0xF3F4, 0xFBF4, 0xFB74, 0xFB54, 0xFB55, 0xFB74, 0xFB75, 0xFB75, 0xFB75,
    0xFB95, 0xFB75, 0xFB54, 0xFB75, 0xFB75, 0xFB96, 0xFB95, 0xFB95, 0xFBF6, 0xF415, 0xF415, 0xF436,
    0xF416, 0xFC36, 0xF436, 0xF436, 0xF457, 0xF436, 0xF436, 0xF457, 0xF457, 0xF457, 0xF457, 0xF437,
    0xF457, 0xF457, 0xEC37, 0xF417, 0xFF7E, 0xFE1C, 0xFC18, 0x7ACC, 0xB3F2, 0xABB1, 0xABB0, 0xABB1,
    0xABB1, 0xABB1, 0xAB91, 0xA370, 0xAB91, 0xA370, 0xA350, 0xA350, 0x9B4F, 0xA350, 0x9B2F, 0x9B0F,
    0x9B0F, 0x9B0F, 0x92EE, 0x92EE, 0x92CE, 0x92EE, 0x92CE, 0x8AAD, 0x92AE, 0x8AAD, 0x8A8D, 0x8A8D,
    0x92AE, 0x92AE, 0x9ACF, 0x92CE, 0x92CE, 0x9AEF, 0x9AEF, 0x9AEF, 0xA2EF, 0xA2EF, 0xAB10, 0xAB10,
    0xAB10, 0xB331, 0xAB30, 0xAB30, 0xB351, 0xB351, 0xBB72, 0xBB72, 0xBB71, 0xC372, 0xC372, 0xC372,
    0xC392, 0xC392, 0xCB93, 0xCB92, 0xBB92, 0xFC39, 0xFF1D, 0xF69C, 0xF3D7, 0xF477, 0xF478, 0xF477,
    0xF457, 0xF478, 0xF457, 0xEC57, 0xF457, 0xF457, 0xF457, 0xF457, 0xF437, 0xF457, 0xF437, 0xF436,
    0xF3F6, 0xF3B5, 0xFBD6, 0xF436, 0xF436, 0xFC56, 0xF436, 0xF416, 0xF436, 0xF416, 0xFC16, 0xF415,
    0xF415, 0xFC15, 0xF415, 0xF3D4, 0xFC97, 0xF456, 0xFBD5, 0xF3F5, 0xF3F4, 0xFC15, 0xF3F5, 0xF3D4,
    0xFBD5, 0xF3F4, 0xFBF5, 0xFBF4, 0xF3D4, 0xFBF4, 0xF3D4, 0xF3D4, 0xFBF4, 0xF3D4, 0xFBD4, 0xFBD4,
    0xF3B3, 0xFBD4, 0xF3B3, 0xF3B3, 0xFBB3, 0xF3B3, 0xFBB4, 0xF3B3, 0xF393, 0xFBB3, 0xF3B3, 0xF393,
    0xFBB3, 0xF3B3, 0xFBB3, 0xF3B3, 0xF393, 0xFBB3, 0xF393, 0xF392, 0xFB93, 0xF392, 0xFB93, 0xFB92,
    0xF392, 0xFBB3, 0xF392, 0xF392, 0xFB92, 0xF392, 0xFB93, 0xF392, 0xF392, 0xFBB2, 0xF392, 0xF392,
    0xFB92, 0xF392, 0xFB92, 0xF392, 0xF391, 0xFB92, 0xF392, 0xF391, 0xFB92, 0xF371, 0xFB92, 0xFB71,
    0xF371, 0xFB71, 0xF371, 0xF371, 0xFB71, 0xF371, 0xFB91, 0xF371, 0xF371, 0xFB91, 0xF371, 0xF371,
    0xFB71, 0xF371, 0xFB71, 0xFB71, 0xF371, 0xFB71, 0xF371, 0xF370, 0xFB71, 0xF371, 0xFB71, 0xFB71,
    0xF350, 0xFB71, 0xF371, 0xF370, 0xFB71, 0xF370, 0xFB91, 0xFB71, 0xF370, 0xFB91, 0xFB71, 0xF370,
    0xFB71, 0xF370, 0xFB91, 0xFB71, 0xF370, 0xFB91, 0xFB71, 0xF370, 0xFB71, 0xF370, 0xFB71, 0xFB71,
    0xF370, 0xFB71, 0xF371, 0xF370, 0xFB71, 0xF371, 0xFB91, 0xFB71, 0xF371, 0xFB91, 0xFB71, 0xF371,
    0xFB91, 0xF371, 0xFB92, 0xFB91, 0xF371, 0xFB92, 0xFB71, 0xF371, 0xFB92, 0xF391, 0xFB92, 0xFB91,
    0xF391, 0xFBB2, 0xF392, 0xF391, 0xFB92, 0xF391, 0xFBB2, 0xFB92, 0xF392, 0xFBB2, 0xF392, 0xF392,
    0xFBB2, 0xF392, 0xFBB3, 0xFBB2, 0xF392, 0xFBB3, 0xF3B2, 0xF392, 0xFBB3, 0xF3B3, 0xFBB3, 0xFBB3,
    0xF3B2, 0xFBB3, 0xF3B3, 0xF3B2, 0xFBB3, 0xF3B3, 0xFBD3, 0xFBD3, 0xF3B3, 0xFBD4, 0xF3D3, 0xF3D3,
    0xFBD4, 0xF3D3, 0xFBD4, 0xF3D4, 0xF3D3, 0xFBD4, 0xF3D4, 0xF3D3, 0xFBD4, 0xF3D4, 0xFBF4, 0xFB54,
    0xFB34, 0xE475, 0xC4F5, 0xC4F5, 0xCCF6, 0xC4F5, 0xCD16, 0xCCF6, 0xC4F5, 0xCD16, 0xCCF6, 0xC4F5,
    0xCD16, 0xC516, 0xCD36, 0xCCD6, 0xFB95, 0xFB96, 0xF415, 0xF415, 0xF416, 0xF416, 0xFC37, 0xF436,
    0xF436, 0xF457, 0xF436, 0xF436, 0xF457, 0xF457, 0xF457, 0xF457, 0xF437, 0xF457, 0xF457, 0xEBD6,
    0xFF3E, 0xF67C, 0xFC18, 0xAB71, 0xABD1, 0xB3D2, 0xABB1, 0xABB1, 0xABB1, 0xABB1, 0xABB1, 0xAB91,
    0xA370, 0xAB91, 0xA370, 0xA350, 0xA350, 0xA34F, 0xA350, 0xA32F, 0x9B0F, 0x9B0F, 0x9B0F, 0x92EE,
    0x9AEF, 0x92CE, 0x9AEE, 0x92CE, 0x8AAD, 0x92CE, 0x8AAD, 0x8A8D, 0x92AE, 0x92CE, 0x92CE, 0x9AEF,
    0x9AEF, 0x9ACF, 0xA2EF, 0xA2EF, 0xA2EF, 0xAB10, 0xA310, 0xAB31, 0xAB30, 0xAB30, 0xB351, 0xB351,
    0xB351, 0xBB72, 0xBB71, 0xC372, 0xC372, 0xC372, 0xC392, 0xC392, 0xC392, 0xCB93, 0xCB92, 0xCBB2,
    0xBB93, 0xF419, 0xFF5E, 0xFE9C, 0xEBB6, 0xF478, 0xF457, 0xF478, 0xF477, 0xF457, 0xF457, 0xF457,
    0xF457, 0xF457, 0xF457, 0xF457, 0xF457, 0xF436, 0xF457, 0xF3B5, 0xF599, 0xFEFD, 0xFDFB, 0xFBB6,
    0xF416, 0xF394, 0xF3B5, 0xF3B5, 0xF394, 0xFD18, 0xF5FA, 0xF2F3, 0xF374, 0xF3F5, 0xFC15, 0xF333,
    0xF4B6, 0xFC97, 0xF374, 0xFBF5, 0xF3D5, 0xF353, 0xFB73, 0xF394, 0xF3B3, 0xF353, 0xF394, 0xFB53,
    0xFBB4, 0xF3D4, 0xFBD4, 0xF332, 0xF312, 0xFB12, 0xF373, 0xFBF4, 0xFB73, 0xF311, 0xFB32, 0xF3B3,
    0xF393, 0xFBB3, 0xF3B3, 0xFBB4, 0xF3B3, 0xF393, 0xFBB3, 0xF3B3, 0xF393, 0xFBB3, 0xF3B3, 0xFBB3,
    0xF3B3, 0xF392, 0xFBB3, 0xF393, 0xF392, 0xFB93, 0xF392, 0xFBB3, 0xFB92, 0xF392, 0xFB93, 0xF392,
    0xF392, 0xFB92, 0xF392, 0xFB93, 0xFBB2, 0xF392, 0xFBB2, 0xF392, 0xF391, 0xFB92, 0xF392, 0xFB92,
    0xF392, 0xF371, 0xFB92, 0xF392, 0xF371, 0xFB92, 0xF371, 0xFB92, 0xFB91, 0xF371, 0xFB91, 0xF371,
    0xF371, 0xFB71, 0xF371, 0xFB92, 0xFB71, 0xF371, 0xFB71, 0xF371, 0xF371, 0xFB71, 0xF371, 0xFB71,
    0xFB71, 0xF370, 0xFB71, 0xF371, 0xF370, 0xFB71, 0xF370, 0xFB71, 0xFB71, 0xF370, 0xFB71, 0xF370,
    0xF370, 0xFB71, 0xF370, 0xFB91, 0xFB71, 0xF370, 0xFB91, 0xF370, 0xF370, 0xFB71, 0xF370, 0xFB71,
    0xFB71, 0xF370, 0xFB91, 0xFB70, 0xF370, 0xFB71, 0xF370, 0xFB71, 0xFB71, 0xF370, 0xFB71, 0xF371,
    0xF370, 0xFB71, 0xF371, 0xFB91, 0xFB91, 0xF371, 0xFB91, 0xFB71, 0xF371, 0xFB71, 0xF371, 0xFB92,
    0xFB71, 0xF371, 0xFB92, 0xFB91, 0xF391, 0xFB92, 0xF391, 0xFB92, 0xFB91, 0xF391, 0xFB92, 0xF392,
    0xF391, 0xFB92, 0xF391, 0xFBB2, 0xFB92, 0xF392, 0xFBB2, 0xF392, 0xF392, 0xFBB2, 0xF392, 0xFBB3,
    0xFBB2, 0xF392, 0xFBB3, 0xF3B3, 0xF3B2, 0xFBB3, 0xF3B3, 0xFBB3, 0xFBB3, 0xF3B2, 0xFBB3, 0xF3B3,
    0xF3B3, 0xFBB3, 0xF3B3, 0xFBD3, 0xFBD3, 0xF3B3, 0xFBD4, 0xF3D3, 0xF3D3, 0xFBD4, 0xF3D3, 0xFBD4,
    0xF3D4, 0xF3D3, 0xFBF4, 0xF3D4, 0xF3D3, 0xF3F4, 0xFB14, 0xE475, 0x2FB4, 0x07F3, 0x07F3, 0x07F2,
    0x07F3, 0x07F3, 0x07F3, 0x07F4, 0x07F3, 0x07F2, 0x07F3, 0x07F3, 0x07F2, 0x07F3, 0x07F2, 0x07F3,
    0x17F3, 0xC4F5, 0xFB56, 0xF415, 0xF415, 0xF416, 0xF436, 0xFC37, 0xF436, 0xF436, 0xF457, 0xF436,
    0xF436, 0xF457, 0xF457, 0xF457, 0xF457, 0xF457, 0xF478, 0xF3D6, 0xFF1D, 0xFE7C, 0xFBD7, 0xB391,
    0xABD1, 0xB3D1, 0xB3D2, 0xB3D1, 0xABB1, 0xB3B1, 0xABB1, 0xB3B1, 0xAB91, 0xAB70, 0xAB91, 0xAB70,
    0xA350, 0xAB50, 0xA350, 0xA350, 0xA32F, 0x9B0F, 0xA30F, 0x9B0F, 0x9AEE, 0x9AEF, 0x92CE, 0x9AEF,
    0x92CE, 0x92AD, 0x92CE, 0x92AD, 0x92CE, 0x92CE, 0x9AEF, 0x9AEF, 0xA2F0, 0xA2EF, 0xA2EF, 0xAB10,
    0xA310, 0xA310, 0xAB30, 0xAB30, 0xB351, 0xB351, 0xB351, 0xBB72, 0xBB51, 0xBB51, 0xC372, 0xC372,
    0xC393, 0xC392, 0xC392, 0xCBB3, 0xCB93, 0xCB92, 0xD3B3, 0xCB92, 0xC393, 0xFC39, 0xFF5D, 0xFE9C,
    0xF3B6, 0xEC57, 0xF478, 0xF457, 0xF478, 0xF457, 0xF457, 0xF477, 0xF457, 0xF437, 0xF457, 0xF457,
    0xFC57, 0xF457, 0xF3D5, 0xFDBA, 0xF4F8, 0xF395, 0xFD59, 0xF579, 0xFC57, 0xFE7B, 0xF5B9, 0xFE3B,
    0xF374, 0xF578, 0xFD9A, 0xF416, 0xFE3C, 0xF354, 0xF3D4, 0xFE9C, 0xFE5B, 0xF435, 0xF3B4, 0xF373,
    0xFB74, 0xFE1B, 0xFE7B, 0xFC76, 0xF373, 0xF538, 0xFB54, 0xFE5B, 0xFCD7, 0xFB32, 0xF352, 0xFDDA,
    0xFE1A, 0xFE3A, 0xFC96, 0xF290, 0xFD78, 0xFE9B, 0xFDB9, 0xFB32, 0xF393, 0xF393, 0xFBB3, 0xF3B3,
    0xFBB3, 0xF3B3, 0xF393, 0xFBB3, 0xF393, 0xF392, 0xFBB3, 0xF393, 0xFBB3, 0xF393, 0xF392, 0xFBB3,
    0xF392, 0xF392, 0xFB93, 0xF392, 0xFBB3, 0xF392, 0xF392, 0xFB92, 0xF392, 0xF392, 0xFB92, 0xF392,
    0xFBB3, 0xFBB2, 0xF392, 0xFBB2, 0xF392, 0xF391, 0xFB92, 0xF391, 0xFB92, 0xF392, 0xF371, 0xFB92,
    0xF372, 0xF371, 0xFB72, 0xF371, 0xFB92, 0xFB71, 0xF371, 0xFB91, 0xF371, 0xF371, 0xFB71, 0xF371,
    0xFB91, 0xFB71, 0xF371, 0xFB71, 0xF371, 0xF350, 0xFB71, 0xF371, 0xFB71, 0xFB71, 0xF350, 0xFB71,
    0xF371, 0xF370, 0xFB71, 0xF370, 0xFB71, 0xFB71, 0xF350, 0xFB71, 0xF370, 0xF350, 0xFB71, 0xF370,
    0xFB91, 0xFB71, 0xF370, 0xFB71, 0xF370, 0xF350, 0xFB71, 0xF370, 0xFB71, 0xFB71, 0xF370, 0xFB71,
    0xF370, 0xF350, 0xFB71, 0xF370, 0xFB71, 0xFB71, 0xF350, 0xFB71, 0xFB71, 0xF370, 0xFB91, 0xF371,
    0xFB91, 0xFB71, 0xF371, 0xFB71, 0xFB71, 0xF370, 0xFB71, 0xF371, 0xFB92, 0xFB91, 0xF371, 0xFB92,
    0xF391, 0xF391, 0xFB91, 0xF391, 0xFB92, 0xFB91, 0xF391, 0xFB92, 0xF392, 0xF371, 0xFB92, 0xF392,
    0xFB92, 0xFB92, 0xF392, 0xFBB2, 0xFB92, 0xF392, 0xFBB2, 0xF392, 0xFBB3, 0xFBB2, 0xF392, 0xFBB3,
    0xF3B3, 0xF3B2, 0xFBB3, 0xF3B3, 0xFBB3, 0xF3B3, 0xF3B2, 0xFBB3, 0xF3B3, 0xF3B3, 0xFBB3, 0xF3B3,
    0xFBD3, 0xFBD3, 0xF3B3, 0xFBD3, 0xFBD3, 0xF3B3, 0xFBD4, 0xF3D3, 0xFBD4, 0xF3D4, 0xF3D3, 0xFBD4,
    0xF3D3, 0xFB53, 0xE455, 0x07F3, 0x07F2, 0x0FB2, 0x0FD2, 0x17F3, 0x0FB2, 0x0FD2, 0x17F4, 0x17F2,
    0x17D3, 0x17F4, 0x0FF3, 0x17B3, 0x0FF3, 0x0FB2, 0x17D2, 0x17B2, 0x07F3, 0x07F3, 0xCCB4, 0xFB76,
    0xF415, 0xF415, 0xF436, 0xF436, 0xF456, 0xF436, 0xF436, 0xF457, 0xF436, 0xF436, 0xF457, 0xF457,
    0xF457, 0xF457, 0xF457, 0xF3F7, 0xFF3D, 0xF67B, 0xFBF8, 0xAB91, 0xB3F2, 0xB3F2, 0xB3D1, 0xB3D2,
    0xB3D1, 0xABB1, 0xB3B1, 0xABB1, 0xB3B1, 0xAB91, 0xAB70, 0xAB91, 0xAB70, 0xA350, 0xAB50, 0xA350,
    0xA350, 0xA32F, 0x9B0F, 0xA30F, 0x9B0F, 0x9AEE, 0x9AEF, 0x9AEE, 0x9AEF, 0x92CE, 0x92AE, 0x92CE,
    0x9AEF, 0x9ACF, 0x9ACF, 0xA2EF, 0xA2EF, 0xA310, 0xA310, 0xA310, 0xAB30, 0xAB30, 0xAB30, 0xB331,
    0xB351, 0xBB52, 0xBB51, 0xBB51, 0xC372, 0xBB72, 0xBB72, 0xC392, 0xC392, 0xCBB3, 0xCBB3, 0xCB92,
    0xD3B3, 0xCBB3, 0xCBB3, 0xD3B3, 0xBB72, 0xFC39, 0xFF5E, 0xFE7C, 0xF3D7, 0xF477, 0xEC57, 0xF478,
    0xF457, 0xF478, 0xF457, 0xF457, 0xF457, 0xF457, 0xF436, 0xF457, 0xF457, 0xFC57, 0xF3B5, 0xF65B,
    0xFD59, 0xF333, 0xF518, 0xFD39, 0xF4D8, 0xFE3B, 0xFE5B, 0xF599, 0xFD19, 0xF436, 0xFEBD, 0xFD39,
    0xF518, 0xFE3B, 0xF3F5, 0xF3F5, 0xFE3B, 0xF518, 0xF353, 0xFBF5, 0xFDDA, 0xFBD5, 0xFB94, 0xFDDA,
    0xFC35, 0xFF1D, 0xFE1A, 0xFBD5, 0xFD79, 0xFBD4, 0xFD18, 0xFD58, 0xFCB7, 0xFD17, 0xF393, 0xFC56,
    0xFCB7, 0xFB53, 0xFCB7, 0xFD98, 0xFB52, 0xF3B3, 0xF393, 0xFBB3, 0xF393, 0xFBB3, 0xF3B3, 0xF393,
    0xFBB3, 0xF393, 0xF392, 0xFB93, 0xF392, 0xFB93, 0xF392, 0xF392, 0xFBB3, 0xF392, 0xF392, 0xFB92,
    0xF392, 0xFB93, 0xF392, 0xF392, 0xFB92, 0xF392, 0xF371, 0xFB92, 0xF392, 0xFBB2, 0xFB92, 0xF392,
    0xFB92, 0xF392, 0xF371, 0xFB92, 0xF391, 0xFB92, 0xF392, 0xF371, 0xFB92, 0xF371, 0xF371, 0xFB71,
    0xF371, 0xFB71, 0xFB71, 0xF371, 0xFB91, 0xFB71, 0xF370, 0xFB71, 0xF371, 0xFB71, 0xFB71, 0xF351,
    0xFB71, 0xF371, 0xF350, 0xFB71, 0xF370, 0xFB71, 0xFB71, 0xF350, 0xFB71, 0xF371, 0xF370, 0xFB71,
    0xF370, 0xFB71, 0xFB70, 0xF350, 0xFB71, 0xF370, 0xF350, 0xFB71, 0xF370, 0xFB71, 0xFB70, 0xF350,
    0xFB71, 0xFB70, 0xF370, 0xFB71, 0xF370, 0xFB71, 0xFB70, 0xF350, 0xFB71, 0xF370, 0xF350, 0xFB71,
    0xF370, 0xFB71, 0xFB71, 0xF350, 0xFB71, 0xF371, 0xF370, 0xFB91, 0xF371, 0xFB91, 0xFB71, 0xF370,
    0xFB71, 0xF371, 0xF370, 0xFB71, 0xF371, 0xFB91, 0xFB91, 0xF371, 0xFB92, 0xF391, 0xF391, 0xFB91,
    0xF391, 0xFB92, 0xFB91, 0xF371, 0xFB92, 0xF391, 0xF391, 0xFB92, 0xF392, 0xFB92, 0xFB92, 0xF392,
    0xFB92, 0xF392, 0xF392, 0xFB92, 0xF392, 0xFBB3, 0xFBB2, 0xF392, 0xFBB3, 0xF3B3, 0xF392, 0xFBB3,
    0xF3B2, 0xFBB3, 0xF3B3, 0xF3B2, 0xFBB3, 0xF3B3, 0xF3B2, 0xFBB3, 0xF3B3, 0xFBD3, 0xFBB3, 0xF3B3,
    0xFBD3, 0xF3B3, 0xF3B3, 0xFBD4, 0xF3D3, 0xFBD4, 0xFBD4, 0xF3D3, 0xFBD4, 0xFB34, 0x1F94, 0x07F1,
    0x17B2, 0x0FF3, 0x0FD2, 0x0F51, 0x17F4, 0x17F3, 0x160E, 0x17F3, 0x0FF4, 0x0E0D, 0x0EF0, 0x0FF3,
    0x1771, 0x17F4, 0x0FD2, 0x17D2, 0x17B2, 0x07F2, 0x17D3, 0xFB75, 0xFC16, 0xF415, 0xF415, 0xF436,
    0xF436, 0xFC37, 0xF436, 0xF436, 0xF457, 0xF436, 0xF436, 0xF457, 0xF457, 0xFC57, 0xF457, 0xF3D6,
    0xFF3E, 0xFE7C, 0xFBD7, 0xB391, 0xB3F1, 0xBBF2, 0xB3F2, 0xB3D1, 0xBBD2, 0xB3D1, 0xB3B1, 0xB3B1,
    0xB3B1, 0xB3B1, 0xB391, 0xAB70, 0xAB91, 0xAB70, 0xA350, 0xAB50, 0xA330, 0xAB50, 0xA32F, 0xA30F,
    0xA30F, 0x9B0F, 0x9AEE, 0x9AEF, 0x9AEE, 0x9AEF, 0x9ACE, 0x92AE, 0x9ACF, 0xA2EF, 0xA2EF, 0x9AEF,
    0xA310, 0xA310, 0xAB30, 0xAB30, 0xAB10, 0xB331, 0xB331, 0xB330, 0xBB51, 0xB351, 0xBB72, 0xBB72,
    0xBB72, 0xC392, 0xC392, 0xC392, 0xCB93, 0xCB92, 0xD3B3, 0xCBB3, 0xCBB3, 0xD3D3, 0xD3B3, 0xD3B3,
    0xC393, 0xF439, 0xFF5E, 0xFE9C, 0xF3B6, 0xF478, 0xF457, 0xEC57, 0xF477, 0xF457, 0xF458, 0xF457,
    0xF437, 0xF457, 0xF437, 0xF436, 0xF457, 0xF457, 0xF3D6, 0xFDDA, 0xFEFD, 0xFE9C, 0xFF5E, 0xF538,
    0xFCF8, 0xF4F7, 0xFDFA, 0xF4D7, 0xF599, 0xFC16, 0xFE1B, 0xF352, 0xF3B4, 0xFF3D, 0xFC15, 0xF271,
    0xF4F8, 0xFCB7, 0xF2F2, 0xF435, 0xFF9E, 0xFDFA, 0xFD99, 0xFE9C, 0xF333, 0xFE5B, 0xFCB6, 0xF2B0,
    0xFE5A, 0xF496, 0xFD9A, 0xFB93, 0xF2B1, 0xFB32, 0xF2F1, 0xF5B9, 0xFEDC, 0xFD38, 0xFE1A, 0xFE1A,
    0xF331, 0xFBB3, 0xF393, 0xF392, 0xFBB3, 0xF393, 0xFBB3, 0xF3B3, 0xF392, 0xFBB3, 0xF393, 0xF392,
    0xFB93, 0xF392, 0xFBB3, 0xF393, 0xF392, 0xFBB3, 0xF392, 0xF392, 0xFB92, 0xF392, 0xFB92, 0xF392,
    0xF372, 0xFB92, 0xF392, 0xF391, 0xFB92, 0xF392, 0xFB92, 0xF392, 0xF371, 0xFB92, 0xF391, 0xF371,
    0xFB92, 0xF391, 0xFB92, 0xF391, 0xF371, 0xFB71, 0xF371, 0xF371, 0xFB71, 0xF371, 0xFB71, 0xFB71,
    0xF371, 0xFB71, 0xF371, 0xF370, 0xFB71, 0xF371, 0xFB71, 0xFB71, 0xF350, 0xFB71, 0xF351, 0xF350,
    0xFB71, 0xF350, 0xFB71, 0xFB71, 0xF350, 0xFB71, 0xFB70, 0xF370, 0xFB71, 0xF370, 0xFB71, 0xFB70,
    0xF350, 0xFB71, 0xF370, 0xF350, 0xFB71, 0xF370, 0xFB71, 0xFB70, 0xF350, 0xFB71, 0xFB70, 0xF350,
    0xFB71, 0xF370, 0xFB71, 0xFB70, 0xF350, 0xFB71, 0xF370, 0xF350, 0xFB71, 0xF370, 0xFB71, 0xFB71,
    0xF370, 0xFB91, 0xFB71, 0xF370, 0xFB91, 0xF371, 0xFB91, 0xFB71, 0xF370, 0xFB71, 0xF371, 0xF371,
    0xFB91, 0xF371, 0xFB91, 0xFB91, 0xF391, 0xFB91, 0xF391, 0xF391, 0xFB92, 0xF391, 0xFB92, 0xFB91,
    0xF371, 0xFB92, 0xF391, 0xF391, 0xFB92, 0xF391, 0xFB92, 0xFB92, 0xF391, 0xFBB2, 0xF392, 0xF392,
    0xFB92, 0xF392, 0xFBB3, 0xFBB2, 0xF392, 0xFBB3, 0xF3B2, 0xF3B2, 0xFBB3, 0xF3B2, 0xFBB3, 0xFBB3,
    0xF3B2, 0xFBB3, 0xF3B3, 0xF3B2, 0xFBB3, 0xF3B3, 0xFBD3, 0xFBB3, 0xF3B3, 0xFBD3, 0xF3D3, 0xF3B3,
    0xFBD4, 0xF3D3, 0xFBD4, 0xF3D3, 0xFB53, 0xE4B5, 0x07F3, 0x0FB2, 0x17D3, 0x0FF4, 0x13A9, 0x0C8B,
    0x0FF7, 0x0CAB, 0x0CEB, 0x0D2B, 0x0E4F, 0x0C0A, 0x152C, 0x15EE, 0x146A, 0x16F0, 0x0DEE, 0x07F2,
    0x0FB2, 0x0FB2, 0x07F4, 0xD4B5, 0xFB95, 0xF436, 0xF416, 0xF435, 0xF436, 0xF436, 0xFC57, 0xF436,
    0xF436, 0xF457, 0xF437, 0xF436, 0xF457, 0xF457, 0xF457, 0xF3F6, 0xFF3D, 0xFE7C, 0xFBD8, 0xAB91,
    0xBBF2, 0xBBF2, 0xBBF2, 0xBBF2, 0xB3D1, 0xBBF2, 0xB3D2, 0xB3B1, 0xB3B2, 0xB3B1, 0xB3B2, 0xB391,
    0xAB70, 0xB371, 0xAB70, 0xAB50, 0xAB50, 0xA330, 0xAB30, 0xA330, 0xA30F, 0xA30F, 0xA30F, 0x9AEE,
    0x9AEF, 0x9AEE, 0x9AEF, 0x9ACE, 0xA2EF, 0x9AEF, 0xA310, 0xA310, 0xA30F, 0xAB10, 0xAB10, 0xB331,
    0xB331, 0xB330, 0xB351, 0xB351, 0xB351, 0xBB72, 0xBB72, 0xC392, 0xC392, 0xC392, 0xCBB3, 0xCB93,
    0xCB92, 0xCBB3, 0xCBB3, 0xD3D4, 0xD3D3, 0xD3B3, 0xDBD4, 0xD3B3, 0xBB72, 0xFC39, 0xFF5D, 0xFE9C,
    0xF3D7, 0xF457, 0xF478, 0xF457, 0xEC57, 0xF457, 0xF457, 0xF457, 0xF457, 0xF436, 0xF457, 0xF437,
    0xF436, 0xF457, 0xF3B5, 0xFE5C, 0xF4D8, 0xF2B2, 0xFD39, 0xFDDA, 0xF538, 0xFCF8, 0xF599, 0xFCB8,
    0xFDFB, 0xF4D7, 0xFEDC, 0xF3D4, 0xF415, 0xFE3B, 0xF394, 0xFB94, 0xFDFA, 0xFD18, 0xFB74, 0xF3D4,
    0xF65B, 0xFC56, 0xF476, 0xFC36, 0xFAD2, 0xFE3A, 0xFC15, 0xF332, 0xF65A, 0xFC96, 0xFCF8, 0xFC97,
    0xFBD4, 0xFD58, 0xFC96, 0xFD17, 0xF5D9, 0xFC55, 0xFC35, 0xFB53, 0xF352, 0xF393, 0xFBB3, 0xF393,
    0xF392, 0xFBB3, 0xF393, 0xFBB3, 0xF3B3, 0xF392, 0xFBB3, 0xF392, 0xF392, 0xFB93, 0xF392, 0xFBB3,
    0xFB92, 0xF392, 0xFBB3, 0xF392, 0xF372, 0xFB92, 0xF372, 0xFB92, 0xF372, 0xF371, 0xFB92, 0xF392,
    0xF371, 0xFB92, 0xF372, 0xFB92, 0xF392, 0xF371, 0xFB92, 0xF371, 0xF371, 0xFB92, 0xF371, 0xFB92,
    0xF371, 0xF371, 0xFB71, 0xF371, 0xF371, 0xFB71, 0xF371, 0xFB71, 0xFB71, 0xF371, 0xFB71, 0xF371,
    0xF350, 0xFB71, 0xF371, 0xFB71, 0xFB71, 0xF350, 0xFB71, 0xF371, 0xF350, 0xFB71, 0xF370, 0xFB71,
    0xFB71, 0xF370, 0xFB71, 0xF370, 0xF370, 0xFB71, 0xF370, 0xFB71, 0xFB70, 0xF350, 0xFB70, 0xF370,
    0xF350, 0xFB70, 0xF350, 0xFB71, 0xFB70, 0xF350, 0xFB71, 0xFB70, 0xF350, 0xFB71, 0xF370, 0xFB71,
    0xFB70, 0xF350, 0xFB71, 0xF370, 0xF350, 0xFB71, 0xF370, 0xFB71, 0xFB71, 0xF370, 0xFB91, 0xFB71,
    0xF370, 0xFB71, 0xF370, 0xFB71, 0xFB71, 0xF370, 0xFB91, 0xFB71, 0xF370, 0xFB91, 0xF391, 0xFB91,
    0xFB91, 0xF391, 0xFB91, 0xF391, 0xF371, 0xFB91, 0xF371, 0xFB92, 0xFB91, 0xF371, 0xFB92, 0xF391,
    0xF371, 0xFB92, 0xF391, 0xFB92, 0xFB92, 0xF392, 0xFBB2, 0xF392, 0xF392, 0xFBB2, 0xF392, 0xFBB3,
    0xF3B2, 0xF392, 0xFBB3, 0xF3B2, 0xF3B2, 0xFBB3, 0xF3B2, 0xFBB3, 0xFBB3, 0xF3B2, 0xFBB3, 0xF3B3,
    0xF3B2, 0xFBB3, 0xF3B3, 0xFBD3, 0xFBB3, 0xF3B3, 0xFBD3, 0xF3B3, 0xF3B3, 0xFBD4, 0xF3D3, 0xFBD4,
    0xFB33, 0xB554, 0x07F3, 0x17B2, 0x0FB2, 0x17F4, 0x16AF, 0x0DAE, 0x07F6, 0x02C6, 0x07F4, 0x0C49,
    0x0CCA, 0x17F4, 0x160E, 0x26B0, 0x16CF, 0x0D0B, 0x0FF3, 0x0FF2, 0x0FB2, 0x17B2, 0x07F3, 0xBD15,
    0xFB95, 0xEC15, 0xFC16, 0xF416, 0xF415, 0xF436, 0xF436, 0xFC57, 0xF436, 0xF436, 0xF457, 0xF456,
    0xF436, 0xF457, 0xF457, 0xFBF7, 0xFF3D, 0xF67B, 0xFBF8, 0xB391, 0xB3F2, 0xBBF2, 0xBBF2, 0xBBF2,
    0xBBF2, 0xB3D2, 0xBBD2, 0xB3D2, 0xB3B1, 0xBBB2, 0xB3B1, 0xB3B2, 0xB391, 0xAB70, 0xB371, 0xAB50,
    0xAB50, 0xAB50, 0xA330, 0xAB30, 0xA330, 0xA30F, 0xA310, 0xA30F, 0x9AEE, 0xA2EF, 0x9ACE, 0x9AEF,
    0xA310, 0xA310, 0xA30F, 0xAB10, 0xAB10, 0xAB10, 0xAB31, 0xAB30, 0xB351, 0xB351, 0xB351, 0xBB72,
    0xBB71, 0xBB71, 0xC372, 0xC372, 0xCB93, 0xCB93, 0xCB92, 0xCBB3, 0xCBB3, 0xCBB3, 0xD3B3, 0xD3B3,
    0xDBD4, 0xD3D4, 0xD3D3, 0xDBD4, 0xC393, 0xF439, 0xFF5E, 0xFE9C, 0xF3D7, 0xF478, 0xF457, 0xF457,
    0xF457, 0xEC36, 0xF457, 0xF457, 0xF457, 0xF437, 0xF436, 0xF457, 0xF436, 0xF436, 0xF3D5, 0xFDDA,
    0xFCF8, 0xF334, 0xF4D7, 0xFD99, 0xF518, 0xF4B7, 0xFD39, 0xF457, 0xFDBA, 0xFC96, 0xFEFD, 0xFE5C,
    0xFE3B, 0xF374, 0xFBB5, 0xFE5C, 0xFE9C, 0xFE7B, 0xFE7B, 0xFB73, 0xF353, 0xF5FA, 0xFDFA, 0xFE9B,
    0xFC15, 0xFE1A, 0xF414, 0xFB12, 0xFD18, 0xF435, 0xFAF2, 0xFE3A, 0xFEBC, 0xFDD9, 0xF373, 0xFB12,
    0xFD17, 0xF63A, 0xFE7B, 0xFD58, 0xFB32, 0xF3B3, 0xF392, 0xFBB3, 0xF393, 0xF392, 0xFB93, 0xF392,
    0xFBB3, 0xF3B3, 0xF392, 0xFBB3, 0xF392, 0xF392, 0xFB93, 0xF392, 0xFBB3, 0xFB92, 0xF392, 0xFB92,
    0xF372, 0xF372, 0xFB92, 0xF372, 0xFB92, 0xF392, 0xF371, 0xFB92, 0xF372, 0xF371, 0xFB92, 0xF371,
    0xFB92, 0xF371, 0xF371, 0xFB92, 0xF371, 0xF371, 0xFB71, 0xF371, 0xFB72, 0xFB71, 0xF371, 0xFB71,
    0xF371, 0xF370, 0xFB71, 0xF371, 0xFB71, 0xFB71, 0xF350, 0xFB71, 0xFB71, 0xF350, 0xFB71, 0xF350,
    0xFB71, 0xFB71, 0xF350, 0xFB71, 0xFB71, 0xF370, 0xFB71, 0xF370, 0xFB71, 0xFB71, 0xF350, 0xFB71,
    0xFB70, 0xF350, 0xFB70, 0xF370, 0xFB71, 0xFB70, 0xF350, 0xFB70, 0xF350, 0xF350, 0xFB50, 0xF350,
    0xFB71, 0xFB70, 0xF350, 0xFB71, 0xFB70, 0xF370, 0xFB70, 0xF370, 0xFB71, 0xFB70, 0xF350, 0xFB71,
    0xFB70, 0xF350, 0xFB71, 0xF370, 0xFB71, 0xFB71, 0xF370, 0xFB91, 0xFB71, 0xF370, 0xFB71, 0xF370,
    0xFB71, 0xFB71, 0xF370, 0xFB91, 0xFB71, 0xF370, 0xFB91, 0xF371, 0xFB91, 0xFB91, 0xF371, 0xFB91,
    0xF371, 0xF371, 0xFB91, 0xF371, 0xFB92, 0xFB91, 0xF371, 0xFB92, 0xF371, 0xF371, 0xFB92, 0xF391,
    0xFB92, 0xFB92, 0xF392, 0xFB92, 0xFB92, 0xF392, 0xFB92, 0xF392, 0xFBB3, 0xFBB2, 0xF392, 0xFBB3,
    0xF3B2, 0xF392, 0xFBB3, 0xF3B2, 0xFBB3, 0xFBB3, 0xF3B2, 0xFBB3, 0xF3B3, 0xF3B2, 0xFBB3, 0xF3B3,
    0xFBD3, 0xFBB3, 0xF3B3, 0xFBD3, 0xF3D3, 0xF3B3, 0xFBD3, 0xF3D3, 0xFB34, 0xBD54, 0x07F2, 0x17B2,
    0x0FB2, 0x07F3, 0x152C, 0x0AE6, 0x0FF4, 0x0C6A, 0x0DEC, 0x152B, 0x160E, 0x152C, 0x14AB, 0x0ECF,
    0x162F, 0x0BC8, 0x0D4B, 0x17F4, 0x0FB2, 0x0F92, 0x07F2, 0xBCF4, 0xFB96, 0xF415, 0xF415, 0xF436,
    0xF416, 0xF435, 0xF436, 0xF436, 0xFC37, 0xF436, 0xF436, 0xF457, 0xF457, 0xF436, 0xF457, 0xF3D6,
    0xFF3E, 0xFE7C, 0xFBD7, 0xB3B2, 0xBC12, 0xBBF2, 0xC412, 0xBBF2, 0xC3F3, 0xBBF2, 0xBBD2, 0xBBD2,
    0xBBD2, 0xB3B1, 0xBBB2, 0xB391, 0xBB92, 0xB391, 0xAB70, 0xB371, 0xAB50, 0xAB50, 0xAB50, 0xAB30,
    0xAB30, 0xA330, 0xA30F, 0xA310, 0xA2EF, 0x9AEE, 0xA2EF, 0x9AEE, 0xA30F, 0xAB10, 0xAB10, 0xAB10,
    0xAB31, 0xAB30, 0xAB30, 0xB351, 0xB351, 0xBB52, 0xBB71, 0xBB51, 0xC372, 0xC372, 0xC372, 0xC392,
    0xC392, 0xCBB3, 0xCBB3, 0xCBB3, 0xD3D3, 0xD3B3, 0xD3B3, 0xD3D4, 0xD3D3, 0xDBD4, 0xDBD4, 0xDBD3,
    0xC3B3, 0xF439, 0xFF3D, 0xFE9C, 0xF3B6, 0xF478, 0xF457, 0xF457, 0xF457, 0xF457, 0xEC36, 0xF457,
    0xF437, 0xF457, 0xF437, 0xF436, 0xF437, 0xF436, 0xF416, 0xF3F6, 0xF3F5, 0xFC36, 0xF3F5, 0xF3B5,
    0xFBF5, 0xF3D5, 0xF3B4, 0xF3D5, 0xF3B4, 0xFBD5, 0xF374, 0xF353, 0xFB94, 0xF3D4, 0xF3F4, 0xFB74,
    0xF373, 0xFB94, 0xF394, 0xF3D4, 0xFBB4, 0xF333, 0xF312, 0xF353, 0xF3B3, 0xFB94, 0xFBB4, 0xF3B3,
    0xFB93, 0xF393, 0xF3B3, 0xFB52, 0xF332, 0xFB53, 0xFBB3, 0xF3B3, 0xFB52, 0xF2F1, 0xF311, 0xFB52,
    0xF3B3, 0xFBB3, 0xFB93, 0xF393, 0xFBB3, 0xF393, 0xF392, 0xFBB3, 0xF392, 0xFBB3, 0xF3B3, 0xF392,
    0xFBB3, 0xF392, 0xF392, 0xFB92, 0xF392, 0xFB93, 0xF392, 0xF372, 0xFB92, 0xF372, 0xF371, 0xFB92,
    0xF372, 0xFB92, 0xF392, 0xF371, 0xFB92, 0xF371, 0xF371, 0xFB72, 0xF371, 0xFB92, 0xFB71, 0xF371,
    0xFB92, 0xF371, 0xF371, 0xFB71, 0xF371, 0xFB71, 0xF371, 0xF351, 0xFB71, 0xFB71, 0xF350, 0xFB71,
    0xF371, 0xFB71, 0xFB71, 0xF350, 0xFB71, 0xF350, 0xF350, 0xFB71, 0xF350, 0xFB71, 0xFB71, 0xF350,
    0xFB71, 0xF370, 0xF370, 0xFB71, 0xF370, 0xFB71, 0xFB70, 0xF350, 0xFB71, 0xFB50, 0xF350, 0xFB70,
    0xF350, 0xFB71, 0xFB70, 0xF350, 0xFB70, 0xF350, 0xF350, 0xFB70, 0xF370, 0xFB71, 0xFB70, 0xF350,
    0xFB70, 0xFB70, 0xF350, 0xFB70, 0xF370, 0xFB71, 0xFB70, 0xF370, 0xFB71, 0xF370, 0xF350, 0xFB71,
    0xF370, 0xFB71, 0xFB70, 0xF370, 0xFB91, 0xFB71, 0xF370, 0xFB71, 0xF370, 0xFB91, 0xFB71, 0xF370,
    0xFB91, 0xFB71, 0xF370, 0xFB91, 0xF371, 0xFB91, 0xFB91, 0xF371, 0xFB91, 0xF371, 0xF371, 0xFB91,
    0xF371, 0xFB92, 0xFB91, 0xF371, 0xFB92, 0xF371, 0xF371, 0xFB92, 0xF391, 0xFB92, 0xFB92, 0xF391,
    0xFBB2, 0xF392, 0xF392, 0xFB92, 0xF392, 0xFBB3, 0xFB92, 0xF392, 0xFBB3, 0xF392, 0xF392, 0xFBB3,
    0xF3B2, 0xFBB3, 0xFBB3, 0xF392, 0xFBB3, 0xF3B3, 0xF3B2, 0xFBB3, 0xF3B3, 0xFBD3, 0xFBD3, 0xF3B3,
    0xFBD3, 0xF3B3, 0xF3B3, 0xF3D3, 0xFB73, 0xFC35, 0x07F3, 0x0FD2, 0x17F3, 0x0FD2, 0x050B, 0x0CAA,
    0x0F51, 0x1FF4, 0x1CEC, 0x17B2, 0x17F5, 0x0D0B, 0x064D, 0x07F1, 0x0FF2, 0x16D0, 0x16B0, 0x0FF3,
    0x0FB2, 0x07D2, 0x07F2, 0xF415, 0xFBB5, 0xF416, 0xF415, 0xF415, 0xF436, 0xF436, 0xF416, 0xF436,
    0xF436, 0xF457, 0xF436, 0xF436, 0xF457, 0xF457, 0xF436, 0xF3F6, 0xFF3D, 0xFE7C, 0xFBD7, 0xB391,
    0xC413, 0xC412, 0xBBF2, 0xC413, 0xBBF2, 0xC3F3, 0xBBF2, 0xBBD2, 0xBBD2, 0xBBB2, 0xB3B1, 0xBBB2,
    0xB391, 0xBB92, 0xB391, 0xB370, 0xB371, 0xAB50, 0xAB50, 0xAB50, 0xAB30, 0xAB30, 0xAB30, 0xA30F,
    0xAB10, 0xA2EF, 0x9AEE, 0xA2EF, 0xAB10, 0xA310, 0xAB31, 0xAB30, 0xAB30, 0xB351, 0xB331, 0xB331,
    0xBB51, 0xBB51, 0xBB72, 0xBB72, 0xBB72, 0xC392, 0xC392, 0xC392, 0xCBB3, 0xCBB3, 0xD3B3, 0xD3B3,
    0xD3B3, 0xD3D4, 0xD3D3, 0xD3D3, 0xDBD4, 0xDBD4, 0xDBF4, 0xE3F4, 0xC392, 0xFC39, 0xFF3D, 0xF67C,
    0xF3B6, 0xF457, 0xF478, 0xF457, 0xF437, 0xF457, 0xF437, 0xEC36, 0xF457, 0xF436, 0xF437, 0xF436,
    0xF436, 0xFC36, 0xF416, 0xF416, 0xF416, 0xF416, 0xFC16, 0xF416, 0xF3F5, 0xFC16, 0xF415, 0xF3F5,
    0xFC15, 0xF3F5, 0xFC15, 0xF3F5, 0xF3F5, 0xFC15, 0xF3F5, 0xF3F4, 0xFBF5, 0xF3D4, 0xFBF5, 0xF3D4,
    0xF3D4, 0xFBF4, 0xF3D4, 0xF3B3, 0xFBD4, 0xF3B3, 0xFBD4, 0xFBD4, 0xF3B3, 0xFBD4, 0xF3B3, 0xF3B3,
    0xFBB4, 0xF3B3, 0xFBB4, 0xF3B3, 0xF3B3, 0xFBB3, 0xF3B3, 0xF393, 0xFBB3, 0xF393, 0xFBB3, 0xF393,
    0xF392, 0xFB93, 0xF393, 0xF392, 0xFBB3, 0xF392, 0xFBB3, 0xFB93, 0xF392, 0xFB93, 0xF392, 0xF392,
    0xFB92, 0xF372, 0xFB92, 0xFB92, 0xF372, 0xFB92, 0xF372, 0xF371, 0xFB72, 0xF371, 0xFB92, 0xFB72,
    0xF371, 0xFB72, 0xF371, 0xF371, 0xFB71, 0xF371, 0xFB92, 0xFB71, 0xF371, 0xFB71, 0xF371, 0xF350,
    0xFB71, 0xF371, 0xFB71, 0xFB71, 0xF350, 0xFB71, 0xF371, 0xF350, 0xFB71, 0xF370, 0xFB71, 0xFB71,
    0xF350, 0xFB71, 0xFB50, 0xF350, 0xFB71, 0xF350, 0xFB71, 0xFB71, 0xF370, 0xFB71, 0xF370, 0xF370,
    0xFB71, 0xF370, 0xFB71, 0xFB70, 0xF350, 0xFB70, 0xF350, 0xF350, 0xFB70, 0xF350, 0xFB70, 0xFB70,
    0xF350, 0xFB70, 0xFB50, 0xF350, 0xFB70, 0xF350, 0xFB71, 0xFB70, 0xF350, 0xFB71, 0xF350, 0xF350,
    0xFB70, 0xF370, 0xFB71, 0xFB70, 0xF350, 0xFB71, 0xFB70, 0xF350, 0xFB71, 0xF370, 0xFB71, 0xFB70,
    0xF370, 0xFB71, 0xFB70, 0xF370, 0xFB71, 0xF370, 0xFB91, 0xFB91, 0xF370, 0xFB91, 0xFB71, 0xF370,
    0xFB71, 0xF371, 0xFB91, 0xFB71, 0xF371, 0xFB91, 0xF371, 0xF371, 0xFB91, 0xF371, 0xFB92, 0xFB91,
    0xF371, 0xFB92, 0xF371, 0xF371, 0xFB92, 0xF391, 0xFB92, 0xFB92, 0xF392, 0xFBB2, 0xF392, 0xF391,
    0xFB92, 0xF392, 0xFBB3, 0xFB92, 0xF392, 0xFBB3, 0xF392, 0xF392, 0xFBB3, 0xF3B2, 0xFBB3, 0xFBB3,
    0xF3B2, 0xFBB3, 0xF3B3, 0xF3B2, 0xFBB3, 0xF3B3, 0xFBD3, 0xFBB3, 0xF3B3, 0xFBD3, 0xF3D3, 0xF3B3,
    0xF3D3, 0xFB13, 0x5EB4, 0x07F2, 0x1792, 0x17D3, 0x0FF4, 0x0FF4, 0x17F3, 0x17F2, 0x17F5, 0x17F3,
    0x0FB2, 0x17F4, 0x0FF3, 0x0FB2, 0x17D2, 0x17F3, 0x17F4, 0x17B2, 0x0F92, 0x07F2, 0x56B3, 0xFB35,
    0xF415, 0xF415, 0xFC16, 0xF416, 0xF415, 0xF436, 0xF416, 0xF416, 0xF436, 0xF436, 0xF457, 0xF436,
    0xF436, 0xF457, 0xF437, 0xF3D6, 0xFF3D, 0xF65B, 0xFBB7, 0xB3B1, 0xC412, 0xC413, 0xC413, 0xBBF2,
    0xC3F3, 0xC3F2, 0xC3F3, 0xC3F2, 0xBBD2, 0xC3D2, 0xBBB2, 0xBBB1, 0xBBB2, 0xB391, 0xBB92, 0xB391,
    0xB370, 0xB371, 0xB350, 0xAB30, 0xAB50, 0xAB30, 0xAB30, 0xAB30, 0xA30F, 0xAB10, 0xA2EF, 0xA2EF,
    0xA310, 0xAB30, 0xAB30, 0xB331, 0xB331, 0xB330, 0xB351, 0xB351, 0xB351, 0xBB72, 0xBB72, 0xC392,
    0xC392, 0xC372, 0xCB93, 0xCB93, 0xCB92, 0xCBB3, 0xCBB3, 0xD3D4, 0xD3D3, 0xD3D3, 0xDBF4, 0xDBD4,
    0xD3D3, 0xDBF4, 0xDBF4, 0xE3F4, 0xC372, 0xF418, 0xFF5E, 0xFE9C, 0xF3B6, 0xF457, 0xF457, 0xF457,
    0xF457, 0xF436, 0xF457, 0xF436, 0xF436, 0xF437, 0xF436, 0xFC37, 0xF436, 0xF416, 0xFC36, 0xF416,
    0xF415, 0xF416, 0xF415, 0xFC16, 0xF415, 0xF3F5, 0xFC15, 0xF3F5, 0xF3F4, 0xFBF5, 0xF3F5, 0xFC15,
    0xF3F5, 0xF3F4, 0xFBF5, 0xF3F4, 0xF3D4, 0xF3F4, 0xF3D4, 0xFBD5, 0xF3D4, 0xF3B4, 0xFBD4, 0xF3B4,
    0xF3B3, 0xFBB4, 0xF3B3, 0xFBD4, 0xFBB3, 0xF3B3, 0xFBB4, 0xF3B3, 0xF3B3, 0xFBB3, 0xF3B3, 0xFBB3,
    0xFBB3, 0xF3B3, 0xFBB3, 0xFBB3, 0xF392, 0xFBB3, 0xF393, 0xFBB3, 0xF393, 0xF392, 0xFBB3, 0xF393,
    0xF392, 0xFB93, 0xF392, 0xFBB3, 0xFB92, 0xF392, 0xFB93, 0xF392, 0xF372, 0xFB92, 0xF392, 0xFB92,
    0xF392, 0xF371, 0xFB92, 0xF372, 0xF371, 0xFB72, 0xF371, 0xFB72, 0xFB71, 0xF351, 0xFB72, 0xF371,
    0xF371, 0xFB71, 0xF371, 0xFB91, 0xF371, 0xF371, 0xFB71, 0xF351, 0xF350, 0xFB71, 0xF350, 0xFB71,
    0xFB71, 0xF350, 0xFB71, 0xF370, 0xF350, 0xFB71, 0xF350, 0xFB71, 0xFB70, 0xF350, 0xFB71, 0xF350,
    0xF350, 0xFB71, 0xF350, 0xFB71, 0xFB70, 0xF350, 0xFB71, 0xF370, 0xF350, 0xFB70, 0xF370, 0xFB71,
    0xFB70, 0xF350, 0xFB70, 0xF350, 0xF34F, 0xFB70, 0xF350, 0xFB70, 0xFB70, 0xF350, 0xFB70, 0xFB50,
    0xF350, 0xFB50, 0xF350, 0xFB70, 0xFB70, 0xF350, 0xFB70, 0xFB50, 0xF350, 0xFB70, 0xF370, 0xFB71,
    0xFB70, 0xF350, 0xFB70, 0xF370, 0xF350, 0xFB70, 0xF370, 0xFB71, 0xFB71, 0xF370, 0xFB71, 0xF370,
    0xF370, 0xFB71, 0xF370, 0xFB91, 0xFB71, 0xF370, 0xFB91, 0xFB71, 0xF370, 0xFB71, 0xF371, 0xFB91,
    0xFB71, 0xF371, 0xFB91, 0xF371, 0xF371, 0xFB91, 0xF391, 0xFB92, 0xFB91, 0xF371, 0xFB92, 0xF391,
    0xF371, 0xFB92, 0xF371, 0xFB92, 0xFB92, 0xF392, 0xFBB2, 0xF392, 0xF392, 0xFB92, 0xF392, 0xFB92,
    0xFB92, 0xF392, 0xFBB3, 0xF392, 0xF392, 0xFBB3, 0xF3B2, 0xFBB3, 0xFBB3, 0xF3B2, 0xFBB3, 0xF3B3,
    0xF3B2, 0xFBB3, 0xF3B3, 0xFBD3, 0xFBB3, 0xF3B3, 0xFBD3, 0xF3B3, 0xF3D3, 0xFB73, 0xFB53, 0x1FD3,
    0x07F2, 0x07F2, 0x07F2, 0x07F2, 0x07F2, 0x07F2, 0x07F1, 0x07F2, 0x07F1, 0x07F1, 0x07F2, 0x07F2,
    0x07F1, 0x07F2, 0x07F2, 0x07F2, 0x07F2, 0x2773, 0xFB95, 0xFBB5, 0xF415, 0xF415, 0xF415, 0xFC16,
    0xF416, 0xF415, 0xF436, 0xF416, 0xF415, 0xF436, 0xF436, 0xFC37, 0xF436, 0xF436, 0xFC57, 0xF3D6,
    0xFF1D, 0xFE5C, 0xFBB7, 0xB3B2, 0xC433, 0xC412, 0xCC13, 0xC413, 0xC3F2, 0xC3F3, 0xC3F2, 0xC3F3,
    0xC3D2, 0xBBD2, 0xC3D2, 0xBBB2, 0xBB91, 0xBBB2, 0xB391, 0xBB92, 0xB371, 0xB350, 0xB371, 0xB350,
    0xAB30, 0xB330, 0xAB30, 0xAB30, 0xAB10, 0xA30F, 0xAB10, 0xA2EF, 0xAB10, 0xAB10, 0xB331, 0xAB30,
    0xB351, 0xB351, 0xB351, 0xBB72, 0xBB51, 0xBB71, 0xC372, 0xC372, 0xC393, 0xC392, 0xC392, 0xCBB3,
    0xCBB3, 0xCBB3, 0xD3D3, 0xD3D3, 0xDBD4, 0xDBD4, 0xD3D3, 0xDBF4, 0xDBF4, 0xDBF4, 0xE3F4, 0xE3F4,
    0xC393, 0xF419, 0xFF3D, 0xFE9C, 0xF3B6, 0xF457, 0xF457, 0xF457, 0xF457, 0xF457, 0xF436, 0xF457,
    0xF436, 0xF416, 0xF436, 0xF416, 0xF436, 0xF416, 0xF415, 0xF436, 0xF415, 0xF415, 0xF416, 0xF415,
    0xFC16, 0xF3F5, 0xF3F5, 0xF415, 0xF3F5, 0xF3F5, 0xFBF5, 0xF3F5, 0xFBF5, 0xF3F5, 0xF3D4, 0xFBF5,
    0xF3D4, 0xF3D4, 0xF3D4, 0xF3D4, 0xFBD4, 0xF3D4, 0xF3B3, 0xFBD4, 0xF3B3, 0xF3B3, 0xFBD4, 0xF3B3,
    0xFBD4, 0xF3B3, 0xF3B3, 0xFBB4, 0xF3B3, 0xF393, 0xFBB3, 0xF3B3, 0xFBB3, 0xFBB3, 0xF3B3, 0xFBB3,
    0xF3B3, 0xF392, 0xFB93, 0xF392, 0xFBB3, 0xF393, 0xF392, 0xFBB3, 0xF392, 0xF392, 0xFB93, 0xF392,
    0xFB93, 0xFB92, 0xF392, 0xFB93, 0xF392, 0xF372, 0xFB92, 0xF392, 0xFB92, 0xF392, 0xF371, 0xFB92,
    0xF371, 0xF371, 0xFB72, 0xF371, 0xFB72, 0xF371, 0xF371, 0xFB71, 0xF371, 0xF371, 0xFB71, 0xF371,
    0xFB91, 0xF371, 0xF350, 0xFB71, 0xF351, 0xF350, 0xFB71, 0xF350, 0xFB71, 0xFB71, 0xF350, 0xFB71,
    0xF350, 0xF350, 0xFB51, 0xF350, 0xFB71, 0xFB50, 0xF350, 0xFB71, 0xF350, 0xF350, 0xFB70, 0xF350,
    0xFB71, 0xF370, 0xF350, 0xFB70, 0xFB50, 0xF350, 0xFB70, 0xF350, 0xFB70, 0xFB70, 0xF350, 0xFB70,
    0xF350, 0xF34F, 0xFB50, 0xF350, 0xFB70, 0xFB50, 0xF350, 0xFB70, 0xFB50, 0xF350, 0xFB50, 0xF350,
    0xFB70, 0xFB50, 0xF350, 0xFB70, 0xFB50, 0xF350, 0xFB70, 0xF370, 0xFB71, 0xFB70, 0xF350, 0xFB71,
    0xF370, 0xF350, 0xFB70, 0xF370, 0xFB71, 0xFB70, 0xF350, 0xFB71, 0xF370, 0xF370, 0xFB71, 0xF370,
    0xFB91, 0xFB71, 0xF370, 0xFB71, 0xF371, 0xF370, 0xFB71, 0xF371, 0xFB91, 0xF391, 0xF371, 0xFB91,
    0xF371, 0xF371, 0xFB91, 0xF371, 0xFB92, 0xFB91, 0xF371, 0xFB92, 0xF371, 0xF371, 0xFB92, 0xF391,
    0xFBB2, 0xFBB2, 0xF392, 0xFBB2, 0xF392, 0xF391, 0xFB92, 0xF392, 0xFBB3, 0xFBB2, 0xF392, 0xFBB3,
    0xF3B2, 0xF392, 0xFBB3, 0xF3B2, 0xFBB3, 0xFBB3, 0xF3B2, 0xFBD3, 0xF3B3, 0xF3B2, 0xFBB3, 0xF3B3,
    0xFBD3, 0xFBB3, 0xF3B3, 0xFBD3, 0xF3B3, 0xF3B3, 0xFB73, 0xFB54, 0x8614, 0x2792, 0x1F92, 0x2793,
    0x2792, 0x2792, 0x2792, 0x2792, 0x27B3, 0x2793, 0x2792, 0x2FB3, 0x2793, 0x2792, 0x27B2, 0x2F72,
    0x9DB4, 0xFB75, 0xFB94, 0xF415, 0xF3F5, 0xF3F5, 0xF415, 0xF415, 0xFC36, 0xF436, 0xF416, 0xF436,
    0xF416, 0xF416, 0xF436, 0xF436, 0xFC57, 0xF436, 0xF436, 0xF3D6, 0xFF3D, 0xF65B, 0xFBB7, 0xB3B1,
    0xCC33, 0xCC13, 0xC413, 0xCC13, 0xC413, 0xC3F2, 0xC3F3, 0xC3F2, 0xC3F3, 0xC3D2, 0xBBB2, 0xC3D2,
    0xBBB2, 0xBB91, 0xBB92, 0xBB91, 0xBB92, 0xB371, 0xB350, 0xB371, 0xB350, 0xAB30, 0xB330, 0xAB30,
    0xAB30, 0xAB10, 0xA30F, 0xAB10, 0xB331, 0xAB30, 0xAB30, 0xB351, 0xB351, 0xBB52, 0xBB51, 0xBB51,
    0xBB72, 0xBB72, 0xBB72, 0xC392, 0xC392, 0xCBB3, 0xCBB3, 0xCBB3, 0xD3D3, 0xD3B3, 0xD3B3, 0xD3D4,
    0xD3D3, 0xDBF4, 0xDBF4, 0xDBD4, 0xE3F4, 0xDBF4, 0xDBF4, 0xE414, 0xC393, 0xFC39, 0xFF3E, 0xFE7C,
    0xF3B6, 0xF457, 0xF437, 0xF457, 0xF436, 0xF457, 0xF437, 0xF436, 0xF437, 0xF436, 0xF416, 0xF436,
    0xF416, 0xFC36, 0xF416, 0xF415, 0xFC16, 0xF415, 0xF3F5, 0xF415, 0xF415, 0xFC16, 0xF3F5, 0xF3F5,
    0xFC15, 0xF3F5, 0xF3F4, 0xFBF5, 0xF3F4, 0xFBF5, 0xF3F4, 0xF3D4, 0xFBF5, 0xF3D4, 0xF3D4, 0xFBD4,
    0xF3D4, 0xFBD4, 0xF3D4, 0xF3B3, 0xFBD4, 0xF3B3, 0xF3B3, 0xFBB4, 0xF3B3, 0xFBB4, 0xF3B3, 0xF3B3,
    0xFBB3, 0xF3B3, 0xF393, 0xFBB3, 0xF3B3, 0xFBB3, 0xFBB3, 0xF392, 0xFBB3, 0xF393, 0xF392, 0xFB93,
    0xF392, 0xFBB3, 0xFB93, 0xF392, 0xFB93, 0xF392, 0xF372, 0xFB92, 0xF392, 0xFB93, 0xFB92, 0xF392,
    0xFB92, 0xF392, 0xF372, 0xFB92, 0xF372, 0xFB92, 0xFB72, 0xF371, 0xFB72, 0xF371, 0xF371, 0xFB71,
    0xF351, 0xFB72, 0xFB71, 0xF371, 0xFB71, 0xF371, 0xF350, 0xFB71, 0xF371, 0xFB71, 0xFB71, 0xF350,
    0xFB71, 0xF371, 0xF350, 0xFB51, 0xF350, 0xFB71, 0xFB50, 0xF350, 0xFB71, 0xF350, 0xF350, 0xFB51,
    0xF350, 0xFB71, 0xFB50, 0xF350, 0xFB71, 0xFB70, 0xF350, 0xFB70, 0xF350, 0xFB71, 0xFB70, 0xF350,
    0xFB71, 0xFB50, 0xF350, 0xFB70, 0xF350, 0xFB70, 0xFB50, 0xF350, 0xFB50, 0xFB50, 0xF34F, 0xFB50,
    0xF350, 0xFB70, 0xFB50, 0xF350, 0xFB70, 0xFB50, 0xF34F, 0xFB50, 0xF350, 0xFB70, 0xFB70, 0xF350,
    0xFB70, 0xFB70, 0xF350, 0xFB70, 0xF350, 0xFB71, 0xFB70, 0xF350, 0xFB70, 0xF370, 0xF350, 0xFB70,
    0xF370, 0xFB71, 0xFB70, 0xF370, 0xFB71, 0xF370, 0xF370, 0xFB71, 0xF370, 0xFB71, 0xFB71, 0xF370,
    0xFB71, 0xF371, 0xF370, 0xFB71, 0xF371, 0xFB91, 0xFB71, 0xF371, 0xFB91, 0xF371, 0xF371, 0xFB91,
    0xF371, 0xFB92, 0xFB91, 0xF371, 0xFB92, 0xF371, 0xF371, 0xFB92, 0xF391, 0xFBB2, 0xFB92, 0xF391,
    0xFB92, 0xF392, 0xF391, 0xFB92, 0xF392, 0xFBB2, 0xFBB2, 0xF392, 0xFBB3, 0xF3B2, 0xF392, 0xFBB3,
    0xF3B2, 0xFBB3, 0xFBB3, 0xF3B2, 0xFBD3, 0xFBB3, 0xF3B2, 0xFBB3, 0xF3B3, 0xFBD3, 0xFBB3, 0xF3B3,
    0xFBD3, 0xF3B3, 0xF3B3, 0xFB93, 0xFAF3, 0xFB34, 0xFB34, 0xFB34, 0xFB54, 0xFB54, 0xFB34, 0xFB55,
    0xFB55, 0xFB75, 0xFB75, 0xFB54, 0xFB75, 0xFB55, 0xFB55, 0xFB35, 0xFB35, 0xFBD5, 0xF3F5, 0xF3F5,
    0xFC15, 0xF3F5, 0xF3F5, 0xF415, 0xF415, 0xFC36, 0xF436, 0xF415, 0xF436, 0xF436, 0xF416, 0xF436,
    0xF436, 0xFC57, 0xF436, 0xF3B5, 0xFF3D, 0xFE5C, 0xF3B6, 0xBBB2, 0xCC33, 0xCC33, 0xCC13, 0xC413,
    0xCC13, 0xCBF3, 0xC3F2, 0xC3F3, 0xC3D2, 0xCBF3, 0xC3D2, 0xBBB2, 0xC3D2, 0xBBB2, 0xBB91, 0xBB92,
    0xBB71, 0xBB91, 0xB371, 0xB350, 0xB351, 0xB350, 0xAB30, 0xB330, 0xAB30, 0xB330, 0xAB10, 0xA30F,
    0xAB30, 0xB351, 0xB331, 0xB330, 0xBB51, 0xB351, 0xBB72, 0xBB72, 0xBB71, 0xC392, 0xC372, 0xC392,
    0xCB93, 0xCB92, 0xD3B3, 0xCBB3, 0xCBB3, 0xD3D4, 0xD3D3, 0xD3D3, 0xDBF4, 0xDBD4, 0xDBF4, 0xDBF4,
    0xDBF4, 0xE415, 0xE3F4, 0xE3F4, 0xCBB3, 0xF418, 0xFF5E, 0xFE9C, 0xF396, 0xF457, 0xF457, 0xF436,
    0xF457, 0xF436, 0xF437, 0xF436, 0xF436, 0xF437, 0xF436, 0xF416, 0xF416, 0xF416, 0xFC16, 0xF416,
    0xF415, 0xFC16, 0xF415, 0xF415, 0xF416, 0xF3F5, 0xFC15, 0xF3F5, 0xF3F5, 0xFC15, 0xF3F5, 0xF3F4,
    0xF3F5, 0xF3D4, 0xFBF5, 0xF3D4, 0xF3D4, 0xFBF4, 0xF3D4, 0xF3D3, 0xFBD4, 0xF3B4, 0xFBD4, 0xF3B3,
    0xF3B3, 0xFBD4, 0xF3B3, 0xF3B3, 0xF3B3, 0xF3B3, 0xFBB4, 0xF3B3, 0xF3B3, 0xFBB3, 0xF3B3, 0xF3B3,
    0xFBB3, 0xF3B3, 0xFBB3, 0xFBB3, 0xF392, 0xFBB3, 0xF393, 0xF392, 0xFBB3, 0xF392, 0xFB93, 0xFB92,
    0xF372, 0xFB93, 0xF372, 0xF372, 0xFB92, 0xF392, 0xFB93, 0xFB92, 0xF372, 0xFB92, 0xF372, 0xF371,
    0xFB92, 0xF371, 0xFB92, 0xFB71, 0xF371, 0xFB72, 0xF371, 0xF351, 0xFB71, 0xF371, 0xFB72, 0xFB71,
    0xF351, 0xFB71, 0xF351, 0xF350, 0xFB71, 0xF351, 0xFB71, 0xFB71, 0xF350, 0xFB71, 0xF350, 0xF350,
    0xFB50, 0xF350, 0xFB51, 0xFB50, 0xF350, 0xFB71, 0xFB50, 0xF350, 0xFB50, 0xF350, 0xFB71, 0xFB50,
    0xF350, 0xFB71, 0xF350, 0xF350, 0xFB70, 0xF350, 0xFB71, 0xFB70, 0xF350, 0xFB70, 0xF350, 0xF350,
    0xFB50, 0xF350, 0xFB50, 0xFB50, 0xF350, 0xFB50, 0xF350, 0xF34F, 0xFB50, 0xF350, 0xFB70, 0xFB50,
    0xF350, 0xFB70, 0xFB50, 0xF34F, 0xFB70, 0xF350, 0xFB70, 0xFB70, 0xF350, 0xFB70, 0xFB50, 0xF350,
    0xFB70, 0xF350, 0xFB70, 0xFB70, 0xF350, 0xFB70, 0xFB70, 0xF350, 0xFB70, 0xF370, 0xFB71, 0xFB70,
    0xF350, 0xFB71, 0xFB70, 0xF350, 0xFB70, 0xF370, 0xFB71, 0xFB70, 0xF350, 0xFB71, 0xFB70, 0xF370,
    0xFB71, 0xF371, 0xFB91, 0xFB91, 0xF371, 0xFB91, 0xF371, 0xF371, 0xFB71, 0xF371, 0xFB92, 0xFB91,
    0xF371, 0xFB92, 0xF371, 0xF371, 0xFB92, 0xF391, 0xFB92, 0xFB92, 0xF371, 0xFB92, 0xF392, 0xF371,
    0xFB92, 0xF392, 0xFBB3, 0xFB92, 0xF392, 0xFBB3, 0xF3B2, 0xF392, 0xFBB3, 0xF3B2, 0xFBB3, 0xFBB3,
    0xF3B2, 0xFBB3, 0xF3B3, 0xF3B2, 0xFBB3, 0xF3B3, 0xFBB3, 0xFBB3, 0xF3B3, 0xFBD3, 0xF3B3, 0xF3B3,
    0xF3D3, 0xF3B3, 0xFBD4, 0xFBD3, 0xF3B3, 0xFBD4, 0xF3D4, 0xF3D3, 0xFBD4, 0xF3D4, 0xFBF5, 0xFBF4,
    0xF3D4, 0xFBF5, 0xF3D4, 0xF3D4, 0xF3F5, 0xF3F4, 0xFC15, 0xF3F5, 0xF3F5, 0xFC15, 0xF415, 0xF415,
    0xF416, 0xF415, 0xFC36, 0xF436, 0xF416, 0xFC36, 0xF416, 0xF416, 0xF436, 0xF436, 0xFC37, 0xF3B5,
    0xFF1D, 0xFE7C, 0xFBB7, 0xB391, 0xCC33, 0xCC13, 0xCC33, 0xCC13, 0xCBF3, 0xCC13, 0xCBF3, 0xC3F2,
    0xCBF3, 0xC3D2, 0xCBD3, 0xC3D2, 0xC3B2, 0xC3B2, 0xBB92, 0xBB91, 0xBB92, 0xBB71, 0xBB71, 0xBB71,
    0xB350, 0xB351, 0xB330, 0xAB30, 0xB330, 0xAB30, 0xB330, 0xAB10, 0xB331, 0xB330, 0xB351, 0xB351,
    0xB351, 0xBB72, 0xBB71, 0xC372, 0xC372, 0xC372, 0xC393, 0xC392, 0xC392, 0xCBB3, 0xCBB3, 0xD3D4,
    0xD3D3, 0xD3D3, 0xDBF4, 0xD3D4, 0xD3D3, 0xDBF4, 0xDBF4, 0xE415, 0xE414, 0xDBF4, 0xE415, 0xE414,
    0xC392, 0xFC19, 0xFF5E, 0xFE9C, 0xF396, 0xF437, 0xF457, 0xF437, 0xF436, 0xF437, 0xF436, 0xF437,
    0xF436, 0xF436, 0xF437, 0xF416, 0xF416, 0xF416, 0xF415, 0xFC16, 0xF415, 0xF3F5, 0xFC16, 0xF415,
    0xF3F5, 0xF415, 0xF3F5, 0xFC15, 0xF415, 0xF3F5, 0xFC15, 0xF3F5, 0xF3D4, 0xFBF5, 0xF3D4, 0xFBD5,
    0xF3D4, 0xF3D4, 0xFBD4, 0xF3D4, 0xF3B3, 0xFBB4, 0xF3B3, 0xFBD4, 0xF3B4, 0xF3B3, 0xFBB4, 0xF3B3,
    0xF3B3, 0xFBB3, 0xF3B3, 0xFBB4, 0xF3B3, 0xF3B3, 0xFBB3, 0xF3B3, 0xF392, 0xFBB3, 0xF3B2, 0xFBB3,
    0xFB93, 0xF392, 0xFBB3, 0xF392, 0xF392, 0xFB93, 0xF392, 0xFB93, 0xFB92, 0xF372, 0xFB92, 0xF372,
    0xF372, 0xFB92, 0xF372, 0xFB92, 0xFB92, 0xF371, 0xFB92, 0xF372, 0xF371, 0xFB72, 0xF371, 0xFB72,
    0xFB71, 0xF351, 0xFB71, 0xF371, 0xF351, 0xFB71, 0xF371, 0xFB71, 0xFB71, 0xF350, 0xFB71, 0xF351,
    0xF350, 0xFB71, 0xF350, 0xFB71, 0xFB71, 0xF350, 0xFB71, 0xF350, 0xF350, 0xFB50, 0xF350, 0xFB71,
    0xFB50, 0xF350, 0xFB71, 0xF350, 0xF350, 0xFB50, 0xF350, 0xFB71, 0xFB50, 0xF350, 0xFB70, 0xF350,
    0xF350, 0xFB70, 0xF350, 0xFB70, 0xF350, 0xF350, 0xFB70, 0xF350, 0xF34F, 0xFB50, 0xF350, 0xFB50,
    0xFB50, 0xF34F, 0xFB50, 0xF350, 0xF34F, 0xFB50, 0xF350, 0xFB70, 0xFB50, 0xF350, 0xFB70, 0xFB50,
    0xF350, 0xFB50, 0xF350, 0xFB70, 0xFB50, 0xF350, 0xFB70, 0xF350, 0xF350, 0xFB70, 0xF350, 0xFB70,
    0xFB70, 0xF350, 0xFB70, 0xF350, 0xF350, 0xFB70, 0xF370, 0xFB71, 0xFB70, 0xF350, 0xFB71, 0xF370,
    0xF350, 0xFB70, 0xF370, 0xFB71, 0xFB70, 0xF370, 0xFB71, 0xF370, 0xF370, 0xFB71, 0xF371, 0xFB91,
    0xFB71, 0xF371, 0xFB91, 0xF371, 0xF371, 0xFB71, 0xF371, 0xFB92, 0xFB71, 0xF371, 0xFB92, 0xF371,
    0xF371, 0xFB92, 0xF391, 0xFB92, 0xFB92, 0xF371, 0xFB92, 0xF392, 0xF371, 0xFB92, 0xF392, 0xFBB3,
    0xFBB2, 0xF392, 0xFBB3, 0xF3B2, 0xF392, 0xFBB3, 0xF3B2, 0xFBB3, 0xFBB3, 0xF3B2, 0xFBB3, 0xF3B3,
    0xF3B2, 0xFBB3, 0xF3B3, 0xFBD3, 0xFBB3, 0xF3B3, 0xFBD3, 0xF3B3, 0xF3B3, 0xFBD4, 0xF3D3, 0xFBD4,
    0xF3D4, 0xF3D3, 0xFBF4, 0xF3D4, 0xF3D4, 0xFBF4, 0xF3F4, 0xFBF5, 0xF3F4, 0xF3F4, 0xFBF5, 0xF3F4,
    0xF3F4, 0xFBF5, 0xF3F5, 0xFC15, 0xF3F5, 0xF3F5, 0xFC15, 0xF415, 0xF415, 0xF416, 0xF415, 0xFC36,
    0xF436, 0xF416, 0xF436, 0xF416, 0xF416, 0xF436, 0xF436, 0xFBB6, 0xFF3D, 0xF65B, 0xFBB7, 0xBBB2,
    0xCC13, 0xD433, 0xCC13, 0xD413, 0xCC13, 0xCBF3, 0xCC13, 0xCBF3, 0xC3D2, 0xCBF3, 0xC3D2, 0xCBD3,
    0xC3B2, 0xC3B2, 0xC3B2, 0xBB92, 0xBB71, 0xBB91, 0xBB71, 0xBB71, 0xBB71, 0xB350, 0xB351, 0xB330,
    0xAB30, 0xB330, 0xAB10, 0xB330, 0xB351, 0xB351, 0xB331, 0xBB52, 0xBB51, 0xBB51, 0xBB72, 0xBB72,
    0xC392, 0xC392, 0xC392, 0xCBB3, 0xCB93, 0xCBB2, 0xD3B3, 0xCBB3, 0xD3D4, 0xD3D4, 0xD3D3, 0xDBF4,
    0xDBF4, 0xDBF4, 0xDBF4, 0xDBF4, 0xE415, 0xE415, 0xE414, 0xEC15, 0xC393, 0xF3F8, 0xFF5E, 0xFE7C,
    0xF396, 0xF457, 0xF436, 0xF457, 0xF436, 0xF416, 0xF436, 0xF436, 0xFC37, 0xF436, 0xF416, 0xF436,
    0xF416, 0xF415, 0xF416, 0xF415, 0xFC16, 0xF415, 0xF3F5, 0xF416, 0xF3F5, 0xF3F5, 0xF415, 0xF3F5,
    0xFC15, 0xF3F5, 0xF3F4, 0xFBF5, 0xF3D4, 0xF3D4, 0xF3D4, 0xF3D4, 0xFBD4, 0xF3D4, 0xF3B4, 0xFBD4,
    0xF3B4, 0xF3B3, 0xFBB4, 0xF3B3, 0xFBB4, 0xF3B3, 0xF3B3, 0xFBB3, 0xF3B3, 0xF393, 0xFBB3, 0xF3B3,
    0xFBB3, 0xFBB3, 0xF393, 0xFBB3, 0xF393, 0xF392, 0xFBB3, 0xF392, 0xFBB3, 0xF393, 0xF392, 0xFB93,
    0xF392, 0xF392, 0xFB93, 0xF392, 0xFB93, 0xFB92, 0xF372, 0xFB92, 0xF372, 0xF371, 0xFB92, 0xF372,
    0xFB92, 0xFB92, 0xF371, 0xFB92, 0xF371, 0xF371, 0xFB72, 0xF371, 0xFB72, 0xFB71, 0xF351, 0xFB71,
    0xF371, 0xF351, 0xFB71, 0xF371, 0xFB71, 0xFB71, 0xF350, 0xFB71, 0xF350, 0xF350, 0xFB71, 0xF350,
    0xFB71, 0xFB51, 0xF350, 0xFB71, 0xF350, 0xF350, 0xFB50, 0xF350, 0xFB51, 0xFB50, 0xF350, 0xFB70,
    0xF350, 0xF350, 0xFB50, 0xF350, 0xFB50, 0xFB50, 0xF350, 0xFB70, 0xFB50, 0xF350, 0xFB50, 0xF350,
    0xFB70, 0xFB50, 0xF350, 0xFB70, 0xF350, 0xF34F, 0xFB50, 0xF350, 0xFB50, 0xFB50, 0xF32F, 0xFB50,
    0xF350, 0xF34F, 0xFB50, 0xF350, 0xFB70, 0xFB50, 0xF350, 0xFB70, 0xFB50, 0xF34F, 0xFB50, 0xF350,
    0xFB70, 0xFB70, 0xF350, 0xFB70, 0xFB50, 0xF34F, 0xFB50, 0xF350, 0xFB70, 0xFB70, 0xF350, 0xFB70,
    0xFB50, 0xF350, 0xFB70, 0xF370, 0xFB71, 0xFB70, 0xF350, 0xFB70, 0xF350, 0xF350, 0xFB70, 0xF370,
    0xFB71, 0xFB70, 0xF350, 0xFB71, 0xF371, 0xF370, 0xFB71, 0xF371, 0xFB91, 0xFB71, 0xF371, 0xFB91,
    0xF371, 0xF371, 0xFB71, 0xF371, 0xFB92, 0xFB71, 0xF371, 0xFB92, 0xF392, 0xF391, 0xFB92, 0xF391,
    0xFB92, 0xFB92, 0xF371, 0xFB92, 0xF392, 0xF372, 0xFB92, 0xF392, 0xFBB3, 0xFBB2, 0xF392, 0xFBB3,
    0xFBB2, 0xF392, 0xFBB3, 0xF3B2, 0xFBB3, 0xFBB3, 0xF392, 0xFBB3, 0xF3B3, 0xF3B2, 0xFBB3, 0xF3B3,
    0xFBD3, 0xFBB3, 0xF3B3, 0xFBD3, 0xF3B3, 0xF3B3, 0xFBD4, 0xF3D3, 0xFBD4, 0xFBD4, 0xF3D3, 0xFBF4,
    0xF3D4, 0xF3D4, 0xFBF4, 0xF3D4, 0xFBF5, 0xFBF4, 0xF3D4, 0xFBF5, 0xF3F5, 0xF3F4, 0xFBF5, 0xF3F5,
    0xFC15, 0xF3F5, 0xF3F5, 0xFC15, 0xF415, 0xF415, 0xF416, 0xF416, 0xFC36, 0xF436, 0xF415, 0xF436,
    0xF416, 0xF416, 0xFC36, 0xF3B5, 0xFF3D, 0xFE5B, 0xF396, 0xBBB2, 0xCC33, 0xCC13, 0xD413, 0xCC13,
    0xD414, 0xCC13, 0xCBF3, 0xCBF3, 0xCBF3, 0xC3D2, 0xCBD3, 0xC3D2, 0xCBD3, 0xC3B2, 0xC392, 0xC3B2,
    0xBB91, 0xBB71, 0xBB71, 0xBB71, 0xBB71, 0xBB51, 0xB330, 0xB351, 0xB330, 0xAB30, 0xB330, 0xAB10,
    0xB331, 0xBB51, 0xB351, 0xB351, 0xBB72, 0xBB72, 0xBB71, 0xC372, 0xC372, 0xCB93, 0xC393, 0xC392,
    0xCBB3, 0xCBB3, 0xCBB3, 0xD3D4, 0xD3D3, 0xDBF4, 0xDBF4, 0xD3D4, 0xDBF4, 0xDBF4, 0xDBF4, 0xE415,
    0xDC14, 0xE415, 0xE415, 0xE414, 0xCBB3, 0xF418, 0xFF5D, 0xFE9C, 0xF396, 0xF457, 0xF437, 0xF436,
    0xF437, 0xF436, 0xF416, 0xF436, 0xF436, 0xF437, 0xF436, 0xF416, 0xF436, 0xF416, 0xF415, 0xF416,
    0xF415, 0xFC16, 0xF415, 0xF3F5, 0xFC15, 0xF3F5, 0xF3F4, 0xF3F5, 0xF3F4, 0xFBF5, 0xF3F5, 0xF3D4,
    0xFBF5, 0xF3D4, 0xF3D4, 0xF3D4, 0xF3D4, 0xFBD4, 0xF3D4, 0xF3B4, 0xFBD4, 0xF3B3, 0xF3B3, 0xFBB4,
    0xF3B3, 0xFBD4, 0xF3B3, 0xF393, 0xFBB3, 0xF3B3, 0xF393, 0xFBB3, 0xF3B3, 0xFBB3, 0xF3B3, 0xF393,
    0xFBB3, 0xF393, 0xF392, 0xFB93, 0xF392, 0xFB93, 0xFB92, 0xF372, 0xFB93, 0xF392, 0xF372, 0xFB92,
    0xF372, 0xFB93, 0xFB92, 0xF372, 0xFB92, 0xF372, 0xF371, 0xFB72, 0xF372, 0xFB92, 0xFB92, 0xF371,
    0xFB92, 0xFB71, 0xF371, 0xFB71, 0xF371, 0xFB71, 0xFB71, 0xF351, 0xFB71, 0xF351, 0xF350, 0xFB71,
    0xF371, 0xFB71, 0xFB71, 0xF350, 0xFB71, 0xF351, 0xF350, 0xFB71, 0xF350, 0xFB71, 0xFB50, 0xF350,
    0xFB51, 0xF350, 0xF350, 0xFB50, 0xF350, 0xFB71, 0xFB50, 0xF350, 0xFB50, 0xF350, 0xF350, 0xFB50,
    0xF350, 0xFB70, 0xFB70, 0xF350, 0xFB70, 0xF350, 0xF34F, 0xFB50, 0xF350, 0xFB50, 0xFB50, 0xF34F,
    0xFB50, 0xF350, 0xF34F, 0xFB50, 0xF350, 0xFB50, 0xFB50, 0xF34F, 0xFB70, 0xFB50, 0xF34F, 0xFB50,
    0xF350, 0xFB70, 0xFB50, 0xF34F, 0xFB50, 0xFB50, 0xF34F, 0xFB50, 0xF350, 0xFB70, 0xFB70, 0xF350,
    0xFB70, 0xFB50, 0xF34F, 0xFB50, 0xF350, 0xFB70, 0xFB70, 0xF350, 0xFB70, 0xFB50, 0xF350, 0xFB70,
    0xF370, 0xFB71, 0xFB70, 0xF350, 0xFB70, 0xF350, 0xF350, 0xFB70, 0xF370, 0xFB71, 0xFB70, 0xF370,
    0xFB71, 0xF371, 0xF370, 0xFB71, 0xF371, 0xFB91, 0xFB71, 0xF371, 0xFB91, 0xF371, 0xF371, 0xFB71,
    0xF371, 0xFB92, 0xFB71, 0xF371, 0xFB92, 0xFB91, 0xF391, 0xFB92, 0xF392, 0xFB92, 0xFB92, 0xF371,
    0xFB92, 0xF392, 0xF392, 0xFB92, 0xF392, 0xFBB3, 0xFBB2, 0xF392, 0xFBB3, 0xF3B2, 0xF392, 0xFBB3,
    0xF3B3, 0xFBB3, 0xFBB3, 0xF3B2, 0xFBB3, 0xF3B3, 0xF3B2, 0xFBB3, 0xF3B3, 0xFBD4, 0xFBD3, 0xF3B3,
    0xFBD3, 0xF3B3, 0xF3B3, 0xFBD4, 0xF3D3, 0xFBF4, 0xFBD4, 0xF3D3, 0xFBF4, 0xF3D4, 0xF3D4, 0xFBF4,
    0xF3D4, 0xFBF5, 0xFBF4, 0xF3D4, 0xFBF5, 0xF3F4, 0xF3F4, 0xF3F5, 0xF3F5, 0xFC15, 0xF415, 0xF3F5,
    0xFC16, 0xF415, 0xF415, 0xF416, 0xF415, 0xFC36, 0xF436, 0xF416, 0xF436, 0xF436, 0xF416, 0xF3B5,
    0xFF3D, 0xFE7C, 0xFBB6, 0xBB91, 0xD434, 0xD413, 0xCC13, 0xD413, 0xCC13, 0xD414, 0xCC13, 0xCBF3,
    0xCBF3, 0xCBD3, 0xC3D2, 0xCBD3, 0xC3B2, 0xCBB3, 0xC3B2, 0xC391, 0xC392, 0xBB91, 0xBB71, 0xBB71,
    0xBB71, 0xBB71, 0xBB51, 0xB330, 0xB351, 0xB330, 0xAB10, 0xB330, 0xB351, 0xB351, 0xBB72, 0xBB51,
    0xBB51, 0xC372, 0xBB72, 0xBB72, 0xC392, 0xC392, 0xCBB3, 0xCBB3, 0xCBB3, 0xD3D3, 0xD3B3, 0xCBB3,
    0xD3D4, 0xD3D4, 0xDBF4, 0xDBF4, 0xDBF4, 0xE415, 0xDBF4, 0xDBF4, 0xE415, 0xE414, 0xE435, 0xEC15,
    0xC3B3, 0xFC39, 0xFF5E, 0xFE7C, 0xF396, 0xF437, 0xF457, 0xF437, 0xF436, 0xF437, 0xF416, 0xF416,
    0xF436, 0xF436, 0xFC36, 0xF436, 0xF415, 0xF416, 0xF415, 0xF3F5, 0xF415, 0xF415, 0xFC16, 0xF415,
    0xF3F5, 0xFC15, 0xF3F5, 0xF3F4, 0xF3F5, 0xF3D4, 0xFBF5, 0xF3F4, 0xF3D4, 0xFBF5, 0xF3D4, 0xF3D4,
    0xFBD4, 0xF3D4, 0xFBD4, 0xF3D4, 0xF3B3, 0xFBD4, 0xF3B3, 0xF3B3, 0xFBB4, 0xF3B3, 0xFBB4, 0xF3B3,
    0xF393, 0xFBB3, 0xF393, 0xF393, 0xFBB3, 0xF3B3, 0xFBB3, 0xF3B3, 0xF392, 0xFB93, 0xF393, 0xF392,
    0xFB93, 0xF392, 0xFB93, 0xF392, 0xF372, 0xFB93, 0xF372, 0xF372, 0xFB92, 0xF372, 0xFB92, 0xFB92,
    0xF372, 0xFB92, 0xF372, 0xF371, 0xFB92, 0xF372, 0xFB92, 0xFB72, 0xF371, 0xFB72, 0xFB71, 0xF351,
    0xFB71, 0xF371, 0xFB71, 0xF371, 0xF351, 0xFB71, 0xF371, 0xF350, 0xFB71, 0xF350, 0xFB71, 0xFB71,
    0xF350, 0xFB71, 0xFB51, 0xF350, 0xFB71, 0xF350, 0xFB51, 0xFB50, 0xF350, 0xFB51, 0xF350, 0xF350,
    0xFB50, 0xF350, 0xFB71, 0xFB50, 0xF350, 0xFB50, 0xF350, 0xF350, 0xFB50, 0xF350, 0xFB71, 0xFB70,
    0xF350, 0xFB70, 0xFB50, 0xF34F, 0xFB50, 0xF350, 0xFB50, 0xFB50, 0xF34F, 0xFB50, 0xF350, 0xF34F,
    0xFB50, 0xF350, 0xFB70, 0xFB50, 0xF34F, 0xFB70, 0xFB50, 0xF34F, 0xFB50, 0xF350, 0xFB50, 0xFB50,
    0xF34F, 0xFB50, 0xFB50, 0xF34F, 0xFB70, 0xF370, 0xFB70, 0xFB70, 0xF350, 0xFB70, 0xF350, 0xF34F,
    0xFB50, 0xF350, 0xFB70, 0xFB50, 0xF350, 0xFB70, 0xF350, 0xF350, 0xFB70, 0xF350, 0xFB70, 0xFB50,
    0xF350, 0xFB70, 0xFB50, 0xF350, 0xFB70, 0xF370, 0xFB71, 0xFB70, 0xF370, 0xFB71, 0xF371, 0xF370,
    0xFB71, 0xF370, 0xFB91, 0xFB71, 0xF371, 0xFB71, 0xF371, 0xF371, 0xFB71, 0xF371, 0xFB92, 0xFB91,
    0xF371, 0xFB92, 0xFB91, 0xF371, 0xFB92, 0xF371, 0xFB92, 0xFB92, 0xF391, 0xFB92, 0xF392, 0xF392,
    0xFBB2, 0xF392, 0xFBB3, 0xFBB2, 0xF392, 0xFBB3, 0xF3B2, 0xF392, 0xFBB3, 0xF3B2, 0xFBB3, 0xFBB3,
    0xF3B2, 0xFBB3, 0xF3B3, 0xF3B2, 0xFBB3, 0xF3B3, 0xFBD3, 0xF3B3, 0xF3B3, 0xFBD4, 0xF3D3, 0xF3D3,
    0xFBD4, 0xF3D3, 0xFBF4, 0xF3D4, 0xF3D3, 0xFBF4, 0xF3D4, 0xF3D4, 0xFBD4, 0xF3D4, 0xFBF5, 0xF3F4,
    0xF3D4, 0xFBF5, 0xF3F5, 0xF3F4, 0xFBF5, 0xF3F5, 0xFC15, 0xF415, 0xF3F5, 0xFC16, 0xF415, 0xF415,
    0xF436, 0xF415, 0xFC36, 0xF436, 0xF416, 0xF436, 0xF416, 0xF395, 0xFF3D, 0xFE5B, 0xFBB7, 0xBBB2,
    0xD413, 0xD434, 0xD413, 0xCC13, 0xD413, 0xD413, 0xD414, 0xD3F3, 0xCBD3, 0xD3F3, 0xCBD3, 0xC3D2,
    0xCBD3, 0xC3B2, 0xCBB2, 0xC3B2, 0xC391, 0xC392, 0xBB71, 0xBB71, 0xBB71, 0xBB51, 0xBB51, 0xBB51,
    0xB330, 0xB351, 0xB330, 0xAB10, 0xB331, 0xBB51, 0xBB51, 0xBB72, 0xBB72, 0xBB71, 0xC392, 0xC372,
    0xC372, 0xCB93, 0xC392, 0xCBB3, 0xCBB3, 0xCBB3, 0xD3D4, 0xD3D3, 0xD3D3, 0xDBF4, 0xD3F4, 0xDBF4,
    0xDBF4, 0xDBF4, 0xE415, 0xE414, 0xDC14, 0xE415, 0xE414, 0xEC35, 0xCBB3, 0xF418, 0xFF5E, 0xFE7C,
    0xF375, 0xF437, 0xF436, 0xFC37, 0xF436, 0xF436, 0xF436, 0xF416, 0xF416, 0xF436, 0xF416, 0xFC36,
    0xF416, 0xF415, 0xFC16, 0xF3F5, 0xF3F5, 0xF415, 0xF3F5, 0xFC15, 0xF3F5, 0xF3F5, 0xFBF5, 0xF3F5,
    0xF3D4, 0xF3D5, 0xF3D4, 0xFBF5, 0xF3D4, 0xF3D4, 0xFBF5, 0xF3D4, 0xF3D4, 0xFBD4, 0xF3B4, 0xFBD4,
    0xF3D4, 0xF3B3, 0xFBD4, 0xF3B3, 0xF3B3, 0xFBB4, 0xF3B3, 0xFBB4, 0xF3B3, 0xF393, 0xFBB3, 0xF393,
    0xF393, 0xFBB3, 0xF3B3, 0xFBB3, 0xF393, 0xF392, 0xFBB3, 0xF392, 0xF372, 0xFB93, 0xF392, 0xFB93,
    0xFB92, 0xF372, 0xFB92, 0xF372, 0xF372, 0xFB72, 0xF372, 0xFB92, 0xFB92, 0xF371, 0xFB92, 0xF372,
    0xF371, 0xFB72, 0xF371, 0xFB72, 0xFB72, 0xF371, 0xFB72, 0xF371, 0xF351, 0xFB71, 0xF351, 0xFB71,
    0xFB71, 0xF350, 0xFB71, 0xF351, 0xF350, 0xFB71, 0xF351, 0xFB71, 0xFB71, 0xF350, 0xFB71, 0xF371,
    0xF350, 0xFB51, 0xF350, 0xFB51, 0xFB50, 0xF350, 0xFB70, 0xF350, 0xF350, 0xFB50, 0xF350, 0xFB50,
    0xFB50, 0xF350, 0xFB50, 0xF350, 0xF34F, 0xFB50, 0xF350, 0xFB70, 0xFB50, 0xF350, 0xFB70, 0xFB50,
    0xF32F, 0xFB50, 0xF34F, 0xFB50, 0xFB50, 0xF34F, 0xFB50, 0xF350, 0xF34F, 0xFB50, 0xF34F, 0xFB70,
    0xFB70, 0xF34F, 0xFB70, 0xF350, 0xF34F, 0xFB50, 0xF350, 0xFB50, 0xFB50, 0xF34F, 0xFB70, 0xFB50,
    0xF34F, 0xFB70, 0xF350, 0xFB70, 0xFB50, 0xF34F, 0xFB70, 0xF350, 0xF34F, 0xFB50, 0xF350, 0xFB70,
    0xFB50, 0xF34F, 0xFB70, 0xF350, 0xF34F, 0xFB50, 0xF350, 0xFB70, 0xFB50, 0xF350, 0xFB70, 0xF350,
    0xF350, 0xFB70, 0xF370, 0xFB71, 0xFB71, 0xF370, 0xFB71, 0xF370, 0xF370, 0xFB71, 0xF370, 0xFB71,
    0xFB71, 0xF370, 0xFB71, 0xF371, 0xF370, 0xFB71, 0xF371, 0xFB92, 0xFB91, 0xF371, 0xFB92, 0xFB91,
    0xF371, 0xFB92, 0xF371, 0xFB92, 0xFB92, 0xF371, 0xFBB2, 0xFB92, 0xF392, 0xFB92, 0xF392, 0xFBB3,
    0xFBB2, 0xF392, 0xFBB3, 0xF3B2, 0xF392, 0xFBB3, 0xF3B2, 0xFBB3, 0xFBB3, 0xF3B2, 0xFBB3, 0xF3B3,
    0xF3B2, 0xFBB3, 0xF3B3, 0xFBD4, 0xFBB3, 0xF3B3, 0xFBD4, 0xF3D3, 0xF3D3, 0xFBD4, 0xF3D4, 0xFBD4,
    0xF3D4, 0xF3D3, 0xFBF4, 0xF3D4, 0xF3D4, 0xFBD4, 0xF3D4, 0xFBF5, 0xFBF4, 0xF3D4, 0xFBF5, 0xF3F4,
    0xF3F4, 0xFBF5, 0xF3F5, 0xFC15, 0xF415, 0xF3F5, 0xFC16, 0xF415, 0xF415, 0xF416, 0xF415, 0xFC36,
    0xF436, 0xF416, 0xFC36, 0xF3B5, 0xFF3D, 0xFE7C, 0xF396, 0xC3B2, 0xD433, 0xD413, 0xDC34, 0xD413,
    0xD3F3, 0xD413, 0xD3F3, 0xD413, 0xD3F3, 0xCBD2, 0xD3F3, 0xCBD2, 0xC3B2, 0xCBB2, 0xC3B2, 0xCBB2,
    0xC392, 0xC371, 0xC392, 0xBB71, 0xBB51, 0xBB71, 0xBB51, 0xBB51, 0xBB51, 0xB330, 0xB331, 0xB330,
    0xB351, 0xB351, 0xBB72, 0xBB71, 0xC372, 0xC372, 0xBB72, 0xC392, 0xC392, 0xC392, 0xCBB3, 0xCBB3,
    0xD3D3, 0xD3D3, 0xCBB3, 0xD3F4, 0xD3D4, 0xD3D3, 0xDBF4, 0xDBF4, 0xE415, 0xDC14, 0xDC14, 0xE415,
    0xE414, 0xDC14, 0xE435, 0xE434, 0xCBB3, 0xFC18, 0xFF5D, 0xFE9C, 0xF396, 0xF436, 0xF437, 0xF436,
    0xFC37, 0xF436, 0xF416, 0xF436, 0xF436, 0xF416, 0xF436, 0xF416, 0xFC16, 0xF416, 0xF3F5, 0xF416,
    0xF3F5, 0xF3F5, 0xF415, 0xF3F5, 0xFBF5, 0xF3F5, 0xF3D4, 0xFBF5, 0xF3D4, 0xF3D4, 0xFBD4, 0xF3D4,
    0xFBF5, 0xFBD4, 0xF3D4, 0xFBF4, 0xF3D4, 0xF3B3, 0xFBD4, 0xF3B3, 0xFBD4, 0xF3B4, 0xF3B3, 0xFBD4,
    0xF3B3, 0xF3B3, 0xF3B3, 0xF393, 0xFBB4, 0xF3B3, 0xF393, 0xFBB3, 0xF393, 0xF392, 0xFBB3, 0xF393,
    0xFBB3, 0xFB93, 0xF392, 0xFB93, 0xF392, 0xF372, 0xFB92, 0xF372, 0xFB93, 0xFB92, 0xF372, 0xFB92,
    0xF372, 0xF371, 0xFB72, 0xF372, 0xFB92, 0xFB92, 0xF371, 0xFB92, 0xF372, 0xF371, 0xFB72, 0xF371,
    0xFB72, 0xFB71, 0xF351, 0xFB71, 0xF371, 0xF351, 0xFB71, 0xF351, 0xFB71, 0xFB71, 0xF350, 0xFB71,
    0xF351, 0xF350, 0xFB71, 0xF350, 0xFB71, 0xFB71, 0xF350, 0xFB71, 0xF350, 0xF350, 0xFB50, 0xF350,
    0xFB51, 0xFB50, 0xF350, 0xFB50, 0xF350, 0xF350, 0xFB50, 0xF350, 0xFB50, 0xFB50, 0xF350, 0xFB50,
    0xF350, 0xF350, 0xFB70, 0xF350, 0xFB70, 0xFB50, 0xF350, 0xFB50, 0xF350, 0xF34F, 0xFB50, 0xF34F,
    0xFB50, 0xFB50, 0xF34F, 0xFB50, 0xF350, 0xF34F, 0xFB50, 0xF34F, 0xFB70, 0xFB70, 0xF34F, 0xFB50,
    0xF350, 0xF34F, 0xFB50, 0xF34F, 0xFB50, 0xFB50, 0xF34F, 0xFB70, 0xFB50, 0xF34F, 0xFB70, 0xF350,
    0xFB70, 0xFB50, 0xF350, 0xFB70, 0xFB50, 0xF34F, 0xFB50, 0xF350, 0xFB70, 0xFB50, 0xF34F, 0xFB70,
    0xF350, 0xF34F, 0xFB50, 0xF350, 0xFB70, 0xFB50, 0xF350, 0xFB70, 0xFB50, 0xF350, 0xFB70, 0xF370,
    0xFB91, 0xFB70, 0xF350, 0xFB71, 0xFB71, 0xF370, 0xFB71, 0xF370, 0xFB91, 0xFB71, 0xF371, 0xFB91,
    0xFB71, 0xF371, 0xFB91, 0xF371, 0xFB92, 0xFB91, 0xF371, 0xFB92, 0xF391, 0xF371, 0xFB92, 0xF371,
    0xFB92, 0xFB92, 0xF392, 0xFB92, 0xF392, 0xF392, 0xFBB2, 0xF3B2, 0xFBB3, 0xFBB2, 0xF392, 0xFBB3,
    0xF392, 0xF392, 0xFBB3, 0xF3B2, 0xFBB3, 0xFBB3, 0xF393, 0xFBB3, 0xF3B3, 0xF3B2, 0xFBB3, 0xF3B3,
    0xFBD4, 0xFBD3, 0xF3B3, 0xFBD4, 0xF3D3, 0xF3B3, 0xFBD4, 0xF3D3, 0xFBF4, 0xF3D4, 0xF3D4, 0xFBF4,
    0xF3D4, 0xF3D4, 0xFBD4, 0xF3D4, 0xFBF5, 0xF3F4, 0xF3D4, 0xFBF5, 0xF3F5, 0xF3F4, 0xF3F5, 0xF3F5,
    0xFC16, 0xF415, 0xF415, 0xFC16, 0xF415, 0xF415, 0xF416, 0xF416, 0xFC36, 0xF436, 0xF416, 0xFBB5,
    0xFF3D, 0xF65B, 0xFB96, 0xBBB2, 0xDC54, 0xDC13, 0xD413, 0xDC14, 0xD413, 0xD3F3, 0xD3F3, 0xD3F3,
    0xD3F3, 0xD3F3, 0xCBD2, 0xD3D3, 0xCBB2, 0xC3B2, 0xCBB2, 0xC392, 0xCB92, 0xC392, 0xC371, 0xC372,
    0xBB71, 0xBB51, 0xBB51, 0xBB50, 0xBB51, 0xBB30, 0xB330, 0xB330, 0xBB51, 0xBB51, 0xB351, 0xBB72,
    0xBB72, 0xC392, 0xC392, 0xC372, 0xCB93, 0xC392, 0xC392, 0xCBB3, 0xCBB3, 0xD3D4, 0xD3D3, 0xD3D3,
    0xDBF4, 0xD3F4, 0xD3F4, 0xDBF4, 0xDBF4, 0xE415, 0xDC14, 0xDC14, 0xE435, 0xE415, 0xDC14, 0xEC35,
    0xC3B3, 0xFC19, 0xFF5E, 0xFE9C, 0xF396, 0xF437, 0xF436, 0xF437, 0xF436, 0xFC37, 0xF436, 0xF416,
    0xF436, 0xF416, 0xF415, 0xF416, 0xF415, 0xFC16, 0xF415, 0xF3F5, 0xFC15, 0xF3F5, 0xF3F5, 0xFBF5,
    0xF3F5, 0xFBF5, 0xF3F5, 0xF3D4, 0xFBF5, 0xF3D4, 0xF3D4, 0xFBD4, 0xF3D4, 0xFBF5, 0xF3D4, 0xF3D4,
    0xFBD4, 0xF3B4, 0xF3B3, 0xFBD4, 0xF3B3, 0xFBD4, 0xF3B4, 0xF3B3, 0xFBB4, 0xF3B3, 0xF393, 0xFBB3,
    0xF393, 0xFBB3, 0xFB93, 0xF392, 0xFBB3, 0xF393, 0xF392, 0xFB93, 0xF392, 0xFBB3, 0xF393, 0xF392,
    0xFB93, 0xF392, 0xF372, 0xFB92, 0xF372, 0xFB93, 0xF372, 0xF372, 0xFB92, 0xF372, 0xF371, 0xFB72,
    0xF372, 0xFB92, 0xFB72, 0xF371, 0xFB92, 0xFB71, 0xF371, 0xFB71, 0xF371, 0xFB72, 0xFB71, 0xF351,
    0xFB71, 0xF371, 0xF350, 0xFB71, 0xF350, 0xFB71, 0xFB71, 0xF350, 0xFB71, 0xF351, 0xF350, 0xFB51,
    0xF350, 0xFB71, 0xFB51, 0xF350, 0xFB71, 0xFB50, 0xF350, 0xFB50, 0xF350, 0xFB71, 0xFB50, 0xF350,
    0xFB50, 0xF350, 0xF32F, 0xFB50, 0xF350, 0xFB50, 0xFB50, 0xF350, 0xFB50, 0xF350, 0xF34F, 0xFB50,
    0xF350, 0xFB70, 0xFB50, 0xF34F, 0xFB50, 0xF34F, 0xF34F, 0xFB50, 0xF34F, 0xFB50, 0xFB50, 0xF34F,
    0xFB50, 0xF350, 0xF34F, 0xFB50, 0xF34F, 0xFB70, 0xFB50, 0xF34F, 0xFB50, 0xF350, 0xF34F, 0xFB50,
    0xF34F, 0xFB50, 0xFB50, 0xF34F, 0xFB50, 0xFB50, 0xF34F, 0xFB50, 0xF350, 0xFB70, 0xFB50, 0xF34F,
    0xFB70, 0xF350, 0xF34F, 0xFB70, 0xF350, 0xFB70, 0xFB50, 0xF350, 0xFB70, 0xFB50, 0xF34F, 0xFB50,
    0xF350, 0xFB70, 0xFB50, 0xF350, 0xFB70, 0xF350, 0xF350, 0xFB70, 0xF370, 0xFB71, 0xFB70, 0xF370,
    0xFB71, 0xF371, 0xF370, 0xFB71, 0xF371, 0xFB71, 0xFB71, 0xF371, 0xFB91, 0xF371, 0xF371, 0xFB71,
    0xF371, 0xFB92, 0xFB71, 0xF371, 0xFB92, 0xF371, 0xF371, 0xFB92, 0xF392, 0xFB92, 0xFB92, 0xF392,
    0xFB92, 0xF392, 0xF392, 0xFB92, 0xF392, 0xFBB3, 0xFBB2, 0xF392, 0xFBB3, 0xF3B2, 0xF392, 0xFBB3,
    0xF3B2, 0xFBB3, 0xF3B3, 0xF3B2, 0xFBD3, 0xF3B3, 0xF3B3, 0xFBB3, 0xF3B3, 0xFBD4, 0xF3D3, 0xF3B3,
    0xFBD4, 0xF3B3, 0xF3B3, 0xFBD4, 0xF3D3, 0xFBD4, 0xFBD4, 0xF3D4, 0xFBF4, 0xF3D4, 0xF3D4, 0xFBF4,
    0xF3F4, 0xFBF5, 0xF3F5, 0xF3F4, 0xFBF5, 0xF3F5, 0xF3F4, 0xF415, 0xF3F5, 0xFC16, 0xF415, 0xF3F5,
    0xFC16, 0xF415, 0xF415, 0xF416, 0xF415, 0xFC36, 0xF436, 0xF395, 0xFF5D, 0xFE5B, 0xF396, 0xC3B2,
    0xDC33, 0xDC34, 0xDC13, 0xD413, 0xDC14, 0xD3F3, 0xD3F3, 0xD3F3, 0xD3F3, 0xD3F3, 0xD3D3, 0xCBB2,
    0xD3D3, 0xCBB2, 0xC392, 0xCBB2, 0xC392, 0xCB92, 0xC392, 0xC371, 0xC372, 0xBB51, 0xBB50, 0xBB51,
    0xBB50, 0xBB51, 0xB330, 0xB310, 0xB351, 0xBB72, 0xBB71, 0xBB51, 0xC372, 0xBB72, 0xC392, 0xC392,
    0xC392, 0xCBB3, 0xCBB3, 0xCBB2, 0xCBD3, 0xCBD3, 0xD3D4, 0xD3D4, 0xD3D3, 0xDBF4, 0xDBF4, 0xD3F4,
    0xDC14, 0xDC14, 0xE435, 0xE415, 0xDC14, 0xE435, 0xE435, 0xE434, 0xCBD3, 0xF3F8, 0xFF5E, 0xFE9C,
    0xF375, 0xF437, 0xF437, 0xF416, 0xF437, 0xF416, 0xFC36, 0xF436, 0xF416, 0xF436, 0xF416, 0xF415,
    0xF416, 0xF415, 0xFC16, 0xF3F5, 0xF3F5, 0xFBF5, 0xF3F5, 0xF3D4, 0xFBF5, 0xF3F4, 0xFBF5, 0xF3D5,
    0xF3D4, 0xFBF5, 0xF3D4, 0xF3D4, 0xFBD4, 0xF3D4, 0xFBF4, 0xF3D4, 0xF3B4, 0xFBD4, 0xF3B4, 0xF3B3,
    0xFBD4, 0xF3B3, 0xFBD4, 0xFBB3, 0xF393, 0xFBB3, 0xF3B3, 0xF393, 0xFBB3, 0xF393, 0xFBB3, 0xF393,
    0xF392, 0xFBB3, 0xF393, 0xF392, 0xFB93, 0xF392, 0xFB93, 0xFB92, 0xF372, 0xFB92, 0xF372, 0xF372,
    0xFB72, 0xF372, 0xFB92, 0xFB92, 0xF372, 0xFB92, 0xF372, 0xF371, 0xFB72, 0xF371, 0xFB92, 0xFB72,
    0xF371, 0xFB72, 0xFB71, 0xF371, 0xFB71, 0xF371, 0xFB71, 0xFB71, 0xF351, 0xFB71, 0xF351, 0xF350,
    0xFB71, 0xF350, 0xFB71, 0xFB51, 0xF350, 0xFB71, 0xFB50, 0xF350, 0xFB51, 0xF350, 0xFB71, 0xFB51,
    0xF350, 0xFB71, 0xF350, 0xF350, 0xFB50, 0xF350, 0xFB50, 0xFB50, 0xF330, 0xFB50, 0xF350, 0xF32F,
    0xFB50, 0xF350, 0xFB50, 0xFB50, 0xF34F, 0xFB70, 0xF350, 0xF34F, 0xFB70, 0xF350, 0xFB70, 0xFB50,
    0xF34F, 0xFB50, 0xFB50, 0xF34F, 0xFB50, 0xF34F, 0xFB50, 0xFB50, 0xF34F, 0xFB50, 0xF34F, 0xF34F,
    0xFB50, 0xF34F, 0xFB50, 0xFB50, 0xF34F, 0xFB50, 0xFB50, 0xF34F, 0xFB50, 0xF34F, 0xFB70, 0xFB50,
    0xF34F, 0xFB50, 0xFB50, 0xF34F, 0xFB50, 0xF34F, 0xFB70, 0xFB50, 0xF34F, 0xFB70, 0xFB50, 0xF34F,
    0xFB50, 0xF350, 0xFB70, 0xFB50, 0xF34F, 0xFB50, 0xFB50, 0xF34F, 0xFB50, 0xF350, 0xFB70, 0xFB50,
    0xF350, 0xFB70, 0xF350, 0xF350, 0xFB70, 0xF370, 0xFB71, 0xFB70, 0xF350, 0xFB71, 0xFB70, 0xF370,
    0xFB71, 0xF370, 0xFB71, 0xFB71, 0xF371, 0xFB91, 0xFB71, 0xF371, 0xFB71, 0xF371, 0xFB92, 0xFB71,
    0xF371, 0xFB92, 0xFB71, 0xF371, 0xFB92, 0xF391, 0xFB92, 0xFB92, 0xF391, 0xFBB2, 0xF392, 0xF392,
    0xFB92, 0xF392, 0xFBB3, 0xFBB2, 0xF392, 0xFBB3, 0xF3B2, 0xF392, 0xFBB3, 0xF3B2, 0xFBB3, 0xFBB3,
    0xF3B2, 0xFBB3, 0xF3B3, 0xF3B3, 0xFBB3, 0xF3B3, 0xFBD4, 0xFBB3, 0xF3B3, 0xFBD4, 0xF3D3, 0xF3B3,
    0xFBD4, 0xF3D3, 0xFBD4, 0xFBD4, 0xF3D4, 0xFBF4, 0xF3D4, 0xF3D4, 0xFBF4, 0xF3F4, 0xFBF5, 0xF3F5,
    0xF3F4, 0xFC15, 0xF3F5, 0xF3F4, 0xF415, 0xF3F5, 0xFC16, 0xF415, 0xF3F5, 0xFC16, 0xF415, 0xF415,
    0xF416, 0xF416, 0xFC36, 0xF3B5, 0xFF3D, 0xFE5B, 0xF375, 0xBB91, 0xDC34, 0xDC13, 0xDC14, 0xDC13,
    0xD3F3, 0xDC14, 0xD3F3, 0xD3F3, 0xD3F3, 0xD3D3, 0xD3D3, 0xD3D3, 0xCBB2, 0xD3D3, 0xCBB2, 0xC392,
    0xCB92, 0xC392, 0xCB92, 0xC371, 0xBB51, 0xC371, 0xBB51, 0xBB50, 0xBB51, 0xBB30, 0xBB51, 0xB330,
    0xBB51, 0xBB51, 0xBB72, 0xBB72, 0xBB71, 0xC392, 0xC392, 0xCB93, 0xC392, 0xC392, 0xCBB3, 0xCBB3,
    0xCBB3, 0xD3D3, 0xD3D3, 0xD3F4, 0xD3F4, 0xD3F4, 0xDC14, 0xDBF4, 0xDBF4, 0xDC14, 0xDC14, 0xE435,
    0xE435, 0xDC14, 0xE435, 0xE435, 0xC3B3, 0xFC18, 0xFF5D, 0xFE9C, 0xF375, 0xF436, 0xF437, 0xF436,
    0xF416, 0xF416, 0xF416, 0xFC36, 0xF436, 0xF416, 0xF416, 0xF416, 0xF3F5, 0xF416, 0xF3F5, 0xFBF6,
    0xF3F5, 0xF3F5, 0xFBF5, 0xF3F5, 0xF3D4, 0xFBF5, 0xF3D4, 0xFBF5, 0xF3D4, 0xF3D4, 0xFBF4, 0xF3D4,
    0xF3B4, 0xFBD4, 0xF3D4, 0xFBD4, 0xF3D4, 0xF3B3, 0xFBD4, 0xF3B4, 0xF3B3, 0xFBB4, 0xF3B3, 0xFBB4,
    0xF3B3, 0xF393, 0xFBB3, 0xF393, 0xF392, 0xFB93, 0xF393, 0xFB93, 0xF393, 0xF392, 0xFB93, 0xF392,
    0xF372, 0xFB93, 0xF392, 0xFB93, 0xFB92, 0xF372, 0xFB92, 0xF372, 0xF372, 0xFB92, 0xF372, 0xFB92,
    0xFB72, 0xF372, 0xFB92, 0xF372, 0xF371, 0xFB72, 0xF371, 0xFB72, 0xFB71, 0xF371, 0xFB72, 0xFB71,
    0xF351, 0xFB71, 0xF351, 0xFB71, 0xFB71, 0xF350, 0xFB71, 0xF351, 0xF350, 0xFB51, 0xF350, 0xFB51,
    0xFB51, 0xF350, 0xFB51, 0xFB50, 0xF350, 0xFB51, 0xF350, 0xFB71, 0xFB50, 0xF350, 0xFB50, 0xF350,
    0xF350, 0xFB50, 0xF350, 0xFB50, 0xFB50, 0xF32F, 0xFB50, 0xFB50, 0xF34F, 0xFB50, 0xF34F, 0xFB50,
    0xFB50, 0xF34F, 0xFB70, 0xF350, 0xF34F, 0xFB50, 0xF34F, 0xFB50, 0xFB50, 0xF32F, 0xFB50, 0xF34F,
    0xF34F, 0xFB50, 0xF34F, 0xFB70, 0xFB50, 0xF34F, 0xFB50, 0xF34F, 0xF34F, 0xFB50, 0xF34F, 0xFB50,
    0xFB50, 0xF34F, 0xFB70, 0xFB4F, 0xF34F, 0xFB50, 0xF34F, 0xFB50, 0xFB50, 0xF34F, 0xFB50, 0xFB50,
    0xF34F, 0xFB50, 0xF34F, 0xFB50, 0xFB50, 0xF34F, 0xFB70, 0xF350, 0xF34F, 0xFB50, 0xF350, 0xFB50,
    0xFB50, 0xF34F, 0xFB50, 0xF350, 0xF34F, 0xFB50, 0xF350, 0xFB70, 0xFB50, 0xF350, 0xFB70, 0xF370,
    0xF350, 0xFB70, 0xF350, 0xFB71, 0xFB70, 0xF350, 0xFB71, 0xF370, 0xF370, 0xFB71, 0xF371, 0xFB71,
    0xFB71, 0xF371, 0xFB91, 0xFB71, 0xF371, 0xFB71, 0xF371, 0xFB72, 0xFB71, 0xF371, 0xFB92, 0xF371,
    0xF371, 0xFB72, 0xF391, 0xFB92, 0xFB92, 0xF392, 0xFB92, 0xF392, 0xF392, 0xFBB2, 0xF3B2, 0xFBB2,
    0xFBB2, 0xF392, 0xFBB3, 0xFBB2, 0xF392, 0xFBB3, 0xF3B2, 0xFBB3, 0xFBB3, 0xF3B2, 0xFBB3, 0xF3B3,
    0xF3B3, 0xFBB3, 0xF3B3, 0xFBD4, 0xFBD3, 0xF3B3, 0xFBD4, 0xF3B3, 0xF3B3, 0xFBD4, 0xF3D3, 0xFBF4,
    0xF3D4, 0xF3D4, 0xFBF4, 0xF3D4, 0xF3D4, 0xFBF4, 0xF3F4, 0xFBF5, 0xF3F5, 0xF3F4, 0xFC15, 0xF3F5,
    0xF3F5, 0xF415, 0xF3F5, 0xFC16, 0xF415, 0xF415, 0xF436, 0xF415, 0xF415, 0xF416, 0xF415, 0xFBB5,
    0xFF5D, 0xF63B, 0xFB96, 0xC391, 0xDC13, 0xDC14, 0xDC13, 0xDC14, 0xDC13, 0xD3F3, 0xDBF4, 0xD3F3,
    0xD3D3, 0xD3D3, 0xD3D3, 0xD3D3, 0xD3D3, 0xCBB2, 0xCBB3, 0xCB92, 0xC391, 0xCB92, 0xC371, 0xCB92,
    0xC371, 0xBB51, 0xC371, 0xBB51, 0xBB30, 0xBB51, 0xB330, 0xBB31, 0xBB72, 0xBB71, 0xBB51, 0xC372,
    0xBB72, 0xBB72, 0xC392, 0xC392, 0xCBB3, 0xCBB3, 0xCBB2, 0xCBD3, 0xCBB3, 0xCBD3, 0xD3D4, 0xD3D3,
    0xDBF4, 0xD3F4, 0xD3F4, 0xDC14, 0xDC14, 0xDC14, 0xDC35, 0xDC14, 0xE435, 0xE435, 0xDC34, 0xE455,
    0xC3B3, 0xF3F8, 0xFF5E, 0xFE7B, 0xFB96, 0xF437, 0xF416, 0xF437, 0xF416, 0xF415, 0xF436, 0xF416,
    0xFC36, 0xF416, 0xF415, 0xFC16, 0xF415, 0xF3F5, 0xF415, 0xF3F5, 0xFBD5, 0xF3B4, 0xF3B4, 0xFBF5,
    0xF3D5, 0xF3D4, 0xF3D5, 0xF3D4, 0xFBF5, 0xF3D4, 0xF3D4, 0xFBD4, 0xF3D4, 0xF3B3, 0xFBD4, 0xF3B4,
    0xFBD4, 0xFBD4, 0xF3B3, 0xFBD4, 0xF3B3, 0xF3B3, 0xFBB3, 0xF3B3, 0xFBB4, 0xFBB3, 0xF372, 0xFB73,
    0xF393, 0xF392, 0xFB93, 0xF393, 0xFB93, 0xFB93, 0xF392, 0xFB93, 0xF392, 0xF372, 0xFB92, 0xF331,
    0xFB52, 0xFB52, 0xF372, 0xFB92, 0xF372, 0xF371, 0xFB72, 0xF372, 0xFB72, 0xFB72, 0xF371, 0xFB92,
    0xF372, 0xF310, 0xFB31, 0xF331, 0xFB72, 0xFB71, 0xF351, 0xFB72, 0xFB71, 0xF351, 0xFB71, 0xF351,
    0xFB71, 0xFB51, 0xF350, 0xFB71, 0xFB51, 0xF350, 0xFB51, 0xF350, 0xFB51, 0xFB50, 0xF350, 0xFB51,
    0xF350, 0xF350, 0xFB51, 0xF350, 0xFB51, 0xFB50, 0xF330, 0xFB50, 0xF350, 0xF330, 0xFB50, 0xF350,
    0xFB50, 0xFB50, 0xF34F, 0xFB50, 0xF350, 0xF34F, 0xFB50, 0xF34F, 0xFB50, 0xFB50, 0xF34F, 0xFB50,
    0xFB50, 0xF32F, 0xFB50, 0xF32F, 0xFB50, 0xFB4F, 0xF32F, 0xFB70, 0xF350, 0xF34F, 0xFB50, 0xF34F,
    0xFB50, 0xFB4F, 0xF32F, 0xFB70, 0xF34F, 0xF34F, 0xFB50, 0xF34F, 0xFB50, 0xFB50, 0xF34F, 0xFB70,
    0xFB4F, 0xF34F, 0xFB50, 0xF34F, 0xFB70, 0xFB50, 0xF34F, 0xFB70, 0xFB50, 0xF34F, 0xFB50, 0xF34F,
    0xFB50, 0xFB50, 0xF34F, 0xFB70, 0xF350, 0xF34F, 0xFB50, 0xF350, 0xFB50, 0xFB50, 0xF34F, 0xFB50,
    0xF350, 0xF34F, 0xFB50, 0xF350, 0xFB70, 0xFB50, 0xF350, 0xFB70, 0xF370, 0xF350, 0xFB70, 0xF350,
    0xFB71, 0xFB70, 0xF370, 0xFB71, 0xF370, 0xF350, 0xFB71, 0xF371, 0xFB71, 0xFB71, 0xF371, 0xFB71,
    0xF371, 0xF371, 0xFB71, 0xF371, 0xFB72, 0xFB71, 0xF371, 0xFB92, 0xF371, 0xF371, 0xFB72, 0xF371,
    0xFB92, 0xFB92, 0xF391, 0xFB92, 0xF392, 0xF392, 0xFBB2, 0xF392, 0xFBB3, 0xFBB2, 0xF392, 0xFBB3,
    0xFBB2, 0xF392, 0xFB93, 0xF392, 0xFBB3, 0xF3B3, 0xF3B3, 0xFBB3, 0xF3B3, 0xF3B3, 0xFBB3, 0xF3B3,
    0xFBD4, 0xFBB3, 0xF3B3, 0xFBD4, 0xF3B3, 0xF3B3, 0xFBD4, 0xF3D3, 0xFBF4, 0xF3D4, 0xF3D4, 0xFBF4,
    0xF3D4, 0xF3D4, 0xFBF5, 0xF3F4, 0xFBF5, 0xF3F5, 0xF3F4, 0xFC15, 0xF3F5, 0xF3F5, 0xF415, 0xF415,
    0xFC16, 0xF415, 0xF415, 0xF416, 0xF415, 0xF415, 0xFC16, 0xF395, 0xFF5E, 0xFE5B, 0xF355, 0xC392,
    0xE433, 0xDBF3, 0xDC14, 0xDBF3, 0xDC14, 0xDBF3, 0xD3F3, 0xDBF3, 0xD3D3, 0xD3D2, 0xD3D3, 0xD3D2,
    0xD3D3, 0xD3B2, 0xCB92, 0xCBB2, 0xCB92, 0xC371, 0xCB92, 0xC371, 0xC372, 0xC371, 0xBB51, 0xC351,
    0xBB51, 0xB330, 0xBB31, 0xB330, 0xBB51, 0xBB72, 0xBB72, 0xBB71, 0xC392, 0xC372, 0xC372, 0xC392,
    0xC392, 0xCBB3, 0xCBB3, 0xCBB3, 0xD3D3, 0xCBD3, 0xCBD3, 0xD3F4, 0xD3F3, 0xDC14, 0xDC14, 0xD3F4,
    0xDC15, 0xDC14, 0xDC14, 0xDC35, 0xDC34, 0xE435, 0xE435, 0xE454, 0xCBD3, 0xFBF8, 0xFF3D, 0xFE9C,
    0xF375, 0xFC37, 0xF436, 0xF416, 0xF436, 0xF416, 0xF416, 0xF416, 0xF416, 0xFC16, 0xF416, 0xF3F5,
    0xFC16, 0xF3F5, 0xF3F5, 0xFBD5, 0xF415, 0xFC36, 0xFC15, 0xF3D5, 0xFBD5, 0xF3F5, 0xF3D4, 0xFBF5,
    0xF3D4, 0xFBF5, 0xF3D4, 0xF3B4, 0xFBD4, 0xF3B4, 0xF3B3, 0xFBB4, 0xF3B3, 0xFBD4, 0xFBB4, 0xF3B3,
    0xFBD4, 0xF3B3, 0xF3B3, 0xFBB4, 0xF3B3, 0xFBB3, 0xFC14, 0xF414, 0xFB93, 0xF3B3, 0xF392, 0xFB93,
    0xF392, 0xFB93, 0xFB93, 0xF392, 0xFB93, 0xF372, 0xF3B2, 0xFC34, 0xFBD3, 0xFBD4, 0xFB52, 0xF372,
    0xFB92, 0xF372, 0xF371, 0xFB72, 0xF372, 0xFB92, 0xFB72, 0xF371, 0xFB72, 0xFBF3, 0xF3B2, 0xFBD3,
    0xF331, 0xFB72, 0xFB71, 0xF351, 0xFB92, 0xFB71, 0xF351, 0xFB71, 0xF351, 0xFB71, 0xFB71, 0xF351,
    0xFB71, 0xFB50, 0xF350, 0xFB51, 0xF350, 0xFB71, 0xFB51, 0xF350, 0xFB51, 0xFB50, 0xF350, 0xFB51,
    0xFB50, 0xFB71, 0xFB50, 0xF350, 0xFB50, 0xF350, 0xF32F, 0xFB50, 0xF350, 0xFB50, 0xFB50, 0xF34F,
    0xFB50, 0xF350, 0xF34F, 0xFB50, 0xF34F, 0xFB50, 0xFB50, 0xF32F, 0xFB50, 0xFB2F, 0xF32F, 0xFB50,
    0xF32F, 0xFB50, 0xFB4F, 0xF34F, 0xFB70, 0xF34F, 0xF34F, 0xFB50, 0xF34F, 0xFB50, 0xFB4F, 0xF34F,
    0xFB70, 0xF34F, 0xF34F, 0xFB50, 0xF34F, 0xFB50, 0xFB4F, 0xF34F, 0xFB50, 0xF350, 0xF34F, 0xFB50,
    0xF34F, 0xFB70, 0xFB50, 0xF34F, 0xFB70, 0xFB50, 0xF34F, 0xFB50, 0xF34F, 0xFB50, 0xFB50, 0xF34F,
    0xFB70, 0xFB50, 0xF34F, 0xFB50, 0xF34F, 0xFB50, 0xFB50, 0xF34F, 0xFB50, 0xFB50, 0xF34F, 0xFB50,
    0xF350, 0xFB70, 0xFB50, 0xF350, 0xFB70, 0xF370, 0xF350, 0xFB70, 0xF370, 0xFB71, 0xFB70, 0xF370,
    0xFB71, 0xF370, 0xF350, 0xFB71, 0xF371, 0xFB71, 0xFB71, 0xF371, 0xFB71, 0xF371, 0xF371, 0xFB71,
    0xF371, 0xFB72, 0xFB71, 0xF371, 0xFB72, 0xF371, 0xF371, 0xFB92, 0xF371, 0xFB92, 0xFB92, 0xF371,
    0xFB92, 0xF392, 0xF392, 0xFB92, 0xF392, 0xFBB3, 0xFBB2, 0xF392, 0xFBB3, 0xF392, 0xF392, 0xFBB3,
    0xF3B2, 0xFBB3, 0xFBB3, 0xF3B3, 0xFBB3, 0xF3B3, 0xF3B3, 0xFBB3, 0xF3B3, 0xFBD4, 0xFBB3, 0xF3B3,
    0xFBD4, 0xF3D4, 0xF3B3, 0xFBD4, 0xF3D4, 0xFBF4, 0xF3D4, 0xF3D4, 0xFBF5, 0xF3F4, 0xF3D4, 0xFBF5,
    0xF3F4, 0xFBF5, 0xF3F5, 0xF3F4, 0xFC15, 0xF3F5, 0xF3F5, 0xF415, 0xF415, 0xFC16, 0xF415, 0xF3F5,
    0xF416, 0xF416, 0xF415, 0xF395, 0xFF3D, 0xFE5B, 0xF375, 0xBB71, 0xE434, 0xDC13, 0xDBF3, 0xDC14,
    0xDBF3, 0xE3F4, 0xDBF3, 0xD3D3, 0xDBF3, 0xD3D3, 0xD3B2, 0xD3D3, 0xD3B2, 0xD3B3, 0xCBB2, 0xCB92,
    0xCB92, 0xCB92, 0xC371, 0xC372, 0xC371, 0xC372, 0xC351, 0xBB51, 0xC351, 0xBB31, 0xB330, 0xBB30,
    0xBB51, 0xBB51, 0xC372, 0xBB72, 0xBB71, 0xC392, 0xC392, 0xC392, 0xCBB3, 0xC3B2, 0xCBB3, 0xCBD3,
    0xCBB3, 0xD3D4, 0xD3D3, 0xD3D3, 0xD3F4, 0xD3F4, 0xDC14, 0xDC14, 0xD414, 0xDC35, 0xDC34, 0xDC34,
    0xDC35, 0xDC34, 0xE455, 0xE455, 0xC3B3, 0xFBF8, 0xFF3D, 0xF67B, 0xF395, 0xF436, 0xFC37, 0xF436,
    0xF416, 0xF436, 0xF416, 0xF415, 0xF416, 0xF416, 0xFC16, 0xF416, 0xF3F5, 0xFC16, 0xF415, 0xF373,
    0xFDFA, 0xFF1D, 0xFF1D, 0xFD38, 0xF2F2, 0xFBD4, 0xF373, 0xF393, 0xFBD4, 0xF333, 0xFB33, 0xF3B4,
    0xF353, 0xFB94, 0xF3D4, 0xF3B3, 0xFB93, 0xF352, 0xFBB4, 0xF3B3, 0xF312, 0xFB12, 0xF311, 0xF311,
    0xFBB3, 0xF270, 0xFCF7, 0xFDB9, 0xF1CE, 0xFB32, 0xF311, 0xF372, 0xFB93, 0xF2F1, 0xFAF1, 0xFAF1,
    0xF331, 0xFB72, 0xFBB3, 0xF6DC, 0xFE9C, 0xFF1C, 0xFB11, 0xFB72, 0xF371, 0xFB72, 0xF372, 0xF371,
    0xFB72, 0xF371, 0xFB92, 0xFB10, 0xF3B2, 0xFEFC, 0xFEBB, 0xFE9B, 0xFB71, 0xF351, 0xFB92, 0xFB10,
    0xF2AF, 0xFACF, 0xF2AF, 0xF2CF, 0xFB51, 0xF351, 0xFAAF, 0xFAAE, 0xF26E, 0xFB50, 0xFB50, 0xF350,
    0xFB10, 0xF2AE, 0xFACF, 0xFACE, 0xF350, 0xFB71, 0xFAEF, 0xF30F, 0xFB0F, 0xF28D, 0xFB10, 0xFB50,
    0xF330, 0xFB50, 0xF350, 0xF32F, 0xFB50, 0xF350, 0xFB50, 0xFB50, 0xF32F, 0xFB50, 0xF350, 0xF34F,
    0xFB50, 0xF350, 0xFB50, 0xFB50, 0xF32F, 0xFB50, 0xF32F, 0xF32F, 0xFB50, 0xF34F, 0xFB50, 0xFB4F,
    0xF34F, 0xFB70, 0xFB50, 0xF34F, 0xFB50, 0xF34F, 0xFB50, 0xFB4F, 0xF34F, 0xFB50, 0xFB4F, 0xF34F,
    0xFB50, 0xF34F, 0xFB50, 0xFB4F, 0xF34F, 0xFB70, 0xFB50, 0xF34F, 0xFB50, 0xF34F, 0xFB70, 0xFB70,
    0xF34F, 0xFB70, 0xF350, 0xF34F, 0xFB50, 0xF34F, 0xFB70, 0xFB50, 0xF34F, 0xFB50, 0xF350, 0xF34F,
    0xFB50, 0xF34F, 0xFB50, 0xFB50, 0xF34F, 0xFB70, 0xFB50, 0xF34F, 0xFB50, 0xF350, 0xFB70, 0xFB70,
    0xF350, 0xFB70, 0xF350, 0xF350, 0xFB70, 0xF370, 0xFB71, 0xFB71, 0xF370, 0xFB71, 0xF371, 0xF370,
    0xFB71, 0xF371, 0xFB71, 0xFB71, 0xF371, 0xFB71, 0xF371, 0xF371, 0xFB71, 0xF371, 0xFB72, 0xF371,
    0xF371, 0xFB72, 0xF371, 0xF371, 0xFB72, 0xF371, 0xFB92, 0xF392, 0xF392, 0xFBB2, 0xF392, 0xF392,
    0xFBB2, 0xF392, 0xFBB3, 0xFBB2, 0xF392, 0xFBB3, 0xF392, 0xF392, 0xFBB3, 0xF3B3, 0xFBB3, 0xFBB3,
    0xF3B3, 0xFBB3, 0xF3B3, 0xF3B3, 0xFBB3, 0xF3B3, 0xFBD4, 0xFBD3, 0xF3B3, 0xFBD4, 0xF3D4, 0xF3B3,
    0xFBD4, 0xF3D4, 0xFBF4, 0xF3F4, 0xF3D4, 0xFBF5, 0xF3F4, 0xF3D4, 0xFBF5, 0xF3F4, 0xFBF5, 0xF3F5,
    0xF3F4, 0xFC15, 0xF3F5, 0xF3F5, 0xF415, 0xF415, 0xFC16, 0xF415, 0xF415, 0xFC16, 0xF415, 0xF394,
    0xFF3D, 0xFE3B, 0xFB75, 0xC392, 0xE413, 0xE414, 0xE3F3, 0xDBF3, 0xE3F4, 0xDBF3, 0xE3F4, 0xDBF3,
    0xD3D3, 0xDBD3, 0xD3D3, 0xD3B2, 0xD3B3, 0xD3B2, 0xD3B3, 0xCB92, 0xCB92, 0xCB92, 0xCB72, 0xC371,
    0xC371, 0xC351, 0xC371, 0xC351, 0xBB30, 0xBB51, 0xBB30, 0xB330, 0xB351, 0xBB72, 0xBB71, 0xC372,
    0xC372, 0xBB72, 0xC392, 0xC392, 0xC392, 0xCBB3, 0xCBB3, 0xCBD3, 0xCBD3, 0xCBD3, 0xD3F4, 0xD3F3,
    0xD3F3, 0xD414, 0xD414, 0xDC14, 0xDC14, 0xDC14, 0xDC35, 0xDC34, 0xDC34, 0xDC55, 0xDC54, 0xE475,
    0xC3B3, 0xFBD8, 0xFF5E, 0xFE9C, 0xF375, 0xF437, 0xF436, 0xFC37, 0xF436, 0xF416, 0xF416, 0xF416,
    0xF3F5, 0xF416, 0xF3F5, 0xFC16, 0xF415, 0xF3F5, 0xFB74, 0xFE9C, 0xF4D7, 0xF2F2, 0xF2F2, 0xFD79,
    0xFDFA, 0xF3F4, 0xFE1A, 0xFCB7, 0xF312, 0xFD59, 0xFD58, 0xFB93, 0xFCF7, 0xF475, 0xFB94, 0xF373,
    0xF434, 0xFCB6, 0xF332, 0xFB12, 0xFD58, 0xFD98, 0xFD78, 0xFD98, 0xF372, 0xFB93, 0xFDFA, 0xFE3B,
    0xFC96, 0xF4D6, 0xFD17, 0xF372, 0xF351, 0xFD38, 0xFD17, 0xFD98, 0xFC75, 0xF2F0, 0xFB72, 0xF2B0,
    0xF331, 0xFF3D, 0xF371, 0xFB52, 0xF372, 0xF371, 0xFB72, 0xF372, 0xF351, 0xFB72, 0xF310, 0xFCB5,
    0xFE9B, 0xF20D, 0xFA8F, 0xFA6E, 0xFEFC, 0xFBB3, 0xF2CF, 0xFCB5, 0xFD57, 0xFCB5, 0xFD57, 0xFCF6,
    0xF2EF, 0xFB10, 0xFD77, 0xFD37, 0xFD36, 0xF2EF, 0xFAF0, 0xFB30, 0xF3F2, 0xFDD8, 0xFD77, 0xFD78,
    0xFAEF, 0xF2AE, 0xFC53, 0xFB10, 0xF350, 0xFD97, 0xFC33, 0xFACE, 0xFB70, 0xF330, 0xFB50, 0xF350,
    0xF34F, 0xFB50, 0xF350, 0xFB50, 0xFB50, 0xF34F, 0xFB50, 0xFB50, 0xF34F, 0xFB50, 0xF34F, 0xFB50,
    0xFB50, 0xF32F, 0xFB50, 0xF34F, 0xF32F, 0xFB50, 0xF34F, 0xFB70, 0xFB50, 0xF34F, 0xFB70, 0xF34F,
    0xF34F, 0xFB50, 0xF34F, 0xFB50, 0xFB4F, 0xF34F, 0xFB70, 0xFB4F, 0xF34F, 0xFB50, 0xF34F, 0xFB70,
    0xFB50, 0xF34F, 0xFB70, 0xFB50, 0xF34F, 0xFB50, 0xF34F, 0xFB70, 0xFB50, 0xF34F, 0xFB70, 0xFB50,
    0xF34F, 0xFB50, 0xF34F, 0xFB70, 0xFB50, 0xF34F, 0xFB50, 0xFB50, 0xF34F, 0xFB50, 0xF350, 0xFB70,
    0xFB50, 0xF34F, 0xFB70, 0xF350, 0xF34F, 0xFB50, 0xF350, 0xFB70, 0xFB70, 0xF350, 0xFB70, 0xF350,
    0xF350, 0xFB70, 0xF370, 0xFB71, 0xFB71, 0xF370, 0xFB71, 0xF371, 0xF370, 0xFB71, 0xF371, 0xFB71,
    0xFB71, 0xF371, 0xFB71, 0xFB71, 0xF371, 0xFB71, 0xF371, 0xFB71, 0xFB71, 0xF371, 0xFB92, 0xFB71,
    0xF371, 0xFB92, 0xF371, 0xFB92, 0xFB92, 0xF392, 0xFBB2, 0xFB92, 0xF392, 0xFBB2, 0xF392, 0xFBB3,
    0xFB92, 0xF392, 0xFBB3, 0xF392, 0xF392, 0xFBB3, 0xF3B2, 0xFBB3, 0xFBB3, 0xF3B3, 0xFBB3, 0xF3B3,
    0xF3B3, 0xFBB3, 0xF3B3, 0xFBD4, 0xFBD4, 0xF3B3, 0xFBD4, 0xF3B3, 0xF3B3, 0xFBD4, 0xF3D4, 0xFBF4,
    0xFBF4, 0xF3D4, 0xFBF4, 0xF3F4, 0xF3F4, 0xFBF5, 0xF3F4, 0xFBF5, 0xF3F5, 0xF3F5, 0xFC15, 0xF3F5,
    0xF3F5, 0xF415, 0xF415, 0xFC16, 0xF415, 0xF415, 0xFC16, 0xF394, 0xFF1C, 0xFE5B, 0xF375, 0xCB92,
    0xE414, 0xE3F3, 0xE414, 0xE3F3, 0xDBF3, 0xE3F3, 0xDBD3, 0xDBF4, 0xDBD3, 0xD3D3, 0xDBD3, 0xD3B3,
    0xD3B2, 0xD3B3, 0xCB92, 0xD3B2, 0xCB92, 0xCB71, 0xCB92, 0xC371, 0xC351, 0xC371, 0xC351, 0xC351,
    0xBB51, 0xBB30, 0xBB51, 0xBB30, 0xBB51, 0xBB51, 0xBB72, 0xBB71, 0xC392, 0xC392, 0xC392, 0xC3B3,
    0xC392, 0xC392, 0xCBB3, 0xCBB3, 0xD3D3, 0xCBD3, 0xCBD3, 0xD3F4, 0xD3F4, 0xD3F3, 0xD414, 0xD414,
    0xDC35, 0xDC34, 0xD434, 0xDC55, 0xDC34, 0xDC34, 0xDC55, 0xDC74, 0xC3D3, 0xFBD8, 0xFF5D, 0xFE9C,
    0xF375, 0xF436, 0xF436, 0xF436, 0xFC37, 0xF436, 0xF416, 0xF416, 0xF3F6, 0xF3F5, 0xF416, 0xF3F5,
    0xFC16, 0xF415, 0xF333, 0xFE9C, 0xFD18, 0xF353, 0xFBF5, 0xF435, 0xFC15, 0xFC76, 0xFE3B, 0xFE3B,
    0xFC76, 0xF67B, 0xFE9C, 0xF352, 0xFE3B, 0xFD38, 0xF312, 0xFB12, 0xFD17, 0xFDF9, 0xFB11, 0xFD37,
    0xFDFA, 0xFDFA, 0xFD78, 0xFDFA, 0xF353, 0xF435, 0xFEBC, 0xFE9B, 0xFDBA, 0xFD99, 0xFDB9, 0xFB93,
    0xF392, 0xF598, 0xFD38, 0xFD17, 0xFD17, 0xFC54, 0xF372, 0xFB72, 0xFB31, 0xFEDC, 0xFB11, 0xF371,
    0xFB72, 0xFB72, 0xF351, 0xFB72, 0xF372, 0xF371, 0xFAF0, 0xFC74, 0xFEFD, 0xF2AF, 0xF331, 0xFAD0,
    0xFEBC, 0xF2F0, 0xFBF3, 0xFE19, 0xFE5A, 0xFD78, 0xFDB8, 0xFD17, 0xFB10, 0xF4D4, 0xFDF9, 0xFDD9,
    0xFD78, 0xFC34, 0xFB91, 0xFB30, 0xFC53, 0xFDD8, 0xFD37, 0xFD97, 0xFCD5, 0xFA8D, 0xFDB8, 0xFDB8,
    0xFC74, 0xFDF9, 0xFD16, 0xFB91, 0xFB10, 0xFB50, 0xF32F, 0xFB50, 0xF350, 0xF32F, 0xFB50, 0xF350,
    0xFB50, 0xFB50, 0xF34F, 0xFB50, 0xF350, 0xF34F, 0xFB50, 0xF34F, 0xFB50, 0xFB50, 0xF32F, 0xFB50,
    0xF34F, 0xF34F, 0xFB50, 0xF34F, 0xFB70, 0xFB50, 0xF34F, 0xFB70, 0xF34F, 0xF34F, 0xFB50, 0xF34F,
    0xFB70, 0xFB4F, 0xF34F, 0xFB50, 0xFB4F, 0xF34F, 0xFB50, 0xF34F, 0xFB50, 0xFB50, 0xF34F, 0xFB70,
    0xFB50, 0xF34F, 0xFB50, 0xF34F, 0xFB70, 0xFB70, 0xF34F, 0xFB50, 0xFB50, 0xF34F, 0xFB50, 0xF34F,
    0xFB70, 0xFB50, 0xF34F, 0xFB50, 0xFB50, 0xF34F, 0xFB50, 0xF350, 0xFB70, 0xFB50, 0xF34F, 0xFB70,
    0xF350, 0xF34F, 0xFB50, 0xF350, 0xFB70, 0xFB50, 0xF350, 0xFB70, 0xF350, 0xF350, 0xFB70, 0xF370,
    0xFB71, 0xFB70, 0xF350, 0xFB71, 0xF370, 0xF370, 0xFB71, 0xF371, 0xFB71, 0xFB71, 0xF371, 0xFB71,
    0xFB71, 0xF371, 0xFB71, 0xF371, 0xFB92, 0xFB91, 0xF371, 0xFB72, 0xF371, 0xF371, 0xFB92, 0xF391,
    0xFB92, 0xFB92, 0xF392, 0xFBB2, 0xF392, 0xF392, 0xFBB2, 0xF392, 0xFBB3, 0xFB92, 0xF392, 0xFBB3,
    0xF392, 0xF392, 0xFBB3, 0xF3B3, 0xFBB3, 0xFBB3, 0xF3B3, 0xFBD3, 0xF3B3, 0xF3B3, 0xFBB3, 0xF3B3,
    0xFBD4, 0xFBD4, 0xF3B3, 0xFBD4, 0xF3D3, 0xF3B3, 0xFBD4, 0xF3D4, 0xFBF4, 0xF3F4, 0xF3D4, 0xFBF5,
    0xF3F4, 0xF3F4, 0xFBF5, 0xF3F4, 0xFC15, 0xF3F5, 0xF3F5, 0xFC15, 0xF3F5, 0xF3F5, 0xF415, 0xF415,
    0xFC16, 0xF415, 0xF415, 0xFBB5, 0xFF3D, 0xF63A, 0xF375, 0xC371, 0xEC14, 0xE3F3, 0xE3F3, 0xE3F4,
    0xE3F3, 0xDBD3, 0xE3F3, 0xDBD3, 0xDBD3, 0xDBD3, 0xD3B2, 0xDBD3, 0xD3B2, 0xD392, 0xD3B2, 0xCB92,
    0xD392, 0xCB92, 0xC371, 0xCB72, 0xC371, 0xC351, 0xC351, 0xBB51, 0xC351, 0xBB51, 0xBB30, 0xBB31,
    0xBB72, 0xBB71, 0xBB71, 0xC372, 0xBB72, 0xC392, 0xC392, 0xC392, 0xCBB3, 0xC3B2, 0xC3B2, 0xCBD3,
    0xCBD3, 0xD3F4, 0xD3F3, 0xCBF3, 0xD414, 0xD414, 0xD413, 0xD414, 0xD414, 0xDC35, 0xDC34, 0xD434,
    0xDC55, 0xDC54, 0xD454, 0xDC75, 0xBBB3, 0xFBF8, 0xFF5E, 0xFE7C, 0xF395, 0xF436, 0xF416, 0xF436,
    0xF416, 0xFC36, 0xF416, 0xF415, 0xF416, 0xF3F5, 0xF3F5, 0xF416, 0xF3F5, 0xFC16, 0xF374, 0xFE3B,
    0xFCB7, 0xF373, 0xF3F4, 0xFBF5, 0xF3D4, 0xFB54, 0xF2D2, 0xFEBC, 0xFE3B, 0xF312, 0xF352, 0xFB52,
    0xFE5A, 0xFD99, 0xFB52, 0xF2F1, 0xFCD7, 0xFD58, 0xF332, 0xFEDC, 0xF332, 0xFAF2, 0xFAB1, 0xF250,
    0xFB93, 0xF2D0, 0xF516, 0xFE3A, 0xF26F, 0xFB11, 0xFB11, 0xF392, 0xFB73, 0xFB52, 0xF331, 0xF9EE,
    0xFC55, 0xFE3A, 0xF310, 0xF372, 0xFB52, 0xFE9C, 0xF2B0, 0xFB72, 0xF372, 0xFB72, 0xFB72, 0xF351,
    0xFB72, 0xFB72, 0xF2F0, 0xFBF4, 0xFE7A, 0xFAAF, 0xFB91, 0xF350, 0xFF1D, 0xF1ED, 0xFE1A, 0xFC95,
    0xF22D, 0xFAAF, 0xFA8F, 0xF24E, 0xFBB2, 0xFF3D, 0xF22D, 0xFA6F, 0xF1EC, 0xFE9B, 0xFD16, 0xF2CE,
    0xFB10, 0xFA8E, 0xF22D, 0xFA4D, 0xFF3D, 0xFB4F, 0xFD15, 0xFF3D, 0xFBF3, 0xF14A, 0xF473, 0xFE9B,
    0xF28D, 0xFB70, 0xFB50, 0xF32F, 0xFB50, 0xFB50, 0xF34F, 0xFB50, 0xF34F, 0xFB50, 0xFB50, 0xF34F,
    0xFB50, 0xF34F, 0xF34F, 0xFB50, 0xF34F, 0xFB50, 0xFB4F, 0xF34F, 0xFB50, 0xF34F, 0xF34F, 0xFB50,
    0xF34F, 0xFB70, 0xFB4F, 0xF34F, 0xFB50, 0xFB4F, 0xF34F, 0xFB50, 0xF34F, 0xFB50, 0xFB4F, 0xF34F,
    0xFB50, 0xFB4F, 0xF32F, 0xFB50, 0xF34F, 0xFB70, 0xFB4F, 0xF34F, 0xFB70, 0xFB4F, 0xF34F, 0xFB50,
    0xF34F, 0xFB70, 0xFB50, 0xF34F, 0xFB70, 0xFB4F, 0xF34F, 0xFB50, 0xF34F, 0xFB70, 0xFB50, 0xF34F,
    0xFB70, 0xFB50, 0xF34F, 0xFB50, 0xF350, 0xFB70, 0xFB70, 0xF350, 0xFB70, 0xFB50, 0xF34F, 0xFB50,
    0xF350, 0xFB70, 0xFB50, 0xF350, 0xFB70, 0xF350, 0xF350, 0xFB71, 0xF370, 0xFB71, 0xFB70, 0xF350,
    0xFB71, 0xF370, 0xF370, 0xFB71, 0xF371, 0xFB71, 0xFB71, 0xF371, 0xFB91, 0xFB71, 0xF371, 0xFB71,
    0xF371, 0xFB92, 0xFB71, 0xF371, 0xFB92, 0xF371, 0xF371, 0xFB92, 0xF391, 0xFB92, 0xFB92, 0xF392,
    0xFB92, 0xFB92, 0xF392, 0xFBB2, 0xF392, 0xFBB3, 0xFBB2, 0xF392, 0xFBB3, 0xF393, 0xF392, 0xFBB3,
    0xF3B3, 0xFBB3, 0xFBB3, 0xF3B3, 0xFBD3, 0xF3B3, 0xF3B3, 0xFBD3, 0xF3B3, 0xFBD4, 0xFBD4, 0xF3B3,
    0xFBD4, 0xF3D4, 0xF3D3, 0xFBD4, 0xF3D4, 0xFBF5, 0xF3F4, 0xF3D4, 0xFBF5, 0xF3F4, 0xF3D4, 0xFBF5,
    0xF3F4, 0xFC15, 0xF415, 0xF3F5, 0xFC15, 0xF3F5, 0xF3F5, 0xF415, 0xF415, 0xFC16, 0xF415, 0xF394,
    0xFF3D, 0xFE3B, 0xF354, 0xCB91, 0xE413, 0xEBF4, 0xE3F3, 0xE3D3, 0xE3F4, 0xE3D3, 0xDBD3, 0xDBD3,
    0xDBD3, 0xDBD3, 0xDBD3, 0xD3B2, 0xDBB3, 0xD3B2, 0xCB92, 0xD392, 0xCB92, 0xD392, 0xCB72, 0xC371,
    0xCB72, 0xC351, 0xBB51, 0xC351, 0xBB51, 0xC351, 0xBB30, 0xBB30, 0xBB51, 0xBB72, 0xBB71, 0xBB71,
    0xC392, 0xC392, 0xC393, 0xC392, 0xC392, 0xCBB3, 0xCBB3, 0xC3B2, 0xCBD3, 0xCBD3, 0xD3F4, 0xD3F3,
    0xCBF3, 0xD414, 0xD414, 0xD413, 0xD434, 0xD434, 0xDC55, 0xDC54, 0xD434, 0xDC55, 0xDC54, 0xD474,
    0xC3D3, 0xFBD7, 0xFF5E, 0xFE7C, 0xF375, 0xF437, 0xF416, 0xF416, 0xF416, 0xF416, 0xFC16, 0xF416,
    0xF3F5, 0xFC16, 0xF3F5, 0xF3F5, 0xFC15, 0xF415, 0xFB54, 0xFE3B, 0xF4B7, 0xFB73, 0xF3D4, 0xF3B4,
    0xFBB4, 0xF374, 0xFBF5, 0xFEFD, 0xF332, 0xFBD5, 0xF3D4, 0xF332, 0xFDB9, 0xFD17, 0xFB73, 0xFB93,
    0xF537, 0xFDD9, 0xF2D1, 0xF2D1, 0xFE9C, 0xFE9B, 0xFEDD, 0xFBD4, 0xF352, 0xFB31, 0xFD57, 0xFDF9,
    0xFB11, 0xF3D3, 0xFBB3, 0xFB73, 0xF2B0, 0xFE7B, 0xFF7E, 0xF6FC, 0xFE5B, 0xFCB6, 0xFAB0, 0xFB92,
    0xF3B2, 0xFF3D, 0xFAF1, 0xF331, 0xFB72, 0xF372, 0xFB92, 0xFB72, 0xF351, 0xFB92, 0xFB10, 0xF413,
    0xFE5B, 0xF26E, 0xFB92, 0xFB91, 0xFEFC, 0xFA0E, 0xFD58, 0xF454, 0xFAEF, 0xF391, 0xFBB1, 0xFB10,
    0xF2CF, 0xFE7B, 0xFE7B, 0xFEBB, 0xFEFC, 0xFEFC, 0xFC74, 0xFACE, 0xFBB2, 0xFEFD, 0xFE9B, 0xFE3A,
    0xFE7B, 0xF24C, 0xFDB8, 0xFD36, 0xF26D, 0xFB2F, 0xFCF5, 0xFE19, 0xFA8E, 0xF350, 0xFB50, 0xFB50,
    0xF32F, 0xFB50, 0xFB50, 0xF32F, 0xFB50, 0xF34F, 0xFB50, 0xFB50, 0xF34F, 0xFB50, 0xFB4F, 0xF32F,
    0xFB50, 0xF34F, 0xFB50, 0xFB4F, 0xF34F, 0xFB50, 0xF34F, 0xF34F, 0xFB50, 0xF34F, 0xFB70, 0xFB4F,
    0xF32F, 0xFB50, 0xF34F, 0xF34F, 0xFB50, 0xF34F, 0xFB50, 0xFB4F, 0xF34F, 0xFB50, 0xF34F, 0xF34F,
    0xFB50, 0xF34F, 0xFB70, 0xFB50, 0xF34F, 0xFB70, 0xFB4F, 0xF34F, 0xFB50, 0xF34F, 0xFB70, 0xFB50,
    0xF34F, 0xFB70, 0xFB4F, 0xF34F, 0xFB50, 0xF350, 0xFB70, 0xFB50, 0xF34F, 0xFB70, 0xF350, 0xF34F,
    0xFB50, 0xF350, 0xFB70, 0xFB70, 0xF34F, 0xFB70, 0xFB50, 0xF34F, 0xFB50, 0xF350, 0xFB70, 0xFB50,
    0xF350, 0xFB70, 0xF370, 0xF350, 0xFB71, 0xF370, 0xFB71, 0xFB70, 0xF350, 0xFB71, 0xFB71, 0xF370,
    0xFB71, 0xF371, 0xFB71, 0xFB71, 0xF371, 0xFB91, 0xF371, 0xF371, 0xFB71, 0xF371, 0xFB92, 0xFB71,
    0xF371, 0xFB92, 0xFB71, 0xF371, 0xFB92, 0xF392, 0xFB92, 0xFB92, 0xF392, 0xFB92, 0xFB92, 0xF392,
    0xFB92, 0xF392, 0xFBB3, 0xFBB2, 0xF392, 0xFBB3, 0xF392, 0xF392, 0xFBB3, 0xF3B3, 0xFBB3, 0xFBB3,
    0xF3B3, 0xFBD3, 0xF3B3, 0xF3B3, 0xFBD3, 0xF3B3, 0xFBD4, 0xFBD4, 0xF3B3, 0xFBD4, 0xF3D4, 0xF3D3,
    0xFBD4, 0xF3D4, 0xFBF4, 0xF3F4, 0xF3D4, 0xFBF5, 0xF3F4, 0xF3D4, 0xF3F5, 0xF3F4, 0xFC15, 0xF415,
    0xF3F5, 0xFC15, 0xF3F5, 0xF3F5, 0xF415, 0xF415, 0xFC16, 0xF395, 0xFF3D, 0xFE5B, 0xF354, 0xC351,
    0xEC14, 0xE3F3, 0xEBF4, 0xE3F3, 0xE3D3, 0xE3F3, 0xE3D3, 0xDBD3, 0xDBD3, 0xDBB3, 0xDBD3, 0xDBB3,
    0xD392, 0xD3B3, 0xD392, 0xCB92, 0xD392, 0xCB72, 0xCB72, 0xCB71, 0xC351, 0xCB71, 0xC351, 0xBB30,
    0xC351, 0xBB30, 0xC331, 0xBB30, 0xBB71, 0xBB51, 0xC372, 0xBB72, 0xBB71, 0xC392, 0xC392, 0xCBB3,
    0xC3B2, 0xC3B2, 0xCBD3, 0xCBD3, 0xCBD2, 0xCBF3, 0xCBF3, 0xD414, 0xD414, 0xCBF3, 0xD434, 0xD414,
    0xD434, 0xD434, 0xD434, 0xDC55, 0xD454, 0xD454, 0xDC75, 0xD494, 0xBBB2, 0xFBD8, 0xFF5D, 0xFE7C,
    0xF375, 0xF416, 0xF436, 0xF416, 0xF416, 0xF416, 0xF416, 0xFC16, 0xF416, 0xF3F5, 0xFC16, 0xF3F5,
    0xF3F5, 0xFC15, 0xF353, 0xFE7C, 0xFD17, 0xF353, 0xFAD2, 0xFD18, 0xF5B9, 0xFB12, 0xFBF4, 0xFEDC,
    0xFB53, 0xF373, 0xFBB4, 0xF3B4, 0xF2D1, 0xFDDA, 0xFCB6, 0xFCB7, 0xFE5A, 0xF311, 0xFB93, 0xFAF1,
    0xF270, 0xFAB1, 0xFA90, 0xFEBC, 0xFCD6, 0xF26F, 0xFCF8, 0xFD99, 0xF270, 0xFB93, 0xFB72, 0xFAF1,
    0xFE7B, 0xF331, 0xFA4F, 0xF22E, 0xF4F6, 0xFDF9, 0xFA6F, 0xFAD1, 0xFAD0, 0xFEDC, 0xFB31, 0xFB10,
    0xF351, 0xFB92, 0xF371, 0xFB72, 0xFB72, 0xF371, 0xFAF0, 0xFC34, 0xFEBB, 0xFAAF, 0xF2D0, 0xFAD0,
    0xFEDC, 0xF22E, 0xFDD9, 0xFCB5, 0xF26E, 0xFA8F, 0xFCB5, 0xFE5A, 0xFA8F, 0xFE7A, 0xFA4E, 0xFAEF,
    0xF2AF, 0xFA4E, 0xF22D, 0xFCD5, 0xFDF9, 0xF9CC, 0xFACE, 0xFAAE, 0xFEDB, 0xFA2D, 0xFCF6, 0xFD16,
    0xFAAE, 0xF2AE, 0xFC74, 0xFDD8, 0xF26D, 0xFB70, 0xF350, 0xFB50, 0xFB50, 0xF32F, 0xFB50, 0xF34F,
    0xF32F, 0xFB50, 0xF34F, 0xFB50, 0xFB50, 0xF32F, 0xFB50, 0xF34F, 0xF34F, 0xFB50, 0xF34F, 0xFB50,
    0xFB4F, 0xF34F, 0xFB70, 0xF34F, 0xF34F, 0xFB50, 0xF34F, 0xFB70, 0xFB4F, 0xF34F, 0xFB70, 0xF34F,
    0xF34F, 0xFB4F, 0xF34F, 0xFB70, 0xFB4F, 0xF34F, 0xFB50, 0xFB4F, 0xF34F, 0xFB50, 0xF34F, 0xFB70,
    0xFB50, 0xF34F, 0xFB50, 0xFB4F, 0xF34F, 0xFB50, 0xF34F, 0xFB70, 0xFB50, 0xF34F, 0xFB70, 0xF350,
    0xF34F, 0xFB50, 0xF34F, 0xFB70, 0xFB50, 0xF34F, 0xFB70, 0xFB50, 0xF34F, 0xFB50, 0xF350, 0xFB70,
    0xFB70, 0xF34F, 0xFB70, 0xFB50, 0xF34F, 0xFB70, 0xF350, 0xFB70, 0xFB70, 0xF350, 0xFB70, 0xF370,
    0xF350, 0xFB70, 0xF350, 0xFB71, 0xFB71, 0xF350, 0xFB71, 0xFB71, 0xF350, 0xFB71, 0xF371, 0xFB71,
    0xFB71, 0xF371, 0xFB71, 0xFB71, 0xF371, 0xFB71, 0xF371, 0xFB92, 0xFB91, 0xF371, 0xFB92, 0xF371,
    0xF371, 0xFB92, 0xF391, 0xFB92, 0xFB92, 0xF392, 0xFB92, 0xFB92, 0xF392, 0xFB92, 0xF392, 0xFBB3,
    0xFBB2, 0xF392, 0xFBB3, 0xFBB3, 0xF3B2, 0xFBB3, 0xF3B3, 0xFBB3, 0xF3B3, 0xF3B3, 0xFBD3, 0xF3B3,
    0xF3B3, 0xFBD3, 0xF3B3, 0xFBD4, 0xF3D4, 0xF3B3, 0xFBD4, 0xF3D4, 0xF3D3, 0xFBD4, 0xF3D4, 0xFBF4,
    0xF3F4, 0xF3D4, 0xFBF5, 0xF3F4, 0xF3F4, 0xFBF5, 0xF3F5, 0xFC15, 0xF3F5, 0xF3F5, 0xFC15, 0xF415,
    0xF415, 0xF416, 0xF415, 0xFB95, 0xFF3D, 0xF63A, 0xF355, 0xC351, 0xE3F3, 0xEBF4, 0xE3D3, 0xEBF4,
    0xE3D3, 0xE3D3, 0xE3D3, 0xDBD3, 0xDBB2, 0xDBD3, 0xDBB2, 0xDBB3, 0xDBB2, 0xD392, 0xD3B2, 0xD392,
    0xCB71, 0xCB72, 0xCB71, 0xCB72, 0xCB71, 0xC351, 0xC351, 0xC351, 0xBB30, 0xC331, 0xBB30, 0xBB31,
    0xBB72, 0xBB71, 0xBB71, 0xC392, 0xBB72, 0xBB71, 0xC392, 0xC392, 0xCBB3, 0xC3B2, 0xC3B2, 0xCBD3,
    0xCBD3, 0xCBD3, 0xCBF3, 0xCBF3, 0xD414, 0xD414, 0xCC13, 0xD434, 0xD434, 0xD434, 0xD454, 0xD454,
    0xDC75, 0xD474, 0xD454, 0xD495, 0xBBD3, 0xFBB7, 0xFF5E, 0xFE7B, 0xFB75, 0xF436, 0xF416, 0xF436,
    0xF416, 0xF415, 0xF416, 0xF415, 0xFC16, 0xF415, 0xF3F5, 0xFC16, 0xF3F5, 0xF3F5, 0xFBF5, 0xF394,
    0xFE1A, 0xFF1D, 0xFEFD, 0xFD59, 0xF333, 0xF517, 0xFF9E, 0xFEDC, 0xFE7C, 0xFE9B, 0xF373, 0xFBF4,
    0xFBB3, 0xF2D0, 0xFCF7, 0xFDB9, 0xFB12, 0xFB93, 0xF3B3, 0xFEFD, 0xFE7B, 0xFE9B, 0xFF3D, 0xF434,
    0xFB73, 0xFBB3, 0xF331, 0xFCF6, 0xFF1D, 0xFEBB, 0xFE9C, 0xF2F1, 0xFB32, 0xFE1A, 0xFE7B, 0xFE7B,
    0xFEFC, 0xFD98, 0xFB72, 0xFF1D, 0xFE3B, 0xFE9C, 0xFE9B, 0xFF1C, 0xF392, 0xF351, 0xFB72, 0xF371,
    0xFB72, 0xFB72, 0xF371, 0xFB31, 0xFC54, 0xFF1C, 0xFE7B, 0xFE9B, 0xFB71, 0xFB51, 0xF2EF, 0xFDD8,
    0xFEDC, 0xFE5A, 0xFDD9, 0xFB30, 0xFB31, 0xFB51, 0xFEDB, 0xFEFC, 0xFE5A, 0xFEDC, 0xFBF3, 0xF24E,
    0xFC54, 0xFF7D, 0xFEFB, 0xFE7A, 0xFEBB, 0xF22C, 0xFD77, 0xFD57, 0xFAAE, 0xFACE, 0xFCB4, 0xFE5A,
    0xFA8E, 0xF350, 0xFB50, 0xF350, 0xFB50, 0xFB50, 0xF34F, 0xFB50, 0xF350, 0xF32F, 0xFB50, 0xF34F,
    0xFB50, 0xFB4F, 0xF32F, 0xFB50, 0xFB4F, 0xF34F, 0xFB50, 0xF34F, 0xFB50, 0xFB4F, 0xF34F, 0xFB70,
    0xFB4F, 0xF34F, 0xFB50, 0xF34F, 0xFB70, 0xFB4F, 0xF34F, 0xFB70, 0xF34F, 0xF34F, 0xFB4F, 0xF34F,
    0xFB50, 0xFB4F, 0xF34F, 0xFB50, 0xFB4F, 0xF34F, 0xFB50, 0xF34F, 0xFB70, 0xFB50, 0xF34F, 0xFB50,
    0xFB4F, 0xF34F, 0xFB50, 0xF34F, 0xFB70, 0xFB50, 0xF34F, 0xFB70, 0xFB50, 0xF34F, 0xFB70, 0xF34F,
    0xFB70, 0xFB50, 0xF34F, 0xFB70, 0xFB50, 0xF34F, 0xFB50, 0xF350, 0xFB70, 0xFB50, 0xF34F, 0xFB70,
    0xFB50, 0xF34F, 0xFB50, 0xF350, 0xFB70, 0xFB70, 0xF350, 0xFB70, 0xFB50, 0xF350, 0xFB70, 0xF350,
    0xFB71, 0xFB71, 0xF350, 0xFB71, 0xFB71, 0xF370, 0xFB71, 0xF371, 0xFB71, 0xFB71, 0xF371, 0xFB71,
    0xFB71, 0xF371, 0xFB71, 0xF371, 0xFB92, 0xF391, 0xF371, 0xFB92, 0xF371, 0xF371, 0xFB92, 0xF391,
    0xFB92, 0xFB92, 0xF392, 0xFBB2, 0xF392, 0xF392, 0xFB92, 0xF3B2, 0xFBB3, 0xFBB2, 0xF392, 0xFBB3,
    0xF3B3, 0xF3B2, 0xFBB3, 0xF3B3, 0xFBB3, 0xFBB3, 0xF3B3, 0xFBD3, 0xF3B3, 0xF3B3, 0xFBD3, 0xF3B3,
    0xFBD4, 0xF3D4, 0xF3D3, 0xFBD4, 0xF3D4, 0xF3D4, 0xFBD4, 0xF3D4, 0xFBF5, 0xF3F4, 0xF3D4, 0xFBF5,
    0xF3F4, 0xF3F4, 0xF3F5, 0xF3F5, 0xFC15, 0xF3F5, 0xF3F5, 0xFC15, 0xF415, 0xF415, 0xFC16, 0xF394,
    0xFF3D, 0xFE3B, 0xF354, 0xCB72, 0xEBF3, 0xE3D3, 0xEBF3, 0xE3D3, 0xE3F4, 0xE3D3, 0xDBD3, 0xE3D3,
    0xDBB3, 0xDBB2, 0xDBB3, 0xDBB2, 0xDBB3, 0xD3B2, 0xD392, 0xD392, 0xCB72, 0xCB71, 0xCB72, 0xCB71,
    0xCB72, 0xC351, 0xC351, 0xC351, 0xC331, 0xBB30, 0xBB31, 0xBB30, 0xBB51, 0xBB72, 0xBB72, 0xBB71,
    0xC392, 0xC392, 0xBB92, 0xC3B2, 0xC3B2, 0xCBB3, 0xCBD3, 0xC3B2, 0xCBF3, 0xCBD3, 0xCBF3, 0xCBF3,
    0xCC13, 0xD414, 0xD434, 0xCC13, 0xD454, 0xD434, 0xCC34, 0xD454, 0xD454, 0xD475, 0xD474, 0xCC94,
    0xC3D3, 0xFBB7, 0xFF3D, 0xFE7C, 0xF375, 0xFC36, 0xF416, 0xF416, 0xF416, 0xF416, 0xF415, 0xF416,
    0xF415, 0xFC16, 0xF415, 0xF3F5, 0xFC15, 0xF3F5, 0xF3F5, 0xFBB5, 0xF3D5, 0xFBF6, 0xFC35, 0xF3D4,
    0xFB94, 0xF3F5, 0xF435, 0xFBD5, 0xF3B4, 0xFBF5, 0xFBD4, 0xF372, 0xFD59, 0xFE9B, 0xF4D6, 0xFB53,
    0xF393, 0xFBB4, 0xFB93, 0xF3F4, 0xFBD4, 0xFBD3, 0xF3D3, 0xFB52, 0xF372, 0xFBB3, 0xFB93, 0xF3B3,
    0xFBD4, 0xFB73, 0xF372, 0xFB52, 0xF372, 0xFBF4, 0xFB93, 0xF3B3, 0xFBB3, 0xFB52, 0xF351, 0xFC14,
    0xFBD3, 0xFBB3, 0xFB92, 0xF392, 0xFB72, 0xF371, 0xF371, 0xFB72, 0xF371, 0xFB92, 0xFB71, 0xF351,
    0xFB31, 0xFB92, 0xF371, 0xFBD3, 0xF330, 0xFB71, 0xFB10, 0xF371, 0xFB92, 0xFB51, 0xF330, 0xFB10,
    0xF350, 0xFB30, 0xFBD2, 0xF351, 0xFB51, 0xFB71, 0xF350, 0xFB50, 0xFB50, 0xFBB2, 0xFB91, 0xF351,
    0xFB71, 0xFB0F, 0xF350, 0xFB70, 0xF32F, 0xFB50, 0xFB70, 0xF391, 0xFB30, 0xF350, 0xF34F, 0xFB50,
    0xF350, 0xFB50, 0xFB50, 0xF34F, 0xFB50, 0xFB50, 0xF34F, 0xFB50, 0xF34F, 0xFB50, 0xFB4F, 0xF34F,
    0xFB50, 0xFB4F, 0xF34F, 0xFB50, 0xF34F, 0xFB50, 0xFB4F, 0xF34F, 0xFB70, 0xFB4F, 0xF34F, 0xFB6F,
    0xF34F, 0xFB50, 0xFB4F, 0xF34F, 0xFB50, 0xFB4F, 0xF34F, 0xFB4F, 0xF34F, 0xFB50, 0xFB4F, 0xF34F,
    0xFB50, 0xF34F, 0xF34F, 0xFB50, 0xF34F, 0xFB70, 0xFB4F, 0xF34F, 0xFB50, 0xFB4F, 0xF34F, 0xFB50,
    0xF34F, 0xFB70, 0xFB50, 0xF34F, 0xFB70, 0xFB50, 0xF34F, 0xFB70, 0xF350, 0xFB70, 0xFB50, 0xF34F,
    0xFB70, 0xFB50, 0xF34F, 0xFB50, 0xF34F, 0xFB70, 0xFB50, 0xF350, 0xFB70, 0xF350, 0xF34F, 0xFB70,
    0xF350, 0xFB70, 0xFB70, 0xF350, 0xFB70, 0xF370, 0xF350, 0xFB70, 0xF350, 0xFB71, 0xFB71, 0xF350,
    0xFB71, 0xFB71, 0xF370, 0xFB71, 0xF370, 0xFB71, 0xFB71, 0xF370, 0xFB71, 0xF371, 0xF370, 0xFB71,
    0xF371, 0xFB92, 0xFB71, 0xF371, 0xFB92, 0xFB71, 0xF371, 0xFB92, 0xF391, 0xFB92, 0xFB92, 0xF372,
    0xFB92, 0xF392, 0xF392, 0xFBB2, 0xF392, 0xFBB3, 0xFBB2, 0xF392, 0xFBB3, 0xFB93, 0xF392, 0xFBB3,
    0xF3B3, 0xFBB3, 0xFBB3, 0xF3B3, 0xFBB3, 0xF3B3, 0xF3B3, 0xFBB3, 0xF3B3, 0xFBD4, 0xFBD4, 0xF3D3,
    0xFBD4, 0xF3D4, 0xF3D4, 0xFBD4, 0xF3D4, 0xFBF5, 0xF3F4, 0xF3D4, 0xFBF5, 0xF3F4, 0xF3F4, 0xF3F5,
    0xF3F5, 0xFC15, 0xF415, 0xF3F5, 0xFC15, 0xF415, 0xF3F5, 0xFB95, 0xFF3D, 0xFE5B, 0xF375, 0xC351,
    0xEBF4, 0xE3D3, 0xE3D3, 0xE3D3, 0xE3D3, 0xE3D4, 0xE3D3, 0xDBB3, 0xE3D3, 0xDBB3, 0xDBB2, 0xDBB3,
    0xD392, 0xDBB3, 0xD392, 0xCB72, 0xD392, 0xCB72, 0xCB71, 0xCB72, 0xC351, 0xCB71, 0xC351, 0xC330,
    0xC351, 0xBB30, 0xBB30, 0xBB30, 0xBB71, 0xBB71, 0xC372, 0xBB72, 0xBB71, 0xC392, 0xC392, 0xBB92,
    0xC3B2, 0xC3B2, 0xCBD3, 0xCBD3, 0xC3D2, 0xCBF3, 0xCBF3, 0xCBF3, 0xCC14, 0xCC13, 0xD434, 0xD434,
    0xCC34, 0xD454, 0xD454, 0xCC54, 0xD474, 0xCC74, 0xD475, 0xCCB4, 0xBBD2, 0xFBD8, 0xFF3D, 0xF65B,
    0xF375, 0xF416, 0xFC16, 0xF416, 0xF415, 0xF416, 0xF416, 0xF3F5, 0xF416, 0xF415, 0xFC16, 0xF415,
    0xF3F5, 0xFC15, 0xF3F5, 0xF3D4, 0xFBB5, 0xF3B4, 0xFBB4, 0xF3B4, 0xF3B4, 0xFBB4, 0xF393, 0xF393,
    0xFBB4, 0xF393, 0xFBD4, 0xFB93, 0xF455, 0xFD38, 0xF435, 0xF332, 0xFBB4, 0xF3B3, 0xFBB4, 0xFB73,
    0xF352, 0xFB73, 0xF352, 0xF392, 0xFB93, 0xF393, 0xFBB3, 0xFB73, 0xF352, 0xFB72, 0xF352, 0xF372,
    0xFB72, 0xF351, 0xFB52, 0xFB31, 0xF331, 0xFB72, 0xFB72, 0xF331, 0xFB31, 0xF331, 0xFB52, 0xFB51,
    0xF351, 0xFB72, 0xF371, 0xF371, 0xFB72, 0xF371, 0xFB72, 0xFB71, 0xF351, 0xFB31, 0xFB30, 0xF330,
    0xFB51, 0xF351, 0xFB71, 0xFB30, 0xF310, 0xFB30, 0xF330, 0xF350, 0xFB51, 0xF350, 0xFB10, 0xFB10,
    0xF30F, 0xFB30, 0xFB50, 0xF350, 0xFB50, 0xFB0F, 0xFB10, 0xFB10, 0xF30F, 0xFB50, 0xFB0F, 0xF30F,
    0xFB50, 0xF350, 0xFB30, 0xFB2F, 0xF350, 0xFB50, 0xF350, 0xF34F, 0xFB50, 0xF34F, 0xFB50, 0xFB50,
    0xF34F, 0xFB50, 0xFB4F, 0xF34F, 0xFB50, 0xF34F, 0xFB50, 0xFB4F, 0xF32F, 0xFB50, 0xF34F, 0xF32F,
    0xFB4F, 0xF34F, 0xFB70, 0xFB6F, 0xF34F, 0xFB70, 0xF34F, 0xF34F, 0xFB50, 0xF34F, 0xFB70, 0xFB4F,
    0xF34F, 0xFB70, 0xF34F, 0xF34F, 0xFB4F, 0xF34F, 0xFB50, 0xFB4F, 0xF34F, 0xFB50, 0xF34F, 0xF34F,
    0xFB50, 0xF34F, 0xFB50, 0xFB4F, 0xF34F, 0xFB50, 0xF34F, 0xF34F, 0xFB50, 0xF34F, 0xFB50, 0xFB50,
    0xF34F, 0xFB70, 0xF350, 0xF34F, 0xFB50, 0xF350, 0xFB70, 0xFB50, 0xF34F, 0xFB70, 0xFB50, 0xF34F,
    0xFB50, 0xF34F, 0xFB70, 0xFB50, 0xF350, 0xFB70, 0xF350, 0xF350, 0xFB70, 0xF350, 0xFB70, 0xFB70,
    0xF350, 0xFB71, 0xF350, 0xF350, 0xFB70, 0xF350, 0xFB71, 0xFB70, 0xF350, 0xFB71, 0xF371, 0xF350,
    0xFB71, 0xF370, 0xFB71, 0xFB71, 0xF350, 0xFB71, 0xF371, 0xF371, 0xFB71, 0xF371, 0xFB92, 0xFB71,
    0xF371, 0xFB92, 0xF371, 0xF371, 0xFB92, 0xF391, 0xFB92, 0xFB92, 0xF392, 0xFBB2, 0xF392, 0xF392,
    0xFB92, 0xF392, 0xFBB3, 0xFBB2, 0xF392, 0xFBB3, 0xF393, 0xF392, 0xFBB3, 0xF3B3, 0xFBB3, 0xFBB3,
    0xF3B3, 0xFBB3, 0xF3B3, 0xF3B3, 0xFBD4, 0xF3D3, 0xFBD4, 0xFBD4, 0xF3D3, 0xFBD4, 0xF3D4, 0xF3D4,
    0xFBD4, 0xF3D4, 0xFBF5, 0xF3F4, 0xF3D4, 0xFBF5, 0xF3F5, 0xF3D4, 0xF3F5, 0xF3F5, 0xFC15, 0xF415,
    0xF3F5, 0xFC15, 0xF415, 0xF394, 0xFF3D, 0xFE3A, 0xFB75, 0xCB71, 0xEBD3, 0xEBF4, 0xE3D3, 0xE3D3,
    0xE3D3, 0xE3D3, 0xE3D3, 0xE3D3, 0xDBB2, 0xE3D3, 0xDBB3, 0xD392, 0xDBB3, 0xD392, 0xDB92, 0xD392,
    0xCB71, 0xD392, 0xCB71, 0xC351, 0xCB51, 0xC351, 0xCB51, 0xC351, 0xBB30, 0xC351, 0xBB30, 0xBB10,
    0xB351, 0xBB71, 0xBB71, 0xC392, 0xBB92, 0xBB71, 0xC3B2, 0xC392, 0xC392, 0xC3B3, 0xC3B2, 0xCBD3,
    0xCBD3, 0xC3D3, 0xCC13, 0xCBF3, 0xCC13, 0xCC34, 0xCC33, 0xD434, 0xCC54, 0xCC34, 0xD474, 0xCC54,
    0xCC54, 0xD474, 0xCC74, 0xD4B4, 0xBBD2, 0xFB97, 0xFF5E, 0xFE5B, 0xF354, 0xF416, 0xF416, 0xFC16,
    0xF416, 0xF3F5, 0xF416, 0xF3F5, 0xF3F5, 0xF415, 0xF3F5, 0xFC16, 0xF3F5, 0xF3F5, 0xFBF5, 0xF3D5,
    0xF3D4, 0xFBD5, 0xF3D4, 0xFBF5, 0xF3D4, 0xF3D4, 0xFBF4, 0xF3D4, 0xF3D3, 0xFBD4, 0xF3B4, 0xFBD4,
    0xFB93, 0xF332, 0xFB93, 0xF3B3, 0xF3B3, 0xFBB4, 0xF3B3, 0xFBB4, 0xFBB3, 0xF393, 0xFBB3, 0xF393,
    0xF392, 0xFBB3, 0xF392, 0xFBB3, 0xFB93, 0xF392, 0xFB93, 0xF392, 0xF372, 0xFB92, 0xF372, 0xFB92,
    0xFB92, 0xF372, 0xFB92, 0xF372, 0xF371, 0xFB72, 0xF372, 0xFB92, 0xFB72, 0xF371, 0xFB72, 0xF371,
    0xF371, 0xFB72, 0xF371, 0xFB72, 0xFB71, 0xF371, 0xFB71, 0xFB71, 0xF350, 0xFB71, 0xF350, 0xFB71,
    0xFB71, 0xF350, 0xFB71, 0xF350, 0xF350, 0xFB71, 0xF350, 0xFB71, 0xFB50, 0xF350, 0xFB71, 0xF350,
    0xF350, 0xFB70, 0xF350, 0xFB70, 0xFB50, 0xF350, 0xFB70, 0xFB50, 0xF34F, 0xFB50, 0xF350, 0xFB70,
    0xFB50, 0xF34F, 0xFB50, 0xF350, 0xF34F, 0xFB50, 0xF34F, 0xFB50, 0xFB50, 0xF34F, 0xFB50, 0xFB4F,
    0xF34F, 0xFB50, 0xF34F, 0xFB50, 0xFB4F, 0xF34F, 0xFB50, 0xF34F, 0xF34F, 0xFB4F, 0xF34F, 0xFB70,
    0xF36F, 0xF34F, 0xFB70, 0xF34F, 0xF34F, 0xFB4F, 0xF34F, 0xFB70, 0xFB4F, 0xF34F, 0xFB70, 0xF34F,
    0xF34F, 0xFB4F, 0xF34F, 0xFB50, 0xFB4F, 0xF32F, 0xFB50, 0xF34F, 0xF34F, 0xFB4F, 0xF34F, 0xFB50,
    0xFB4F, 0xF34F, 0xFB50, 0xF34F, 0xF34F, 0xFB50, 0xF34F, 0xFB50, 0xFB50, 0xF34F, 0xFB70, 0xF350,
    0xF34F, 0xFB70, 0xF350, 0xFB70, 0xFB70, 0xF34F, 0xFB70, 0xFB50, 0xF34F, 0xFB70, 0xF350, 0xFB70,
    0xFB70, 0xF350, 0xFB70, 0xF350, 0xF350, 0xFB70, 0xF350, 0xFB70, 0xF350, 0xF350, 0xFB71, 0xF350,
    0xF350, 0xFB50, 0xF350, 0xFB71, 0xFB71, 0xF350, 0xFB71, 0xFB71, 0xF370, 0xFB71, 0xF371, 0xFB71,
    0xFB71, 0xF351, 0xFB71, 0xFB71, 0xF371, 0xFB71, 0xF371, 0xFB92, 0xFB71, 0xF371, 0xFB92, 0xF371,
    0xF371, 0xFB92, 0xF392, 0xFB92, 0xFB92, 0xF372, 0xFB92, 0xF392, 0xF392, 0xFB92, 0xF392, 0xFBB3,
    0xFBB2, 0xF392, 0xFBB3, 0xF393, 0xF392, 0xFBB3, 0xF3B3, 0xFBB3, 0xFBB3, 0xF393, 0xFBB3, 0xF3B3,
    0xF3B3, 0xFBD4, 0xF3D3, 0xFBD4, 0xF3D4, 0xF3D3, 0xFBD4, 0xF3D4, 0xF3D3, 0xFBD4, 0xF3D4, 0xFBF5,
    0xF3F4, 0xF3D4, 0xFBF5, 0xF3F5, 0xF3F4, 0xF3F5, 0xF3F5, 0xFC15, 0xF3F5, 0xF3F5, 0xFC15, 0xF394,
    0xFF1C, 0xFE5B, 0xF354, 0xCB72, 0xEBD3, 0xE3D3, 0xEBD3, 0xE3D3, 0xE3B3, 0xE3D3, 0xE3B3, 0xE3D3,
    0xE3B3, 0xDBB2, 0xE3B3, 0xDB92, 0xD392, 0xDB92, 0xD392, 0xD392, 0xD372, 0xCB71, 0xCB72, 0xCB51,
    0xC351, 0xCB51, 0xC351, 0xC351, 0xC331, 0xBB30, 0xC331, 0xBB30, 0xBB51, 0xB351, 0xBB72, 0xBB71,
    0xC392, 0xC392, 0xBB92, 0xC3B2, 0xC3B2, 0xC3B2, 0xC3D3, 0xC3D2, 0xCBF3, 0xCBF3, 0xC3F3, 0xCC13,
    0xCC13, 0xCC13, 0xCC34, 0xCC33, 0xD454, 0xCC54, 0xCC54, 0xCC74, 0xCC74, 0xCC74, 0xCC94, 0xCCB4,
    0xBBD3, 0xFB97, 0xFF3D, 0xFE7C, 0xF355, 0xF416, 0xF416, 0xF416, 0xFC16, 0xF416, 0xF3F5, 0xF416,
    0xF3F5, 0xF3F5, 0xF3F5, 0xF3F5, 0xFC15, 0xF3F5, 0xF3D4, 0xFBF5, 0xF3D4, 0xF3D4, 0xFBD4, 0xF3D4,
    0xFBD5, 0xF3D4, 0xF3D4, 0xFBD4, 0xF3D4, 0xF3B3, 0xFBD4, 0xF3B3, 0xFBD4, 0xFBD4, 0xF3B3, 0xFBB4,
    0xF3B3, 0xF3B3, 0xFBB3, 0xF3B3, 0xFBB3, 0xFBB3, 0xF393, 0xFBB3, 0xF393, 0xF392, 0xFBB3, 0xF392,
    0xFBB3, 0xFB93, 0xF392, 0xFB93, 0xF372, 0xF372, 0xFB92, 0xF372, 0xFB92, 0xFB72, 0xF372, 0xFB72,
    0xF372, 0xF371, 0xFB72, 0xF371, 0xFB72, 0xFB71, 0xF351, 0xFB72, 0xF371, 0xF351, 0xFB71, 0xF371,
    0xFB72, 0xFB71, 0xF351, 0xFB71, 0xFB51, 0xF350, 0xFB71, 0xF350, 0xFB71, 0xFB71, 0xF350, 0xFB71,
    0xFB50, 0xF350, 0xFB50, 0xF350, 0xFB51, 0xFB50, 0xF350, 0xFB70, 0xFB50, 0xF350, 0xFB50, 0xF350,
    0xFB70, 0xFB50, 0xF350, 0xFB50, 0xF350, 0xF34F, 0xFB50, 0xF350, 0xFB50, 0xFB50, 0xF34F, 0xFB50,
    0xF350, 0xF34F, 0xFB50, 0xF34F, 0xFB50, 0xFB4F, 0xF34F, 0xFB70, 0xF34F, 0xF34F, 0xFB50, 0xF34F,
    0xFB50, 0xFB4F, 0xF34F, 0xFB70, 0xF34F, 0xF34F, 0xFB6F, 0xF34F, 0xFB70, 0xFB6F, 0xF34F, 0xFB70,
    0xF34F, 0xF34F, 0xFB4F, 0xF34F, 0xFB70, 0xFB4F, 0xF34F, 0xFB70, 0xF34F, 0xF34F, 0xFB4F, 0xF34F,
    0xFB50, 0xFB4F, 0xF34F, 0xFB50, 0xF34F, 0xF32F, 0xFB4F, 0xF34F, 0xFB50, 0xFB4F, 0xF34F, 0xFB50,
    0xF34F, 0xF32F, 0xFB50, 0xF34F, 0xFB50, 0xFB50, 0xF34F, 0xFB70, 0xF350, 0xF34F, 0xFB70, 0xF350,
    0xFB70, 0xFB70, 0xF34F, 0xFB70, 0xFB50, 0xF34F, 0xFB50, 0xF34F, 0xFB70, 0xFB70, 0xF34F, 0xFB70,
    0xF350, 0xF350, 0xFB50, 0xF350, 0xFB71, 0xFB70, 0xF350, 0xFB71, 0xFB50, 0xF350, 0xFB70, 0xF350,
    0xFB71, 0xFB71, 0xF350, 0xFB71, 0xFB71, 0xF370, 0xFB71, 0xF371, 0xFB71, 0xFB71, 0xF351, 0xFB71,
    0xFB71, 0xF371, 0xFB71, 0xF371, 0xFB92, 0xFB71, 0xF371, 0xFB92, 0xFB72, 0xF371, 0xFB92, 0xF392,
    0xFB92, 0xFB92, 0xF372, 0xFB92, 0xF392, 0xF392, 0xFB92, 0xF392, 0xFBB3, 0xFBB3, 0xF392, 0xFBB3,
    0xF393, 0xF392, 0xFBB3, 0xF3B3, 0xFBB3, 0xFBB3, 0xF393, 0xFBB3, 0xF3B3, 0xF3B3, 0xFBD4, 0xF3D3,
    0xFBD4, 0xFBD4, 0xF3B3, 0xFBD4, 0xF3D4, 0xF3D3, 0xFBD4, 0xF3D4, 0xFBF5, 0xF3F4, 0xF3D4, 0xFBF5,
    0xF3F5, 0xF3F4, 0xF3F5, 0xF3F5, 0xFC15, 0xF415, 0xF3F5, 0xFB95, 0xFF3D, 0xFE3A, 0xF355, 0xC351,
    0xF3F4, 0xEBD3, 0xE3D3, 0xEBD3, 0xE3D3, 0xE3B3, 0xE3D3, 0xE3B3, 0xE3D3, 0xE3B3, 0xDB92, 0xDBB3,
    0xDB92, 0xD392, 0xD392, 0xD372, 0xD392, 0xD372, 0xCB51, 0xCB72, 0xCB51, 0xC351, 0xC351, 0xC331,
    0xC351, 0xC330, 0xBB30, 0xBB30, 0xBB71, 0xBB71, 0xBB71, 0xBB72, 0xBB71, 0xC392, 0xC392, 0xBB92,
    0xC3B2, 0xC3B2, 0xC3B2, 0xC3D3, 0xC3D3, 0xCBF3, 0xCBF3, 0xC3F3, 0xCC34, 0xCC13, 0xC433, 0xCC54,
    0xCC53, 0xCC74, 0xCC74, 0xCC74, 0xCC94, 0xCC74, 0xC474, 0xCCD4, 0xB3D2, 0xFB97, 0xFF3D, 0xFE5B,
    0xF375, 0xF416, 0xF415, 0xF416, 0xF415, 0xFC16, 0xF415, 0xF3F5, 0xF416, 0xF3F5, 0xF3F5, 0xF3F5,
    0xF3F5, 0xFBF5, 0xF3F5, 0xF3D4, 0xFBD5, 0xF3D4, 0xF3D4, 0xFBD4, 0xF3D4, 0xFBD4, 0xF3D4, 0xF3B4,
    0xFBD4, 0xF3B4, 0xF3B3, 0xFBD4, 0xF3B3, 0xFBD4, 0xF3B3, 0xF3B3, 0xFBB4, 0xF3B3, 0xF3B3, 0xFBB3,
    0xF3B3, 0xFBB3, 0xFBB3, 0xF393, 0xFBB3, 0xF3B3, 0xF392, 0xFB93, 0xF392, 0xFB93, 0xFB92, 0xF372,
    0xFB92, 0xFB72, 0xF371, 0xFB72, 0xF372, 0xFB92, 0xFB72, 0xF371, 0xFB72, 0xFB72, 0xF351, 0xFB72,
    0xF371, 0xFB72, 0xFB71, 0xF351, 0xFB71, 0xF371, 0xF351, 0xFB71, 0xF371, 0xFB71, 0xFB71, 0xF351,
    0xFB71, 0xF371, 0xF350, 0xFB71, 0xF350, 0xFB71, 0xFB71, 0xF350, 0xFB71, 0xFB50, 0xF350, 0xFB50,
    0xF350, 0xFB51, 0xFB50, 0xF350, 0xFB70, 0xF350, 0xF350, 0xFB50, 0xF350, 0xFB70, 0xFB50, 0xF34F,
    0xFB50, 0xF350, 0xF34F, 0xFB50, 0xF350, 0xFB70, 0xFB50, 0xF34F, 0xFB50, 0xF34F, 0xF34F, 0xFB50,
    0xF34F, 0xFB50, 0xFB50, 0xF34F, 0xFB50, 0xF34F, 0xF34F, 0xFB50, 0xF34F, 0xFB70, 0xFB6F, 0xF34F,
    0xFB70, 0xF34F, 0xF34F, 0xFB70, 0xF34F, 0xFB70, 0xFB6F, 0xF34F, 0xFB70, 0xFB4F, 0xF34F, 0xFB50,
    0xF34F, 0xFB70, 0xFB6F, 0xF34F, 0xFB70, 0xFB4F, 0xF34F, 0xFB4F, 0xF34F, 0xFB50, 0xFB4F, 0xF34F,
    0xFB50, 0xF34F, 0xF32F, 0xFB4F, 0xF34F, 0xFB50, 0xFB4F, 0xF34F, 0xFB50, 0xFB4F, 0xF32F, 0xFB50,
    0xF34F, 0xFB70, 0xFB50, 0xF34F, 0xFB70, 0xFB50, 0xF34F, 0xFB70, 0xF34F, 0xFB70, 0xFB50, 0xF34F,
    0xFB70, 0xFB50, 0xF34F, 0xFB50, 0xF350, 0xFB70, 0xFB70, 0xF350, 0xFB70, 0xFB70, 0xF350, 0xFB70,
    0xF350, 0xFB70, 0xFB50, 0xF350, 0xFB71, 0xF370, 0xF350, 0xFB70, 0xF370, 0xFB71, 0xFB71, 0xF370,
    0xFB71, 0xFB71, 0xF370, 0xFB71, 0xF371, 0xFB71, 0xFB71, 0xF371, 0xFB71, 0xF371, 0xF371, 0xFB71,
    0xF371, 0xFB92, 0xFB71, 0xF371, 0xFB92, 0xF392, 0xF371, 0xFB92, 0xF372, 0xFB92, 0xFB92, 0xF392,
    0xFB92, 0xF392, 0xF392, 0xFBB3, 0xF392, 0xFBB3, 0xFBB3, 0xF392, 0xFBB3, 0xF393, 0xF392, 0xFBB3,
    0xF393, 0xFBB3, 0xF3B3, 0xF3B3, 0xFBD3, 0xF3B3, 0xF3B3, 0xFBD4, 0xF3D3, 0xFBD4, 0xF3D4, 0xF3B3,
    0xFBD4, 0xF3D4, 0xF3D3, 0xF3D4, 0xF3D4, 0xFBF5, 0xF3F5, 0xF3F4, 0xFC15, 0xF3F5, 0xF3F4, 0xFBF5,
    0xF3F5, 0xFC15, 0xF3F5, 0xF374, 0xFF3D, 0xFE3B, 0xF354, 0xCB51, 0xF3D3, 0xEBD4, 0xEBD3, 0xE3B3,
    0xEBD3, 0xE3B3, 0xE3B2, 0xE3B3, 0xE3B3, 0xE3B3, 0xDBB3, 0xDB92, 0xDBB3, 0xD392, 0xD372, 0xD392,
    0xD371, 0xD372, 0xCB71, 0xCB51, 0xCB71, 0xC351, 0xC330, 0xC351, 0xC330, 0xC331, 0xBB30, 0xBB10,
    0xB351, 0xBB71, 0xBB71, 0xBB71, 0xBB92, 0xBB91, 0xC3B2, 0xC3B2, 0xBBB2, 0xC3D3, 0xC3D2, 0xC3D2,
    0xC3F3, 0xC3F3, 0xCC13, 0xCC13, 0xC413, 0xCC34, 0xCC33, 0xC433, 0xCC54, 0xCC54, 0xCC74, 0xCC74,
    0xC474, 0xCC94, 0xC494, 0xC4D3, 0xB3D2, 0xFB97, 0xFF5E, 0xFE7C, 0xF354, 0xF416, 0xF416, 0xF3F5,
    0xF416, 0xF3F5, 0xFC16, 0xF3F5, 0xF3F5, 0xFC16, 0xF3F5, 0xF3F5, 0xF3F5, 0xF3F5, 0xFBF5, 0xF3D5,
    0xF3D4, 0xFBD4, 0xF3D4, 0xF3D4, 0xFBD4, 0xF3D4, 0xFBD4, 0xFBD4, 0xF3B3, 0xFBD4, 0xF3B4, 0xF3B3,
    0xFBB4, 0xF3B3, 0xFBB4, 0xFBB3, 0xF3B3, 0xFBB4, 0xF3B3, 0xF3B3, 0xFBB3, 0xF3B3, 0xFBB3, 0xF3B3,
    0xF392, 0xFBB3, 0xF393, 0xF392, 0xFB93, 0xF392, 0xFB93, 0xFB92, 0xF372, 0xFB92, 0xF372, 0xF371,
    0xFB92, 0xF371, 0xFB92, 0xF372, 0xF371, 0xFB72, 0xF371, 0xF371, 0xF372, 0xF371, 0xFB72, 0xF371,
    0xF351, 0xFB71, 0xF371, 0xF370, 0xFB71, 0xF351, 0xFB71, 0xF371, 0xF350, 0xFB71, 0xF371, 0xF370,
    0xFB71, 0xF350, 0xFB71, 0xFB71, 0xF350, 0xFB71, 0xF350, 0xF350, 0xFB50, 0xF350, 0xFB51, 0xFB50,
    0xF350, 0xFB70, 0xF350, 0xF350, 0xFB50, 0xF350, 0xFB50, 0xFB50, 0xF350, 0xFB70, 0xF350, 0xF34F,
    0xFB50, 0xF350, 0xFB50, 0xFB50, 0xF34F, 0xFB50, 0xF34F, 0xF34F, 0xFB50, 0xF34F, 0xFB50, 0xFB4F,
    0xF32F, 0xFB50, 0xFB4F, 0xF34F, 0xFB4F, 0xF34F, 0xFB70, 0xFB6F, 0xF34F, 0xFB70, 0xF34F, 0xF34F,
    0xFB70, 0xF34F, 0xFB70, 0xFB6F, 0xF34F, 0xFB70, 0xF34F, 0xF34F, 0xFB70, 0xF34F, 0xFB70, 0xFB4F,
    0xF34F, 0xFB70, 0xF34F, 0xF34F, 0xFB4F, 0xF34F, 0xFB50, 0xFB4F, 0xF32F, 0xFB4F, 0xF34F, 0xF32F,
    0xFB4F, 0xF34F, 0xFB50, 0xFB4F, 0xF34F, 0xFB50, 0xFB4F, 0xF34F, 0xFB50, 0xF34F, 0xFB50, 0xFB50,
    0xF34F, 0xFB70, 0xF350, 0xF34F, 0xFB50, 0xF34F, 0xFB70, 0xFB50, 0xF34F, 0xFB70, 0xFB50, 0xF34F,
    0xFB50, 0xF350, 0xFB70, 0xFB70, 0xF350, 0xFB70, 0xF370, 0xF350, 0xFB70, 0xF350, 0xFB71, 0xFB70,
    0xF350, 0xFB71, 0xFB70, 0xF350, 0xFB71, 0xF370, 0xFB71, 0xFB71, 0xF350, 0xFB71, 0xF371, 0xF370,
    0xFB71, 0xF371, 0xFB71, 0xFB71, 0xF371, 0xFB71, 0xF371, 0xF371, 0xFB71, 0xF371, 0xFB92, 0xFB71,
    0xF371, 0xFB92, 0xFB92, 0xF371, 0xFB92, 0xF392, 0xFB92, 0xFB92, 0xF392, 0xFB92, 0xF392, 0xF392,
    0xFBB3, 0xF392, 0xFBB3, 0xFBB2, 0xF392, 0xFBB3, 0xF393, 0xF392, 0xFBB3, 0xF3B3, 0xFBB3, 0xFBB3,
    0xF3B3, 0xFBD3, 0xF3B3, 0xF3B3, 0xFBD4, 0xF3D3, 0xFBD4, 0xF3D4, 0xF3D4, 0xFBD4, 0xF3D4, 0xF3D4,
    0xF3D4, 0xF3D4, 0xFBF5, 0xF3F5, 0xF3F4, 0xFC15, 0xF3F5, 0xF3F4, 0xFBF5, 0xF3F5, 0xFC15, 0xF394,
    0xFF3D, 0xFE3B, 0xF334, 0xC351, 0xF3D3, 0xEBD3, 0xEBD4, 0xEBD3, 0xE3B3, 0xEBD3, 0xE3B3, 0xE3B2,
    0xE3B3, 0xDBB2, 0xE3B3, 0xDB92, 0xDB92, 0xDB92, 0xD392, 0xD371, 0xD372, 0xCB71, 0xD372, 0xCB51,
    0xC351, 0xCB51, 0xC351, 0xC330, 0xC331, 0xBB30, 0xC331, 0xBB30, 0xBB71, 0xBB51, 0xBB72, 0xBB71,
    0xBB71, 0xC392, 0xBB92, 0xC3B2, 0xC3B2, 0xC3B2, 0xC3D3, 0xC3D2, 0xC3D2, 0xC3F3, 0xC3F3, 0xCC13,
    0xCC33, 0xC433, 0xCC54, 0xC453, 0xC453, 0xCC74, 0xC474, 0xCC94, 0xC494, 0xC494, 0xCCB4, 0xC4D4,
    0xB3D2, 0xFB97, 0xFF5D, 0xFE7C, 0xF354, 0xF3F6, 0xF416, 0xF416, 0xF3F5, 0xF416, 0xF3F5, 0xFC16,
    0xF3F5, 0xF3F5, 0xFBF5, 0xF3F5, 0xF3D4, 0xFBF5, 0xF3F4, 0xFBF5, 0xF3D4, 0xF3D4, 0xFBD4, 0xF3D4,
    0xF3B3, 0xFBD4, 0xF3B4, 0xFBD4, 0xFBD4, 0xF3B3, 0xFBD4, 0xF3B3, 0xF3B3, 0xFBB4, 0xF3B3, 0xFBB4,
    0xFBB3, 0xF393, 0xFBB4, 0xF3B3, 0xF393, 0xFBB3, 0xF393, 0xFB93, 0xFB93, 0xF392, 0xFB93, 0xF392,
    0xF372, 0xFB92, 0xF392, 0xFB93, 0xFB92, 0xF372, 0xF392, 0xF392, 0xEB91, 0xF392, 0xF391, 0xF392,
    0xF392, 0xEB91, 0xF392, 0xF391, 0xEB71, 0xF392, 0xEB91, 0xF392, 0xF391, 0xEB71, 0xF391, 0xF371,
    0xF370, 0xF371, 0xF350, 0xFB71, 0xFB71, 0xF350, 0xFB71, 0xF371, 0xF350, 0xFB71, 0xF350, 0xFB71,
    0xFB50, 0xF350, 0xFB51, 0xF350, 0xF350, 0xFB50, 0xF350, 0xFB51, 0xFB50, 0xF350, 0xFB70, 0xF350,
    0xF34F, 0xFB50, 0xF350, 0xFB50, 0xFB50, 0xF350, 0xFB50, 0xF350, 0xF32F, 0xFB50, 0xF34F, 0xFB50,
    0xFB50, 0xF34F, 0xFB50, 0xF34F, 0xF34F, 0xFB50, 0xF34F, 0xFB50, 0xFB4F, 0xF34F, 0xFB50, 0xFB4F,
    0xF34F, 0xFB4F, 0xF34F, 0xFB70, 0xFB4F, 0xF34F, 0xFB70, 0xF34F, 0xF34F, 0xFB4F, 0xF34F, 0xFB70,
    0xFB6F, 0xF34F, 0xFB70, 0xFB4F, 0xF34F, 0xFB4F, 0xF34F, 0xFB70, 0xFB4F, 0xF34F, 0xFB6F, 0xFB4F,
    0xF34F, 0xFB4F, 0xF34F, 0xFB50, 0xFB4F, 0xF32F, 0xFB50, 0xF34F, 0xF32F, 0xFB4F, 0xF34F, 0xFB50,
    0xFB4F, 0xF32F, 0xFB50, 0xF34F, 0xF34F, 0xFB50, 0xF34F, 0xFB50, 0xFB50, 0xF34F, 0xFB50, 0xF34F,
    0xF34F, 0xFB50, 0xF34F, 0xFB70, 0xFB50, 0xF34F, 0xFB70, 0xFB50, 0xF34F, 0xFB50, 0xF350, 0xFB70,
    0xFB70, 0xF350, 0xFB70, 0xF350, 0xF350, 0xFB50, 0xF350, 0xFB71, 0xFB70, 0xF350, 0xFB71, 0xFB70,
    0xF350, 0xFB71, 0xF370, 0xFB71, 0xFB71, 0xF350, 0xFB71, 0xF371, 0xF370, 0xFB71, 0xF371, 0xFB71,
    0xFB71, 0xF371, 0xFB71, 0xF371, 0xF371, 0xFB71, 0xF371, 0xFB92, 0xFB71, 0xF371, 0xFB92, 0xF392,
    0xF371, 0xFB92, 0xF392, 0xFB92, 0xFB92, 0xF392, 0xFBB2, 0xFB92, 0xF392, 0xFBB3, 0xF392, 0xFBB3,
    0xFB92, 0xF392, 0xFBB3, 0xF393, 0xF392, 0xFBB3, 0xF3B3, 0xFBB3, 0xF3B3, 0xF3B3, 0xFBD4, 0xF3B3,
    0xF3B3, 0xFBD4, 0xF3D3, 0xFBD4, 0xF3D4, 0xF3D4, 0xFBF4, 0xF3D4, 0xF3D4, 0xFBF4, 0xF3F4, 0xFBF5,
    0xF3F5, 0xF3F4, 0xFBF5, 0xF3F5, 0xF3F4, 0xF3F5, 0xF3F5, 0xFB94, 0xFF3D, 0xFE3A, 0xF354, 0xCB51,
    0xEBB3, 0xEBD3, 0xEBD3, 0xEBD3, 0xEBD3, 0xE3B3, 0xEBD3, 0xE3B3, 0xDBB2, 0xE3B3, 0xDB92, 0xE3B3,
    0xDB92, 0xD372, 0xDB92, 0xD372, 0xCB71, 0xD372, 0xCB51, 0xCB72, 0xCB51, 0xC331, 0xCB51, 0xC331,
    0xBB30, 0xC331, 0xBB30, 0xC331, 0xBB71, 0xBB71, 0xBB71, 0xBB92, 0xBB71, 0xBB91, 0xC392, 0xBBB2,
    0xC3B2, 0xC3D2, 0xC3B2, 0xC3F3, 0xC3F3, 0xC3F2, 0xC413, 0xC413, 0xCC34, 0xC433, 0xC433, 0xCC54,
    0xC453, 0xC453, 0xC474, 0xC474, 0xCC94, 0xC494, 0xC494, 0xC4F4, 0xB3D2, 0xFB97, 0xFF5D, 0xFE7B,
    0xFB75, 0xF416, 0xF3F5, 0xF416, 0xF3F6, 0xF3F5, 0xF416, 0xF3F5, 0xFBF6, 0xF3F5, 0xF3D5, 0xFBF5,
    0xF3F5, 0xF3F4, 0xF3F5, 0xF3D4, 0xFBD5, 0xF3D4, 0xF3B4, 0xFBD4, 0xFBB4, 0xF3B3, 0xFBB4, 0xF3B3,
    0xFBD4, 0xFBB4, 0xF3B3, 0xFBD4, 0xF3B3, 0xF3B3, 0xFBB3, 0xF3B3, 0xFBB4, 0xFBB3, 0xF393, 0xFBB3,
    0xF393, 0xF392, 0xFB93, 0xF392, 0xFB93, 0xFB93, 0xF372, 0xFB93, 0xF372, 0xF372, 0xFB92, 0xF372,
    0xFB92, 0xF392, 0xEB91, 0xEBD2, 0xE3D1, 0xDBF1, 0xDC12, 0xD3F1, 0xDC12, 0xD411, 0xD3F1, 0xDC12,
    0xD3F1, 0xD3F1, 0xDBF1, 0xDBF1, 0xDBF2, 0xDBF1, 0xDBD1, 0xE3D1, 0xEB91, 0xEB70, 0xF371, 0xF350,
    0xFB71, 0xFB51, 0xF350, 0xFB71, 0xF350, 0xF350, 0xFB51, 0xF350, 0xFB51, 0xFB50, 0xF350, 0xFB50,
    0xF350, 0xF330, 0xFB50, 0xF350, 0xFB50, 0xFB50, 0xF350, 0xFB50, 0xFB50, 0xF34F, 0xFB50, 0xF350,
    0xFB50, 0xFB50, 0xF32F, 0xFB50, 0xFB2F, 0xF32F, 0xFB50, 0xF32F, 0xFB50, 0xFB4F, 0xF32F, 0xFB50,
    0xF34F, 0xF32F, 0xFB50, 0xF34F, 0xFB50, 0xFB4F, 0xF32F, 0xFB50, 0xF34F, 0xF32F, 0xFB4F, 0xF34F,
    0xFB50, 0xFB4F, 0xF32F, 0xFB4F, 0xFB4F, 0xF34F, 0xFB4F, 0xF34F, 0xFB70, 0xFB4F, 0xF34F, 0xFB70,
    0xF34F, 0xF34F, 0xFB4F, 0xF34F, 0xFB50, 0xFB4F, 0xF32F, 0xFB4F, 0xFB4F, 0xF32F, 0xFB4F, 0xF32F,
    0xFB4F, 0xFB4F, 0xF32F, 0xFB4F, 0xF34F, 0xF32F, 0xFB4F, 0xF34F, 0xFB50, 0xFB4F, 0xF32F, 0xFB50,
    0xFB4F, 0xF32F, 0xFB50, 0xF34F, 0xFB50, 0xFB4F, 0xF34F, 0xFB50, 0xF34F, 0xF34F, 0xFB50, 0xF34F,
    0xFB70, 0xFB50, 0xF34F, 0xFB70, 0xF350, 0xF34F, 0xFB50, 0xF350, 0xFB70, 0xFB70, 0xF350, 0xFB70,
    0xF350, 0xF350, 0xFB70, 0xF350, 0xFB71, 0xFB70, 0xF350, 0xFB71, 0xFB70, 0xF350, 0xFB71, 0xF370,
    0xFB71, 0xFB71, 0xF350, 0xFB71, 0xFB71, 0xF370, 0xFB71, 0xF371, 0xFB71, 0xFB71, 0xF371, 0xFB91,
    0xF371, 0xF371, 0xFB71, 0xF371, 0xFB72, 0xFB71, 0xF371, 0xFB92, 0xF371, 0xF371, 0xFB92, 0xF392,
    0xFBB2, 0xFB92, 0xF392, 0xFBB3, 0xFB92, 0xF392, 0xFB93, 0xF392, 0xFBB3, 0xFB93, 0xF392, 0xFBB3,
    0xF393, 0xF392, 0xFBB3, 0xF3B3, 0xFBB4, 0xF3B3, 0xF3B3, 0xFBD4, 0xF3B3, 0xF3B3, 0xFBD4, 0xF3D3,
    0xFBD4, 0xF3D4, 0xF3D4, 0xFBD4, 0xF3D4, 0xF3D4, 0xFBF5, 0xF3F4, 0xFBF5, 0xF3F5, 0xF3D4, 0xFBF5,
    0xF3F5, 0xF3F4, 0xFBF5, 0xF374, 0xFF3D, 0xFE3A, 0xF334, 0xCB71, 0xF3D3, 0xEBB3, 0xEBD3, 0xEBB3,
    0xEBD3, 0xEBB3, 0xE3B3, 0xE3B3, 0xE3B3, 0xDB92, 0xE3B3, 0xDB92, 0xDB93, 0xDB92, 0xD372, 0xD392,
    0xD372, 0xCB51, 0xD371, 0xCB51, 0xCB51, 0xCB51, 0xC330, 0xC351, 0xC330, 0xBB30, 0xC330, 0xBB10,
    0xB351, 0xBB71, 0xBB71, 0xBB71, 0xBB92, 0xBB92, 0xBB91, 0xC3B2, 0xBBB2, 0xC3D3, 0xC3D2, 0xC3D2,
    0xC3F3, 0xC3F3, 0xC3F2, 0xC413, 0xC433, 0xCC34, 0xC453, 0xC453, 0xC474, 0xC474, 0xC473, 0xC494,
    0xC494, 0xC4B4, 0xC4B4, 0xBCD3, 0xB3F2, 0xFB97, 0xFF3D, 0xFE7C, 0xF354, 0xFC16, 0xF416, 0xF3F5,
    0xF416, 0xF415, 0xF3F5, 0xF3F5, 0xF3F5, 0xFBF5, 0xF3F5, 0xF3D5, 0xFBF5, 0xF3F5, 0xF3D4, 0xFBD4,
    0xF3D4, 0xFBD5, 0xFBD4, 0xF3B3, 0xFBD4, 0xF3D4, 0xF3B3, 0xFBD4, 0xF3D3, 0xFBD4, 0xFBD4, 0xF3B3,
    0xFBD4, 0xF3B3, 0xF3B3, 0xFBB4, 0xF3B3, 0xFBB4, 0xFBB3, 0xF3B3, 0xFBB3, 0xF3B3, 0xF392, 0xFBB3,
    0xF393, 0xFBB3, 0xFB93, 0xF392, 0xFB93, 0xFB92, 0xF392, 0xFB92, 0xF392, 0xF3B2, 0xEBD2, 0xE3D1,
    0xE3F2, 0xDC11, 0xD411, 0xD432, 0xD411, 0xD432, 0xD431, 0xD411, 0xD432, 0xD411, 0xD411, 0xDC11,
    0xDC11, 0xDC12, 0xDBF1, 0xDBD1, 0xEBD1, 0xEB91, 0xEB70, 0xF371, 0xF370, 0xFB71, 0xFB71, 0xF350,
    0xFB71, 0xF371, 0xF350, 0xFB71, 0xF370, 0xFB71, 0xFB70, 0xF350, 0xFB71, 0xF350, 0xF350, 0xFB50,
    0xF350, 0xFB71, 0xFB70, 0xF350, 0xFB70, 0xFB50, 0xF350, 0xFB70, 0xF350, 0xFB70, 0xFB50, 0xF34F,
    0xFB50, 0xF350, 0xF34F, 0xFB50, 0xF34F, 0xFB70, 0xFB50, 0xF34F, 0xFB70, 0xF34F, 0xF34F, 0xFB70,
    0xF34F, 0xFB70, 0xFB6F, 0xF34F, 0xFB70, 0xFB4F, 0xF34F, 0xFB70, 0xF34F, 0xFB70, 0xFB6F, 0xF34F,
    0xFB70, 0xFB4F, 0xF34F, 0xFB6F, 0xF36F, 0xFB70, 0xFB6F, 0xF34F, 0xFB70, 0xF36F, 0xF34F, 0xFB70,
    0xF34F, 0xFB70, 0xFB6F, 0xF34F, 0xFB70, 0xF34F, 0xF34F, 0xFB4F, 0xF34F, 0xFB70, 0xFB4F, 0xF34F,
    0xFB70, 0xF34F, 0xF34F, 0xFB70, 0xF34F, 0xFB70, 0xFB50, 0xF34F, 0xFB70, 0xF350, 0xF34F, 0xFB70,
    0xF34F, 0xFB70, 0xFB70, 0xF34F, 0xFB70, 0xF34F, 0xF34F, 0xFB50, 0xF34F, 0xFB70, 0xFB50, 0xF34F,
    0xFB70, 0xF350, 0xF34F, 0xFB70, 0xF370, 0xFB70, 0xFB70, 0xF350, 0xFB70, 0xF370, 0xF350, 0xFB70,
    0xF350, 0xFB71, 0xFB70, 0xF350, 0xFB71, 0xF370, 0xF370, 0xFB71, 0xF370, 0xFB71, 0xFB71, 0xF370,
    0xFB71, 0xFB71, 0xF370, 0xFB71, 0xF371, 0xFB71, 0xFB71, 0xF371, 0xFB91, 0xF371, 0xF371, 0xFB71,
    0xF371, 0xFB92, 0xFB91, 0xF371, 0xFB92, 0xF392, 0xF391, 0xFB92, 0xF392, 0xFBB2, 0xFB92, 0xF392,
    0xFBB2, 0xF392, 0xF392, 0xFB93, 0xF392, 0xFBB3, 0xFBB3, 0xF392, 0xFBB3, 0xF393, 0xF392, 0xFBB3,
    0xF3B3, 0xFBB4, 0xF3B3, 0xF3B3, 0xFBD4, 0xF3D3, 0xF3D3, 0xFBD4, 0xF3D4, 0xFBD4, 0xF3D4, 0xF3D4,
    0xFBF4, 0xF3D4, 0xF3D4, 0xFBF5, 0xF3F4, 0xFBF5, 0xF3F5, 0xF3F4, 0xFBF5, 0xF3F5, 0xF3D4, 0xFB74,
    0xFF1D, 0xFE3B, 0xF354, 0xCB51, 0xF3D3, 0xEBB3, 0xEBB3, 0xEBB3, 0xEBB3, 0xEBD3, 0xE3B3, 0xE3B2,
    0xE3B3, 0xE392, 0xDB92, 0xDB92, 0xDB92, 0xDB92, 0xDB92, 0xD371, 0xD372, 0xD371, 0xCB51, 0xCB51,
    0xCB51, 0xCB51, 0xC351, 0xC330, 0xC351, 0xC330, 0xBB10, 0xBB30, 0xBB71, 0xBB71, 0xBB72, 0xBB71,
    0xBB71, 0xBB92, 0xBB92, 0xBB91, 0xC3B2, 0xBBB2, 0xC3D3, 0xC3F2, 0xC3D2, 0xC413, 0xC413, 0xC412,
    0xC433, 0xC433, 0xC454, 0xC453, 0xC453, 0xC474, 0xC474, 0xBC93, 0xC494, 0xBCB4, 0xC4B4, 0xBCF4,
    0xB3D2, 0xFBB7, 0xFF3D, 0xF65B, 0xF355, 0xF416, 0xFC16, 0xF416, 0xF3F5, 0xF416, 0xF3F5, 0xF3F5,
    0xF3F5, 0xF3F5, 0xFBF5, 0xF3F5, 0xF3D4, 0xFBF5, 0xF3D4, 0xF3D4, 0xFBD4, 0xF3B4, 0xFBF5, 0xFC14,
    0xF414, 0xFC15, 0xF414, 0xF3F4, 0xFC14, 0xF3F4, 0xFC15, 0xFC14, 0xF3F4, 0xFC14, 0xF3F4, 0xF3F4,
    0xFBF4, 0xF3F4, 0xFBF4, 0xFBF4, 0xF3D3, 0xFBF4, 0xF3D3, 0xF3D3, 0xFBF4, 0xF3D3, 0xFBD4, 0xFBD3,
    0xF3D3, 0xFBD3, 0xF3D3, 0xF3D3, 0xFBD3, 0xF3F2, 0xF413, 0xEC12, 0xE412, 0xE433, 0xE432, 0xDC32,
    0xE432, 0xDC32, 0xE453, 0xDC32, 0xDC32, 0xE432, 0xE432, 0xDC32, 0xE432, 0xE412, 0xEC12, 0xEC12,
    0xEBD1, 0xF3D2, 0xF3B1, 0xF3B1, 0xFBB2, 0xF3B1, 0xFBB2, 0xFBB1, 0xF391, 0xFBB2, 0xFBB1, 0xF391,
    0xFBB2, 0xF3B1, 0xFBB2, 0xFBB1, 0xF391, 0xFBB1, 0xFBB1, 0xF391, 0xFBB1, 0xF3B1, 0xFBB1, 0xFBB1,
    0xF391, 0xFBB1, 0xF3B1, 0xF390, 0xFBB1, 0xF3B1, 0xFBB1, 0xFBB1, 0xF390, 0xFBB1, 0xF391, 0xF390,
    0xFBB1, 0xF3B0, 0xFBB1, 0xFBB1, 0xF390, 0xFBB1, 0xF3B0, 0xF390, 0xFBB1, 0xF3B0, 0xFBB1, 0xFBB0,
    0xF390, 0xFBB1, 0xFBB0, 0xF390, 0xFBB0, 0xF390, 0xFBB1, 0xFBB0, 0xF390, 0xFBB0, 0xF3B0, 0xF390,
    0xFBB0, 0xF3B0, 0xFBB1, 0xFBB0, 0xF390, 0xFBB1, 0xFBB0, 0xF390, 0xFBB0, 0xF390, 0xFBB1, 0xFBB0,
    0xF390, 0xFBB0, 0xF390, 0xF390, 0xFB90, 0xF390, 0xFBB1, 0xFBB0, 0xF390, 0xFBB1, 0xFBB0, 0xF390,
    0xFBB1, 0xF390, 0xFBB1, 0xFBB1, 0xF390, 0xFBB1, 0xF3B0, 0xF390, 0xFBB1, 0xF3B0, 0xFBB1, 0xFBB1,
    0xF390, 0xFB90, 0xFB50, 0xF34F, 0xFB50, 0xF34F, 0xFB70, 0xFB50, 0xF34F, 0xFB70, 0xFB50, 0xF34F,
    0xFB70, 0xF350, 0xFB70, 0xFB70, 0xF350, 0xFB70, 0xFB70, 0xF350, 0xFB70, 0xF350, 0xFB71, 0xFB70,
    0xF350, 0xFB71, 0xFB70, 0xF350, 0xFB71, 0xF350, 0xFB71, 0xFB71, 0xF370, 0xFB71, 0xFB71, 0xF370,
    0xFB71, 0xF371, 0xFB71, 0xFB71, 0xF371, 0xFB91, 0xF371, 0xF371, 0xFB71, 0xF371, 0xFB92, 0xFB92,
    0xF371, 0xFB92, 0xF392, 0xF391, 0xFB92, 0xF392, 0xFBB2, 0xFB92, 0xF392, 0xFBB2, 0xF392, 0xF392,
    0xFB93, 0xF392, 0xFBB3, 0xFB93, 0xF392, 0xFBB3, 0xF3B3, 0xF3B3, 0xFBB3, 0xF3B3, 0xFBD4, 0xFBD3,
    0xF3B3, 0xFBD4, 0xF3D4, 0xF3B3, 0xFBD4, 0xF3D4, 0xFBD4, 0xF3D4, 0xF3D4, 0xFBF4, 0xF3D4, 0xF3D4,
    0xFBF5, 0xF3F4, 0xFBF5, 0xF3F5, 0xF3F4, 0xFBF5, 0xF3F5, 0xF373, 0xFF3D, 0xFE3A, 0xF375, 0xCB71,
    0xF3B3, 0xF3D3, 0xEBB3, 0xEBB3, 0xEBB3, 0xE3B3, 0xEBB3, 0xE3B3, 0xE392, 0xE3B3, 0xDB92, 0xDB92,
    0xDB92, 0xDB92, 0xDB92, 0xD372, 0xD371, 0xD372, 0xCB51, 0xCB51, 0xCB51, 0xC351, 0xCB51, 0xC331,
    0xC330, 0xC331, 0xBB30, 0xBB10, 0xB350, 0xBB71, 0xBB71, 0xBB92, 0xBB91, 0xBB91, 0xC3B2, 0xBBB2,
    0xBBB1, 0xC3D2, 0xBBD2, 0xC3F3, 0xC3F3, 0xBBF2, 0xC413, 0xC413, 0xBC13, 0xC453, 0xC453, 0xC474,
    0xC473, 0xBC73, 0xC494, 0xBC94, 0xBC93, 0xBCB4, 0xBCB4, 0xBD14, 0xB3F2, 0xFB97, 0xFF5D, 0xFE5B,
    0xF354, 0xF416, 0xF3F5, 0xFC16, 0xF415, 0xF3F5, 0xF416, 0xF3F5, 0xF3F5, 0xF3F5, 0xF3F5, 0xFBF5,
    0xF3F5, 0xF3D4, 0xFBF5, 0xF3D4, 0xF3B4, 0xFBF5, 0xF415, 0xFC15, 0xFC15, 0xF3F4, 0xFC15, 0xF3F4,
    0xF3F4, 0xFC14, 0xF3F4, 0xFC15, 0xFBF4, 0xF3F4, 0xFBF4, 0xF3F4, 0xF3F4, 0xFBF4, 0xF3F4, 0xFBF4,
    0xFBF4, 0xF3D3, 0xFBF4, 0xF3D3, 0xF3D3, 0xFBD3, 0xF3D3, 0xFBD4, 0xFBD3, 0xF3D3, 0xFBF3, 0xF3D3,
    0xF3D2, 0xF3F3, 0xEBF2, 0xEC13, 0xE432, 0xDC32, 0xE453, 0xDC52, 0xD452, 0xDC52, 0xDC52, 0xDC53,
    0xDC52, 0xDC32, 0xDC52, 0xDC52, 0xDC31, 0xE432, 0xE412, 0xEC12, 0xEBF2, 0xEBD1, 0xF3D2, 0xF3B1,
    0xF3B1, 0xFBB2, 0xF3B1, 0xFBB2, 0xFBB1, 0xF391, 0xFBB2, 0xFBB1, 0xF391, 0xFBB1, 0xF3B1, 0xFBB2,
    0xFBB1, 0xF391, 0xFBB1, 0xF391, 0xF391, 0xFBB1, 0xF3B1, 0xFBB1, 0xFBB1, 0xF391, 0xFBB1, 0xF391,
    0xF390, 0xFBB1, 0xF391, 0xFBB1, 0xFB91, 0xF390, 0xFBB1, 0xF390, 0xF390, 0xFBB1, 0xF390, 0xFBB1,
    0xFBB0, 0xF390, 0xFBB1, 0xF3B0, 0xF390, 0xFBB1, 0xF3B0, 0xFBB1, 0xFBB0, 0xF390, 0xFBB1, 0xFBB0,
    0xF390, 0xFBB0, 0xF3B0, 0xFBB1, 0xFBB0, 0xF390, 0xFBB0, 0xFBB0, 0xF390, 0xFBB0, 0xF3B0, 0xFBB1,
    0xFBB0, 0xF390, 0xFBB1, 0xFBB0, 0xF390, 0xFBB0, 0xF3B0, 0xFBB1, 0xFBB0, 0xF390, 0xFBB0, 0xF390,
    0xF390, 0xFBB0, 0xF390, 0xFBB1, 0xFBB0, 0xF390, 0xFBB1, 0xFBB0, 0xF390, 0xFBB1, 0xF390, 0xFBB1,
    0xFBB1, 0xF390, 0xFBB1, 0xFBB0, 0xF390, 0xFBB1, 0xF3B0, 0xFBB1, 0xFBB1, 0xF3B0, 0xFBB1, 0xF350,
    0xF34F, 0xFB50, 0xF34F, 0xFB70, 0xFB50, 0xF34F, 0xFB70, 0xF350, 0xF34F, 0xFB70, 0xF370, 0xFB70,
    0xFB70, 0xF32F, 0xFACE, 0xFAAE, 0xF2CE, 0xFB70, 0xF350, 0xFB71, 0xFB70, 0xF370, 0xFB71, 0xFB70,
    0xF370, 0xFB91, 0xF370, 0xFB71, 0xFB71, 0xF370, 0xFB71, 0xF371, 0xF370, 0xFB71, 0xF371, 0xFB92,
    0xFB71, 0xF371, 0xFB91, 0xF371, 0xF371, 0xFB91, 0xF371, 0xFB92, 0xFB92, 0xF371, 0xFB92, 0xFB92,
    0xF371, 0xFB92, 0xF392, 0xFBB2, 0xFB92, 0xF392, 0xFBB3, 0xF392, 0xF392, 0xFBB3, 0xF392, 0xFBB3,
    0xF3B3, 0xF392, 0xFBB3, 0xF3B3, 0xF3B3, 0xFBB3, 0xF3B3, 0xFBD4, 0xFBD3, 0xF3B3, 0xFBD4, 0xF3D4,
    0xF3B3, 0xFBD4, 0xF3D4, 0xFBD4, 0xF3D4, 0xF3D4, 0xFBF4, 0xF3D4, 0xF3D4, 0xF3F5, 0xF3F4, 0xFBF5,
    0xF3F5, 0xF3F4, 0xFBF5, 0xF374, 0xFF1C, 0xFE5B, 0xF354, 0xCB71, 0xF3D3, 0xEBB3, 0xEBD3, 0xEBB3,
    0xE3B2, 0xEBB3, 0xE3B3, 0xEBB3, 0xE3B3, 0xDB92, 0xE3B3, 0xDB92, 0xDB72, 0xDB92, 0xD372, 0xDB72,
    0xD372, 0xCB51, 0xD372, 0xCB51, 0xC351, 0xCB51, 0xC330, 0xCB51, 0xC330, 0xBB10, 0xC330, 0xBB10,
    0xB351, 0xB351, 0xBB71, 0xBB71, 0xBB92, 0xBB92, 0xBB91, 0xC3B2, 0xBBB2, 0xBBB2, 0xC3D2, 0xBBD2,
    0xC3F3, 0xC413, 0xBC12, 0xC433, 0xC433, 0xBC33, 0xC453, 0xBC53, 0xC474, 0xC494, 0xBC73, 0xC4B4,
    0xBCB4, 0xBCB3, 0xBCD4, 0xB4F3, 0xB413, 0xFBB7, 0xFF1D, 0xFE5C, 0xF354, 0xF3F5, 0xF416, 0xF3F5,
    0xFC16, 0xF3F5, 0xF3F5, 0xF415, 0xF3F5, 0xF3F5, 0xF3F5, 0xF3D4, 0xFBF5, 0xF3F5, 0xF3D4, 0xFBD5,
    0xF3F4, 0xF414, 0xFC15, 0xF414, 0xFC15, 0xFC14, 0xF3F4, 0xFC15, 0xF3F4, 0xF3F4, 0xFC14, 0xF3F4,
    0xFC15, 0xFBF4, 0xF3F4, 0xFBF4, 0xF3F4, 0xF3D3, 0xFBF4, 0xF3F4, 0xFBF4, 0xFBF4, 0xF3D3, 0xFBF4,
    0xF3D3, 0xF3D3, 0xFBD3, 0xF3D3, 0xFBD3, 0xFBD3, 0xF3D3, 0xFBD3, 0xF3D3, 0xEBF2, 0xEC13, 0xE412,
    0xE433, 0xDC52, 0xDC52, 0xDC73, 0xDC52, 0xD452, 0xDC72, 0xD452, 0xDC73, 0xDC52, 0xDC52, 0xDC52,
    0xDC52, 0xDC31, 0xE432, 0xE412, 0xEC12, 0xEBD2, 0xF3B1, 0xF3D2, 0xF3B1, 0xF3B1, 0xFBB2, 0xF3B1,
    0xFBB2, 0xFBB1, 0xF391, 0xFBB2, 0xF3B1, 0xF391, 0xFBB1, 0xF3B1, 0xFBB2, 0xFBB1, 0xF391, 0xFBB1,
    0xF3B1, 0xF391, 0xFBB1, 0xF3B1, 0xFBB1, 0xFBB1, 0xF391, 0xFBB1, 0xF391, 0xF390, 0xFBB1, 0xF391,
    0xFBB1, 0xFB91, 0xF390, 0xFBB1, 0xF391, 0xF390, 0xFBB1, 0xF390, 0xFBB1, 0xFBB0, 0xF390, 0xFBB1,
    0xF3B0, 0xF390, 0xFBB0, 0xF390, 0xFBB1, 0xFBB0, 0xF390, 0xFBB1, 0xF3B0, 0xF390, 0xFBB0, 0xF3B0,
    0xFBB1, 0xFBB0, 0xF390, 0xFBB0, 0xFBB0, 0xF390, 0xFBB0, 0xF3B0, 0xFBB1, 0xFBB0, 0xF390, 0xFBB1,
    0xF390, 0xF390, 0xFBB0, 0xF3B0, 0xFBB1, 0xFBB0, 0xF390, 0xFBB0, 0xF390, 0xF390, 0xFBB1, 0xF390,
    0xFBB1, 0xFBB0, 0xF390, 0xFBB1, 0xF390, 0xF390, 0xFBB1, 0xF3B0, 0xFBB1, 0xFBB1, 0xF390, 0xFBB1,
    0xFBB0, 0xF390, 0xFBB1, 0xF3B0, 0xFBB1, 0xFBB1, 0xF3B0, 0xFBB1, 0xF34F, 0xF34F, 0xFB70, 0xF34F,
    0xFB70, 0xFB70, 0xF34F, 0xFB70, 0xFB50, 0xF34F, 0xFB70, 0xF370, 0xFB50, 0xFB91, 0xFCF5, 0xFD16,
    0xFCD5, 0xF30E, 0xFB30, 0xF2CE, 0xFB71, 0xFAEF, 0xF32F, 0xFB30, 0xFB0F, 0xFDF8, 0xFB50, 0xF370,
    0xFB50, 0xFB50, 0xF370, 0xFB51, 0xFB71, 0xF391, 0xFB10, 0xF2EF, 0xFB71, 0xFB91, 0xF371, 0xFB92,
    0xFB71, 0xF371, 0xFB92, 0xF371, 0xFB92, 0xFB92, 0xF371, 0xFB92, 0xF392, 0xF372, 0xFB92, 0xF392,
    0xFB92, 0xFB92, 0xF392, 0xFBB3, 0xF392, 0xF392, 0xFB93, 0xF392, 0xFBB3, 0xFBB3, 0xF3B3, 0xFBB3,
    0xF3B3, 0xF3B3, 0xFBB3, 0xF3B3, 0xFBD4, 0xFBD4, 0xF3B3, 0xFBD4, 0xF3D4, 0xF3B3, 0xFBD4, 0xF3D4,
    0xFBD4, 0xF3D4, 0xF3D4, 0xFBF4, 0xF3D4, 0xF3D4, 0xFBF5, 0xF3F4, 0xFC15, 0xF3F5, 0xF3D4, 0xFB94,
    0xFF3D, 0xFE3A, 0xF375, 0xCB51, 0xFBD3, 0xEBB3, 0xEBB3, 0xEBB3, 0xEBB3, 0xE3B2, 0xEBB3, 0xE3B2,
    0xEBB3, 0xE393, 0xDB92, 0xE393, 0xDB92, 0xD371, 0xDB72, 0xD371, 0xD372, 0xD371, 0xCB51, 0xCB51,
    0xCB51, 0xC330, 0xCB51, 0xC330, 0xC331, 0xC330, 0xBB10, 0xC330, 0xBB71, 0xBB71, 0xB371, 0xBB91,
    0xBB91, 0xBB92, 0xBBB2, 0xBB91, 0xC3D2, 0xBBD2, 0xBBD2, 0xC3F2, 0xBBF2, 0xC413, 0xC413, 0xBC13,
    0xC433, 0xBC33, 0xBC53, 0xC473, 0xBC73, 0xC494, 0xBC94, 0xBC93, 0xBCB4, 0xBCB4, 0xB4B3, 0xB514,
    0xB3F2, 0xFB97, 0xFF3D, 0xFE5B, 0xF375, 0xF416, 0xF3F5, 0xF416, 0xF3F5, 0xFC16, 0xF3F5, 0xF3F5,
    0xFC15, 0xF3F5, 0xF3D4, 0xF3F5, 0xF3D4, 0xFBF5, 0xF3D4, 0xF3D4, 0xFC35, 0xF415, 0xF414, 0xFC15,
    0xF414, 0xFC15, 0xFC14, 0xF3F4, 0xFC15, 0xF3F4, 0xF3F4, 0xFC14, 0xF3F4, 0xFC15, 0xFBF4, 0xF3F4,
    0xFBF4, 0xF3F4, 0xF3D3, 0xFBF4, 0xF3F3, 0xFBF4, 0xFBD3, 0xF3D3, 0xFBF4, 0xF3D3, 0xF3D3, 0xFBD3,
    0xF3D3, 0xFBD3, 0xFBD3, 0xF3D3, 0xF3F3, 0xF3F2, 0xEBF2, 0xEC33, 0xDC32, 0xE473, 0xDC72, 0xD472,
    0xDC72, 0xD472, 0xD472, 0xDC72, 0xD472, 0xDC73, 0xDC72, 0xD452, 0xDC72, 0xDC52, 0xDC31, 0xE432,
    0xE3F1, 0xF3F2, 0xF3D2, 0xF3B1, 0xFBB2, 0xF3B1, 0xF391, 0xFBB2, 0xF3B1, 0xFBB2, 0xFBB1, 0xF391,
    0xFBB2, 0xF3B1, 0xF391, 0xFBB1, 0xF391, 0xFBB2, 0xFBB1, 0xF391, 0xFBB1, 0xF3B1, 0xF391, 0xFBB1,
    0xF3B1, 0xFBB1, 0xFBB1, 0xF390, 0xFBB1, 0xFBB1, 0xF390, 0xFBB1, 0xF390, 0xFBB1, 0xFBB1, 0xF390,
    0xFBB1, 0xFBB0, 0xF390, 0xFBB1, 0xF390, 0xFBB1, 0xFBB1, 0xF390, 0xFBB1, 0xF3B0, 0xF390, 0xFBB0,
    0xF390, 0xFBB1, 0xFBB0, 0xF390, 0xFBB1, 0xF390, 0xF390, 0xFBB0, 0xF3B0, 0xFBB1, 0xFBB0, 0xF390,
    0xFBB1, 0xFBB0, 0xF390, 0xFBB0, 0xF3B0, 0xFBB1, 0xFBB0, 0xF390, 0xFBB1, 0xFB90, 0xF390, 0xFBB0,
    0xF390, 0xFBB1, 0xFBB0, 0xF390, 0xFBB0, 0xFB90, 0xF390, 0xFBB1, 0xF390, 0xFBB1, 0xFBB0, 0xF390,
    0xFBB1, 0xF390, 0xF390, 0xFBB1, 0xF3B0, 0xFBB1, 0xFBB1, 0xF390, 0xFBB1, 0xFBB1, 0xF390, 0xFBB1,
    0xF3B0, 0xFBB1, 0xFBB1, 0xF3B0, 0xFB70, 0xF34F, 0xF34F, 0xFB70, 0xF34F, 0xFB70, 0xFB70, 0xF34F,
    0xFB70, 0xFB70, 0xF350, 0xFB70, 0xF2EE, 0xFCD5, 0xFF1C, 0xF4D5, 0xFDF8, 0xFC94, 0xF350, 0xFC54,
    0xFA8E, 0xFC95, 0xFBF2, 0xF412, 0xFCF5, 0xFB91, 0xF30F, 0xFB50, 0xFB91, 0xFB71, 0xFB50, 0xF3D2,
    0xFB91, 0xFACF, 0xF4B4, 0xFD16, 0xFBD2, 0xFB30, 0xFB91, 0xF371, 0xFB92, 0xFB91, 0xF371, 0xFB92,
    0xF371, 0xFB92, 0xFB92, 0xF371, 0xFB92, 0xFB92, 0xF392, 0xFB92, 0xF392, 0xFB92, 0xFB92, 0xF392,
    0xFBB3, 0xF392, 0xF392, 0xFBB3, 0xF3B2, 0xFBB3, 0xFBB3, 0xF3B2, 0xFBD3, 0xF3B3, 0xF3B3, 0xFBD3,
    0xF3B3, 0xFBD4, 0xF3D4, 0xF3B3, 0xFBD4, 0xF3D4, 0xF3B3, 0xFBD4, 0xF3D4, 0xFBF5, 0xF3D4, 0xF3D4,
    0xFBF5, 0xF3D4, 0xF3F4, 0xF3F5, 0xF3F4, 0xFBF5, 0xF3F5, 0xF373, 0xFF3D, 0xFE3B, 0xEB54, 0xCB51,
    0xF3B3, 0xF3D3, 0xEBB3, 0xEBB3, 0xEBB3, 0xEBB3, 0xE392, 0xEBB3, 0xE392, 0xE3B3, 0xE392, 0xDB92,
    0xDB92, 0xDB72, 0xD371, 0xD372, 0xD371, 0xD372, 0xCB51, 0xCB51, 0xCB51, 0xCB51, 0xC330, 0xC331,
    0xC330, 0xC331, 0xC330, 0xBB10, 0xB350, 0xBB71, 0xBB71, 0xB371, 0xBB91, 0xBB91, 0xBBB2, 0xBBB2,
    0xBBB2, 0xC3D2, 0xBBD2, 0xBBD2, 0xC3F3, 0xBC12, 0xC433, 0xC433, 0xBC33, 0xC453, 0xBC53, 0xBC53,
    0xBC73, 0xBC93, 0xBCB4, 0xBCB4, 0xB4B3, 0xBCD4, 0xB4D4, 0xAD13, 0xABF2, 0xFB97, 0xFF5E, 0xFE7B,
    0xF354, 0xF416, 0xF3F5, 0xF3F5, 0xF3F5, 0xF3F5, 0xFBF5, 0xF3F5, 0xF3F5, 0xFBF5, 0xF3F5, 0xF3D4,
    0xF3F5, 0xF3D4, 0xFBD5, 0xF3F5, 0xF415, 0xFC15, 0xF415, 0xF414, 0xFC15, 0xF414, 0xFC15, 0xFC14,
    0xF3F4, 0xFC14, 0xF3F4, 0xF3F4, 0xFBF4, 0xF3F4, 0xFBF4, 0xFBF4, 0xF3F4, 0xFBF4, 0xF3F4, 0xF3D3,
    0xFBF4, 0xF3D3, 0xFBF4, 0xFBD3, 0xF3D3, 0xFBF3, 0xF3D3, 0xF3D3, 0xFBD3, 0xF3D3, 0xFBF3, 0xFBD3,
    0xF3D2, 0xF413, 0xEC12, 0xE432, 0xE452, 0xDC72, 0xDC93, 0xD492, 0xD472, 0xD492, 0xD472, 0xD472,
    0xD472, 0xD472, 0xDC73, 0xD472, 0xD472, 0xDC72, 0xDC52, 0xDC31, 0xEC12, 0xEBF1, 0xF3D2, 0xF3B1,
    0xF3B1, 0xFBB2, 0xF3B1, 0xF391, 0xFBB2, 0xF3B1, 0xFBB2, 0xFBB1, 0xF391, 0xFBB2, 0xF3B1, 0xF391,
    0xFBB1, 0xF3B1, 0xFBB1, 0xFBB1, 0xF391, 0xFBB1, 0xFBB1, 0xF390, 0xFBB1, 0xF3B1, 0xFBB1, 0xFBB1,
    0xF390, 0xFBB1, 0xFB91, 0xF390, 0xFB91, 0xF390, 0xFBB1, 0xFB91, 0xF390, 0xFBB1, 0xF390, 0xF390,
    0xFBB1, 0xF3B0, 0xFBB1, 0xFBB1, 0xF390, 0xFBB1, 0xFBB0, 0xF390, 0xFBB0, 0xF3B0, 0xFBB1, 0xFBB0,
    0xF390, 0xFBB0, 0xF3B0, 0xF390, 0xFBB0, 0xF3B0, 0xFBB1, 0xFBB0, 0xF390, 0xFBB0, 0xF3B0, 0xF390,
    0xFBB0, 0xF3B0, 0xFBB1, 0xFBB0, 0xF390, 0xFBB1, 0xFBB0, 0xF390, 0xFBB0, 0xF390, 0xFBB1, 0xFBB0,
    0xF390, 0xFBB1, 0xFB90, 0xF390, 0xFBB0, 0xF390, 0xFBB1, 0xFBB0, 0xF390, 0xFBB1, 0xFB90, 0xF390,
    0xFBB1, 0xF3B0, 0xFBB1, 0xFBB1, 0xF390, 0xFBB1, 0xF3B1, 0xF390, 0xFBB1, 0xF3B0, 0xFBB1, 0xFBB1,
    0xF370, 0xFB70, 0xF350, 0xF34F, 0xFB70, 0xF34F, 0xFB70, 0xFB70, 0xF350, 0xFB70, 0xFB70, 0xF370,
    0xFAEE, 0xFCD5, 0xFD98, 0xF9CB, 0xF370, 0xFDB9, 0xFB0F, 0xFF5D, 0xFDB8, 0xFE7A, 0xFC73, 0xFC12,
    0xFDD9, 0xFE9B, 0xFB0F, 0xF28E, 0xFE3A, 0xFCB4, 0xFA8E, 0xFDF9, 0xF453, 0xFBB2, 0xFD77, 0xFD77,
    0xFD56, 0xFB71, 0xFB51, 0xFB71, 0xF371, 0xFB92, 0xFB91, 0xF371, 0xFB92, 0xF371, 0xFB92, 0xFB92,
    0xF371, 0xFB92, 0xFB92, 0xF391, 0xFB92, 0xF392, 0xFBB3, 0xFB92, 0xF392, 0xFBB3, 0xF392, 0xF392,
    0xFBB3, 0xF3B3, 0xFBB3, 0xFBB3, 0xF3B3, 0xFBD3, 0xF3B3, 0xF3B3, 0xFBD3, 0xF3D3, 0xFBD4, 0xF3D4,
    0xF3B3, 0xFBD4, 0xF3D4, 0xF3D3, 0xF3D4, 0xF3D4, 0xFBF5, 0xF3F4, 0xF3D4, 0xFBF5, 0xF3F4, 0xF3D4,
    0xF3F5, 0xF3F4, 0xFBF5, 0xF374, 0xFF1C, 0xFE5B, 0xF354, 0xCB51, 0xF3B3, 0xEBB3, 0xF3B3, 0xEBB3,
    0xEBB2, 0xEBB3, 0xE3B3, 0xE392, 0xE3B3, 0xE392, 0xE393, 0xDB92, 0xDB72, 0xDB92, 0xD372, 0xD371,
    0xD372, 0xD351, 0xD372, 0xCB51, 0xCB31, 0xCB51, 0xC331, 0xC330, 0xC331, 0xC330, 0xC331, 0xBB10,
    0xB371, 0xB351, 0xBB71, 0xBB71, 0xB371, 0xBB92, 0xBB91, 0xBBB2, 0xBBB2, 0xBBB2, 0xC3F2, 0xBBF2,
    0xBBF2, 0xBC13, 0xBC12, 0xC433, 0xBC33, 0xBC33, 0xBC73, 0xBC73, 0xBC73, 0xBC94, 0xBC93, 0xBCB4,
    0xBCD4, 0xB4D3, 0xBCF4, 0xAD33, 0xABF2, 0xFB97, 0xFF3D, 0xFE9C, 0xF354, 0xF3F5, 0xF416, 0xF3F5,
    0xF3F5, 0xF3F5, 0xF3F5, 0xFBF5, 0xF3F5, 0xF3D5, 0xFBF5, 0xF3D5, 0xF3D4, 0xFBF4, 0xF3D4, 0xFC15,
    0xFC15, 0xF414, 0xFC15, 0xF414, 0xF414, 0xFC14, 0xF414, 0xFC15, 0xFC14, 0xF3F4, 0xFC14, 0xF3F4,
    0xF3F4, 0xFBF4, 0xF3F4, 0xFBF4, 0xFBF4, 0xF3D3, 0xFBF4, 0xF3F4, 0xF3D3, 0xFBF4, 0xF3D3, 0xFBF4,
    0xFBF3, 0xF3D3, 0xFBD3, 0xF3D3, 0xF3D3, 0xFBD3, 0xF3D3, 0xFBD3, 0xF3F3, 0xEBF2, 0xEC33, 0xE432,
    0xDC52, 0xDC72, 0xD492, 0xD493, 0xD492, 0xCC72, 0xD492, 0xD472, 0xCC72, 0xD492, 0xD472, 0xDC92,
    0xD472, 0xD472, 0xDC72, 0xE432, 0xE411, 0xEBF2, 0xEBD1, 0xFBD2, 0xFBB1, 0xF3B1, 0xFBB2, 0xF3B1,
    0xF391, 0xFBB2, 0xF3B1, 0xFBB2, 0xFBB1, 0xF391, 0xFBB1, 0xFBB1, 0xF391, 0xFBB1, 0xF3B1, 0xFBB2,
    0xFBB1, 0xF391, 0xFBB1, 0xF3B1, 0xF390, 0xFBB1, 0xF3B1, 0xFBB1, 0xFBB1, 0xF390, 0xFBB1, 0xFB91,
    0xF390, 0xFBB1, 0xF390, 0xFBB1, 0xFBB1, 0xF390, 0xFBB1, 0xF390, 0xF390, 0xFBB1, 0xF3B0, 0xFBB1,
    0xFBB0, 0xF390, 0xFBB1, 0xF390, 0xF390, 0xFBB0, 0xF3B0, 0xFBB1, 0xFBB0, 0xF390, 0xFBB1, 0xFBB0,
    0xF390, 0xFBB0, 0xF3B0, 0xFBB1, 0xFBB0, 0xF390, 0xFBB0, 0xF3B0, 0xF390, 0xFBB0, 0xF3B0, 0xFBB1,
    0xFBB0, 0xF390, 0xFBB1, 0xFBB0, 0xF390, 0xFBB0, 0xF390, 0xFBB1, 0xFBB0, 0xF390, 0xFBB1, 0xF390,
    0xF390, 0xFBB1, 0xF3B0, 0xFBB1, 0xFBB0, 0xF390, 0xFBB1, 0xF3B0, 0xF390, 0xFBB1, 0xF3B0, 0xFBB1,
    0xFBB1, 0xF390, 0xFBB1, 0xF3B1, 0xF390, 0xFBB1, 0xF3B0, 0xFBB1, 0xFB91, 0xF34F, 0xFB70, 0xF350,
    0xF34F, 0xFB50, 0xF34F, 0xFB70, 0xFB70, 0xF350, 0xFB70, 0xFB70, 0xF2CE, 0xFC94, 0xFD77, 0xFA8D,
    0xFC33, 0xFE3A, 0xF9AA, 0xFDB8, 0xFE19, 0xFAAD, 0xF34F, 0xFAEF, 0xFA0C, 0xFDF9, 0xFB30, 0xFACE,
    0xF6BB, 0xFC94, 0xF20C, 0xFDB8, 0xFCB5, 0xFE19, 0xFD37, 0xFBF3, 0xFEDB, 0xFC74, 0xFB10, 0xFB92,
    0xFB91, 0xF371, 0xFB92, 0xF371, 0xF371, 0xFB92, 0xF391, 0xFB92, 0xFB92, 0xF371, 0xFB92, 0xFB92,
    0xF371, 0xFB92, 0xF392, 0xFB93, 0xFB92, 0xF392, 0xFBB3, 0xF392, 0xF392, 0xFBB3, 0xF3B3, 0xFBD3,
    0xFBB3, 0xF3B3, 0xFBD3, 0xF3B3, 0xF3B3, 0xFBD4, 0xF3B3, 0xFBD4, 0xFBD4, 0xF3B3, 0xFBD4, 0xF3D4,
    0xF3D4, 0xFBD4, 0xF3D4, 0xFBF5, 0xF3F4, 0xF3D4, 0xFBF5, 0xF3F4, 0xF3D4, 0xF3F5, 0xF3F4, 0xFB94,
    0xFF3D, 0xFE3A, 0xF374, 0xCB51, 0xF3B2, 0xF3B3, 0xEBB3, 0xF3B3, 0xEBB3, 0xE392, 0xEBB3, 0xE393,
    0xE392, 0xE393, 0xDB92, 0xE393, 0xDB92, 0xDB72, 0xDB92, 0xD372, 0xD351, 0xD371, 0xCB51, 0xD351,
    0xCB51, 0xC330, 0xCB51, 0xC330, 0xC330, 0xC330, 0xBB10, 0xC330, 0xBB71, 0xBB71, 0xB371, 0xBB91,
    0xBB91, 0xB391, 0xBBB2, 0xBBB1, 0xBBD2, 0xBBD2, 0xBBD2, 0xBBF2, 0xBBF2, 0xBBF2, 0xBC33, 0xBC33,
    0xC453, 0xBC53, 0xBC53, 0xBC73, 0xBC73, 0xB493, 0xBCB4, 0xB4B3, 0xBCD4, 0xB4D4, 0xB4D3, 0xAD54,
    0xABF2, 0xFB77, 0xFF3D, 0xFE7B, 0xFB55, 0xF416, 0xF3F5, 0xF416, 0xF3F5, 0xF3F5, 0xF3F5, 0xF3F5,
    0xFBF5, 0xF3F5, 0xF3D4, 0xFBF5, 0xF3F4, 0xF3D4, 0xFBD4, 0xF3F4, 0xFC35, 0xFC15, 0xF414, 0xFC15,
    0xF414, 0xF3F4, 0xFC14, 0xF3F4, 0xFC15, 0xFC14, 0xF3F4, 0xFC14, 0xF3F4, 0xF3F4, 0xFBF4, 0xF3F4,
    0xFBF4, 0xFBF4, 0xF3D3, 0xFBF4, 0xF3F3, 0xF3D3, 0xFBD3, 0xF3D3, 0xFBF4, 0xFBD3, 0xF3D3, 0xFBD3,
    0xF3D3, 0xF3D2, 0xFBD3, 0xF3D3, 0xF3F3, 0xEC12, 0xE412, 0xE453, 0xDC72, 0xD472, 0xD492, 0xCC92,
    0xD492, 0xD492, 0xCC92, 0xD492, 0xD492, 0xCC92, 0xD492, 0xD492, 0xD492, 0xD472, 0xDC51, 0xE452,
    0xE411, 0xEBF1, 0xF3D2, 0xF3B1, 0xFBD2, 0xFBB2, 0xF391, 0xFBB2, 0xF3B1, 0xF391, 0xFBB2, 0xF3B1,
    0xFBB2, 0xFBB1, 0xF391, 0xFBB1, 0xF391, 0xF391, 0xFBB1, 0xF3B1, 0xFBB2, 0xFBB1, 0xF391, 0xFBB1,
    0xFBB1, 0xF390, 0xFBB1, 0xF391, 0xFBB1, 0xFBB1, 0xF390, 0xFBB1, 0xFB90, 0xF390, 0xFBB1, 0xF390,
    0xFBB1, 0xFBB1, 0xF390, 0xFBB1, 0xF3B0, 0xF390, 0xFBB1, 0xF3B0, 0xFBB1, 0xFBB0, 0xF390, 0xFBB1,
    0xF390, 0xF390, 0xFBB0, 0xFBB0, 0xFBB1, 0xFBB0, 0xF390, 0xFBB1, 0xFBB0, 0xF390, 0xFBB0, 0xF3B0,
    0xFBB1, 0xFBB0, 0xF390, 0xFBB0, 0xF3B0, 0xF390, 0xFBB0, 0xF3B0, 0xFBB1, 0xFBB0, 0xF390, 0xFBB1,
    0xFBB0, 0xF390, 0xFBB0, 0xF3B0, 0xFBB1, 0xFBB0, 0xF390, 0xFBB1, 0xF3B0, 0xF390, 0xFBB1, 0xF3B0,
    0xFBB1, 0xFBB0, 0xF390, 0xFBB1, 0xFBB0, 0xF390, 0xFBB1, 0xF3B0, 0xFBB1, 0xFBB1, 0xF390, 0xFBB1,
    0xFBB1, 0xF390, 0xFBB1, 0xF3B1, 0xFBB1, 0xFB50, 0xF34F, 0xFB70, 0xF350, 0xF34F, 0xFB70, 0xF370,
    0xFB70, 0xFB70, 0xF350, 0xFB90, 0xF2CE, 0xF4B4, 0xFD57, 0xF1AA, 0xFC12, 0xFEDB, 0xF26C, 0xFE39,
    0xFB51, 0xF26D, 0xFB91, 0xF34F, 0xFB30, 0xFE9B, 0xFAEF, 0xFB0F, 0xFC33, 0xF5B8, 0xFBD2, 0xFD57,
    0xFA6E, 0xFE3A, 0xFCB4, 0xFBF2, 0xFBD2, 0xF330, 0xFB71, 0xFB91, 0xFB92, 0xFB91, 0xF371, 0xFB92,
    0xFB92, 0xF391, 0xFB92, 0xF391, 0xFB92, 0xFB92, 0xF391, 0xFB92, 0xF392, 0xF371, 0xFB92, 0xF392,
    0xFB93, 0xFB92, 0xF392, 0xFBB3, 0xF393, 0xF392, 0xFBB3, 0xF3B3, 0xFBD3, 0xF3B3, 0xF3B3, 0xFBD3,
    0xF3B3, 0xF3B3, 0xFBD4, 0xF3B3, 0xFBD4, 0xFBD4, 0xF3D3, 0xFBF4, 0xF3D4, 0xF3D4, 0xFBF4, 0xF3D4,
    0xFBF5, 0xF3D4, 0xF3D4, 0xFBF5, 0xF3F4, 0xF3F4, 0xFBF5, 0xF373, 0xFF3D, 0xFE5B, 0xF354, 0xD351,
    0xF3B3, 0xEBB2, 0xEBB3, 0xEBB3, 0xEBB3, 0xEBB3, 0xE392, 0xEBB3, 0xE392, 0xE392, 0xE392, 0xDB92,
    0xE392, 0xDB72, 0xD371, 0xDB72, 0xD371, 0xCB51, 0xD351, 0xCB51, 0xCB51, 0xCB51, 0xC330, 0xCB31,
    0xC330, 0xBB10, 0xC330, 0xBB10, 0xB351, 0xBB71, 0xBB71, 0xB371, 0xBB92, 0xBB91, 0xB391, 0xBBB2,
    0xBBB2, 0xBBD2, 0xBBF2, 0xBBF2, 0xBC13, 0xBC12, 0xBC12, 0xBC33, 0xBC33, 0xBC73, 0xBC73, 0xB473,
    0xBC93, 0xB493, 0xB493, 0xB4B4, 0xB4D3, 0xB4F4, 0xB4F4, 0xA533, 0xAC12, 0xFB77, 0xF73D, 0xFE9C,
    0xF354, 0xFC16, 0xF3F5, 0xF3F5, 0xF415, 0xF3F5, 0xF3F5, 0xF3F5, 0xF3F5, 0xFBF5, 0xF3F5, 0xF3D4,
    0xFBF5, 0xF3F4, 0xF3D4, 0xFBF5, 0xF415, 0xFC15, 0xFC15, 0xF414, 0xFC15, 0xF414, 0xF3F4, 0xFC14,
    0xF3F4, 0xFC14, 0xFC14, 0xF3F4, 0xFC14, 0xF3F4, 0xF3F3, 0xFBF4, 0xF3F4, 0xFBF4, 0xFBF4, 0xF3D3,
    0xFBF4, 0xF3D3, 0xF3D3, 0xFBD3, 0xF3D3, 0xFBF3, 0xFBD3, 0xF3D3, 0xFBD3, 0xF3D3, 0xF3D2, 0xFBD3,
    0xF3F2, 0xF413, 0xEC32, 0xDC32, 0xDC72, 0xD492, 0xCC92, 0xD4B2, 0xCC92, 0xD4B2, 0xCCB2, 0xCC92,
    0xD4B2, 0xD492, 0xCC92, 0xD4B2, 0xD492, 0xD492, 0xDC72, 0xDC51, 0xE432, 0xEBF1, 0xEBD1, 0xF3D2,
    0xF3B1, 0xFBB2, 0xFBB2, 0xF391, 0xFBB2, 0xF3B1, 0xF391, 0xFBB2, 0xF3B1, 0xFBB2, 0xFBB1, 0xF391,
    0xFBB1, 0xFBB1, 0xF391, 0xFBB1, 0xF3B1, 0xFBB1, 0xFBB1, 0xF391, 0xFBB1, 0xFBB1, 0xF390, 0xFBB1,
    0xF391, 0xFBB1, 0xFBB1, 0xF390, 0xFBB1, 0xF391, 0xF390, 0xFBB1, 0xF390, 0xFBB1, 0xFBB0, 0xF390,
    0xFBB1, 0xF3B0, 0xF390, 0xFBB1, 0xF3B0, 0xFBB1, 0xFBB0, 0xF390, 0xFBB1, 0xFBB0, 0xF390, 0xFBB0,
    0xF3B0, 0xFBB1, 0xFBB0, 0xF390, 0xFBB0, 0xFBB0, 0xF390, 0xFBB0, 0xF3B0, 0xFBB1, 0xFBB0, 0xF390,
    0xFBB1, 0xFBB0, 0xF390, 0xFBB0, 0xF3B0, 0xFBB1, 0xFBB0, 0xF390, 0xFBB1, 0xFBB0, 0xF390, 0xFBB0,
    0xF3B0, 0xFBB1, 0xFBB0, 0xF390, 0xFBB1, 0xF3B0, 0xF390, 0xFBB1, 0xF3B0, 0xFBB1, 0xFBB0, 0xF390,
    0xFBB1, 0xF3B0, 0xF390, 0xFBB1, 0xF3B0, 0xFBB1, 0xFBB1, 0xF390, 0xFBB1, 0xF3B1, 0xF390, 0xFBB1,
    0xF390, 0xFB70, 0xFB70, 0xF34F, 0xFB70, 0xF350, 0xF34F, 0xFB70, 0xF370, 0xFB70, 0xFB70, 0xF370,
    0xFB0F, 0xFC74, 0xFF5D, 0xFE3A, 0xFDD9, 0xFB50, 0xFCB4, 0xFF1D, 0xFE7B, 0xFD77, 0xF24D, 0xFD36,
    0xFEFC, 0xFF3D, 0xFEFC, 0xF453, 0xFA2D, 0xFBF3, 0xFE19, 0xFB31, 0xF2EF, 0xFB91, 0xFE19, 0xFE19,
    0xFE3A, 0xFBF2, 0xF330, 0xFB91, 0xF371, 0xFB92, 0xFB91, 0xF371, 0xFB92, 0xF392, 0xF391, 0xFB92,
    0xF392, 0xFB92, 0xFB92, 0xF391, 0xFB92, 0xF392, 0xF392, 0xFB92, 0xF392, 0xFBB3, 0xFBB3, 0xF392,
    0xFBB3, 0xF3B3, 0xF3B2, 0xFBB3, 0xF3B3, 0xFBD3, 0xFBB3, 0xF3B3, 0xFBD4, 0xF3B3, 0xF3B3, 0xFBD4,
    0xF3D3, 0xFBD4, 0xFBD4, 0xF3D4, 0xFBF4, 0xF3D4, 0xF3D4, 0xFBD4, 0xF3D4, 0xFBF5, 0xF3F4, 0xF3D4,
    0xFBF5, 0xF3F4, 0xF3D4, 0xFB74, 0xFF3D, 0xFE3B, 0xF354, 0xCB30, 0xFBB3, 0xEBB3, 0xEBB2, 0xEBB3,
    0xEBB3, 0xEBB3, 0xEBB3, 0xE392, 0xEBB3, 0xE392, 0xDB92, 0xE392, 0xDB72, 0xDB92, 0xDB72, 0xD351,
    0xD372, 0xD351, 0xCB51, 0xCB51, 0xCB51, 0xCB51, 0xCB31, 0xC330, 0xC331, 0xC330, 0xBB10, 0xC310,
    0xB371, 0xB371, 0xBB71, 0xBB91, 0xB371, 0xBBB2, 0xBB91, 0xB3B1, 0xBBD2, 0xBBD2, 0xBBF2, 0xBBF2,
    0xBBF2, 0xBC13, 0xBC12, 0xB432, 0xBC53, 0xBC53, 0xBC73, 0xBC73, 0xB493, 0xBCB4, 0xB4B3, 0xB4B3,
    0xB4D4, 0xACD3, 0xB4F4, 0xA553, 0xA3F1, 0xFB77, 0xFF3D, 0xF67B, 0xF354, 0xF3F5, 0xF416, 0xF3F5,
    0xF3F5, 0xF415, 0xF3F5, 0xF3F4, 0xF3F5, 0xF3F5, 0xFBF5, 0xF3F5, 0xF3D4, 0xFBF5, 0xF3D4, 0xF3D4,
    0xFC15, 0xF414, 0xFC15, 0xFC14, 0xF414, 0xFC14, 0xF414, 0xF3F4, 0xFC14, 0xF3F4, 0xFC14, 0xFBF4,
    0xF3F4, 0xFBF4, 0xF3F4, 0xF3F3, 0xFBF4, 0xF3F3, 0xFBF4, 0xFBF3, 0xF3D3, 0xFBF4, 0xF3D3, 0xF3D3,
    0xFBF3, 0xF3D3, 0xFBF3, 0xFBD3, 0xF3D3, 0xFBD3, 0xF3D3, 0xF3D2, 0xF3F3, 0xEC12, 0xEC33, 0xE452,
    0xD472, 0xD4B2, 0xCCB2, 0xCCB2, 0xCCB2, 0xCCB2, 0xCCB2, 0xCCB2, 0xCCB2, 0xD4B2, 0xCCB2, 0xCCB1,
    0xD4B2, 0xD492, 0xDC92, 0xDC72, 0xE411, 0xEC12, 0xEBD1, 0xF3B1, 0xFBB2, 0xF3B1, 0xFBB2, 0xFBB1,
    0xF391, 0xFBB2, 0xFBB1, 0xF391, 0xFBB1, 0xF3B1, 0xFBB2, 0xFBB1, 0xF391, 0xFBB1, 0xFBB1, 0xF391,
    0xFBB1, 0xF3B1, 0xFBB1, 0xFBB1, 0xF391, 0xFBB1, 0xF3B1, 0xF390, 0xFBB1, 0xF3B0, 0xFBB1, 0xFBB1,
    0xF390, 0xFBB1, 0xF3B1, 0xF390, 0xFBB1, 0xF3B0, 0xFBB1, 0xFBB1, 0xF390, 0xFBB1, 0xFBB0, 0xF390,
    0xFBB1, 0xF3B0, 0xFBB1, 0xFBB0, 0xF390, 0xFBB1, 0xFBB0, 0xF390, 0xFBB0, 0xF390, 0xFBB1, 0xFBB0,
    0xF390, 0xFBB0, 0xF3B0, 0xF390, 0xFBB0, 0xF3B0, 0xFBB1, 0xFBB0, 0xF390, 0xFBB1, 0xFBB0, 0xF390,
    0xFBB0, 0xF3B0, 0xFBB1, 0xFBB0, 0xF390, 0xFBB1, 0xFBB0, 0xF390, 0xFBB1, 0xF3B0, 0xFBB1, 0xFBB0,
    0xF390, 0xFBB1, 0xFBB0, 0xF390, 0xFBB1, 0xF3B0, 0xFBB1, 0xFBB1, 0xF390, 0xFBB1, 0xF3B0, 0xF390,
    0xFBB1, 0xF3B0, 0xFBB1, 0xFBB1, 0xF3B0, 0xFBB1, 0xF3B1, 0xF3B0, 0xFB70, 0xF34F, 0xFB70, 0xFB70,
    0xF34F, 0xFB70, 0xF370, 0xF34F, 0xFB70, 0xF370, 0xFB70, 0xFB70, 0xF350, 0xFB50, 0xFB50, 0xF370,
    0xFB70, 0xFAEE, 0xFB70, 0xFB30, 0xF32F, 0xFB71, 0xFB30, 0xF370, 0xFB71, 0xFB30, 0xFB91, 0xFB50,
    0xF350, 0xFB30, 0xF350, 0xF32F, 0xFB91, 0xF32F, 0xFB91, 0xFB71, 0xF371, 0xFB71, 0xFB71, 0xF371,
    0xFB91, 0xF391, 0xFB92, 0xFB91, 0xF371, 0xFB92, 0xF392, 0xF391, 0xFB92, 0xF392, 0xFBB2, 0xFB92,
    0xF372, 0xFB92, 0xF392, 0xF392, 0xFB92, 0xF392, 0xFBB3, 0xFBB2, 0xF392, 0xFBB3, 0xF3B3, 0xF3B2,
    0xFBB3, 0xF3B3, 0xFBD4, 0xF3B3, 0xF3B3, 0xFBB4, 0xF3B3, 0xF3B3, 0xFBD4, 0xF3D3, 0xFBF4, 0xFBD4,
    0xF3D4, 0xFBF4, 0xF3D4, 0xF3D4, 0xFBD4, 0xF3D4, 0xFBF5, 0xF3F4, 0xF3D4, 0xFBF5, 0xF3F4, 0xF373,
    0xFF3D, 0xFE3A, 0xFB74, 0xCB51, 0xF3B3, 0xF3B3, 0xEBB3, 0xEB92, 0xEBB3, 0xEB92, 0xEBB3, 0xE3B3,
    0xE392, 0xE393, 0xE392, 0xDB72, 0xDB92, 0xDB72, 0xDB72, 0xD372, 0xD351, 0xD372, 0xCB51, 0xCB51,
    0xCB51, 0xCB30, 0xCB51, 0xC330, 0xC310, 0xC330, 0xC310, 0xBB0F, 0xB350, 0xBB71, 0xB371, 0xBB91,
    0xBB91, 0xB391, 0xBBB2, 0xBBB1, 0xB3B1, 0xBBD2, 0xBBD2, 0xBBF3, 0xBC12, 0xBC12, 0xBC33, 0xBC33,
    0xB432, 0xBC53, 0xB473, 0xBC93, 0xB493, 0xB493, 0xB4D4, 0xB4D3, 0xACD3, 0xB4F4, 0xACF3, 0xA554,
    0xAC12, 0xFB56, 0xFF3D, 0xFE7B, 0xF354, 0xF416, 0xF3F5, 0xFC16, 0xF3F5, 0xF3F5, 0xF3F5, 0xF3F5,
    0xF3F4, 0xF3F5, 0xF3F5, 0xFBF5, 0xF3F5, 0xF3D4, 0xFBD4, 0xF3D4, 0xF3F4, 0xFC15, 0xF414, 0xFC15,
    0xF414, 0xF3F4, 0xFC14, 0xF3F4, 0xF3F4, 0xFC14, 0xF3F4, 0xFC14, 0xFBF4, 0xF3F4, 0xFBF4, 0xF3F4,
    0xF3D3, 0xFBF4, 0xF3F3, 0xFBF4, 0xFBF3, 0xF3D3, 0xFBF3, 0xF3D3, 0xF3D3, 0xFBD3, 0xF3D3, 0xFBD3,
    0xFBD3, 0xF3D3, 0xFBF3, 0xF3D3, 0xEBD2, 0xEC12, 0xE432, 0xE473, 0xD492, 0xCCB2, 0xD4D2, 0xCCD2,
    0xC4B1, 0xCCD2, 0xC4B2, 0xCCD2, 0xCCD2, 0xCCB2, 0xCCD2, 0xCCB2, 0xCCB1, 0xD4B2, 0xD491, 0xDC72,
    0xE432, 0xE3F1, 0xF3F2, 0xF3D1, 0xF3B1, 0xFBB2, 0xF3B1, 0xFBB2, 0xFBB1, 0xF391, 0xFBB2, 0xFBB1,
    0xF391, 0xFBB1, 0xF3B1, 0xFBB2, 0xFBB1, 0xF391, 0xFBB1, 0xFBB1, 0xF391, 0xFBB1, 0xF3B1, 0xFBB1,
    0xFBB1, 0xF390, 0xFBB1, 0xFB91, 0xF390, 0xFBB1, 0xF390, 0xFBB1, 0xFBB1, 0xF390, 0xFBB1, 0xFB90,
    0xF390, 0xFBB1, 0xF3B0, 0xFBB1, 0xFBB1, 0xF390, 0xFBB1, 0xF3B0, 0xF390, 0xFBB1, 0xF3B0, 0xFBB1,
    0xFBB0, 0xF390, 0xFBB1, 0xFBB0, 0xF390, 0xFBB0, 0xF3B0, 0xFBB1, 0xFBB0, 0xF390, 0xFBB0, 0xFBB0,
    0xF390, 0xFBB0, 0xF3B0, 0xFBB1, 0xFBB0, 0xF390, 0xFBB1, 0xFBB0, 0xF390, 0xFBB0, 0xF3B0, 0xFBB1,
    0xFBB0, 0xF390, 0xFBB1, 0xF3B0, 0xF390, 0xFBB1, 0xF3B0, 0xFBB1, 0xFBB0, 0xF390, 0xFBB1, 0xFBB0,
    0xF390, 0xFBB1, 0xF3B0, 0xFBB1, 0xFBB1, 0xF390, 0xFBB1, 0xFBB0, 0xF390, 0xFBB1, 0xF3B0, 0xFBB1,
    0xFBB1, 0xF390, 0xFBB1, 0xF390, 0xF34F, 0xFB50, 0xF34F, 0xFB70, 0xFB70, 0xF34F, 0xFB70, 0xFB50,
    0xF34F, 0xFB70, 0xF370, 0xFB70, 0xFB70, 0xF34F, 0xFB30, 0xFB2F, 0xF32F, 0xFB70, 0xF34F, 0xFB50,
    0xFB50, 0xF330, 0xFB71, 0xFB50, 0xF32F, 0xFB30, 0xF330, 0xFB71, 0xFB70, 0xF370, 0xFB71, 0xFB71,
    0xF370, 0xFB71, 0xF350, 0xFB51, 0xFB50, 0xF370, 0xFB91, 0xFB71, 0xF371, 0xFB91, 0xF371, 0xFB92,
    0xFB91, 0xF371, 0xFB92, 0xF391, 0xF371, 0xFB92, 0xF391, 0xFB92, 0xFB92, 0xF392, 0xFB92, 0xFB92,
    0xF392, 0xFB92, 0xF392, 0xFBB3, 0xFBB3, 0xF392, 0xFBB3, 0xFBB3, 0xF3B2, 0xFBB3, 0xF3B3, 0xFBD3,
    0xF3B3, 0xF3B3, 0xFBD4, 0xF3B3, 0xF3B3, 0xFBD4, 0xF3D4, 0xFBF4, 0xF3D4, 0xF3D4, 0xFBF4, 0xF3D4,
    0xF3D4, 0xFBF4, 0xF3D4, 0xFBF5, 0xF3F5, 0xF3F4, 0xFBF5, 0xF374, 0xFF1C, 0xFE3B, 0xF354, 0xD371,
    0xF3B3, 0xEBB2, 0xF3B3, 0xEBB3, 0xEB92, 0xEBB3, 0xE392, 0xEBB3, 0xE392, 0xE392, 0xE392, 0xDB92,
    0xDB71, 0xDB72, 0xD371, 0xDB72, 0xD371, 0xCB51, 0xD371, 0xCB51, 0xCB30, 0xCB51, 0xC330, 0xCB31,
    0xC330, 0xBB10, 0xC330, 0xBB10, 0xB351, 0xB350, 0xBB71, 0xB371, 0xBB92, 0xBB91, 0xB391, 0xBBB2,
    0xBBB2, 0xB3D1, 0xBBF2, 0xBBF2, 0xBC13, 0xBC12, 0xB412, 0xBC53, 0xBC53, 0xB452, 0xBC73, 0xB493,
    0xBCB4, 0xB4B3, 0xACB3, 0xB4D4, 0xACD3, 0xACD3, 0xACF4, 0x9D53, 0xAC12, 0xFB57, 0xFF3D, 0xFE9C,
    0xF354, 0xF3F5, 0xF3F6, 0xF3F5, 0xFC16, 0xF3F5, 0xF3F5, 0xFBF5, 0xF3F5, 0xF3F4, 0xFBF5, 0xF3D4,
    0xFBF5, 0xF3D4, 0xF3D4, 0xFBD4, 0xF3B4, 0xF3F4, 0xFC15, 0xF414, 0xFC15, 0xFC14, 0xF3F4, 0xFC14,
    0xF3F4, 0xF3F3, 0xFC14, 0xF3F4, 0xFC14, 0xFBF4, 0xF3F3, 0xFBF4, 0xF3F4, 0xF3D3, 0xFBF4, 0xF3F3,
    0xFBF4, 0xFBF3, 0xF3D3, 0xFBF3, 0xF3D3, 0xF3D3, 0xFBD3, 0xF3D3, 0xFBD3, 0xFBD3, 0xF3D2, 0xFBF3,
    0xF3F2, 0xEC12, 0xEC32, 0xDC72, 0xD4B2, 0xCCD2, 0xCCD2, 0xCCF2, 0xC4D2, 0xC4D1, 0xCCD2, 0xC4D2,
    0xCCD2, 0xCCD2, 0xC4D2, 0xCCF2, 0xCCD2, 0xCCB1, 0xD492, 0xDC71, 0xE452, 0xEC11, 0xEBD1, 0xF3D2,
    0xF3B1, 0xF3B1, 0xFBB2, 0xF3B1, 0xFBB2, 0xFBB1, 0xF391, 0xFBB2, 0xF3B1, 0xF391, 0xFBB1, 0xF3B1,
    0xFBB2, 0xFBB1, 0xF391, 0xFBB1, 0xFBB1, 0xF391, 0xFBB1, 0xF3B1, 0xFBB1, 0xFBB1, 0xF390, 0xFBB1,
    0xF391, 0xF390, 0xFBB1, 0xF3B1, 0xFBB1, 0xFBB1, 0xF390, 0xFBB1, 0xF391, 0xF390, 0xFBB1, 0xF3B0,
    0xFBB1, 0xFBB0, 0xF390, 0xFBB1, 0xF3B0, 0xF390, 0xFBB0, 0xF390, 0xFBB1, 0xFBB0, 0xF390, 0xFBB1,
    0xFBB0, 0xF390, 0xFBB0, 0xF3B0, 0xFBB1, 0xFBB0, 0xF390, 0xFBB0, 0xFBB0, 0xF390, 0xFBB0, 0xF3B0,
    0xFBB1, 0xFBB0, 0xF390, 0xFBB1, 0xF3B0, 0xF390, 0xFBB0, 0xF3B0, 0xFBB1, 0xFBB0, 0xF390, 0xFBB1,
    0xF3B0, 0xF390, 0xFBB1, 0xF3B0, 0xFBB1, 0xFBB0, 0xF390, 0xFBB1, 0xFBB0, 0xF390, 0xFBB1, 0xF3B0,
    0xFBB1, 0xFBB1, 0xF390, 0xFBB1, 0xFBB0, 0xF3B0, 0xFBB1, 0xF3B0, 0xFBB1, 0xFBB1, 0xF390, 0xFB70,
    0xF34F, 0xF34F, 0xFB70, 0xF34F, 0xFB70, 0xFB70, 0xF34F, 0xFB70, 0xF350, 0xF34F, 0xFB70, 0xF350,
    0xFB70, 0xFB70, 0xF350, 0xFB70, 0xFB70, 0xF350, 0xFB70, 0xF370, 0xFB70, 0xFB70, 0xF350, 0xFB70,
    0xFB70, 0xF350, 0xFB70, 0xF370, 0xFB71, 0xFB70, 0xF370, 0xFB91, 0xF371, 0xF370, 0xFB71, 0xF371,
    0xFB91, 0xFB91, 0xF371, 0xFB91, 0xF371, 0xF371, 0xFB91, 0xF371, 0xFB92, 0xFB91, 0xF371, 0xFB92,
    0xF391, 0xF391, 0xFB92, 0xF392, 0xFB92, 0xFB92, 0xF392, 0xFBB2, 0xFB92, 0xF392, 0xFBB2, 0xF392,
    0xFBB3, 0xFBB3, 0xF3B2, 0xFBB3, 0xF3B3, 0xF3B2, 0xFBB3, 0xF3B3, 0xFBB4, 0xFBB3, 0xF3B3, 0xFBD4,
    0xF3B3, 0xF3B3, 0xFBD4, 0xF3D3, 0xFBD4, 0xF3D4, 0xF3D4, 0xFBF4, 0xF3D4, 0xF3D4, 0xF3F5, 0xF3F4,
    0xFBF5, 0xF3F5, 0xF3F4, 0xFB74, 0xFF3D, 0xFE3A, 0xF354, 0xCB51, 0xFBB3, 0xF3B3, 0xEB92, 0xF3B3,
    0xEBB3, 0xE392, 0xEBB3, 0xE392, 0xEBB3, 0xE392, 0xDB72, 0xE392, 0xDB72, 0xD371, 0xDB72, 0xD371,
    0xDB72, 0xD351, 0xCB51, 0xD351, 0xCB51, 0xC330, 0xCB31, 0xC330, 0xC331, 0xC330, 0xBB10, 0xC330,
    0xBB71, 0xB371, 0xB370, 0xBB91, 0xB391, 0xBBB2, 0xBBB1, 0xB3B1, 0xBBD2, 0xBBD2, 0xB3D1, 0xBBF2,
    0xBC12, 0xBC33, 0xBC32, 0xB432, 0xBC53, 0xB453, 0xB472, 0xB493, 0xB493, 0xB4B4, 0xB4D3, 0xACD3,
    0xACF4, 0xACF3, 0xA4F3, 0x9D73, 0xA3F1, 0xFB77, 0xFF5D, 0xFE7B, 0xFB54, 0xF3F5, 0xF3F5, 0xF3F5,
    0xF3F5, 0xFBF6, 0xF3F5, 0xF3D4, 0xFBF5, 0xF3F5, 0xF3D4, 0xF3D5, 0xF3D4, 0xFBF5, 0xF3D4, 0xF3B4,
    0xFBD4, 0xF3B4, 0xF3D4, 0xFC14, 0xF414, 0xFC15, 0xFC14, 0xF3F4, 0xFC14, 0xF3F4, 0xF3F3, 0xFBF4,
    0xF3F4, 0xFBF4, 0xFBF4, 0xF3F3, 0xFBF4, 0xF3F3, 0xF3D3, 0xFBF4, 0xF3F3, 0xFBF4, 0xFBD3, 0xF3D3,
    0xFBF3, 0xF3D3, 0xF3D3, 0xFBD3, 0xF3D3, 0xFBD3, 0xFBD3, 0xF3D2, 0xF3F3, 0xEC12, 0xE432, 0xDC72,
    0xD492, 0xD4D2, 0xCCF2, 0xC4D2, 0xCCF2, 0xC4D2, 0xC4D1, 0xCCD2, 0xC4D2, 0xCCF2, 0xCCD2, 0xCCD2,
    0xCCD2, 0xCCB2, 0xD491, 0xDC72, 0xE431, 0xEC12, 0xEBF1, 0xF3D1, 0xFBD2, 0xF3B1, 0xF391, 0xFBB2,
    0xF3B1, 0xFBB2, 0xFBB1, 0xF391, 0xFBB2, 0xF3B1, 0xF391, 0xFBB1, 0xF391, 0xFBB1, 0xFBB1, 0xF391,
    0xFBB1, 0xFBB1, 0xF391, 0xFBB1, 0xF3B1, 0xFBB1, 0xFBB1, 0xF390, 0xFBB1, 0xFBB1, 0xF390, 0xFBB1,
    0xF390, 0xFBB1, 0xFBB1, 0xF390, 0xFBB1, 0xFBB0, 0xF390, 0xFBB1, 0xF3B0, 0xFBB1, 0xFBB1, 0xF390,
    0xFBB1, 0xFBB0, 0xF390, 0xFBB0, 0xF390, 0xFBB1, 0xFBB0, 0xF390, 0xFBB1, 0xF390, 0xF390, 0xFBB0,
    0xF3B0, 0xFBB1, 0xFBB0, 0xF390, 0xFBB0, 0xFBB0, 0xF390, 0xFBB0, 0xF3B0, 0xFBB1, 0xFBB0, 0xF390,
    0xFBB0, 0xFBB0, 0xF390, 0xFBB0, 0xF3B0, 0xFBB1, 0xFBB0, 0xF390, 0xFBB1, 0xFBB0, 0xF390, 0xFBB1,
    0xF3B0, 0xFBB1, 0xFBB0, 0xF390, 0xFBB1, 0xF3B0, 0xF390, 0xFBB1, 0xF3B0, 0xFBB1, 0xFBB1, 0xF390,
    0xFBB1, 0xFBB1, 0xF390, 0xFBB1, 0xF390, 0xFB90, 0xFB50, 0xF34F, 0xFB70, 0xF350, 0xF34F, 0xFB70,
    0xF34F, 0xFB70, 0xFB70, 0xF34F, 0xFB70, 0xF350, 0xF34F, 0xFB70, 0xF350, 0xFB70, 0xFB70, 0xF350,
    0xFB70, 0xFB70, 0xF350, 0xFB70, 0xF370, 0xFB71, 0xFB70, 0xF350, 0xFB70, 0xFB70, 0xF350, 0xFB70,
    0xF370, 0xFB71, 0xFB71, 0xF370, 0xFB91, 0xFB71, 0xF370, 0xFB71, 0xF371, 0xFB91, 0xFB91, 0xF371,
    0xFB91, 0xFB71, 0xF371, 0xFB71, 0xF371, 0xFB92, 0xFB91, 0xF371, 0xFB92, 0xFB91, 0xF391, 0xFB92,
    0xF392, 0xFB92, 0xFB92, 0xF392, 0xFBB2, 0xF392, 0xF392, 0xFBB3, 0xF392, 0xFBB3, 0xFBB3, 0xF392,
    0xFBB3, 0xF3B3, 0xF3B3, 0xFBB3, 0xF3B3, 0xFBD4, 0xFBB3, 0xF3B3, 0xFBD4, 0xF3D3, 0xF3B3, 0xFBD4,
    0xF3D4, 0xFBD4, 0xF3D4, 0xF3D4, 0xFBF4, 0xF3F4, 0xF3D4, 0xFBF5, 0xF3F4, 0xFBF5, 0xF3F5, 0xF373,
    0xFF3D, 0xFE3B, 0xF333, 0xCB51, 0xF3B3, 0xF3B3, 0xEBB3, 0xEB92, 0xEBB3, 0xEB93, 0xE392, 0xEB93,
    0xE392, 0xE393, 0xE392, 0xDB72, 0xE392, 0xDB72, 0xD371, 0xDB72, 0xD351, 0xD372, 0xD351, 0xCB31,
    0xCB51, 0xCB31, 0xC330, 0xC331, 0xC330, 0xC331, 0xC310, 0xBB10, 0xB350, 0xBB71, 0xB371, 0xB371,
    0xBB91, 0xB391, 0xBBB2, 0xBBB2, 0xB3B1, 0xBBD2, 0xBBD2, 0xB3F2, 0xBC12, 0xB412, 0xBC33, 0xBC53,
    0xB452, 0xBC73, 0xB473, 0xB493, 0xB4B3, 0xACB3, 0xB4D4, 0xACD3, 0xACD3, 0xAD14, 0xACF3, 0x9D73,
    0xA412, 0xFB56, 0xFF5E, 0xFE7B, 0xF334, 0xF416, 0xF3F5, 0xF3F5, 0xF3F5, 0xF3F5, 0xFBF5, 0xF3F5,
    0xF3D4, 0xFBF5, 0xF3D5, 0xF3D4, 0xF3D5, 0xF3D4, 0xFBD5, 0xF3D4, 0xF3B4, 0xFBD4, 0xF3B4, 0xF3B3,
    0xF3D4, 0xF3D3, 0xFBD4, 0xF3D3, 0xF3B3, 0xFBD3, 0xF3B3, 0xF3B3, 0xF3B3, 0xF3B3, 0xFBD3, 0xF3B3,
    0xF3B3, 0xFBB3, 0xF3B3, 0xF392, 0xF3B3, 0xF3B2, 0xFBB3, 0xF392, 0xF392, 0xFBB3, 0xF392, 0xF392,
    0xFB92, 0xF392, 0xFBB2, 0xF3B2, 0xEBB1, 0xEBF2, 0xDC31, 0xCC71, 0xC4D1, 0xB4F1, 0xB512, 0xB511,
    0xACF1, 0xB511, 0xACF1, 0xACF1, 0xB511, 0xB511, 0xB512, 0xB511, 0xB4F1, 0xBCF1, 0xBCD1, 0xC490,
    0xD471, 0xDBF0, 0xEBD1, 0xF390, 0xF370, 0xFB71, 0xF371, 0xF350, 0xFB71, 0xF350, 0xFB71, 0xFB70,
    0xF350, 0xFB71, 0xFB50, 0xF350, 0xFB70, 0xF350, 0xFB71, 0xFB70, 0xF350, 0xFB70, 0xFB50, 0xF34F,
    0xFB70, 0xF350, 0xFB70, 0xFB70, 0xF34F, 0xFB70, 0xFB50, 0xF34F, 0xFB70, 0xF350, 0xFB70, 0xFB70,
    0xF34F, 0xFB70, 0xFB4F, 0xF34F, 0xFB70, 0xF34F, 0xFB70, 0xFB70, 0xF34F, 0xFB70, 0xFB4F, 0xF34F,
    0xFB50, 0xF34F, 0xFB70, 0xFB6F, 0xF34F, 0xFB70, 0xFB4F, 0xF34F, 0xFB6F, 0xF34F, 0xFB70, 0xFB6F,
    0xF34F, 0xFB70, 0xF34F, 0xF34F, 0xFB6F, 0xF34F, 0xFB70, 0xFB6F, 0xF34F, 0xFB70, 0xFB6F, 0xF34F,
    0xFB70, 0xF36F, 0xFB70, 0xFB6F, 0xF34F, 0xFB70, 0xFB6F, 0xF34F, 0xFB70, 0xF34F, 0xFB70, 0xFB70,
    0xF34F, 0xFB70, 0xFB4F, 0xF34F, 0xFB70, 0xF36F, 0xFB70, 0xFB70, 0xF34F, 0xFB70, 0xF370, 0xF34F,
    0xFB70, 0xF34F, 0xFB70, 0xFB70, 0xF34F, 0xFB70, 0xFB50, 0xF34F, 0xFB70, 0xF34F, 0xFB70, 0xFB50,
    0xF34F, 0xFB70, 0xF350, 0xF34F, 0xFB70, 0xF370, 0xFB70, 0xFB70, 0xF350, 0xFB70, 0xFB70, 0xF350,
    0xFB70, 0xF370, 0xFB71, 0xFB70, 0xF350, 0xFB70, 0xFB70, 0xF350, 0xFB70, 0xF370, 0xFB71, 0xFB71,
    0xF370, 0xFB71, 0xFB71, 0xF370, 0xFB71, 0xF371, 0xFB91, 0xFB91, 0xF371, 0xFB91, 0xF371, 0xF371,
    0xFB91, 0xF371, 0xFB92, 0xFB91, 0xF371, 0xFB92, 0xF392, 0xF391, 0xFB92, 0xF392, 0xFB92, 0xFB92,
    0xF392, 0xFBB2, 0xFB92, 0xF392, 0xFBB3, 0xF392, 0xFBB3, 0xFBB3, 0xF3B2, 0xFBB3, 0xF3B3, 0xF3B3,
    0xFBB3, 0xF3B3, 0xFBD4, 0xF3B3, 0xF3B3, 0xFBD4, 0xF3D3, 0xF3B3, 0xFBD4, 0xF3D4, 0xFBF4, 0xF3D4,
    0xF3D4, 0xFBF4, 0xF3D4, 0xF3D4, 0xFBF5, 0xF3F4, 0xFBF5, 0xF374, 0xFF1C, 0xFE3B, 0xF333, 0xCB30,
    0xFBB3, 0xEBB3, 0xF3B3, 0xEBB3, 0xEB92, 0xEBB3, 0xEB92, 0xE392, 0xE393, 0xE392, 0xE393, 0xE392,
    0xDB72, 0xDB92, 0xDB72, 0xD351, 0xD371, 0xD351, 0xD351, 0xCB51, 0xCB30, 0xCB51, 0xC330, 0xC330,
    0xC330, 0xC310, 0xC330, 0xBB10, 0xB371, 0xB350, 0xBB71, 0xB371, 0xB371, 0xBB91, 0xB3B1, 0xBBB2,
    0xBBD2, 0xB3D1, 0xBBF2, 0xB3F2, 0xB3F2, 0xBC12, 0xB432, 0xBC53, 0xB453, 0xB452, 0xB493, 0xB493,
    0xAC93, 0xB4B3, 0xACD3, 0xACF4, 0xACF3, 0xA4F3, 0xAD14, 0x9D73, 0xA3F1, 0xFB77, 0xFF3D, 0xFE7C,
    0xF354, 0xF3F5, 0xFBF6, 0xF3F5, 0xF3F5, 0xF3F5, 0xF3F5, 0xFBF5, 0xF3F5, 0xF3D4, 0xFBF5, 0xF3D4,
    0xF3D4, 0xFBD4, 0xF3D4, 0xFBD4, 0xF3D4, 0xF3B4, 0xFBD4, 0xF3D3, 0xF3B3, 0xFBD3, 0xF3B3, 0xFBD4,
    0xF3B3, 0xF393, 0xFBB3, 0xF3B3, 0xF393, 0xFBB3, 0xF393, 0xFBB3, 0xF393, 0xF392, 0xFB93, 0xF392,
    0xF392, 0xFB93, 0xF392, 0xFB93, 0xF392, 0xF372, 0xFB92, 0xF392, 0xF371, 0xFB92, 0xF392, 0xFB92,
    0xF3B1, 0xE3B1, 0xE412, 0xD431, 0xCC71, 0xC4B1, 0xBCB1, 0xC4D1, 0xBCD1, 0xBCB0, 0xBCD1, 0xBCB1,
    0xB4B0, 0xBCD1, 0xBCB1, 0xC4D1, 0xC4B1, 0xC490, 0xCC91, 0xD451, 0xD3F0, 0xE3D0, 0xEB90, 0xF391,
    0xF370, 0xF350, 0xFB71, 0xFB50, 0xF350, 0xFB50, 0xF350, 0xFB51, 0xFB50, 0xF350, 0xFB50, 0xFB50,
    0xF32F, 0xFB50, 0xF350, 0xFB50, 0xFB50, 0xF350, 0xFB50, 0xFB50, 0xF34F, 0xFB50, 0xF34F, 0xFB50,
    0xFB50, 0xF32F, 0xFB50, 0xFB4F, 0xF34F, 0xFB50, 0xF34F, 0xFB50, 0xFB4F, 0xF34F, 0xFB50, 0xFB4F,
    0xF34F, 0xFB50, 0xFB4F, 0xFB70, 0xFB4F, 0xF32F, 0xFB4F, 0xFB4F, 0xF32F, 0xFB4F, 0xFB4F, 0xFB4F,
    0xFB4F, 0xF34F, 0xFB4F, 0xFB4F, 0xF34F, 0xFB4F, 0xF34F, 0xFB4F, 0xFB4F, 0xF34F, 0xFB4F, 0xFB4F,
    0xF34F, 0xFB4F, 0xF34F, 0xFB4F, 0xFB4F, 0xF34F, 0xFB6F, 0xFB4F, 0xF34F, 0xFB4F, 0xF34F, 0xFB50,
    0xFB4F, 0xF34F, 0xFB70, 0xFB4F, 0xF34F, 0xFB4F, 0xFB4F, 0xFB70, 0xFB4F, 0xF34F, 0xFB50, 0xFB4F,
    0xF34F, 0xFB50, 0xF34F, 0xFB70, 0xFB70, 0xF34F, 0xFB70, 0xF34F, 0xF34F, 0xFB70, 0xF34F, 0xFB70,
    0xFB70, 0xF34F, 0xFB70, 0xF350, 0xF34F, 0xFB70, 0xF34F, 0xFB70, 0xFB70, 0xF34F, 0xFB70, 0xF350,
    0xF34F, 0xFB70, 0xF350, 0xFB70, 0xFB70, 0xF350, 0xFB70, 0xFB70, 0xF350, 0xFB70, 0xF370, 0xFB71,
    0xFB70, 0xF350, 0xFB71, 0xF370, 0xF370, 0xFB71, 0xF370, 0xFB91, 0xFB71, 0xF370, 0xFB71, 0xF371,
    0xF370, 0xFB71, 0xF371, 0xFB91, 0xFB91, 0xF371, 0xFB91, 0xF371, 0xF371, 0xFB91, 0xF371, 0xFB92,
    0xFB92, 0xF371, 0xFB92, 0xF392, 0xF391, 0xFB92, 0xF392, 0xFB92, 0xFB92, 0xF392, 0xFBB3, 0xFB92,
    0xF392, 0xFBB3, 0xF3B2, 0xFBB3, 0xFBB3, 0xF3B2, 0xFBB3, 0xF3B3, 0xF3B3, 0xFBD3, 0xF3B3, 0xFBD4,
    0xFBB3, 0xF3B3, 0xFBD4, 0xF3D4, 0xF3D3, 0xFBD4, 0xF3D4, 0xFBF4, 0xF3D4, 0xF3D4, 0xFBF5, 0xF3F4,
    0xF3D4, 0xFBF5, 0xF3F4, 0xFB74, 0xFF3D, 0xFE1A, 0xF334, 0xCB51, 0xF3B2, 0xF3B3, 0xEBB3, 0xF3B3,
    0xEBB3, 0xEB92, 0xEBB3, 0xE392, 0xE392, 0xE392, 0xE392, 0xE392, 0xDB92, 0xDB71, 0xDB72, 0xD371,
    0xD351, 0xD351, 0xCB51, 0xD351, 0xCB51, 0xC330, 0xCB51, 0xC330, 0xC310, 0xC330, 0xBB10, 0xC330,
    0xBB71, 0xB371, 0xB370, 0xBB91, 0xB391, 0xB391, 0xBBB1, 0xB3B1, 0xBBD2, 0xBBD2, 0xB3D1, 0xBC12,
    0xB412, 0xB412, 0xBC33, 0xB452, 0xBC73, 0xB473, 0xB472, 0xB493, 0xB4B3, 0xACB3, 0xACD3, 0xACD3,
    0xACF4, 0xA513, 0xA513, 0x9D73, 0xA412, 0xFB56, 0xFF5D, 0xFE5B, 0xFB54, 0xF415, 0xF3F5, 0xFBF5,
    0xF3F5, 0xF3D4, 0xF3F5, 0xF3D5, 0xFBF5, 0xF3F5, 0xF3D4, 0xFBF5, 0xF3D4, 0xF3D4, 0xFBD4, 0xF3D4,
    0xFBD4, 0xFBD4, 0xF3B3, 0xFBD4, 0xF3B3, 0xF3B3, 0xFBD4, 0xF3B3, 0xFBD4, 0xFBB3, 0xF3B3, 0xFBB3,
    0xF3B3, 0xF393, 0xFBB3, 0xF393, 0xFBB3, 0xF393, 0xF392, 0xFBB3, 0xF392, 0xF392, 0xFB93, 0xF392,
    0xFB93, 0xFB92, 0xF372, 0xFB92, 0xF392, 0xF372, 0xFB92, 0xF372, 0xFB92, 0xF392, 0xEB91, 0xF3B2,
    0xEBB1, 0xE3D1, 0xE3D1, 0xE3D1, 0xE3F1, 0xE3F1, 0xDBD1, 0xE3F1, 0xE3D1, 0xE3D0, 0xE3D1, 0xE3D1,
    0xEBF1, 0xEBD1, 0xEBB0, 0xF3B1, 0xEB90, 0xEB70, 0xF371, 0xF370, 0xFB71, 0xFB70, 0xF350, 0xFB71,
    0xFB50, 0xF350, 0xFB50, 0xF350, 0xFB71, 0xFB50, 0xF350, 0xFB50, 0xF350, 0xF34F, 0xFB50, 0xF350,
    0xFB70, 0xFB50, 0xF350, 0xFB70, 0xFB50, 0xF34F, 0xFB50, 0xF34F, 0xFB70, 0xFB50, 0xF34F, 0xFB70,
    0xFB50, 0xF34F, 0xFB70, 0xF34F, 0xFB70, 0xFB50, 0xF34F, 0xFB70, 0xFB4F, 0xF34F, 0xFB70, 0xF34F,
    0xFB70, 0xFB4F, 0xF34F, 0xFB50, 0xFB4F, 0xF34F, 0xFB4F, 0xF34F, 0xFB70, 0xFB4F, 0xF34F, 0xFB6F,
    0xFB4F, 0xF34F, 0xFB4F, 0xF34F, 0xFB6F, 0xFB4F, 0xF34F, 0xFB6F, 0xF34F, 0xF34F, 0xFB4F, 0xF34F,
    0xFB70, 0xFB4F, 0xF34F, 0xFB6F, 0xFB4F, 0xF34F, 0xFB6F, 0xF34F, 0xFB70, 0xFB6F, 0xF34F, 0xFB70,
    0xFB4F, 0xF34F, 0xFB70, 0xFB4F, 0xFB70, 0xFB4F, 0xF34F, 0xFB70, 0xFB4F, 0xF34F, 0xFB70, 0xF34F,
    0xFB70, 0xFB70, 0xF34F, 0xFB70, 0xFB4F, 0xF34F, 0xFB70, 0xF34F, 0xFB70, 0xFB70, 0xF34F, 0xFB70,
    0xF350, 0xF34F, 0xFB70, 0xF34F, 0xFB70, 0xFB70, 0xF34F, 0xFB70, 0xF350, 0xF34F, 0xFB70, 0xF350,
    0xFB70, 0xFB70, 0xF350, 0xFB70, 0xFB70, 0xF370, 0xFB70, 0xF370, 0xFB71, 0xFB70, 0xF350, 0xFB70,
    0xF370, 0xF350, 0xFB70, 0xF370, 0xFB71, 0xFB70, 0xF370, 0xFB71, 0xF371, 0xF370, 0xFB71, 0xF371,
    0xFB91, 0xFB71, 0xF371, 0xFB91, 0xF371, 0xF371, 0xFB91, 0xF391, 0xFB92, 0xFB92, 0xF371, 0xFB92,
    0xF392, 0xF391, 0xFB92, 0xF392, 0xFBB3, 0xFB92, 0xF392, 0xFBB3, 0xF392, 0xF392, 0xFBB3, 0xF3B2,
    0xFBB3, 0xFBB3, 0xF392, 0xFBB3, 0xF3B3, 0xF3B3, 0xFBB3, 0xF3B3, 0xFBD4, 0xFBD3, 0xF3B3, 0xFBD4,
    0xF3D4, 0xF3D3, 0xFBD4, 0xF3D4, 0xFBF5, 0xF3F4, 0xF3D4, 0xFBF5, 0xF3D4, 0xF3D4, 0xFBF5, 0xF373,
    0xFF3D, 0xFE3B, 0xF313, 0xCB51, 0xF3B3, 0xEB92, 0xF3B3, 0xEBB2, 0xEBB3, 0xEBB3, 0xE392, 0xEBB3,
    0xE392, 0xE392, 0xE392, 0xDB72, 0xE392, 0xDB72, 0xD371, 0xDB72, 0xD351, 0xCB51, 0xD351, 0xCB51,
    0xCB51, 0xCB31, 0xC330, 0xCB31, 0xC330, 0xBB10, 0xC310, 0xBB10, 0xB350, 0xBB71, 0xB371, 0xB371,
    0xBB91, 0xB391, 0xB391, 0xBBB2, 0xB3D1, 0xBBF2, 0xBBF2, 0xB3F2, 0xBC12, 0xB412, 0xB432, 0xB453,
    0xB452, 0xB473, 0xB493, 0xAC93, 0xB4B3, 0xACB3, 0xACD3, 0xACF3, 0xA4F3, 0xAD14, 0xA513, 0x9573,
    0xA432, 0xFB77, 0xFF3D, 0xFE7C, 0xF354, 0xFC16, 0xF3F5, 0xF3F5, 0xF3F5, 0xF3F5, 0xF3F4, 0xF3F5,
    0xF3D4, 0xFBF5, 0xF3D5, 0xF3D4, 0xFBF5, 0xF3D4, 0xF3D4, 0xFBD4, 0xF3B4, 0xFBD4, 0xFBB4, 0xF3B3,
    0xFBD4, 0xF3B3, 0xF3B3, 0xFBB3, 0xF3B3, 0xFBB4, 0xFBB3, 0xF393, 0xFBB3, 0xF393, 0xF392, 0xFBB3,
    0xF392, 0xFBB3, 0xFB93, 0xF392, 0xFB93, 0xF392, 0xF372, 0xFB92, 0xF372, 0xFB93, 0xFB92, 0xF372,
    0xFB92, 0xFB72, 0xF371, 0xFB72, 0xF371, 0xFB72, 0xF371, 0xEB71, 0xEBB1, 0xEB91, 0xE391, 0xEBB1,
    0xE3B1, 0xEBB1, 0xE3B1, 0xE390, 0xEBB1, 0xEB91, 0xE390, 0xEBB1, 0xE391, 0xEBB1, 0xEB91, 0xEB70,
    0xF371, 0xF350, 0xF350, 0xFB50, 0xF350, 0xFB71, 0xFB50, 0xF350, 0xFB50, 0xF350, 0xF350, 0xFB50,
    0xF350, 0xFB50, 0xFB50, 0xF32F, 0xFB50, 0xFB50, 0xF32F, 0xFB50, 0xF350, 0xFB50, 0xFB50, 0xF34F,
    0xFB50, 0xFB50, 0xF34F, 0xFB50, 0xF34F, 0xFB50, 0xFB50, 0xF34F, 0xFB70, 0xFB4F, 0xF34F, 0xFB50,
    0xF34F, 0xFB70, 0xFB4F, 0xF34F, 0xFB50, 0xFB4F, 0xF34F, 0xFB4F, 0xF34F, 0xFB50, 0xFB4F, 0xF32F,
    0xFB4F, 0xFB4F, 0xF32F, 0xFB4F, 0xFB4F, 0xFB4F, 0xFB4F, 0xF32F, 0xFB4F, 0xFB4F, 0xF34E, 0xFB4F,
    0xF34F, 0xFB4F, 0xFB4F, 0xF34F, 0xFB4F, 0xFB4F, 0xF34E, 0xFB4F, 0xF34F, 0xFB4F, 0xFB4F, 0xF34F,
    0xFB4F, 0xF34F, 0xF34F, 0xFB4F, 0xFB4F, 0xFB70, 0xFB6F, 0xF34F, 0xFB6F, 0xFB4F, 0xF34F, 0xFB2F,
    0xF34F, 0xFB50, 0xFB4F, 0xF34F, 0xFB70, 0xFB4F, 0xF34F, 0xFB4F, 0xF34F, 0xFB70, 0xFB4F, 0xF34F,
    0xFB70, 0xF34F, 0xF34F, 0xFB70, 0xF36F, 0xFB70, 0xFB70, 0xF34F, 0xFB70, 0xF350, 0xF34F, 0xFB70,
    0xF350, 0xFB70, 0xFB70, 0xF350, 0xFB70, 0xFB70, 0xF34F, 0xFB70, 0xF370, 0xFB70, 0xFB70, 0xF370,
    0xFB70, 0xFB70, 0xF350, 0xFB70, 0xF370, 0xFB70, 0xFB70, 0xF350, 0xFB70, 0xFB70, 0xF350, 0xFB70,
    0xF370, 0xFB71, 0xFB71, 0xF370, 0xFB71, 0xF371, 0xF370, 0xFB71, 0xF371, 0xFB91, 0xFB71, 0xF371,
    0xFB91, 0xF371, 0xF371, 0xFB92, 0xF391, 0xFB92, 0xFB92, 0xF391, 0xFBB2, 0xF392, 0xF371, 0xFB92,
    0xF392, 0xFBB3, 0xFB92, 0xF392, 0xFBB2, 0xF392, 0xF392, 0xFBB3, 0xF3B2, 0xFBB3, 0xF3B3, 0xF3B3,
    0xFBD3, 0xF3B3, 0xF3B3, 0xFBB3, 0xF3B3, 0xFBD4, 0xF3D3, 0xF3B3, 0xFBD4, 0xF3D4, 0xF3D3, 0xFBD4,
    0xF3D4, 0xFBF5, 0xF3F4, 0xF3D4, 0xFBF5, 0xF3F4, 0xF3D4, 0xFB74, 0xFF3D, 0xFE3B, 0xF334, 0xCB30,
    0xFBB3, 0xEBB3, 0xEB92, 0xEBB3, 0xEB92, 0xEBB3, 0xEB92, 0xE392, 0xEB93, 0xE392, 0xDB72, 0xE392,
    0xDB72, 0xDB72, 0xDB72, 0xD351, 0xD372, 0xD351, 0xCB51, 0xCB51, 0xCB30, 0xCB51, 0xCB30, 0xC330,
    0xC330, 0xC310, 0xBB0F, 0xC310, 0xB371, 0xB370, 0xBB71, 0xB391, 0xB371, 0xBBB1, 0xB3B1, 0xB3B1,
    0xBBD2, 0xB3D1, 0xBBF2, 0xB3F2, 0xB412, 0xBC32, 0xB432, 0xB432, 0xB473, 0xB472, 0xB493, 0xB493,
    0xACB3, 0xACD3, 0xACD3, 0xA4D3, 0xACF3, 0xA513, 0xA534, 0x9593, 0xA411, 0xFB77, 0xFF3D, 0xF65B,
    0xF354, 0xF3F5, 0xFC16, 0xF3F5, 0xF3F5, 0xF3F5, 0xF3F5, 0xF3D4, 0xF3F5, 0xF3D4, 0xFBF5, 0xF3D4,
    0xF3D4, 0xFBD4, 0xF3D4, 0xF3B3, 0xFBD4, 0xF3B4, 0xFBD4, 0xFBF4, 0xF3F4, 0xFC14, 0xF3F4, 0xF3F3,
    0xFBF4, 0xF3F4, 0xFBF4, 0xFBD4, 0xF3D3, 0xFBD4, 0xF3D3, 0xF3D3, 0xFBD4, 0xF3D3, 0xFBD4, 0xFBD3,
    0xF3B3, 0xFBD3, 0xF3B3, 0xF3B2, 0xFBD3, 0xF3B3, 0xFBD3, 0xFBB3, 0xF3B2, 0xFBD3, 0xF3B2, 0xF3B2,
    0xFBB2, 0xF3B2, 0xF3D2, 0xEBD2, 0xE3F1, 0xEC12, 0xE3F2, 0xDBF1, 0xE412, 0xE3F1, 0xE412, 0xE3F1,
    0xE3F1, 0xE412, 0xE3F1, 0xE3F1, 0xE3F2, 0xE3F1, 0xEBF2, 0xEBD1, 0xEBB1, 0xF3B1, 0xF391, 0xF391,
    0xFB91, 0xF391, 0xFB91, 0xFB91, 0xF371, 0xFB91, 0xF391, 0xF370, 0xFB91, 0xF390, 0xFB91, 0xFB91,
    0xF370, 0xFB91, 0xF390, 0xF370, 0xFB91, 0xF390, 0xFB91, 0xFB90, 0xF370, 0xFB91, 0xF390, 0xF370,
    0xFB90, 0xF390, 0xFB91, 0xFB90, 0xF390, 0xFB91, 0xF390, 0xF390, 0xFB90, 0xF390, 0xFB91, 0xFB90,
    0xF390, 0xFB90, 0xF390, 0xF390, 0xFB90, 0xF390, 0xFB90, 0xFB90, 0xF36F, 0xFB90, 0xFB70, 0xF36F,
    0xFB90, 0xF390, 0xFB90, 0xFB90, 0xF36F, 0xFB90, 0xFB90, 0xF36F, 0xFB90, 0xF390, 0xFB90, 0xFB90,
    0xF38F, 0xFB90, 0xFB90, 0xF38F, 0xFB90, 0xF390, 0xFB90, 0xFB90, 0xF38F, 0xFB90, 0xFB90, 0xF38F,
    0xFB90, 0xF390, 0xFBB0, 0xFB90, 0xF390, 0xFB90, 0xFB90, 0xF370, 0xFB90, 0xF390, 0xFB90, 0xFB90,
    0xF370, 0xFB90, 0xFB90, 0xF390, 0xFB90, 0xF390, 0xFBB1, 0xFB90, 0xF370, 0xFB70, 0xF34F, 0xF34F,
    0xFB70, 0xF34F, 0xFB70, 0xFB70, 0xF34F, 0xFB70, 0xFB70, 0xF34F, 0xFB70, 0xF370, 0xFB70, 0xFB70,
    0xF370, 0xFB90, 0xFB70, 0xF370, 0xFB70, 0xF370, 0xFB70, 0xFB70, 0xF350, 0xFB70, 0xFB70, 0xF370,
    0xFB70, 0xF350, 0xFB71, 0xFB70, 0xF350, 0xFB71, 0xF370, 0xF350, 0xFB70, 0xF370, 0xFB71, 0xFB71,
    0xF370, 0xFB71, 0xF371, 0xF370, 0xFB71, 0xF371, 0xFB92, 0xFB71, 0xF371, 0xFB92, 0xF391, 0xF371,
    0xFB92, 0xF391, 0xFB92, 0xFB92, 0xF391, 0xFB92, 0xF392, 0xF392, 0xFB92, 0xF392, 0xFBB3, 0xFB92,
    0xF392, 0xFBB3, 0xF392, 0xF392, 0xFBB3, 0xF3B2, 0xFBB3, 0xFBB3, 0xF3B3, 0xFBD3, 0xF3B3, 0xF3B3,
    0xFBD3, 0xF3B3, 0xFBD4, 0xF3D4, 0xF3B3, 0xFBD4, 0xF3D4, 0xF3D3, 0xFBD4, 0xF3D4, 0xFBF5, 0xF3F4,
    0xF3D4, 0xFBF5, 0xF3D4, 0xF353, 0xFF3D, 0xFE3A, 0xFB34, 0xCB51, 0xF392, 0xF3B3, 0xEBB3, 0xEB92,
    0xEBB3, 0xEB92, 0xEBB3, 0xEB92, 0xE392, 0xE392, 0xE392, 0xDB71, 0xDB72, 0xDB71, 0xDB72, 0xD371,
    0xD351, 0xD371, 0xCB51, 0xCB30, 0xCB51, 0xCB30, 0xCB31, 0xC330, 0xC310, 0xC330, 0xC310, 0xBB0F,
    0xB350, 0xB371, 0xB371, 0xBB91, 0xB391, 0xB391, 0xBBB2, 0xB3B1, 0xB3B1, 0xBBD2, 0xB3F2, 0xBC12,
    0xB412, 0xB412, 0xB453, 0xB452, 0xAC52, 0xB473, 0xAC93, 0xB4B3, 0xACB3, 0xACB3, 0xACF3, 0xA4F3,
    0xA4F3, 0xA513, 0xA513, 0x9D94, 0xA432, 0xFB56, 0xFF3D, 0xFE7B, 0xF334, 0xF416, 0xF3F5, 0xFBF6,
    0xF3F5, 0xF3F5, 0xF3F5, 0xF3F5, 0xF3D4, 0xF3F5, 0xF3D4, 0xFBF5, 0xF3D4, 0xF3D4, 0xFBD4, 0xF3D4,
    0xF3B3, 0xFBF4, 0xF414, 0xFC15, 0xFC14, 0xF414, 0xFC35, 0xF414, 0xF3F4, 0xFC14, 0xF3F4, 0xFC14,
    0xFBF4, 0xF3F4, 0xFC14, 0xF3F4, 0xF3D3, 0xFBF4, 0xF3F3, 0xFBF4, 0xFBF3, 0xF3D3, 0xFBF3, 0xF3D3,
    0xF3D3, 0xFBD3, 0xF3D3, 0xFBF3, 0xFBD3, 0xF3D3, 0xFBD3, 0xF3D3, 0xF3D2, 0xF3D3, 0xF3D2, 0xF3F3,
    0xEC12, 0xE412, 0xEC32, 0xE412, 0xE412, 0xE412, 0xE412, 0xEC12, 0xE412, 0xE412, 0xEC12, 0xE412,
    0xE411, 0xEC12, 0xEBF1, 0xF3F2, 0xF3F2, 0xF3B1, 0xFBD2, 0xF3B1, 0xF3B1, 0xFBB2, 0xF3B1, 0xFBB2,
    0xFBB1, 0xF3B1, 0xFBB2, 0xF3B1, 0xF3B1, 0xFBB1, 0xF3B1, 0xFBB2, 0xFBB1, 0xF3B1, 0xFBB1, 0xF3B1,
    0xF3B1, 0xFBB1, 0xF3B1, 0xFBB1, 0xFBB1, 0xF3B1, 0xFBB1, 0xF3B1, 0xF3B0, 0xFBB1, 0xF3B1, 0xFBB1,
    0xFBB1, 0xF3B0, 0xFBB1, 0xFBB1, 0xF3B0, 0xFBB1, 0xF3B0, 0xFBB1, 0xFBB1, 0xF3B0, 0xFBB1, 0xF3B0,
    0xF3B0, 0xFBB1, 0xF3B0, 0xFBB1, 0xFBB0, 0xF3B0, 0xFBB1, 0xF3B0, 0xF3B0, 0xFBB0, 0xF3B0, 0xFBB1,
    0xFBB0, 0xF3B0, 0xFBB0, 0xF3B0, 0xF3B0, 0xFBB0, 0xF3B0, 0xFBB1, 0xFBB0, 0xF3B0, 0xFBD1, 0xF3B0,
    0xF3B0, 0xFBB0, 0xF3B0, 0xFBB1, 0xFBB0, 0xF3B0, 0xFBB1, 0xFBB0, 0xF3B0, 0xFBB1, 0xF3B0, 0xFBB1,
    0xFBB0, 0xF3B0, 0xFBB1, 0xFBB0, 0xF3B0, 0xFBB1, 0xF3B0, 0xFBB1, 0xFBB1, 0xF3B0, 0xFBB1, 0xFBB1,
    0xF3B0, 0xFBB1, 0xF3B0, 0xFBB1, 0xFBB1, 0xF3B0, 0xFB91, 0xF350, 0xF34F, 0xFB70, 0xF370, 0xFB70,
    0xFB70, 0xF34F, 0xFB70, 0xFB70, 0xF34F, 0xFB70, 0xF370, 0xFB70, 0xFB70, 0xF32F, 0xFAEE, 0xFACE,
    0xF2CE, 0xFB0F, 0xF370, 0xFB70, 0xFB70, 0xF370, 0xFB91, 0xFB2F, 0xF32F, 0xFB70, 0xF350, 0xFB71,
    0xFB70, 0xF370, 0xFB71, 0xFB70, 0xF350, 0xFB71, 0xF370, 0xFB71, 0xFB71, 0xF370, 0xFB91, 0xFB71,
    0xF371, 0xFB71, 0xF371, 0xFB92, 0xFB91, 0xF371, 0xFB92, 0xF391, 0xF371, 0xFB92, 0xF391, 0xFB92,
    0xFB92, 0xF391, 0xFB92, 0xF392, 0xF392, 0xFB92, 0xF392, 0xFBB3, 0xFB92, 0xF392, 0xFBB3, 0xF3B3,
    0xF392, 0xFBB3, 0xF3B3, 0xFBB3, 0xFBB3, 0xF3B3, 0xFBD3, 0xF3B3, 0xF3B3, 0xFBD3, 0xF3D3, 0xFBD4,
    0xF3D4, 0xF3B3, 0xFBD4, 0xF3D4, 0xF3D3, 0xFBD4, 0xF3D4, 0xFBF5, 0xF3F4, 0xF3D4, 0xFBF5, 0xF353,
    0xFF1C, 0xFE3B, 0xF333, 0xD351, 0xFBB3, 0xEB92, 0xF3B3, 0xEB93, 0xEB92, 0xEBB3, 0xE392, 0xEBB3,
    0xE392, 0xE372, 0xE392, 0xDB72, 0xDB71, 0xDB72, 0xD371, 0xDB72, 0xD371, 0xCB51, 0xD351, 0xCB51,
    0xCB30, 0xCB31, 0xC330, 0xCB31, 0xC330, 0xBB10, 0xC330, 0xBB10, 0xB350, 0xB350, 0xB371, 0xB371,
    0xBB91, 0xB391, 0xB391, 0xBBD2, 0xB3D1, 0xB3D1, 0xBBF2, 0xB3F2, 0xBC12, 0xB432, 0xB432, 0xB453,
    0xB452, 0xAC72, 0xB493, 0xAC93, 0xB4B3, 0xACD3, 0xA4D3, 0xACF3, 0xA4F3, 0x9D13, 0xA533, 0x9593,
    0xA432, 0xFB77, 0xFF3D, 0xFE9C, 0xF354, 0xF3F5, 0xF416, 0xF3F5, 0xFC16, 0xF3F5, 0xF3F5, 0xFBF5,
    0xF3F5, 0xF3D4, 0xF3F5, 0xF3D4, 0xFBF5, 0xF3D4, 0xF3D4, 0xFBD4, 0xF3F4, 0xF414, 0xFC15, 0xF414,
    0xFC15, 0xFC14, 0xF3F4, 0xFC14, 0xF3F4, 0xF3F3, 0xFBF4, 0xF3F4, 0xFBF4, 0xFBF4, 0xF3F3, 0xFBF4,
    0xF3D4, 0xF3D3, 0xFBF4, 0xF3D3, 0xFBF4, 0xFBD3, 0xF3D3, 0xFBF3, 0xF3D3, 0xF3D3, 0xFBD3, 0xF3D3,
    0xFBD3, 0xFBD3, 0xF3B2, 0xFBD3, 0xF3D2, 0xF3B2, 0xF3D2, 0xEBD2, 0xEBF3, 0xEC12, 0xE3F2, 0xEC12,
    0xE412, 0xE3F1, 0xEC12, 0xE3F2, 0xEC12, 0xEC12, 0xE3F1, 0xEC12, 0xEBF2, 0xE3F1, 0xEBF2, 0xEBD1,
    0xF3D2, 0xF3D1, 0xF3B1, 0xFBB2, 0xF3B1, 0xF391, 0xFBB2, 0xF3B1, 0xFBB2, 0xFBB1, 0xF391, 0xFBB1,
    0xF3B1, 0xF391, 0xFBB1, 0xF3B1, 0xFBB1, 0xFBB1, 0xF391, 0xFBB1, 0xF3B1, 0xF390, 0xFBB1, 0xF3B1,
    0xFBB1, 0xFBB1, 0xF390, 0xFBB1, 0xF3B1, 0xF390, 0xFBB1, 0xF3B0, 0xFBB1, 0xFBB1, 0xF390, 0xFBB1,
    0xF3B0, 0xF390, 0xFBB1, 0xF3B0, 0xFBB1, 0xFBB0, 0xF390, 0xFBB1, 0xF3B0, 0xF390, 0xFBB0, 0xF390,
    0xFBB1, 0xFBB0, 0xF390, 0xFBB0, 0xF3B0, 0xF390, 0xFBB0, 0xF3B0, 0xFBB0, 0xFBB0, 0xF390, 0xFBB0,
    0xFBB0, 0xF390, 0xFBB0, 0xF3B0, 0xFBB1, 0xFBB0, 0xF3B0, 0xFBB1, 0xF3B0, 0xF390, 0xFBB0, 0xF3B0,
    0xFBB1, 0xFBB0, 0xF390, 0xFBB1, 0xFBB0, 0xF390, 0xFBB1, 0xF3B0, 0xFBB1, 0xFBB0, 0xF390, 0xFBB1,
    0xFBB0, 0xF390, 0xFBB1, 0xF3B0, 0xFBB1, 0xFBB1, 0xF390, 0xFBB1, 0xFBB1, 0xF3B0, 0xFBB1, 0xF3B0,
    0xFBB1, 0xFBB1, 0xF3B0, 0xFBB1, 0xF34F, 0xF34F, 0xFB70, 0xF34F, 0xFB70, 0xFB70, 0xF34F, 0xFB70,
    0xF370, 0xF34F, 0xFB70, 0xF370, 0xFB70, 0xFBB1, 0xFCD5, 0xFD16, 0xFD76, 0xF473, 0xFB30, 0xF32F,
    0xFAEF, 0xFAEE, 0xF2CE, 0xFC53, 0xFBB1, 0xF28D, 0xFB50, 0xF370, 0xFB71, 0xFB0F, 0xF2CE, 0xFB30,
    0xFB70, 0xF350, 0xFB71, 0xF370, 0xFB71, 0xFB71, 0xF370, 0xFB91, 0xF371, 0xF371, 0xFB91, 0xF371,
    0xFB92, 0xFB91, 0xF371, 0xFB92, 0xFB91, 0xF371, 0xFB92, 0xF391, 0xFB92, 0xFB92, 0xF371, 0xFB92,
    0xF392, 0xF391, 0xFBB2, 0xF392, 0xFBB3, 0xFBB2, 0xF392, 0xFBB3, 0xF3B3, 0xF3B2, 0xFBB3, 0xF3B3,
    0xFBB3, 0xFBB3, 0xF3B3, 0xFBD4, 0xF3D3, 0xF3B3, 0xFBD4, 0xF3D3, 0xFBD4, 0xF3D4, 0xF3D4, 0xFBD4,
    0xF3D4, 0xF3D4, 0xFBD4, 0xF3D4, 0xFBF5, 0xF3F4, 0xF3D4, 0xFB74, 0xFF3D, 0xFE1A, 0xF334, 0xCB50,
    0xFBB3, 0xF3B3, 0xEB92, 0xF3B3, 0xEB92, 0xE392, 0xEB93, 0xE392, 0xEB93, 0xE392, 0xDB72, 0xE392,
    0xDB72, 0xD371, 0xDB72, 0xD351, 0xDB72, 0xD351, 0xCB51, 0xD351, 0xCB31, 0xC330, 0xCB31, 0xC330,
    0xC331, 0xC330, 0xBB10, 0xC310, 0xB371, 0xB370, 0xB370, 0xB391, 0xB391, 0xBBB1, 0xB3B1, 0xB3B1,
    0xBBD2, 0xB3D1, 0xB3D1, 0xB412, 0xB412, 0xBC33, 0xB432, 0xB452, 0xB473, 0xB473, 0xAC72, 0xACB3,
    0xACB3, 0xACD3, 0xACF3, 0xA4F3, 0xA513, 0xA513, 0x9D13, 0x9593, 0x9C12, 0xFB77, 0xFF3D, 0xFE7B,
    0xF374, 0xF3F5, 0xF3F5, 0xF3F5, 0xF3F5, 0xFBF5, 0xF3F5, 0xF3D4, 0xFBF5, 0xF3D4, 0xF3D4, 0xFBD4,
    0xF3D4, 0xFBF5, 0xF3D4, 0xF3D4, 0xFC15, 0xF415, 0xF3F4, 0xFC14, 0xF414, 0xFC15, 0xFC14, 0xF3F4,
    0xFC14, 0xF3F4, 0xF3F3, 0xFBF4, 0xF3F3, 0xFBF4, 0xFBF4, 0xF3D3, 0xFBF4, 0xF3F3, 0xF3D3, 0xFBF4,
    0xF3D3, 0xFBF4, 0xFBD3, 0xF3D3, 0xFBF3, 0xF3D3, 0xF3D3, 0xFBD3, 0xF3D3, 0xFBD3, 0xFBD3, 0xF3B2,
    0xFBD3, 0xF3D2, 0xF3D2, 0xF3F2, 0xEBF2, 0xEC12, 0xEC12, 0xE3F2, 0xEC12, 0xEBF2, 0xE3F1, 0xEBF2,
    0xEBF2, 0xEC12, 0xEBF2, 0xEBF1, 0xEC12, 0xEBF2, 0xEBD1, 0xF3D2, 0xF3D1, 0xF3D2, 0xF3B1, 0xF3B1,
    0xFBB2, 0xF3B1, 0xF391, 0xFBB1, 0xF3B1, 0xFBB2, 0xFBB1, 0xF391, 0xFBB1, 0xF3B1, 0xF391, 0xFBB1,
    0xF3B1, 0xFBB1, 0xFBB1, 0xF391, 0xFBB1, 0xF3B1, 0xF390, 0xFBB1, 0xF3B1, 0xFBB1, 0xFBB1, 0xF390,
    0xFBB1, 0xF3B1, 0xF390, 0xFBB1, 0xF3B0, 0xFBB1, 0xFBB1, 0xF390, 0xFBB1, 0xF3B0, 0xF390, 0xFBB1,
    0xF3B0, 0xFBB1, 0xFBB0, 0xF390, 0xFBB1, 0xF3B0, 0xF390, 0xFBB0, 0xF390, 0xFBB1, 0xFBB0, 0xF390,
    0xFBB0, 0xFBB0, 0xF390, 0xFBB0, 0xF390, 0xFBB0, 0xFBB0, 0xF390, 0xFBB0, 0xFBB0, 0xF390, 0xFBB0,
    0xF3B0, 0xFBB1, 0xFBB0, 0xF390, 0xFBB0, 0xF3B0, 0xF390, 0xFBB0, 0xF3B0, 0xFBB1, 0xFBB0, 0xF390,
    0xFBB1, 0xFBB0, 0xF390, 0xFBB1, 0xF3B0, 0xFBB1, 0xFBB0, 0xF390, 0xFBB1, 0xFBB0, 0xF390, 0xFBB1,
    0xF3B0, 0xFBB1, 0xFBB1, 0xF3B0, 0xFBB1, 0xF3B1, 0xF3B0, 0xFBB1, 0xF3B0, 0xFBB1, 0xFBB1, 0xF3B0,
    0xFB90, 0xF34F, 0xF34F, 0xFB70, 0xF36F, 0xFB70, 0xFB70, 0xF34F, 0xFB70, 0xFB70, 0xF370, 0xFB90,
    0xF2EE, 0xFCD5, 0xFEDC, 0xF473, 0xFCD5, 0xFC33, 0xF26D, 0xFC12, 0xFCF5, 0xFD15, 0xFB70, 0xF5D8,
    0xFC34, 0xFBD2, 0xF3F2, 0xFAEF, 0xF2EE, 0xFC33, 0xFCF5, 0xF3D1, 0xFAEF, 0xFB70, 0xF350, 0xFB71,
    0xF370, 0xFB71, 0xFB71, 0xF370, 0xFB91, 0xF371, 0xF371, 0xFB71, 0xF371, 0xFB92, 0xFB91, 0xF371,
    0xFB92, 0xF391, 0xF371, 0xFB92, 0xF391, 0xFB92, 0xFB92, 0xF372, 0xFB92, 0xF392, 0xF392, 0xFBB2,
    0xF392, 0xFBB3, 0xFBB3, 0xF3B2, 0xFBB3, 0xF3B3, 0xF3B2, 0xFBB3, 0xF3B3, 0xFBD3, 0xF3D3, 0xF3B3,
    0xFBD3, 0xF3D3, 0xF3B3, 0xFBD4, 0xF3D3, 0xFBF4, 0xF3D4, 0xF3D4, 0xFBF4, 0xF3D4, 0xF3D4, 0xFBF4,
    0xF3D4, 0xFBF5, 0xF3F4, 0xF353, 0xFF3D, 0xFE1A, 0xF333, 0xCB51, 0xF3B2, 0xF3B3, 0xEBB3, 0xEB92,
    0xEBB3, 0xEB92, 0xE392, 0xEB92, 0xE392, 0xE393, 0xE392, 0xDB72, 0xE392, 0xDB72, 0xD351, 0xDB72,
    0xD351, 0xD371, 0xD351, 0xCB30, 0xCB51, 0xCB30, 0xC330, 0xC330, 0xC310, 0xC330, 0xC310, 0xBB0F,
    0xB350, 0xB371, 0xB371, 0xB370, 0xB391, 0xB391, 0xBBB2, 0xB3B1, 0xB3B1, 0xBBF2, 0xB3F2, 0xB3F1,
    0xB412, 0xB432, 0xB453, 0xB452, 0xAC52, 0xB493, 0xAC93, 0xAC92, 0xACB3, 0xACD3, 0xACF3, 0xA4F3,
    0xA4F3, 0xA533, 0x9D33, 0x8D93, 0xA432, 0xFB56, 0xFF3D, 0xFE7B, 0xF354, 0xF416, 0xF3F5, 0xF3F5,
    0xF3F5, 0xF3F5, 0xFBF5, 0xF3F5, 0xF3D4, 0xFBF5, 0xF3D4, 0xF3D4, 0xFBD4, 0xF3D4, 0xFBD4, 0xFBF4,
    0xF414, 0xFC15, 0xF414, 0xF3F4, 0xFC14, 0xF414, 0xFC14, 0xFBF4, 0xF3F4, 0xFBF4, 0xF3F4, 0xF3D3,
    0xFBF4, 0xF3F3, 0xFBF4, 0xFBF4, 0xF3D3, 0xFBF4, 0xF3D3, 0xF3D3, 0xFBD3, 0xF3D3, 0xFBF3, 0xFBD3,
    0xF3D3, 0xFBD3, 0xF3D3, 0xF3D2, 0xFBD3, 0xF3D3, 0xFBD3, 0xFBD3, 0xF3B2, 0xFBD3, 0xF3D2, 0xEBD2,
    0xF3F2, 0xEBF2, 0xEBF2, 0xEBF2, 0xEBF2, 0xEBF2, 0xEBF2, 0xE3D1, 0xEBF2, 0xEBF2, 0xEBF2, 0xEBF2,
    0xEBD1, 0xEBF2, 0xEBD1, 0xEBD1, 0xF3D2, 0xF3B1, 0xFBB2, 0xFBB1, 0xF391, 0xFBB2, 0xF3B1, 0xF391,
    0xFBB1, 0xF3B1, 0xFBB2, 0xFBB1, 0xF391, 0xFBB1, 0xF3B1, 0xF391, 0xFBB1, 0xF3B1, 0xFBB1, 0xFBB1,
    0xF391, 0xFBB1, 0xF3B1, 0xF390, 0xFBB1, 0xF3B1, 0xFBB1, 0xFBB1, 0xF390, 0xFBB1, 0xF3B0, 0xF390,
    0xFBB1, 0xF3B0, 0xFBB1, 0xFBB1, 0xF390, 0xFBB1, 0xF3B0, 0xF390, 0xFBB1, 0xF3B0, 0xFBB1, 0xFBB0,
    0xF390, 0xFBB1, 0xFBB0, 0xF390, 0xFBB0, 0xF3B0, 0xFBB1, 0xFBB0, 0xF390, 0xFBB0, 0xF3B0, 0xF390,
    0xFBB0, 0xF3B0, 0xFBB1, 0xFBB0, 0xF390, 0xFBB0, 0xF3B0, 0xF390, 0xFBB0, 0xF3B0, 0xFBB1, 0xFBB0,
    0xF390, 0xFBB0, 0xF3B0, 0xF390, 0xFBB0, 0xF3B0, 0xFBB1, 0xFBB0, 0xF390, 0xFBB1, 0xFBB0, 0xF390,
    0xFBB0, 0xF3B0, 0xFBB1, 0xFBB0, 0xF390, 0xFBB1, 0xFBB0, 0xF390, 0xFBB1, 0xF3B0, 0xFBB1, 0xFBB1,
    0xF3B0, 0xFBB1, 0xF3B0, 0xF390, 0xFBB1, 0xF3B0, 0xFBB1, 0xFBB1, 0xF390, 0xFB70, 0xF350, 0xF34F,
    0xFB70, 0xF36F, 0xFB70, 0xFB70, 0xF34F, 0xFB70, 0xF370, 0xF370, 0xFAEE, 0xFCB4, 0xFE19, 0xFBD1,
    0xF3D1, 0xFA6D, 0xFB70, 0xF597, 0xFE19, 0xFE3A, 0xFBD2, 0xFCB5, 0xFDB8, 0xFD97, 0xFDB8, 0xF30F,
    0xFBD2, 0xFDF8, 0xFDF9, 0xFD97, 0xF330, 0xFB50, 0xFB70, 0xF370, 0xFB71, 0xF371, 0xFB91, 0xFB71,
    0xF371, 0xFB91, 0xF371, 0xF371, 0xFB71, 0xF371, 0xFB92, 0xFB91, 0xF371, 0xFB92, 0xF371, 0xF371,
    0xFB92, 0xF391, 0xFB92, 0xFB92, 0xF392, 0xFB92, 0xF392, 0xF392, 0xFB92, 0xF392, 0xFBB3, 0xFBB3,
    0xF392, 0xFBB3, 0xF3B3, 0xF3B2, 0xFBB3, 0xF3B3, 0xFBD3, 0xF3D3, 0xF3B3, 0xFBD4, 0xF3D3, 0xF3B3,
    0xFBD4, 0xF3D3, 0xFBF4, 0xF3D4, 0xF3D4, 0xFBF4, 0xF3D4, 0xF3D4, 0xFBD4, 0xF3D4, 0xFBF5, 0xF373,
    0xFF1D, 0xFE3B, 0xF334, 0xC330, 0xFBB3, 0xEBB2, 0xF3B3, 0xEBB3, 0xEB92, 0xEBB3, 0xEB92, 0xE392,
    0xE392, 0xE392, 0xE392, 0xE392, 0xDB71, 0xDB72, 0xDB71, 0xD351, 0xD351, 0xD351, 0xD351, 0xCB51,
    0xCB30, 0xCB51, 0xC330, 0xC310, 0xC330, 0xC310, 0xC330, 0xBB10, 0xB350, 0xB350, 0xB371, 0xB371,
    0xB370, 0xB391, 0xB3B1, 0xBBD2, 0xB3D1, 0xB3D1, 0xBBF2, 0xB3F2, 0xB412, 0xB432, 0xB432, 0xB453,
    0xB473, 0xAC72, 0xB493, 0xACB3, 0xA4B2, 0xACD3, 0xA4D3, 0xACF3, 0xA513, 0x9D13, 0xA533, 0x9593,
    0x9C11, 0xFB57, 0xFF3D, 0xFE9C, 0xF354, 0xF3F5, 0xFC16, 0xF3F5, 0xF3F5, 0xF3F5, 0xF3F5, 0xFBF5,
    0xF3F5, 0xF3D4, 0xFBF5, 0xF3D4, 0xF3D4, 0xFBF4, 0xF3D4, 0xFC15, 0xFC15, 0xF414, 0xFC15, 0xF3F4,
    0xF3F4, 0xFC14, 0xF3F4, 0xFC14, 0xFBF4, 0xF3F3, 0xFBF4, 0xF3F4, 0xF3D3, 0xFBF4, 0xF3D3, 0xFBF4,
    0xFBF4, 0xF3D3, 0xFBF4, 0xF3D3, 0xF3D3, 0xFBD3, 0xF3D3, 0xFBF3, 0xFBD3, 0xF3D3, 0xFBD3, 0xF3D3,
    0xF3B2, 0xFBD3, 0xF3B2, 0xFBD3, 0xFBD2, 0xF3B2, 0xF3D3, 0xF3D2, 0xEBD2, 0xF3F2, 0xEBF2, 0xEBF2,
    0xEBF2, 0xEBD2, 0xEBF2, 0xEBD2, 0xEBD1, 0xEBF2, 0xEBF2, 0xF3F2, 0xEBF2, 0xEBD1, 0xF3D2, 0xF3D1,
    0xF3B1, 0xF3B2, 0xF3B1, 0xFBB2, 0xFBB1, 0xF391, 0xFBB2, 0xF3B1, 0xF391, 0xFBB1, 0xF3B1, 0xFBB2,
    0xFBB1, 0xF391, 0xFBB1, 0xF3B1, 0xF390, 0xFBB1, 0xF3B1, 0xFBB1, 0xFBB1, 0xF391, 0xFBB1, 0xF3B1,
    0xF390, 0xFBB1, 0xF3B0, 0xFBB1, 0xFBB1, 0xF390, 0xFBB1, 0xF3B0, 0xF390, 0xFBB1, 0xF3B0, 0xFBB1,
    0xFBB1, 0xF390, 0xFBB1, 0xF3B0, 0xF390, 0xFBB0, 0xF3B0, 0xFBB1, 0xFBB0, 0xF390, 0xFBB1, 0xF390,
    0xF390, 0xFBB0, 0xF390, 0xFBB1, 0xFBB0, 0xF390, 0xFBB0, 0xF390, 0xF390, 0xFBB0, 0xF3B0, 0xFBB1,
    0xFBB0, 0xF390, 0xFBB0, 0xF3B0, 0xF390, 0xFBB0, 0xF3B0, 0xFBB1, 0xFBB0, 0xF390, 0xFBB0, 0xF3B0,
    0xF390, 0xFBB0, 0xF3B0, 0xFBB1, 0xFBB0, 0xF390, 0xFBB1, 0xFBB0, 0xF390, 0xFBB1, 0xF3B0, 0xFBB1,
    0xFBB0, 0xF390, 0xFBB1, 0xFBB0, 0xF390, 0xFBB1, 0xF3B0, 0xFBB1, 0xFBB1, 0xF3B0, 0xFBB1, 0xF3B0,
    0xF390, 0xFBB1, 0xF3B0, 0xFBB1, 0xFBB0, 0xF34F, 0xFB70, 0xF350, 0xF34F, 0xFB70, 0xF370, 0xFB70,
    0xFB70, 0xF36F, 0xFB70, 0xFB90, 0xF30E, 0xFCB4, 0xFEBB, 0xFD78, 0xFDD8, 0xF2CE, 0xFDD8, 0xFC54,
    0xF1AB, 0xFA6D, 0xF16A, 0xFD98, 0xFE9A, 0xF22B, 0xFD57, 0xFD16, 0xFDB8, 0xFB91, 0xF149, 0xFD57,
    0xFD16, 0xF2CE, 0xFB91, 0xFB70, 0xF370, 0xFB71, 0xF371, 0xFB91, 0xFB71, 0xF371, 0xFB91, 0xFB71,
    0xF371, 0xFB71, 0xF371, 0xFB92, 0xFB91, 0xF371, 0xFB92, 0xF371, 0xF371, 0xFB92, 0xF392, 0xFB92,
    0xFB92, 0xF392, 0xFBB2, 0xF392, 0xF392, 0xFBB3, 0xF3B2, 0xFBB3, 0xFBB3, 0xF392, 0xFBB3, 0xF3B3,
    0xF3B2, 0xFBB3, 0xF3B3, 0xFBD4, 0xFBD3, 0xF3B3, 0xFBD4, 0xF3D3, 0xF3D3, 0xFBD4, 0xF3D4, 0xFBD4,
    0xF3D4, 0xF3D4, 0xFBF4, 0xF3D4, 0xF3D4, 0xFBF5, 0xF3D4, 0xFB74, 0xFF3D, 0xF63A, 0xF334, 0xCB51,
    0xF392, 0xF3B3, 0xEB92, 0xF3B3, 0xEBB3, 0xEB92, 0xEBB3, 0xE392, 0xE392, 0xE392, 0xE372, 0xE392,
    0xDB72, 0xDB71, 0xDB72, 0xD351, 0xD351, 0xD351, 0xCB51, 0xD351, 0xCB51, 0xC330, 0xCB31, 0xC330,
    0xC310, 0xC330, 0xBB10, 0xC310, 0xB371, 0xB371, 0xB370, 0xB391, 0xB391, 0xB391, 0xB3B1, 0xB3B1,
    0xBBD2, 0xB3D2, 0xB3F1, 0xB412, 0xB412, 0xB412, 0xB432, 0xB452, 0xB473, 0xB473, 0xAC92, 0xACB3,
    0xACB3, 0xA4D2, 0xACF3, 0xA4F3, 0xA514, 0xA533, 0x9D13, 0x95B3, 0x9C11, 0xFB36, 0xFF5D, 0xFE7B,
    0xFB54, 0xF415, 0xF3F5, 0xFC15, 0xF3F5, 0xF3F4, 0xF3F5, 0xF3F5, 0xFBF5, 0xF3F5, 0xF3D4, 0xFBF4,
    0xF3D4, 0xF3D4, 0xFBD4, 0xF3F4, 0xFC35, 0xFC15, 0xF3F4, 0xFC14, 0xF3F4, 0xF3F4, 0xFC14, 0xF3F4,
    0xFC14, 0xFBF4, 0xF3D3, 0xFBF4, 0xF3F3, 0xF3D3, 0xFBF4, 0xF3D3, 0xFBF4, 0xFBF3, 0xF3D3, 0xFBF4,
    0xF3D3, 0xF3D3, 0xFBD3, 0xF3D3, 0xFBF3, 0xFBD3, 0xF3B3, 0xFBD3, 0xF3B3, 0xF3B2, 0xFBB3, 0xF3B2,
    0xFBD3, 0xF3D2, 0xF3B2, 0xF3D2, 0xF3D2, 0xEBD2, 0xF3F2, 0xEBD2, 0xF3F2, 0xEBF2, 0xEBD1, 0xF3F2,
    0xEBD2, 0xEBD1, 0xF3D2, 0xEBD1, 0xF3F2, 0xEBD2, 0xEBB1, 0xF3D2, 0xF3B1, 0xF391, 0xFBB1, 0xF3B1,
    0xFBB2, 0xFBB1, 0xF391, 0xFBB1, 0xF391, 0xF391, 0xFBB1, 0xF3B1, 0xFBB1, 0xFBB1, 0xF391, 0xFBB1,
    0xF3B1, 0xF390, 0xFBB1, 0xF3B1, 0xFBB1, 0xFBB1, 0xF390, 0xFBB1, 0xF3B1, 0xF390, 0xFBB1, 0xF3B0,
    0xFBB1, 0xFBB1, 0xF390, 0xFBB1, 0xF3B0, 0xF390, 0xFBB1, 0xF3B0, 0xFBB1, 0xFBB0, 0xF390, 0xFBB1,
    0xF3B0, 0xF390, 0xFBB0, 0xF3B0, 0xFBB1, 0xFBB0, 0xF390, 0xFBB0, 0xF390, 0xF390, 0xFBB0, 0xF390,
    0xFBB0, 0xFBB0, 0xF390, 0xFBB0, 0xF390, 0xF390, 0xFBB0, 0xF3B0, 0xFBB1, 0xFBB0, 0xF390, 0xFBB0,
    0xF3B0, 0xF390, 0xFBB0, 0xF3B0, 0xFBB1, 0xFBB0, 0xF390, 0xFBB0, 0xFBB0, 0xF390, 0xFBB0, 0xF3B0,
    0xFBB1, 0xFBB0, 0xF390, 0xFBB1, 0xFBB0, 0xF390, 0xFBB1, 0xF3B0, 0xFBB1, 0xFBB0, 0xF390, 0xFBB1,
    0xFBB0, 0xF390, 0xFBB1, 0xF3B0, 0xFBB1, 0xFBB1, 0xF390, 0xFBB1, 0xF3B0, 0xF390, 0xFBB1, 0xF3B0,
    0xFBB1, 0xFB50, 0xF34F, 0xFB70, 0xF350, 0xF34F, 0xFB70, 0xF370, 0xFB70, 0xFB70, 0xF370, 0xFB90,
    0xF2EE, 0xF494, 0xFCF5, 0xF9AB, 0xFAEF, 0xFAAD, 0xFD97, 0xFCB5, 0xFA2C, 0xF452, 0xFC94, 0xFDB8,
    0xFC94, 0xF22C, 0xFD56, 0xFCD5, 0xFD97, 0xF412, 0xFA4C, 0xFDB7, 0xFD16, 0xFAEF, 0xF370, 0xFB71,
    0xFB71, 0xF370, 0xFB71, 0xF371, 0xFB71, 0xFB71, 0xF371, 0xFB91, 0xF371, 0xF371, 0xFB71, 0xF371,
    0xFB92, 0xFB71, 0xF371, 0xFB92, 0xF371, 0xF371, 0xFB92, 0xF392, 0xFB92, 0xFB92, 0xF392, 0xFBB2,
    0xF392, 0xF392, 0xFBB3, 0xF3B2, 0xFBB3, 0xF3B3, 0xF3B2, 0xFBB3, 0xF3B3, 0xF3B2, 0xFBB3, 0xF3B3,
    0xFBD4, 0xF3D3, 0xF3B3, 0xFBD4, 0xF3D4, 0xF3B3, 0xFBD4, 0xF3D4, 0xFBD4, 0xF3D4, 0xF3D4, 0xFBF4,
    0xF3D4, 0xF3D4, 0xFBD5, 0xF353, 0xFF3D, 0xFE5B, 0xF333, 0xCB51, 0xF3B3, 0xEB92, 0xF3B3, 0xEB92,
    0xEBB3, 0xEB92, 0xE392, 0xEB93, 0xE392, 0xE372, 0xE392, 0xDB72, 0xE392, 0xDB72, 0xD351, 0xDB72,
    0xD351, 0xCB51, 0xD351, 0xCB31, 0xCB51, 0xCB31, 0xC330, 0xCB31, 0xC310, 0xBB10, 0xC310, 0xBB10,
    0xB350, 0xB371, 0xB371, 0xB370, 0xB391, 0xB391, 0xB391, 0xB3B1, 0xB3D1, 0xBBF2, 0xB3F2, 0xB3F1,
    0xB412, 0xB432, 0xAC32, 0xB453, 0xAC72, 0xB493, 0xAC93, 0xAC92, 0xACD3, 0xACD3, 0xA4D3, 0xA4F3,
    0xA513, 0xA534, 0x9D33, 0x8D93, 0xA432, 0xFB56, 0xF73D, 0xFE7C, 0xF354, 0xFC16, 0xF3F5, 0xF3F5,
    0xFC15, 0xF3F5, 0xF3D4, 0xF3F5, 0xF3F4, 0xFBF5, 0xF3D4, 0xF3D4, 0xFBF4, 0xF3D4, 0xF3D4, 0xFBF4,
    0xF414, 0xFC15, 0xF414, 0xF3F4, 0xFC14, 0xF3F4, 0xF3F3, 0xFBF4, 0xF3F4, 0xFBF4, 0xFBF4, 0xF3D3,
    0xFBF4, 0xF3D3, 0xF3D3, 0xFBD4, 0xF3D3, 0xFBF4, 0xFBD3, 0xF3D3, 0xFBF3, 0xF3D3, 0xF3D3, 0xFBD3,
    0xF3D3, 0xFBD3, 0xFBD3, 0xF3B2, 0xFBD3, 0xF3B2, 0xF3B2, 0xFBB3, 0xF3B2, 0xFBD3, 0xF3B2, 0xF3B2,
    0xF3D2, 0xF3D2, 0xEBD2, 0xF3D2, 0xEBD2, 0xF3F2, 0xF3D2, 0xEBD1, 0xF3D2, 0xF3D2, 0xEBD1, 0xF3D2,
    0xEBD1, 0xF3D2, 0xF3D1, 0xF3B1, 0xF3D2, 0xF3B1, 0xF391, 0xFBB1, 0xF391, 0xFBB2, 0xFBB1, 0xF391,
    0xFBB1, 0xF391, 0xF391, 0xFBB1, 0xF3B1, 0xFBB1, 0xFBB1, 0xF391, 0xFBB1, 0xF3B1, 0xF390, 0xFBB1,
    0xF3B1, 0xFBB1, 0xFBB1, 0xF390, 0xFBB1, 0xF3B1, 0xF390, 0xFBB1, 0xF3B0, 0xFBB1, 0xFBB0, 0xF390,
    0xFBB1, 0xF3B0, 0xF390, 0xFBB1, 0xF3B0, 0xFBB1, 0xFBB0, 0xF390, 0xFBB1, 0xF3B0, 0xF390, 0xFBB0,
    0xF390, 0xFBB1, 0xFBB0, 0xF390, 0xFBB0, 0xF390, 0xF390, 0xFBB0, 0xF390, 0xFBB0, 0xFBB0, 0xF390,
    0xFBB0, 0xFBB0, 0xF390, 0xFBB0, 0xF3B0, 0xFBB1, 0xFBB0, 0xF390, 0xFBB0, 0xF3B0, 0xF3B0, 0xFBB0,
    0xF3B0, 0xFBB1, 0xFBB0, 0xF390, 0xFBB0, 0xFBB0, 0xF390, 0xFBB0, 0xF3B0, 0xFBB1, 0xFBB0, 0xF390,
    0xFBB1, 0xFBB0, 0xF390, 0xFBB1, 0xF390, 0xFBB1, 0xFBB0, 0xF390, 0xFBB1, 0xF3B0, 0xF390, 0xFBB1,
    0xF3B0, 0xFBB1, 0xFBB1, 0xF390, 0xFBB1, 0xF3B0, 0xF390, 0xFBB1, 0xF370, 0xFB70, 0xFB70, 0xF34F,
    0xFB70, 0xF370, 0xF36F, 0xFB70, 0xF370, 0xFB70, 0xFB70, 0xF370, 0xFB0F, 0xFC33, 0xFF3D, 0xFEBB,
    0xFEDB, 0xFD36, 0xFA6E, 0xFD77, 0xFEDB, 0xFE7A, 0xF34F, 0xFD77, 0xFCB5, 0xFA4D, 0xFCB5, 0xF495,
    0xFACF, 0xFE9B, 0xFEDB, 0xFD36, 0xF30F, 0xFB71, 0xFB71, 0xF370, 0xFB71, 0xF371, 0xF370, 0xFB71,
    0xF371, 0xFB91, 0xFB71, 0xF371, 0xFB91, 0xF371, 0xF371, 0xFB71, 0xF371, 0xFB92, 0xFB91, 0xF371,
    0xFB92, 0xF391, 0xF371, 0xFB92, 0xF392, 0xFB92, 0xFB92, 0xF392, 0xFBB2, 0xFB92, 0xF392, 0xFBB3,
    0xF3B2, 0xFBB3, 0xFBB3, 0xF392, 0xFBB3, 0xF3B3, 0xF3B2, 0xFBD3, 0xF3B3, 0xFBD4, 0xFBD3, 0xF3B3,
    0xFBD4, 0xF3D4, 0xF3D3, 0xFBD4, 0xF3D4, 0xFBD4, 0xF3D4, 0xF3D4, 0xFBF5, 0xF3D4, 0xF3D4, 0xFB53,
    0xFF1C, 0xFE5B, 0xF354, 0xCB30, 0xFBB3, 0xEBB3, 0xEB92, 0xEBB3, 0xEB92, 0xEBB3, 0xEB92, 0xE392,
    0xEB92, 0xE392, 0xDB72, 0xE372, 0xDB72, 0xDB72, 0xDB71, 0xD351, 0xD371, 0xD351, 0xCB50, 0xCB51,
    0xCB30, 0xCB51, 0xCB30, 0xC310, 0xC330, 0xC310, 0xBB0F, 0xC310, 0xB351, 0xB370, 0xBB71, 0xB391,
    0xB371, 0xB3B1, 0xB3B1, 0xB3B1, 0xB3D2, 0xB3D1, 0xBBF2, 0xB412, 0xB412, 0xB432, 0xB432, 0xAC52,
    0xB473, 0xAC72, 0xB493, 0xACB3, 0xA4B2, 0xACD3, 0xA4F3, 0xA4F3, 0xA513, 0x9D13, 0xA534, 0x8DB3,
    0x9C11, 0xFB57, 0xFF3D, 0xF67B, 0xF354, 0xF3F5, 0xFC16, 0xF3F5, 0xF3F5, 0xF3F5, 0xF3F5, 0xF3D4,
    0xF3F5, 0xF3D4, 0xFBF5, 0xF3D4, 0xF3D4, 0xFBF4, 0xF3D4, 0xF3B3, 0xFC15, 0xF414, 0xFC15, 0xF3F4,
    0xF3F4, 0xFC14, 0xF3F4, 0xF3F3, 0xFBF4, 0xF3F3, 0xFBF4, 0xFBF4, 0xF3D3, 0xFBF4, 0xF3D3, 0xF3D3,
    0xFBD3, 0xF3D3, 0xFBF4, 0xFBD3, 0xF3D3, 0xFBF3, 0xF3D3, 0xF3D3, 0xFBD3, 0xF3D3, 0xFBD3, 0xFBD3,
    0xF3B2, 0xFBD3, 0xF3B2, 0xF3B2, 0xFBB2, 0xF3B2, 0xFBD3, 0xF3D2, 0xF3B2, 0xF3D2, 0xF3D2, 0xEBB1,
    0xF3D2, 0xF3D2, 0xF3D2, 0xF3D2, 0xF3B1, 0xF3D2, 0xF3B2, 0xEBB1, 0xF3D2, 0xF3B1, 0xF3D2, 0xF3B1,
    0xF3B1, 0xFBB2, 0xF3B1, 0xF391, 0xFBB1, 0xF3B1, 0xFBB1, 0xFBB1, 0xF391, 0xFBB1, 0xF3B1, 0xF391,
    0xFBB1, 0xF3B1, 0xFBB1, 0xFBB1, 0xF390, 0xFBB1, 0xF3B1, 0xF390, 0xFBB1, 0xF3B1, 0xFBB1, 0xFBB1,
    0xF390, 0xFBB1, 0xF3B0, 0xF390, 0xFBB1, 0xF3B0, 0xFBB1, 0xFBB0, 0xF390, 0xFBB1, 0xF3B0, 0xF390,
    0xFBB1, 0xF3B0, 0xFBB1, 0xFBB0, 0xF390, 0xFBB0, 0xF3B0, 0xF390, 0xFBB0, 0xF390, 0xFBB1, 0xFB90,
    0xF390, 0xFBB0, 0xFBB0, 0xF390, 0xFBB0, 0xF3B0, 0xFBB0, 0xFBB0, 0xF390, 0xFBB0, 0xFBB0, 0xF390,
    0xFBB0, 0xF3B0, 0xFBB1, 0xFBB0, 0xF390, 0xFBB0, 0xFBB0, 0xF390, 0xFBB0, 0xF3B0, 0xFBB1, 0xFBB0,
    0xF390, 0xFBB1, 0xFBB0, 0xF390, 0xFBB0, 0xF3B0, 0xFBB1, 0xFBB0, 0xF390, 0xFBB1, 0xFBB0, 0xF390,
    0xFBB1, 0xF390, 0xFBB1, 0xFBB0, 0xF390, 0xFBB1, 0xFBB0, 0xF3B0, 0xFBB1, 0xF3B0, 0xFBB1, 0xFBB1,
    0xF390, 0xFBB1, 0xF3B1, 0xF390, 0xFB70, 0xF34F, 0xFB70, 0xFB70, 0xF34F, 0xFB70, 0xF370, 0xF34F,
    0xFB70, 0xF370, 0xFB70, 0xFB70, 0xF350, 0xFB70, 0xFB50, 0xF32F, 0xFB30, 0xFB70, 0xFB50, 0xFB70,
    0xF350, 0xFB50, 0xF2EF, 0xF32F, 0xFB50, 0xF350, 0xFB51, 0xFB50, 0xF32F, 0xFB51, 0xFB30, 0xF30F,
    0xFB50, 0xF370, 0xFB71, 0xFB71, 0xF370, 0xFB91, 0xF371, 0xF370, 0xFB71, 0xF371, 0xFB91, 0xFB71,
    0xF371, 0xFB91, 0xFB71, 0xF371, 0xFB92, 0xF391, 0xFB92, 0xFB91, 0xF371, 0xFB92, 0xF392, 0xF371,
    0xFB92, 0xF392, 0xFBB2, 0xFB92, 0xF392, 0xFBB3, 0xF3B2, 0xF392, 0xFBB3, 0xF3B2, 0xFBB3, 0xF3B3,
    0xF392, 0xFBD3, 0xF3B3, 0xF3B3, 0xFBD3, 0xF3B3, 0xFBD4, 0xF3D4, 0xF3D3, 0xFBD4, 0xF3D4, 0xF3D3,
    0xFBD4, 0xF3D4, 0xFBF5, 0xF3D4, 0xF3D4, 0xFBF5, 0xF3D4, 0xF353, 0xFF3D, 0xFE3A, 0xFB54, 0xCB51,
    0xF392, 0xF3B3, 0xEB92, 0xEB92, 0xEBB3, 0xEB92, 0xEBB3, 0xEB92, 0xE392, 0xE392, 0xE372, 0xDB71,
    0xDB72, 0xDB71, 0xDB72, 0xD371, 0xD351, 0xD351, 0xCB51, 0xCB30, 0xCB51, 0xCB30, 0xCB31, 0xC330,
    0xC310, 0xC330, 0xBB10, 0xBB0F, 0xB350, 0xB371, 0xB370, 0xBB91, 0xB391, 0xB391, 0xB3B1, 0xB3B1,
    0xB3B1, 0xB3F2, 0xB3F1, 0xB412, 0xB412, 0xB412, 0xB452, 0xB452, 0xAC52, 0xB493, 0xAC92, 0xACB3,
    0xACD3, 0xA4D3, 0xA4F3, 0xA4F3, 0x9D13, 0x9D33, 0x9D33, 0x95B3, 0xA432, 0xFB36, 0xFF5D, 0xFE7B,
    0xF333, 0xF3F5, 0xF3F5, 0xFBF5, 0xF3F5, 0xF3D4, 0xFBF5, 0xF3D5, 0xF3D4, 0xFBF5, 0xF3D4, 0xFBF5,
    0xF3F4, 0xF3D4, 0xFBD4, 0xF3D4, 0xF3D3, 0xFC15, 0xF414, 0xFC14, 0xFBF4, 0xF3F4, 0xFBF4, 0xF3F4,
    0xF3D3, 0xFBF4, 0xF3D3, 0xFBF4, 0xFBF3, 0xF3D3, 0xFBF4, 0xF3D3, 0xF3D3, 0xFBD3, 0xF3D3, 0xFBF4,
    0xFBD3, 0xF3D3, 0xFBF3, 0xF3D3, 0xF3D3, 0xFBD3, 0xF3D3, 0xFBD3, 0xFBD3, 0xF3B2, 0xFBB3, 0xF3B2,
    0xF3B2, 0xFBB2, 0xF3B2, 0xFBD3, 0xF3B2, 0xF3B2, 0xFBD2, 0xF3B2, 0xF3B1, 0xF3D2, 0xF3B2, 0xFBD2,
    0xF3B2, 0xF3B1, 0xF3D2, 0xF3B2, 0xF3B1, 0xF3B2, 0xF3B1, 0xFBB2, 0xF3B1, 0xF391, 0xFBB1, 0xF3B1,
    0xF391, 0xFBB1, 0xF3B1, 0xFBB1, 0xFBB1, 0xF391, 0xFBB1, 0xF3B1, 0xF391, 0xFBB1, 0xF3B1, 0xFBB1,
    0xFBB1, 0xF390, 0xFBB1, 0xF3B1, 0xF390, 0xFBB1, 0xF3B0, 0xFBB1, 0xFBB1, 0xF390, 0xFBB1, 0xF3B0,
    0xF390, 0xFBB1, 0xF390, 0xFBB1, 0xFBB0, 0xF390, 0xFBB1, 0xF3B0, 0xF390, 0xFBB0, 0xF3B0, 0xFBB1,
    0xFBB0, 0xF390, 0xFBB1, 0xF390, 0xF390, 0xFBB0, 0xF390, 0xFBB0, 0xFB90, 0xF390, 0xFBB0, 0xF390,
    0xF38F, 0xFBB0, 0xF3B0, 0xFBB0, 0xFBB0, 0xF390, 0xFBB0, 0xF3B0, 0xF390, 0xFBB0, 0xF3B0, 0xFBB1,
    0xFBB0, 0xF390, 0xFBB0, 0xF3B0, 0xF390, 0xFBB0, 0xF3B0, 0xFBB1, 0xFBB0, 0xF390, 0xFBB1, 0xFBB0,
    0xF390, 0xFBB0, 0xF3B0, 0xFBB1, 0xFBB0, 0xF390, 0xFBB1, 0xFBB0, 0xF390, 0xFBB0, 0xF3B0, 0xFBB1,
    0xFBB0, 0xF390, 0xFBB1, 0xFBB0, 0xF3B0, 0xFBB1, 0xF3B0, 0xFBB1, 0xFBB1, 0xF3B0, 0xFBB1, 0xF370,
    0xF34F, 0xFB70, 0xF34F, 0xFB70, 0xFB70, 0xF34F, 0xFB70, 0xF370, 0xF34F, 0xFB70, 0xF370, 0xFB70,
    0xFB70, 0xF350, 0xFB50, 0xF32F, 0xF34F, 0xFB70, 0xF370, 0xFB50, 0xFB50, 0xF350, 0xFB70, 0xFB50,
    0xF350, 0xFB70, 0xF370, 0xFB71, 0xFB70, 0xF330, 0xFB70, 0xF350, 0xF350, 0xFB71, 0xF370, 0xFB71,
    0xFB71, 0xF370, 0xFB91, 0xFB71, 0xF370, 0xFB71, 0xF371, 0xFB92, 0xFB71, 0xF371, 0xFB92, 0xF371,
    0xF371, 0xFB91, 0xF371, 0xFB92, 0xFB92, 0xF371, 0xFB92, 0xFB92, 0xF392, 0xFB92, 0xF392, 0xFB92,
    0xFB92, 0xF392, 0xFBB3, 0xF3B2, 0xF392, 0xFBB3, 0xF3B3, 0xFBB3, 0xFBB3, 0xF3B3, 0xFBD3, 0xF3B3,
    0xF3B3, 0xFBB3, 0xF3B3, 0xFBD4, 0xF3D4, 0xF3D3, 0xFBD4, 0xF3D4, 0xF3D3, 0xFBD4, 0xF3D4, 0xFBF5,
    0xF3F4, 0xF3D4, 0xFBF5, 0xF353, 0xFF3C, 0xFE3B, 0xF333, 0xCB51, 0xFBB3, 0xEB92, 0xF3B3, 0xEB92,
    0xEB92, 0xEB93, 0xE392, 0xEB93, 0xE392, 0xE372, 0xE392, 0xDB72, 0xDB71, 0xDB72, 0xD371, 0xDB72,
    0xD351, 0xCB51, 0xD351, 0xCB31, 0xCB30, 0xCB31, 0xC330, 0xCB31, 0xC330, 0xBB10, 0xC310, 0xBB10,
    0xB350, 0xB350, 0xB371, 0xB371, 0xBB91, 0xB391, 0xB391, 0xB3D2, 0xB3D1, 0xB3D1, 0xB3F2, 0xB3F2,
    0xB432, 0xB432, 0xAC32, 0xB473, 0xAC72, 0xAC72, 0xAC93, 0xACB3, 0xACD3, 0xA4D3, 0xA4D3, 0xA513,
    0x9D13, 0x9D13, 0x9D33, 0x8DB3, 0xA432, 0xFB56, 0xFF3D, 0xFE7C, 0xF334, 0xF3F5, 0xF3F5, 0xF3F5,
    0xFBF5, 0xF3F5, 0xF3D4, 0xFBF5, 0xF3D4, 0xF3D4, 0xFBF5, 0xF3D4, 0xFBF5, 0xF3D4, 0xF3D4, 0xFBD4,
    0xF3B4, 0xF3B3, 0xFBD4, 0xF3F4, 0xFBF4, 0xFBF4, 0xF3D3, 0xFBF4, 0xF3D3, 0xF3D3, 0xFBD4, 0xF3D3,
    0xFBF4, 0xFBD3, 0xF3D3, 0xFBD4, 0xF3D3, 0xF3D3, 0xFBD3, 0xF3D3, 0xFBD3, 0xFBD3, 0xF3D3, 0xFBD3,
    0xF3D3, 0xF3B2, 0xFBD3, 0xF3B2, 0xFBD3, 0xFBB2, 0xF392, 0xFBB2, 0xF3B2, 0xF392, 0xFBB2, 0xF3B2,
    0xFBB2, 0xF3B2, 0xF3B2, 0xFBB2, 0xF3B2, 0xF3B1, 0xFBB2, 0xF3B1, 0xFBB2, 0xF3B2, 0xF391, 0xFBB2,
    0xF391, 0xF391, 0xF3B1, 0xF391, 0xFBB2, 0xF3B1, 0xF391, 0xFBB1, 0xF391, 0xF391, 0xFBB1, 0xF391,
    0xFBB1, 0xFB91, 0xF391, 0xFBB1, 0xF391, 0xF390, 0xFBB1, 0xF391, 0xFBB1, 0xFBB1, 0xF390, 0xFBB1,
    0xF391, 0xF390, 0xFBB1, 0xF390, 0xFBB1, 0xFBB1, 0xF390, 0xFBB1, 0xF390, 0xF390, 0xFB90, 0xF390,
    0xFBB1, 0xFBB0, 0xF390, 0xFBB1, 0xF390, 0xF390, 0xFBB0, 0xF390, 0xFBB1, 0xFBB0, 0xF390, 0xFBB0,
    0xF390, 0xF38F, 0xFB90, 0xF390, 0xFB90, 0xFB90, 0xF390, 0xFBB0, 0xF390, 0xF38F, 0xFBB0, 0xF390,
    0xFBB0, 0xFBB0, 0xF390, 0xFBB0, 0xF390, 0xF390, 0xFBB0, 0xF390, 0xFBB0, 0xFBB0, 0xF390, 0xFBB0,
    0xF390, 0xF390, 0xFBB0, 0xF390, 0xFBB0, 0xFBB0, 0xF390, 0xFBB0, 0xFB90, 0xF390, 0xFBB0, 0xF390,
    0xFBB1, 0xFBB0, 0xF390, 0xFBB1, 0xFB90, 0xF390, 0xFBB0, 0xF390, 0xFBB1, 0xFBB0, 0xF390, 0xFBB1,
    0xFBB0, 0xF390, 0xFBB1, 0xF390, 0xFBB1, 0xFB90, 0xF34F, 0xFB70, 0xF34F, 0xF34F, 0xFB70, 0xF350,
    0xFB70, 0xFB70, 0xF34F, 0xFB70, 0xF350, 0xF34F, 0xFB70, 0xF370, 0xFB70, 0xFB70, 0xF350, 0xFB70,
    0xFB70, 0xF350, 0xFB70, 0xF370, 0xFB70, 0xFB70, 0xF350, 0xFB70, 0xFB70, 0xF350, 0xFB70, 0xF350,
    0xFB71, 0xFB70, 0xF350, 0xFB71, 0xF370, 0xF350, 0xFB71, 0xF370, 0xFB71, 0xFB71, 0xF370, 0xFB71,
    0xFB71, 0xF370, 0xFB71, 0xF371, 0xFB92, 0xFB91, 0xF371, 0xFB92, 0xFB91, 0xF371, 0xFB91, 0xF371,
    0xFB92, 0xFB92, 0xF371, 0xFB92, 0xFB92, 0xF391, 0xFB92, 0xF392, 0xFBB2, 0xFBB2, 0xF392, 0xFBB3,
    0xF3B2, 0xF3B2, 0xFBB3, 0xF3B3, 0xFBB3, 0xF3B3, 0xF3B3, 0xFBD3, 0xF3B3, 0xF3B3, 0xFBD4, 0xF3D3,
    0xFBD4, 0xF3D4, 0xF3D3, 0xFBD4, 0xF3D4, 0xF3D4, 0xFBF4, 0xF3D4, 0xFBF5, 0xF3F4, 0xF3D4, 0xFB74,
    0xFF3D, 0xFE3A, 0xF334, 0xCB30, 0xFBB3, 0xF3B3, 0xEB92, 0xF3B3, 0xEB92, 0xE392, 0xEB92, 0xE392,
    0xEB93, 0xE392, 0xDB72, 0xE392, 0xDB72, 0xDB71, 0xDB72, 0xD351, 0xDB72, 0xD351, 0xCB31, 0xD351,
    0xCB30, 0xC330, 0xCB30, 0xC330, 0xC330, 0xC310, 0xBB0F, 0xC310, 0xB371, 0xB370, 0xB370, 0xB391,
    0xB391, 0xBBB1, 0xB3B1, 0xB3B1, 0xB3D2, 0xB3D1, 0xB3F1, 0xB412, 0xB412, 0xB432, 0xB452, 0xAC52,
    0xB473, 0xAC72, 0xAC92, 0xACB3, 0xA4B3, 0xACF3, 0xA4F3, 0x9CF3, 0xA513, 0x9D33, 0x9D33, 0x8DB3,
    0x9C11, 0xFB56, 0xFF5D, 0xFE5B, 0xF354, 0xF3F5, 0xF3F5, 0xF3F5, 0xF3F5, 0xFBF5, 0xF3F5, 0xF3D4,
    0xFBF5, 0xF3D4, 0xF3D4, 0xFBF5, 0xF3D4, 0xFBF5, 0xF3D4, 0xF3D4, 0xFBD4, 0xF3B4, 0xF3B3, 0xF3B3,
    0xF3B3, 0xFBD4, 0xF3B3, 0xF393, 0xFBB3, 0xF393, 0xF392, 0xFB93, 0xF392, 0xFBB3, 0xF393, 0xF392,
    0xFBB3, 0xF392, 0xF392, 0xFB93, 0xF392, 0xFB93, 0xF392, 0xF392, 0xFB92, 0xF392, 0xF371, 0xFB92,
    0xF372, 0xFB72, 0xFB72, 0xF371, 0xFB72, 0xF371, 0xF371, 0xFB71, 0xF371, 0xFB72, 0xFB71, 0xF351,
    0xFB71, 0xF371, 0xF351, 0xFB71, 0xF351, 0xFB71, 0xF371, 0xF350, 0xFB71, 0xF350, 0xF350, 0xFB51,
    0xF350, 0xFB71, 0xF350, 0xF350, 0xFB50, 0xF350, 0xF350, 0xFB50, 0xF350, 0xFB70, 0xFB50, 0xF350,
    0xFB70, 0xF350, 0xF34F, 0xFB50, 0xF350, 0xFB70, 0xFB70, 0xF34F, 0xFB70, 0xF350, 0xF34F, 0xFB70,
    0xF34F, 0xFB70, 0xFB50, 0xF34F, 0xFB70, 0xF34F, 0xF34F, 0xFB4F, 0xF34F, 0xFB70, 0xF34F, 0xF34F,
    0xFB70, 0xF34F, 0xF34F, 0xFB6F, 0xF34F, 0xFB70, 0xF34F, 0xF34F, 0xFB4F, 0xF34F, 0xF34F, 0xFB4F,
    0xF34F, 0xFB4F, 0xFB4F, 0xF34F, 0xFB6F, 0xF34F, 0xF34F, 0xFB4F, 0xF34F, 0xFB6F, 0xFB6F, 0xF34F,
    0xFB6F, 0xFB4F, 0xF34F, 0xFB6F, 0xF34F, 0xFB70, 0xFB6F, 0xF34F, 0xFB6F, 0xF34F, 0xF34F, 0xFB6F,
    0xF34F, 0xFB70, 0xFB4F, 0xF34F, 0xFB6F, 0xFB4F, 0xF34F, 0xFB4F, 0xF34F, 0xFB70, 0xFB4F, 0xF34F,
    0xFB50, 0xF34F, 0xF34F, 0xFB4F, 0xF34F, 0xFB70, 0xFB70, 0xF34F, 0xFB70, 0xFB70, 0xF34F, 0xFB70,
    0xF34F, 0xFB50, 0xFB4F, 0xF34F, 0xFB70, 0xF350, 0xF34F, 0xFB70, 0xF350, 0xFB70, 0xFB70, 0xF34F,
    0xFB70, 0xF370, 0xF34F, 0xFB70, 0xF370, 0xFB70, 0xFB70, 0xF350, 0xFB70, 0xFB70, 0xF350, 0xFB70,
    0xF370, 0xFB70, 0xFB70, 0xF350, 0xFB70, 0xFB70, 0xF350, 0xFB70, 0xF350, 0xFB71, 0xFB70, 0xF350,
    0xFB71, 0xFB70, 0xF350, 0xFB71, 0xF370, 0xFB71, 0xFB71, 0xF370, 0xFB71, 0xF371, 0xF370, 0xFB91,
    0xF371, 0xFB92, 0xFB91, 0xF371, 0xFB92, 0xF371, 0xF371, 0xFB92, 0xF391, 0xFB92, 0xFB92, 0xF372,
    0xFBB2, 0xFB92, 0xF392, 0xFB92, 0xF392, 0xFBB3, 0xFBB2, 0xF392, 0xFBB3, 0xF3B3, 0xF3B2, 0xFBB3,
    0xF3B3, 0xFBB3, 0xF3B3, 0xF3B3, 0xFBD4, 0xF3B3, 0xF3B3, 0xFBD4, 0xF3D3, 0xFBD4, 0xFBD4, 0xF3D4,
    0xFBF4, 0xF3D4, 0xF3D4, 0xFBD4, 0xF3D4, 0xFBF5, 0xFBF4, 0xF353, 0xFF3D, 0xFE3A, 0xF333, 0xCB51,
    0xF3B2, 0xF3B3, 0xEBB3, 0xEB92, 0xEBB3, 0xEB92, 0xE392, 0xEB92, 0xE392, 0xE392, 0xE392, 0xDB71,
    0xE392, 0xDB71, 0xD351, 0xDB71, 0xD351, 0xD351, 0xD351, 0xCB30, 0xCB51, 0xCB30, 0xC330, 0xC330,
    0xC310, 0xC330, 0xC310, 0xBB0F, 0xB350, 0xB371, 0xB371, 0xB370, 0xB391, 0xB391, 0xBBB2, 0xB3B1,
    0xB3B1, 0xB3F2, 0xB3F2, 0xB3F1, 0xB412, 0xB432, 0xB453, 0xB452, 0xAC72, 0xB493, 0xAC93, 0xA4B2,
    0xACD3, 0xA4D3, 0xA4F3, 0xA513, 0x9D13, 0x9D33, 0x9D33, 0x8DB2, 0x9C11, 0xFB36, 0xFF5D, 0xFE7B,
    0xF333, 0xFC15, 0xF3F5, 0xF3D4, 0xF3F5, 0xF3F5, 0xFBF5, 0xF3F5, 0xF3D4, 0xFBF5, 0xF3F4, 0xF3D4,
    0xFBF5, 0xF3D4, 0xFBD4, 0xF3D4, 0xF3D3, 0xFBD4, 0xF3B3, 0xF393, 0xFBB3, 0xF3B3, 0xFBB3, 0xFB93,
    0xF392, 0xFB93, 0xF393, 0xF392, 0xFB93, 0xF392, 0xFB93, 0xF392, 0xF372, 0xFB93, 0xF392, 0xF392,
    0xFB92, 0xF392, 0xFB93, 0xFB92, 0xF372, 0xFB92, 0xF372, 0xF371, 0xFB72, 0xF371, 0xFB72, 0xF371,
    0xF351, 0xFB72, 0xF351, 0xF351, 0xFB71, 0xF351, 0xFB71, 0xFB51, 0xF351, 0xFB71, 0xF351, 0xF350,
    0xFB51, 0xF351, 0xFB71, 0xF351, 0xF350, 0xFB51, 0xF350, 0xF350, 0xFB51, 0xF350, 0xFB51, 0xF350,
    0xF330, 0xFB50, 0xF350, 0xF32F, 0xFB50, 0xF350, 0xFB50, 0xFB50, 0xF350, 0xFB50, 0xF350, 0xF34F,
    0xFB50, 0xF34F, 0xFB50, 0xFB50, 0xF34F, 0xFB50, 0xF350, 0xF34F, 0xFB50, 0xF34F, 0xFB50, 0xFB50,
    0xF34F, 0xFB50, 0xF34F, 0xF32F, 0xFB4F, 0xF34F, 0xFB50, 0xFB4F, 0xF34F, 0xFB4F, 0xF34F, 0xF34F,
    0xFB4F, 0xF34F, 0xFB50, 0xF34F, 0xF32F, 0xFB4F, 0xF32F, 0xF32E, 0xFB4F, 0xF34F, 0xFB4F, 0xFB4F,
    0xF32E, 0xFB4F, 0xF34F, 0xF32E, 0xFB4F, 0xF34F, 0xFB6F, 0xFB4F, 0xF34F, 0xFB6F, 0xFB4F, 0xF34F,
    0xFB4F, 0xF34F, 0xFB70, 0xFB4F, 0xF34F, 0xFB6F, 0xF34F, 0xF34F, 0xFB4F, 0xF34F, 0xFB6F, 0xFB4F,
    0xF34F, 0xFB4F, 0xFB4F, 0xF34F, 0xFB4F, 0xF34F, 0xFB50, 0xFB4F, 0xF32F, 0xFB4F, 0xF34F, 0xF34F,
    0xFB4F, 0xF34F, 0xFB70, 0xFB6F, 0xF34F, 0xFB70, 0xFB4F, 0xF34F, 0xFB50, 0xF34F, 0xFB70, 0xFB50,
    0xF34F, 0xFB70, 0xFB50, 0xF34F, 0xFB70, 0xF350, 0xFB70, 0xFB70, 0xF34F, 0xFB70, 0xF370, 0xF34F,
    0xFB70, 0xF370, 0xFB70, 0xFB70, 0xF350, 0xFB70, 0xFB70, 0xF370, 0xFB70, 0xF370, 0xFB70, 0xFB70,
    0xF350, 0xFB70, 0xF370, 0xF350, 0xFB70, 0xF370, 0xFB71, 0xFB70, 0xF350, 0xFB71, 0xFB70, 0xF370,
    0xFB71, 0xF370, 0xFB71, 0xFB71, 0xF371, 0xFB91, 0xFB71, 0xF371, 0xFB91, 0xF371, 0xFB92, 0xFB71,
    0xF371, 0xFB92, 0xF371, 0xF371, 0xFB92, 0xF391, 0xFB92, 0xFB92, 0xF392, 0xFB92, 0xFB92, 0xF392,
    0xFB92, 0xF392, 0xFBB3, 0xFBB3, 0xF392, 0xFBB3, 0xF3B3, 0xF3B2, 0xFBB3, 0xF3B3, 0xFBD3, 0xF3B3,
    0xF3B3, 0xFBD4, 0xF3B3, 0xF3B3, 0xFBD4, 0xF3D3, 0xFBD4, 0xF3D4, 0xF3D4, 0xFBF4, 0xF3D4, 0xF3D4,
    0xFBD4, 0xF3D4, 0xFBF5, 0xFB73, 0xFF1D, 0xFE5B, 0xF334, 0xCB50, 0xFBB3, 0xEBB2, 0xF3B3, 0xEBB3,
    0xEB92, 0xEBB3, 0xEB92, 0xE392, 0xE392, 0xE392, 0xE392, 0xE392, 0xDB71, 0xDB72, 0xDB71, 0xD351,
    0xD351, 0xD351, 0xD351, 0xCB51, 0xCB30, 0xCB51, 0xC330, 0xC310, 0xC330, 0xC310, 0xC310, 0xBB10,
    0xB350, 0xB350, 0xB371, 0xB371, 0xB390, 0xB391, 0xB3B1, 0xBBD2, 0xB3D1, 0xB3D1, 0xB3F2, 0xB3F2,
    0xAC11, 0xB432, 0xAC32, 0xB473, 0xAC72, 0xAC72, 0xACB3, 0xACB3, 0xA4B2, 0xA4D3, 0xA4F3, 0xA513,
    0x9D13, 0x9D13, 0x9D53, 0x8DB3, 0x9C11, 0xFB36, 0xFF3D, 0xFE7C, 0xF354, 0xF3F5, 0xFBF5, 0xF3F5,
    0xF3F4, 0xF3F5, 0xF3F5, 0xFBF5, 0xF3F5, 0xF3D4, 0xFBF5, 0xF3F4, 0xF3D4, 0xFBD4, 0xF3D4, 0xFBD4,
    0xF3D4, 0xF3B3, 0xFBB4, 0xF3B3, 0xF393, 0xFBB3, 0xF393, 0xFBB3, 0xFB93, 0xF393, 0xFBB3, 0xF393,
    0xF392, 0xFB93, 0xF392, 0xFB93, 0xF393, 0xF372, 0xFB93, 0xF392, 0xF372, 0xFB93, 0xF392, 0xFB93,
    0xFB92, 0xF372, 0xFB92, 0xF372, 0xF371, 0xFB72, 0xF371, 0xFB72, 0xFB72, 0xF351, 0xFB72, 0xF371,
    0xF351, 0xFB51, 0xF351, 0xFB71, 0xFB51, 0xF351, 0xFB71, 0xF351, 0xF350, 0xFB71, 0xF351, 0xFB51,
    0xF351, 0xF350, 0xFB51, 0xF350, 0xF350, 0xFB51, 0xF350, 0xFB51, 0xFB50, 0xF350, 0xFB50, 0xF350,
    0xF350, 0xFB50, 0xF350, 0xFB50, 0xF350, 0xF350, 0xFB50, 0xF350, 0xF34F, 0xFB50, 0xF34F, 0xFB50,
    0xFB50, 0xF34F, 0xFB50, 0xF350, 0xF34F, 0xFB50, 0xF34F, 0xFB70, 0xFB50, 0xF34F, 0xFB50, 0xF34F,
    0xF34F, 0xFB50, 0xF34F, 0xFB70, 0xFB4F, 0xF34F, 0xFB50, 0xF34F, 0xF34F, 0xFB4F, 0xF34F, 0xFB50,
    0xFB4F, 0xF32F, 0xFB4F, 0xF34F, 0xF32F, 0xFB4F, 0xF34F, 0xFB4F, 0xFB4F, 0xF32F, 0xFB4F, 0xFB4F,
    0xF32E, 0xFB4F, 0xF34F, 0xFB6F, 0xFB6F, 0xF34F, 0xFB6F, 0xF34F, 0xF34F, 0xFB4F, 0xF34F, 0xFB70,
    0xFB4F, 0xF34F, 0xFB6F, 0xF34F, 0xF34F, 0xFB4F, 0xF34F, 0xFB50, 0xFB4F, 0xF34F, 0xFB6F, 0xF34F,
    0xF34F, 0xFB4F, 0xF34F, 0xFB50, 0xFB4F, 0xF32F, 0xFB4F, 0xFB4F, 0xF34F, 0xFB4F, 0xF34F, 0xFB70,
    0xFB6F, 0xF34F, 0xFB70, 0xF34F, 0xF34F, 0xFB50, 0xF34F, 0xFB70, 0xFB50, 0xF34F, 0xFB70, 0xF350,
    0xF34F, 0xFB70, 0xF350, 0xFB70, 0xFB70, 0xF34F, 0xFB70, 0xFB70, 0xF34F, 0xFB70, 0xF370, 0xFB70,
    0xFB70, 0xF370, 0xFB70, 0xFB70, 0xF370, 0xFB70, 0xF370, 0xFB71, 0xFB70, 0xF350, 0xFB70, 0xFB50,
    0xF350, 0xFB70, 0xF370, 0xFB71, 0xFB70, 0xF370, 0xFB71, 0xFB70, 0xF370, 0xFB71, 0xF370, 0xFB91,
    0xFB71, 0xF371, 0xFB91, 0xFB71, 0xF371, 0xFB71, 0xF371, 0xFB92, 0xFB91, 0xF371, 0xFB92, 0xFB71,
    0xF371, 0xFB92, 0xF371, 0xFB92, 0xFB92, 0xF392, 0xFB92, 0xF392, 0xF392, 0xFBB2, 0xF392, 0xFBB3,
    0xFBB2, 0xF392, 0xFBB3, 0xF3B3, 0xF3B2, 0xFBB3, 0xF3B3, 0xFBD4, 0xFBB3, 0xF3B3, 0xFBD4, 0xF3B3,
    0xF3B3, 0xFBD4, 0xF3D3, 0xFBD4, 0xF3D4, 0xF3D4, 0xFBF4, 0xF3D4, 0xF3D4, 0xFBF5, 0xF3D4, 0xFB74,
    0xFF3D, 0xFE1A, 0xFB54, 0xCB51, 0xF392, 0xF3B3, 0xEB92, 0xF3B3, 0xEBB2, 0xEB92, 0xEBB3, 0xE392,
    0xE392, 0xE392, 0xE372, 0xE392, 0xDB72, 0xDB71, 0xDB72, 0xD351, 0xD351, 0xD351, 0xCB51, 0xD351,
    0xCB51, 0xC330, 0xCB31, 0xC330, 0xC310, 0xC310, 0xBB10, 0xC310, 0xB371, 0xB370, 0xB370, 0xB391,
    0xB391, 0xB390, 0xB3B1, 0xB3B1, 0xB3D2, 0xB3F2, 0xB3F1, 0xB412, 0xB412, 0xAC32, 0xB452, 0xAC52,
    0xB473, 0xAC93, 0xAC92, 0xACB3, 0xACB3, 0xA4D2, 0xA4F3, 0x9CF3, 0xA533, 0x9D33, 0x9D33, 0x8DD3,
    0x9C11, 0xFB36, 0xFF3D, 0xFE7B, 0xFB54, 0xF3F5, 0xF3F5, 0xFBF5, 0xF3F5, 0xF3F5, 0xF415, 0xF3F5,
    0xFBF5, 0xF3F5, 0xF3D4, 0xFBF5, 0xF3D4, 0xF3D4, 0xFBD4, 0xF3D4, 0xFBD4, 0xFBB4, 0xF3B3, 0xFBB4,
    0xF3B3, 0xF393, 0xFBB3, 0xF3B3, 0xFBB3, 0xFBB3, 0xF393, 0xFBB3, 0xF3B3, 0xF392, 0xFB93, 0xF392,
    0xFB93, 0xFB93, 0xF392, 0xFB93, 0xF392, 0xF392, 0xFB92, 0xF392, 0xFB93, 0xFB92, 0xF372, 0xFB92,
    0xFB72, 0xF371, 0xFB72, 0xF372, 0xFB72, 0xFB72, 0xF371, 0xFB72, 0xF351, 0xF351, 0xFB71, 0xF351,
    0xFB71, 0xFB51, 0xF351, 0xFB71, 0xF351, 0xF350, 0xFB71, 0xF351, 0xFB71, 0xFB51, 0xF350, 0xFB71,
    0xF350, 0xF350, 0xFB51, 0xF350, 0xFB51, 0xFB50, 0xF350, 0xFB50, 0xFB50, 0xF350, 0xFB50, 0xF350,
    0xFB70, 0xFB50, 0xF350, 0xFB70, 0xF350, 0xF34F, 0xFB70, 0xF350, 0xFB70, 0xFB50, 0xF34F, 0xFB70,
    0xFB50, 0xF34F, 0xFB70, 0xF350, 0xFB70, 0xFB70, 0xF34F, 0xFB70, 0xFB4F, 0xF34F, 0xFB50, 0xF34F,
    0xFB70, 0xFB4F, 0xF34F, 0xFB70, 0xF34F, 0xF34F, 0xFB4F, 0xF34F, 0xFB70, 0xFB4F, 0xF34F, 0xFB4F,
    0xF34F, 0xF34F, 0xFB6F, 0xF34F, 0xFB70, 0xFB4F, 0xF34F, 0xFB6F, 0xF34F, 0xF34F, 0xFB4F, 0xF34F,
    0xFB6F, 0xFB4F, 0xF34F, 0xFB6F, 0xF34F, 0xF34F, 0xFB6F, 0xF36F, 0xFB70, 0xFB6F, 0xF34F, 0xFB6F,
    0xF34F, 0xF34F, 0xFB4F, 0xF34F, 0xFB70, 0xFB4F, 0xF34F, 0xFB6F, 0xF34F, 0xF34F, 0xFB50, 0xF34F,
    0xFB50, 0xFB4F, 0xF34F, 0xFB4F, 0xF34F, 0xF34F, 0xFB50, 0xF34F, 0xFB70, 0xFB70, 0xF34F, 0xFB70,
    0xFB4F, 0xF34F, 0xFB70, 0xF34F, 0xFB70, 0xFB50, 0xF34F, 0xFB70, 0xF350, 0xF34F, 0xFB70, 0xF370,
    0xFB70, 0xFB70, 0xF34F, 0xFB70, 0xFB70, 0xF36F, 0xFB70, 0xF370, 0xFB70, 0xFB70, 0xF350, 0xFB70,
    0xFB70, 0xF370, 0xFB70, 0xF370, 0xFB70, 0xFB70, 0xF350, 0xFB70, 0xFB70, 0xF370, 0xFB71, 0xF370,
    0xFB71, 0xFB71, 0xF370, 0xFB71, 0xFB71, 0xF370, 0xFB71, 0xF371, 0xFB91, 0xFB71, 0xF371, 0xFB91,
    0xFB71, 0xF371, 0xFB71, 0xF391, 0xFB92, 0xFB91, 0xF371, 0xFB92, 0xF371, 0xF371, 0xFB92, 0xF372,
    0xFB92, 0xFB92, 0xF392, 0xFB92, 0xFB92, 0xF392, 0xFBB3, 0xF392, 0xFBB3, 0xFBB3, 0xF392, 0xFBB3,
    0xF3B3, 0xF3B2, 0xFBB3, 0xF3B3, 0xFBD4, 0xF3D3, 0xF3B3, 0xFBD4, 0xF3D3, 0xF3B3, 0xFBD4, 0xF3D4,
    0xFBF4, 0xF3D4, 0xF3D4, 0xFBF4, 0xF3D4, 0xF3D4, 0xFBF4, 0xF373, 0xFF3D, 0xFE3B, 0xF333, 0xCB51,
    0xF3B2, 0xEB92, 0xF3B3, 0xEB92, 0xEBB3, 0xEB92, 0xE392, 0xEB93, 0xE392, 0xE372, 0xE392, 0xDB72,
    0xE392, 0xDB72, 0xD351, 0xDB72, 0xD351, 0xCB51, 0xD351, 0xCB30, 0xCB51, 0xCB30, 0xC330, 0xCB30,
    0xC310, 0xBB0F, 0xC310, 0xBB0F, 0xB350, 0xB371, 0xB371, 0xB370, 0xB391, 0xB391, 0xB391, 0xB3D1,
    0xB3D1, 0xB3F2, 0xB3F2, 0xB3F1, 0xB432, 0xB432, 0xAC32, 0xB452, 0xAC72, 0xB493, 0xAC93, 0xA4B2,
    0xACD3, 0xA4D3, 0x9CF2, 0xA513, 0x9D13, 0x9D33, 0x9D33, 0x8DB3, 0x9C32, 0xFB36, 0xF73C, 0xFE7B,
    0xF354, 0xFC16, 0xF3F5, 0xF3D5, 0xFBF5, 0xF3F5, 0xF3F4, 0xF3F5, 0xF3F4, 0xFBF5, 0xF3F5, 0xF3D4,
    0xFBF5, 0xF3D4, 0xF3D4, 0xFBD4, 0xF3B3, 0xFBD4, 0xF3B3, 0xF3B3, 0xFBB4, 0xF393, 0xF393, 0xFBB3,
    0xF393, 0xFBB3, 0xFBB3, 0xF393, 0xFBB3, 0xF393, 0xF392, 0xFB93, 0xF392, 0xFB93, 0xFB92, 0xF392,
    0xFB93, 0xF372, 0xF372, 0xFB72, 0xF372, 0xFB92, 0xFB92, 0xF372, 0xFB92, 0xFB72, 0xF351, 0xFB72,
    0xF371, 0xFB72, 0xFB71, 0xF351, 0xFB71, 0xFB51, 0xF351, 0xFB51, 0xF351, 0xFB71, 0xFB51, 0xF351,
    0xFB71, 0xF351, 0xF350, 0xFB51, 0xF350, 0xFB51, 0xFB51, 0xF350, 0xFB51, 0xF350, 0xF350, 0xFB50,
    0xF350, 0xFB51, 0xFB50, 0xF330, 0xFB50, 0xFB50, 0xF34F, 0xFB50, 0xF350, 0xFB50, 0xFB50, 0xF34F,
    0xFB70, 0xFB50, 0xF34F, 0xFB50, 0xF34F, 0xFB50, 0xFB50, 0xF34F, 0xFB70, 0xFB50, 0xF34F, 0xFB70,
    0xF34F, 0xFB50, 0xFB4F, 0xF34F, 0xFB70, 0xF34F, 0xF34F, 0xFB50, 0xF34F, 0xFB70, 0xFB4F, 0xF34F,
    0xFB6F, 0xF34F, 0xF34F, 0xFB4F, 0xF34F, 0xFB4F, 0xFB4F, 0xF32F, 0xFB4F, 0xF34F, 0xF34F, 0xFB6F,
    0xF34F, 0xFB6F, 0xFB4F, 0xF32F, 0xFB4F, 0xF34F, 0xF34E, 0xFB4F, 0xF34F, 0xFB6F, 0xFB4F, 0xF34F,
    0xFB6F, 0xFB4F, 0xF34F, 0xFB6F, 0xF34F, 0xFB70, 0xFB4F, 0xF34F, 0xFB4F, 0xF34F, 0xF34F, 0xFB4F,
    0xF34F, 0xFB4F, 0xFB4F, 0xF34F, 0xFB6F, 0xF34F, 0xF34F, 0xFB4F, 0xF34F, 0xFB4F, 0xFB4F, 0xF32F,
    0xFB4F, 0xF34F, 0xF34F, 0xFB50, 0xF34F, 0xFB70, 0xFB4F, 0xF34F, 0xFB70, 0xFB4F, 0xF34F, 0xFB70,
    0xF34F, 0xFB70, 0xFB50, 0xF34F, 0xFB70, 0xF350, 0xF34F, 0xFB70, 0xF350, 0xFB70, 0xFB70, 0xF350,
    0xFB70, 0xFB70, 0xF36F, 0xFB70, 0xF370, 0xFB70, 0xFB70, 0xF350, 0xFB70, 0xFB70, 0xF350, 0xFB70,
    0xF370, 0xFB71, 0xFB70, 0xF370, 0xFB71, 0xFB70, 0xF370, 0xFB71, 0xF370, 0xFB71, 0xFB71, 0xF370,
    0xFB91, 0xFB71, 0xF370, 0xFB91, 0xF371, 0xFB91, 0xFB91, 0xF371, 0xFB91, 0xFB71, 0xF371, 0xFB92,
    0xF391, 0xFB92, 0xFB91, 0xF371, 0xFB92, 0xF371, 0xF371, 0xFB92, 0xF392, 0xFB92, 0xFB92, 0xF392,
    0xFB92, 0xF392, 0xF392, 0xFBB3, 0xF3B2, 0xFBB3, 0xFBB3, 0xF392, 0xFBB3, 0xF3B3, 0xF3B2, 0xFBB3,
    0xF3B3, 0xFBD4, 0xF3D3, 0xF3B3, 0xFBD4, 0xF3D4, 0xF3D3, 0xFBD4, 0xF3D4, 0xFBF4, 0xF3D4, 0xF3D4,
    0xFBF4, 0xF3D4, 0xF3D4, 0xFB73, 0xFF1D, 0xFE5B, 0xF334, 0xCB30, 0xFBB3, 0xEBB2, 0xEB92, 0xEBB3,
    0xEB92, 0xEBB3, 0xEB92, 0xE392, 0xEB92, 0xE392, 0xDB71, 0xE392, 0xDB71, 0xDB72, 0xDB71, 0xD351,
    0xD371, 0xD351, 0xCB30, 0xCB51, 0xCB30, 0xCB51, 0xCB30, 0xC310, 0xC330, 0xC310, 0xBB0F, 0xC310,
    0xB350, 0xB370, 0xB371, 0xB391, 0xB390, 0xB3B1, 0xB3B1, 0xB3B1, 0xB3D1, 0xB3D1, 0xB3F2, 0xB412,
    0xB412, 0xB432, 0xB432, 0xAC52, 0xB473, 0xAC72, 0xACB3, 0xACB3, 0xA4B2, 0xACF3, 0xA4F3, 0x9CF2,
    0xA513, 0x9D33, 0x9D53, 0x8DB3, 0x9C11, 0xFB77, 0xFF3D, 0xFE5B, 0xF354, 0xF3F5, 0xFBF6, 0xF3F5,
    0xF3F5, 0xFC15, 0xF3F5, 0xF3F4, 0xF3F5, 0xF3F4, 0xFBF5, 0xF3F4, 0xF3D4, 0xFBF5, 0xF3D4, 0xF3B3,
    0xFBD4, 0xF3B3, 0xFBD4, 0xF3F4, 0xF3D3, 0xFBF4, 0xF3D4, 0xF3D3, 0xFBF4, 0xF3D3, 0xFBF4, 0xFBF4,
    0xF3D3, 0xFBF4, 0xF3D3, 0xF3D3, 0xFBD3, 0xF3D3, 0xFBD4, 0xFBD3, 0xF3B3, 0xFBD3, 0xF3D3, 0xF3B2,
    0xF3D3, 0xF3D2, 0xFBD3, 0xFBB3, 0xF3B2, 0xFBB3, 0xF3B2, 0xF392, 0xFBB2, 0xF3B2, 0xFBB2, 0xFBB2,
    0xF392, 0xFBB2, 0xF392, 0xF391, 0xFB92, 0xF391, 0xFB92, 0xFB92, 0xF391, 0xFBB2, 0xF391, 0xF391,
    0xFB92, 0xF391, 0xFB92, 0xFB91, 0xF391, 0xFB91, 0xF391, 0xF391, 0xFB91, 0xF391, 0xFB91, 0xFB91,
    0xF371, 0xFB91, 0xF391, 0xF390, 0xFB91, 0xF390, 0xFB91, 0xFB91, 0xF390, 0xFB91, 0xF391, 0xF370,
    0xFB91, 0xF390, 0xFB91, 0xFB90, 0xF390, 0xFBB1, 0xF390, 0xF390, 0xFB91, 0xF390, 0xFBB1, 0xFB90,
    0xF390, 0xFB90, 0xF390, 0xF390, 0xFB90, 0xF390, 0xFB90, 0xFB90, 0xF390, 0xFB90, 0xF390, 0xF38F,
    0xFB90, 0xF390, 0xFB90, 0xFB90, 0xF38F, 0xFB90, 0xF390, 0xF390, 0xFB90, 0xF390, 0xFB90, 0xFB90,
    0xF36F, 0xFB90, 0xF390, 0xF38F, 0xFB90, 0xF390, 0xFBB0, 0xFB90, 0xF38F, 0xFB90, 0xF390, 0xF38F,
    0xFB90, 0xF390, 0xFBB0, 0xFB90, 0xF370, 0xFB90, 0xF390, 0xF36F, 0xFB90, 0xF390, 0xFB90, 0xFB90,
    0xF390, 0xFB90, 0xF390, 0xF390, 0xFB90, 0xF390, 0xFB90, 0xFB90, 0xF370, 0xFB90, 0xF390, 0xF390,
    0xFB90, 0xF390, 0xFB91, 0xFB90, 0xF370, 0xFB70, 0xF34F, 0xF34F, 0xFB50, 0xF34F, 0xFB70, 0xFB70,
    0xF34F, 0xFB70, 0xF370, 0xF34F, 0xFB70, 0xF370, 0xFB70, 0xFB70, 0xF370, 0xFB70, 0xFB70, 0xF370,
    0xFB70, 0xF370, 0xFB70, 0xFB70, 0xF370, 0xFB70, 0xFB70, 0xF370, 0xFB70, 0xF370, 0xFB71, 0xFB70,
    0xF370, 0xFB91, 0xFB70, 0xF370, 0xFB71, 0xF370, 0xFB91, 0xFB71, 0xF370, 0xFB91, 0xFB91, 0xF371,
    0xFB91, 0xF371, 0xFB91, 0xFB71, 0xF371, 0xFB92, 0xFB71, 0xF371, 0xFB92, 0xF391, 0xFB92, 0xFB91,
    0xF371, 0xFB92, 0xFB92, 0xF371, 0xFB92, 0xF392, 0xFB92, 0xFB92, 0xF392, 0xFBB2, 0xF392, 0xF392,
    0xFBB3, 0xF3B2, 0xFBB3, 0xFBB3, 0xF392, 0xFBB3, 0xF3B3, 0xF3B3, 0xFBD3, 0xF3B3, 0xFBD4, 0xF3D3,
    0xF3B3, 0xFBD4, 0xF3D4, 0xF3D3, 0xFBD4, 0xF3D4, 0xFBF4, 0xF3D4, 0xF3D4, 0xFBF5, 0xF3D4, 0xF353,
    0xFF3D, 0xFE5B, 0xFB54, 0xCB30, 0xF392, 0xF3B3, 0xEB92, 0xEB92, 0xEBB3, 0xEB92, 0xEBB3, 0xEB92,
    0xE392, 0xE392, 0xE372, 0xDB71, 0xDB72, 0xDB71, 0xDB72, 0xD371, 0xD351, 0xD351, 0xCB51, 0xCB30,
    0xCB51, 0xCB30, 0xCB31, 0xC330, 0xC310, 0xC330, 0xBB10, 0xBB0F, 0xAB50, 0xB371, 0xB370, 0xB391,
    0xB391, 0xB391, 0xB3B1, 0xB3B1, 0xB3B1, 0xB3F2, 0xB3F1, 0xB412, 0xB412, 0xAC32, 0xB452, 0xAC52,
    0xAC72, 0xAC93, 0xAC92, 0xACB3, 0xACD3, 0xA4D2, 0xA4F3, 0xA4F3, 0x9D13, 0x9D33, 0x9D33, 0x8DD3,
    0x9C31, 0xFB56, 0xFF5E, 0xFE5B, 0xF354, 0xF416, 0xF3F5, 0xFBF5, 0xF3F5, 0xF3F5, 0xFC15, 0xF3F5,
    0xF3F4, 0xF3F5, 0xF3D4, 0xFBF5, 0xF3F4, 0xF3D4, 0xFBF4, 0xF3D4, 0xF3B3, 0xFBF4, 0xF414, 0xFC15,
    0xFC14, 0xF3F4, 0xFC14, 0xF3F4, 0xF3F4, 0xFC14, 0xF3F4, 0xFC14, 0xFC14, 0xF3F3, 0xFBF4, 0xF3F3,
    0xF3F3, 0xFBF4, 0xF3F3, 0xFBF4, 0xFBF3, 0xF3D3, 0xFBF3, 0xF3F3, 0xF3D3, 0xFBF3, 0xF3D3, 0xFBF3,
    0xFBD3, 0xF3D2, 0xFBD3, 0xF3D3, 0xF3D2, 0xFBD3, 0xF3D2, 0xFBD3, 0xFBD2, 0xF3B2, 0xFBD3, 0xF3B2,
    0xF3B2, 0xFBB2, 0xF3B2, 0xFBB2, 0xFBB2, 0xF3B2, 0xFBB2, 0xF3B2, 0xF3B1, 0xFBB2, 0xF3B1, 0xFBD2,
    0xFBB2, 0xF3B1, 0xFBB2, 0xFBB1, 0xF3B1, 0xFBB2, 0xF3B1, 0xFBB2, 0xFBB1, 0xF3B1, 0xFBB2, 0xF3B1,
    0xF3B1, 0xFBB1, 0xF3B1, 0xFBB2, 0xFBB1, 0xF3B1, 0xFBB1, 0xFBB1, 0xF3B1, 0xFBB1, 0xF3B1, 0xFBB1,
    0xFBB1, 0xF3B1, 0xFBD1, 0xF3B1, 0xF3B0, 0xFBB1, 0xF3B0, 0xFBB1, 0xFBB1, 0xF3B0, 0xFBB1, 0xF3B1,
    0xF3B0, 0xFBB1, 0xF3B0, 0xFBB1, 0xFBB1, 0xF3B0, 0xFBB1, 0xF3B0, 0xF3B0, 0xFBB1, 0xF3B0, 0xFBB1,
    0xFBB0, 0xF3B0, 0xFBD1, 0xF3B0, 0xF3B0, 0xFBB0, 0xF3B0, 0xFBB1, 0xFBB0, 0xF3B0, 0xFBB0, 0xF3B0,
    0xF3B0, 0xFBB0, 0xF3B0, 0xFBB1, 0xFBB0, 0xF3B0, 0xFBD1, 0xF3B0, 0xF3B0, 0xFBB1, 0xF3B0, 0xFBB1,
    0xFBB0, 0xF3B0, 0xFBB1, 0xF3B0, 0xF3B0, 0xFBB1, 0xF3B0, 0xFBB1, 0xFBB0, 0xF3B0, 0xFBB1, 0xFBB0,
    0xF3B0, 0xFBB1, 0xF3B0, 0xFBB1, 0xFBB0, 0xF3B0, 0xFBB1, 0xF3B1, 0xF3B0, 0xFBB1, 0xF3B0, 0xFBB1,
    0xFBB1, 0xF3B0, 0xFB91, 0xF34F, 0xF34F, 0xFB50, 0xFB4F, 0xFB70, 0xFB70, 0xF34F, 0xFB70, 0xF350,
    0xF34F, 0xFB70, 0xF370, 0xFB70, 0xFB70, 0xF370, 0xFB2F, 0xFACE, 0xF2EE, 0xFB50, 0xF370, 0xFB91,
    0xFB70, 0xF370, 0xFB91, 0xFB70, 0xF370, 0xFB91, 0xF370, 0xFB71, 0xFB70, 0xF370, 0xFB91, 0xFB70,
    0xF370, 0xFB91, 0xF370, 0xFB71, 0xFB91, 0xF370, 0xFB10, 0xFACF, 0xF32F, 0xFB91, 0xF371, 0xFB92,
    0xFB91, 0xF391, 0xFB92, 0xFB91, 0xF391, 0xFB92, 0xF391, 0xFB92, 0xFB92, 0xF371, 0xFB92, 0xF392,
    0xF391, 0xFB92, 0xF392, 0xFB92, 0xFB92, 0xF392, 0xFBB2, 0xF3B2, 0xF392, 0xFBB3, 0xF3B3, 0xFBB3,
    0xF3B3, 0xF3B3, 0xFBD3, 0xF3B3, 0xF3B3, 0xFBB3, 0xF3B3, 0xFBD4, 0xF3D4, 0xF3D3, 0xFBD4, 0xF3D4,
    0xF3D3, 0xFBD4, 0xF3D4, 0xFBF4, 0xF3D4, 0xF3D4, 0xFBF5, 0xF353, 0xFF1C, 0xFE3B, 0xF333, 0xD351,
    0xFBB3, 0xEB92, 0xF3B3, 0xEB92, 0xEB92, 0xEB93, 0xEB92, 0xEB93, 0xE392, 0xE372, 0xE392, 0xDB72,
    0xDB71, 0xDB72, 0xD371, 0xDB72, 0xD351, 0xCB51, 0xD351, 0xCB31, 0xCB30, 0xCB31, 0xC330, 0xCB31,
    0xC330, 0xBB10, 0xC310, 0xBB10, 0xB350, 0xB350, 0xB371, 0xB370, 0xB391, 0xB391, 0xB3B1, 0xB3D1,
    0xB3D1, 0xB3D1, 0xB3F2, 0xB412, 0xB432, 0xB432, 0xAC32, 0xB473, 0xAC72, 0xAC72, 0xAC93, 0xACB2,
    0xACD3, 0xA4D3, 0xA4F3, 0xA513, 0x9D13, 0x9D33, 0x9D33, 0x8DB3, 0xA432, 0xFB77, 0xFF3D, 0xFE7C,
    0xF354, 0xF3F5, 0xF3F5, 0xF3F5, 0xFC15, 0xF3F5, 0xF3F5, 0xFBF5, 0xF3F5, 0xF3D4, 0xFBF5, 0xF3D4,
    0xFBF5, 0xFBD4, 0xF3D4, 0xFBD4, 0xF3F4, 0xF414, 0xFC14, 0xF414, 0xFC15, 0xF3F4, 0xF3F4, 0xFC14,
    0xF3F4, 0xF3F3, 0xFBF4, 0xF3F4, 0xFC14, 0xF3F4, 0xF3D3, 0xFBF4, 0xF3F3, 0xF3D3, 0xFBF4, 0xF3F3,
    0xFBF4, 0xFBD3, 0xF3D3, 0xFBF3, 0xF3D3, 0xF3D3, 0xFBD3, 0xF3D3, 0xFBD3, 0xFBD3, 0xF3B2, 0xFBD3,
    0xF3D3, 0xF3B2, 0xFBD3, 0xF3B2, 0xFBD3, 0xFBB2, 0xF3B2, 0xFBB2, 0xF3B2, 0xF392, 0xFBB2, 0xF3B2,
    0xFBB2, 0xFBB2, 0xF3B1, 0xFBB2, 0xF3B2, 0xF391, 0xFBB2, 0xF3B1, 0xFBB2, 0xFBB2, 0xF391, 0xFBB2,
    0xF3B1, 0xF391, 0xFBB2, 0xF3B1, 0xFBB2, 0xFBB1, 0xF391, 0xFBB1, 0xF3B1, 0xF391, 0xFBB1, 0xF3B1,
    0xFBB1, 0xFBB1, 0xF391, 0xFBB1, 0xFBB1, 0xF390, 0xFBB1, 0xF3B1, 0xFBB1, 0xFBB1, 0xF3B0, 0xFBD1,
    0xF3B1, 0xF390, 0xFBB1, 0xF3B0, 0xFBB1, 0xFBB1, 0xF390, 0xFBB1, 0xF3B0, 0xF3B0, 0xFBB1, 0xF3B0,
    0xFBB1, 0xFBB0, 0xF390, 0xFBB1, 0xF3B0, 0xF390, 0xFBB0, 0xF3B0, 0xFBB1, 0xFBB0, 0xF3B0, 0xFBB1,
    0xF3B0, 0xF390, 0xFBB0, 0xF3B0, 0xFBB1, 0xFBB0, 0xF390, 0xFBB0, 0xF3B0, 0xF3B0, 0xFBB0, 0xF3B0,
    0xFBB1, 0xFBB0, 0xF3B0, 0xFBB1, 0xF3B0, 0xF3B0, 0xFBB0, 0xF3B0, 0xFBB1, 0xFBB0, 0xF390, 0xFBB1,
    0xF3B0, 0xF390, 0xFBB0, 0xF3B0, 0xFBB1, 0xFBB0, 0xF390, 0xFBB1, 0xFBB0, 0xF390, 0xFBB1, 0xF390,
    0xFBB1, 0xFBB0, 0xF390, 0xFBB1, 0xF3B0, 0xF390, 0xFBB1, 0xF3B0, 0xFBB1, 0xFBB1, 0xF3B0, 0xFB91,
    0xF34F, 0xF34F, 0xFB70, 0xF34F, 0xFB70, 0xFB70, 0xF34F, 0xFB70, 0xF370, 0xF36F, 0xFB70, 0xF370,
    0xFB90, 0xFAEE, 0xFCD4, 0xFEFC, 0xFDD8, 0xF2CE, 0xFB2F, 0xFAEE, 0xFB70, 0xFACE, 0xF30F, 0xFB91,
    0xFB0F, 0xF2AE, 0xFB2F, 0xF390, 0xFB30, 0xFB30, 0xF2CE, 0xFB50, 0xFBB1, 0xF32F, 0xFB71, 0xFB91,
    0xFB50, 0xFAEF, 0xFDB8, 0xFEFC, 0xFCB5, 0xF2CF, 0xFB92, 0xFB71, 0xFB10, 0xFAEF, 0xF371, 0xFB92,
    0xFAEF, 0xF330, 0xFB31, 0xF2EF, 0xFB92, 0xFB92, 0xF371, 0xFB92, 0xF392, 0xF391, 0xFB92, 0xF392,
    0xFB92, 0xFB92, 0xF392, 0xFBB3, 0xFBB2, 0xF392, 0xFBB3, 0xF3B3, 0xFBB3, 0xFBB3, 0xF3B3, 0xFBD3,
    0xF3B3, 0xF3B3, 0xFBD4, 0xF3D3, 0xFBD4, 0xF3D4, 0xF3D3, 0xFBF4, 0xF3D4, 0xF3D3, 0xFBD4, 0xF3D4,
    0xFBF5, 0xF3F4, 0xF3D4, 0xFB73, 0xFF1C, 0xF63A, 0xFB54, 0xCB50, 0xFBB3, 0xF3B3, 0xEB92, 0xF3B3,
    0xEB92, 0xE392, 0xEB92, 0xE392, 0xEB93, 0xE392, 0xDB72, 0xE392, 0xDB72, 0xDB71, 0xDB72, 0xD351,
    0xDB72, 0xD351, 0xCB30, 0xD351, 0xCB30, 0xC330, 0xCB30, 0xC330, 0xC330, 0xC310, 0xBB0F, 0xC310,
    0xB371, 0xB370, 0xB370, 0xB391, 0xB391, 0xB3B1, 0xB3B1, 0xB3B1, 0xB3D2, 0xB3D1, 0xB3F1, 0xB412,
    0xB412, 0xB432, 0xB452, 0xAC52, 0xB473, 0xAC72, 0xA492, 0xACB3, 0xA4D3, 0xACF3, 0xA4F3, 0x9CF3,
    0xA533, 0x9D33, 0x9533, 0x8DB3, 0x9C11, 0xFB77, 0xFF3D, 0xFE5B, 0xFB54, 0xF3F5, 0xF3F5, 0xF415,
    0xF3F5, 0xFC15, 0xF3F5, 0xF3F5, 0xFBF5, 0xF3F5, 0xF3D4, 0xFBF4, 0xF3D4, 0xFBF5, 0xF3D4, 0xF3D4,
    0xFC15, 0xF414, 0xF414, 0xFC14, 0xF3F4, 0xFC14, 0xF3F4, 0xF3F4, 0xFC14, 0xF3F4, 0xF3F3, 0xFC14,
    0xF3F3, 0xFBF4, 0xF3F4, 0xF3D3, 0xFBF4, 0xF3F3, 0xF3D3, 0xFBF3, 0xF3D3, 0xFBF4, 0xFBF3, 0xF3D3,
    0xFBF3, 0xF3D3, 0xF3D2, 0xFBD3, 0xF3D3, 0xFBD3, 0xFBD3, 0xF3B2, 0xFBD3, 0xF3D2, 0xF3B2, 0xFBB3,
    0xF3B2, 0xFBD3, 0xFBB2, 0xF3B2, 0xFBB2, 0xF3B2, 0xF392, 0xFBB2, 0xF3B2, 0xFBB2, 0xFBB2, 0xF3B1,
    0xFBB2, 0xF3B2, 0xF391, 0xFBB2, 0xF3B1, 0xFBB2, 0xFBB1, 0xF391, 0xFBB2, 0xF3B1, 0xF391, 0xFBB1,
    0xF3B1, 0xFBB2, 0xFBB1, 0xF391, 0xFBB1, 0xF3B1, 0xF391, 0xFBB1, 0xF3B1, 0xFBB1, 0xFBB1, 0xF391,
    0xFBB1, 0xFBB1, 0xF390, 0xFBB1, 0xF3B1, 0xFBB1, 0xFBB1, 0xF3B0, 0xFBB1, 0xF3B1, 0xF3B0, 0xFBB1,
    0xF3B0, 0xFBB1, 0xFBB1, 0xF390, 0xFBB1, 0xF3B0, 0xF390, 0xFBB1, 0xF3B0, 0xFBB1, 0xFBB0, 0xF390,
    0xFBB1, 0xF3B0, 0xF390, 0xFBB0, 0xF3B0, 0xFBB1, 0xFBB0, 0xF3B0, 0xFBB1, 0xF3B0, 0xF390, 0xFBB0,
    0xF3B0, 0xFBB1, 0xFBB0, 0xF3B0, 0xFBB0, 0xF3B0, 0xF3B0, 0xFBB0, 0xF3B0, 0xFBB1, 0xFBB0, 0xF3B0,
    0xFBB1, 0xFBB0, 0xF3B0, 0xFBB0, 0xF3B0, 0xFBB1, 0xFBB0, 0xF390, 0xFBB1, 0xF3B0, 0xF390, 0xFBB0,
    0xF3B0, 0xFBB1, 0xFBB0, 0xF390, 0xFBB1, 0xFBB0, 0xF390, 0xFBB0, 0xF3B0, 0xFBB1, 0xFBB1, 0xF390,
    0xFBB1, 0xF3B0, 0xF390, 0xFBB1, 0xF3B0, 0xFBB1, 0xFBB1, 0xF3B0, 0xFB70, 0xF34F, 0xF34F, 0xFB70,
    0xF34F, 0xFB70, 0xFB70, 0xF34F, 0xFB70, 0xFB70, 0xF36F, 0xFB70, 0xF2EE, 0xFCB4, 0xFDD8, 0xF330,
    0xFCB5, 0xFD56, 0xF3D1, 0xFD36, 0xFAEE, 0xFD77, 0xFC93, 0xF30E, 0xFD36, 0xFD77, 0xF412, 0xFA8D,
    0xFCD4, 0xFBB1, 0xFD77, 0xF412, 0xFAAE, 0xFC53, 0xF350, 0xFB30, 0xFCB4, 0xFBD2, 0xFB10, 0xFCB5,
    0xFE1A, 0xFACF, 0xF391, 0xFC13, 0xFD98, 0xFD57, 0xFB10, 0xF2CF, 0xFD78, 0xFBF3, 0xFC54, 0xFDD8,
    0xFB71, 0xFB92, 0xFB92, 0xF391, 0xFB92, 0xFB92, 0xF391, 0xFB92, 0xF392, 0xFBB2, 0xFBB2, 0xF392,
    0xFBB3, 0xF3B2, 0xF3B2, 0xFBB3, 0xF3B3, 0xFBD3, 0xFBB3, 0xF3B3, 0xFBD3, 0xF3B3, 0xF3B3, 0xFBD4,
    0xF3D3, 0xFBD4, 0xF3D4, 0xF3D3, 0xFBF4, 0xF3D4, 0xF3D4, 0xFBF4, 0xF3D4, 0xFBF5, 0xFBF4, 0xF353,
    0xFF3D, 0xFE3A, 0xF353, 0xD351, 0xF3B2, 0xF3B3, 0xEBB3, 0xEB92, 0xEBB3, 0xEB92, 0xE392, 0xEB92,
    0xE392, 0xE392, 0xE392, 0xDB71, 0xE392, 0xDB71, 0xD351, 0xDB71, 0xD351, 0xD351, 0xD351, 0xCB30,
    0xCB51, 0xCB30, 0xC330, 0xC330, 0xC310, 0xC330, 0xC310, 0xBB0F, 0xB350, 0xB371, 0xB370, 0xB370,
    0xB391, 0xB391, 0xB3B1, 0xB3B1, 0xB3D1, 0xB3F2, 0xB3F1, 0xABF1, 0xB412, 0xB432, 0xB453, 0xB452,
    0xAC72, 0xAC93, 0xAC93, 0xA4B2, 0xACD3, 0xA4D3, 0xA4F3, 0xA513, 0x9D13, 0x9D33, 0x9D33, 0x8DB2,
    0x9C11, 0xFB36, 0xFF5D, 0xFE5B, 0xF334, 0xFC16, 0xF3F5, 0xF3F5, 0xF3F5, 0xF3F5, 0xFC15, 0xF3F5,
    0xF3F4, 0xFBF5, 0xF3F4, 0xF3D4, 0xFBF4, 0xF3D4, 0xFBD4, 0xFBF4, 0xF414, 0xFC15, 0xF414, 0xF3F4,
    0xFC14, 0xF3F4, 0xFC14, 0xF414, 0xF3F4, 0xFC14, 0xF3F4, 0xF3F3, 0xFBF4, 0xF3F3, 0xFBF4, 0xF3F4,
    0xF3D3, 0xFBF4, 0xF3F3, 0xF3D3, 0xFBF3, 0xF3D3, 0xFBF3, 0xF3F3, 0xF3D3, 0xFBF3, 0xF3D3, 0xF3D2,
    0xFBD3, 0xF3D2, 0xFBD3, 0xFBD3, 0xF3B2, 0xFBD3, 0xF3D2, 0xF3B2, 0xFBB2, 0xF3B2, 0xFBB3, 0xFBB2,
    0xF3B2, 0xFBB2, 0xF3B2, 0xF391, 0xFBB2, 0xF3B2, 0xFBB2, 0xFBB2, 0xF391, 0xFBB2, 0xF3B2, 0xF3B1,
    0xFBB2, 0xF3B1, 0xFBB2, 0xFBB1, 0xF391, 0xFBB2, 0xFBB1, 0xF391, 0xFBB1, 0xF3B1, 0xFBB2, 0xFBB1,
    0xF391, 0xFBB1, 0xF3B1, 0xF3B1, 0xFBB1, 0xF3B1, 0xFBB1, 0xFBB1, 0xF391, 0xFBB1, 0xF3B1, 0xF390,
    0xFBB1, 0xF3B1, 0xFBB1, 0xFBB1, 0xF3B0, 0xFBB1, 0xF3B0, 0xF390, 0xFBB1, 0xF3B0, 0xFBB1, 0xFBB1,
    0xF390, 0xFBB1, 0xF3B0, 0xF3B0, 0xFBB1, 0xF3B0, 0xFBB1, 0xFBB0, 0xF3B0, 0xFBB1, 0xF3B0, 0xF390,
    0xFBB0, 0xF3B0, 0xFBB1, 0xFBB0, 0xF3B0, 0xFBB1, 0xF3B0, 0xF390, 0xFBB0, 0xF3B0, 0xFBB1, 0xFBB0,
    0xF3B0, 0xFBB0, 0xF3B0, 0xF390, 0xFBB0, 0xF3B0, 0xFBB1, 0xFBB0, 0xF3B0, 0xFBB1, 0xF3B0, 0xF390,
    0xFBB0, 0xF3B0, 0xFBB1, 0xFBB0, 0xF390, 0xFBB1, 0xF3B0, 0xF390, 0xFBB0, 0xF3B0, 0xFBB1, 0xFBB0,
    0xF390, 0xFBB1, 0xF3B0, 0xF390, 0xFBB1, 0xF3B0, 0xFBB1, 0xFBB1, 0xF3B0, 0xFBB1, 0xF3B0, 0xF390,
    0xFBB1, 0xF3B0, 0xFBB1, 0xFBB1, 0xF390, 0xFB70, 0xF370, 0xF34F, 0xFB70, 0xF34F, 0xFB70, 0xFB70,
    0xF34F, 0xFB70, 0xF370, 0xF370, 0xFACE, 0xFCD4, 0xFDF9, 0xFA6C, 0xF2CE, 0xFACE, 0xFB91, 0xFF1C,
    0xFEBB, 0xFDD8, 0xFC53, 0xFA8D, 0xF433, 0xFC54, 0xFD57, 0xF370, 0xFDF9, 0xFEBB, 0xFD36, 0xFDB8,
    0xF30F, 0xFE3A, 0xFB91, 0xF24D, 0xFE5A, 0xFC34, 0xFA2D, 0xFC74, 0xFE7A, 0xFB30, 0xFB91, 0xF371,
    0xFC95, 0xFC54, 0xFD16, 0xFB10, 0xFD77, 0xFF9E, 0xFD77, 0xFD36, 0xFB92, 0xF371, 0xFB92, 0xFB92,
    0xF391, 0xFB92, 0xF392, 0xF392, 0xFBB2, 0xF392, 0xFBB3, 0xFBB2, 0xF392, 0xFBB3, 0xF3B3, 0xF3B2,
    0xFBB3, 0xF3B3, 0xFBD3, 0xF3B3, 0xF3B3, 0xFBD3, 0xF3D3, 0xF3B3, 0xFBD4, 0xF3D3, 0xFBD4, 0xF3D4,
    0xF3D3, 0xFBF4, 0xF3D4, 0xF3D4, 0xFBF4, 0xF3F4, 0xFBF5, 0xFB73, 0xFF1C, 0xFE3B, 0xF354, 0xCB50,
    0xFBB3, 0xEBB2, 0xF3B3, 0xEBB3, 0xEB92, 0xEBB3, 0xEB92, 0xE392, 0xE392, 0xE392, 0xE392, 0xE392,
    0xDB71, 0xDB72, 0xDB71, 0xD351, 0xD351, 0xD351, 0xD351, 0xCB51, 0xCB30, 0xCB51, 0xC330, 0xC310,
    0xC330, 0xC310, 0xC310, 0xBB10, 0xB350, 0xB350, 0xB371, 0xB371, 0xB390, 0xB391, 0xB3B1, 0xB3D2,
    0xB3D1, 0xB3D1, 0xB3F2, 0xB412, 0xAC11, 0xB432, 0xAC32, 0xB473, 0xAC72, 0xAC72, 0xACB3, 0xACB3,
    0xA4B2, 0xA4F3, 0xA4F3, 0xA513, 0x9D13, 0x9D33, 0x9D53, 0x8DB3, 0x9410, 0xFB36, 0xFF3D, 0xFE7C,
    0xF354, 0xF3F5, 0xFC16, 0xF3F5, 0xF3F5, 0xF3F5, 0xF3F5, 0xFBF5, 0xF3F5, 0xF3D4, 0xFBF5, 0xF3D4,
    0xF3D4, 0xFBF4, 0xF3D4, 0xFC15, 0xFC15, 0xF414, 0xFC14, 0xF414, 0xF3F4, 0xFBF4, 0xF3F4, 0xFC14,
    0xF414, 0xF3F4, 0xFC14, 0xF3F4, 0xF3F3, 0xFBF4, 0xF3F3, 0xFBF4, 0xF3F3, 0xF3D3, 0xFBF4, 0xF3F3,
    0xF3D3, 0xFBF3, 0xF3D3, 0xFBF3, 0xF3D3, 0xF3D3, 0xFBF3, 0xF3D3, 0xF3D2, 0xFBD3, 0xF3D2, 0xFBD3,
    0xF3D3, 0xF3B2, 0xFBD3, 0xF3B2, 0xF3B2, 0xFBB2, 0xF3B2, 0xFBB2, 0xFBB2, 0xF392, 0xFBB2, 0xF3B2,
    0xF3B2, 0xFBB2, 0xF3B2, 0xFBB2, 0xFBB2, 0xF391, 0xFBB2, 0xF3B2, 0xF391, 0xFBB2, 0xF3B1, 0xFBB2,
    0xFBB1, 0xF391, 0xFBB2, 0xF3B1, 0xF391, 0xFBB1, 0xF3B1, 0xFBB2, 0xFBB1, 0xF391, 0xFBB1, 0xF3B1,
    0xF391, 0xFBB1, 0xF3B1, 0xFBB1, 0xFBB1, 0xF391, 0xFBB1, 0xF3B1, 0xF390, 0xFBB1, 0xF3B1, 0xFBD1,
    0xFBB1, 0xF390, 0xFBB1, 0xF3B1, 0xF390, 0xFBB1, 0xF3B0, 0xFBB1, 0xFBB1, 0xF3B0, 0xFBB1, 0xF3B0,
    0xF3B0, 0xFBB1, 0xF3B0, 0xFBB1, 0xFBB0, 0xF390, 0xFBB1, 0xF3B0, 0xF390, 0xFBB0, 0xF3B0, 0xFBB1,
    0xFBB0, 0xF390, 0xFBB1, 0xF3B0, 0xF390, 0xFBB0, 0xF3B0, 0xFBB1, 0xFBB0, 0xF3B0, 0xFBB1, 0xF3B0,
    0xF390, 0xFBB0, 0xF3B0, 0xFBB1, 0xFBB0, 0xF3B0, 0xFBB1, 0xF3B0, 0xF390, 0xFBB0, 0xF3B0, 0xFBB1,
    0xFBB0, 0xF390, 0xFBB1, 0xF3B0, 0xF390, 0xFBB1, 0xF3B0, 0xFBB1, 0xFBB0, 0xF390, 0xFBB1, 0xF3B0,
    0xF390, 0xFBB1, 0xF3B0, 0xFBB1, 0xFBB1, 0xF390, 0xFBB1, 0xF3B0, 0xF390, 0xFBB1, 0xF3B0, 0xFBB1,
    0xFB90, 0xF34F, 0xFB70, 0xF370, 0xF34F, 0xFB70, 0xF370, 0xFB70, 0xFB70, 0xF34F, 0xFB70, 0xF370,
    0xF2CD, 0xFCB5, 0xFCD5, 0xFC13, 0xFF3D, 0xFDF8, 0xFA2B, 0xFD97, 0xFCF5, 0xFA4C, 0xF34F, 0xFB2F,
    0xFCB4, 0xFD16, 0xFEBC, 0xFCD4, 0xF556, 0xFCF6, 0xF18A, 0xFDB8, 0xFCF5, 0xFE39, 0xFBD2, 0xF20C,
    0xFDB8, 0xFC74, 0xF28D, 0xFCD5, 0xFE3A, 0xF28E, 0xFB30, 0xFAEF, 0xFD57, 0xFD57, 0xFF9E, 0xFBF2,
    0xFB50, 0xFE5A, 0xFA8F, 0xFAAF, 0xF371, 0xFB92, 0xF371, 0xFB92, 0xFB92, 0xF392, 0xFBB2, 0xFB92,
    0xF392, 0xFBB2, 0xF392, 0xFBB3, 0xFBB2, 0xF392, 0xFBB3, 0xFBB3, 0xF392, 0xFBB3, 0xF3B3, 0xFBB4,
    0xF3B3, 0xF3B3, 0xFBD4, 0xF3B3, 0xF3B3, 0xFBD4, 0xF3D4, 0xFBD4, 0xF3D4, 0xF3D4, 0xFBF4, 0xF3D4,
    0xF3D4, 0xFBF4, 0xF3D4, 0xFB74, 0xFF3D, 0xFE3A, 0xFB54, 0xCB51, 0xF392, 0xF3B3, 0xEB92, 0xF3B3,
    0xEBB2, 0xEB92, 0xEBB3, 0xE392, 0xE392, 0xE392, 0xE372, 0xE392, 0xDB72, 0xDB71, 0xDB72, 0xD351,
    0xD351, 0xD351, 0xCB51, 0xD351, 0xCB51, 0xC330, 0xCB31, 0xC330, 0xC310, 0xC310, 0xBB10, 0xC310,
    0xB371, 0xB370, 0xB370, 0xB391, 0xB391, 0xB390, 0xB3B1, 0xB3B1, 0xB3D2, 0xB3F2, 0xB3F1, 0xB412,
    0xB412, 0xAC32, 0xB452, 0xAC52, 0xB473, 0xAC93, 0xAC92, 0xACB3, 0xA4D3, 0xA4D2, 0xA4F3, 0x9D13,
    0xA533, 0x9D33, 0x9533, 0x8DD3, 0x9C11, 0xFB36, 0xFF3D, 0xFE7B, 0xFB75, 0xF416, 0xF3F5, 0xFC15,
    0xF3F5, 0xF3F5, 0xF3F5, 0xF3F5, 0xFBF5, 0xF3F5, 0xF3F4, 0xFBF5, 0xF3F4, 0xF3D4, 0xFBD4, 0xF3F4,
    0xFC35, 0xFC14, 0xF414, 0xFC14, 0xF414, 0xF3F4, 0xFC14, 0xF3F4, 0xFC14, 0xF414, 0xF3F4, 0xFC14,
    0xF3F4, 0xF3F3, 0xFBF4, 0xF3F3, 0xFBF4, 0xF3F3, 0xF3D3, 0xFBF4, 0xF3F3, 0xF3D3, 0xFBF3, 0xF3D3,
    0xFBF3, 0xF3D3, 0xF3D3, 0xFBF3, 0xF3D3, 0xF3D2, 0xFBD3, 0xF3D2, 0xFBD3, 0xF3D3, 0xF3B2, 0xFBD3,
    0xF3B2, 0xF3B2, 0xFBB2, 0xF3B2, 0xFBB2, 0xFBB2, 0xF392, 0xFBB2, 0xF3B2, 0xF3B1, 0xFBB2, 0xF3B2,
    0xFBB2, 0xFBB2, 0xF3B1, 0xFBB2, 0xF3B1, 0xF391, 0xFBB2, 0xF3B1, 0xFBB2, 0xFBB1, 0xF391, 0xFBB2,
    0xF3B1, 0xF391, 0xFBB1, 0xF3B1, 0xFBB1, 0xFBB1, 0xF391, 0xFBB1, 0xF3B1, 0xF391, 0xFBB1, 0xF3B1,
    0xFBB1, 0xFBB1, 0xF390, 0xFBB1, 0xF3B1, 0xF3B0, 0xFBB1, 0xF3B1, 0xFBB1, 0xFBB1, 0xF3B0, 0xFBB1,
    0xF3B0, 0xF390, 0xFBB1, 0xF3B0, 0xFBB1, 0xFBB1, 0xF3B0, 0xFBB1, 0xF3B0, 0xF3B0, 0xFBB1, 0xF3B0,
    0xFBB1, 0xFBB0, 0xF3B0, 0xFBB1, 0xF3B0, 0xF3B0, 0xFBB1, 0xF3B0, 0xFBB1, 0xFBB0, 0xF3B0, 0xFBB1,
    0xF3B0, 0xF390, 0xFBB0, 0xF3B0, 0xFBB1, 0xFBB0, 0xF3B0, 0xFBB1, 0xF3B0, 0xF3B0, 0xFBB0, 0xF3B0,
    0xFBB1, 0xFBB0, 0xF3B0, 0xFBB1, 0xF3B0, 0xF390, 0xFBB1, 0xF3B0, 0xFBB1, 0xFBB0, 0xF390, 0xFBB1,
    0xF3B0, 0xF390, 0xFBB1, 0xF3B0, 0xFBB1, 0xFBB0, 0xF390, 0xFBB1, 0xF3B0, 0xF390, 0xFBB1, 0xF3B0,
    0xFBB1, 0xFBB1, 0xF390, 0xFBB1, 0xF3B0, 0xF3B0, 0xFBB1, 0xF3B0, 0xFB91, 0xF34F, 0xF34F, 0xFB70,
    0xFB70, 0xF34F, 0xFB70, 0xF36F, 0xFB70, 0xFB70, 0xF34F, 0xFB90, 0xFAEE, 0xF4B4, 0xFDD8, 0xFB0F,
    0xFCD5, 0xFE39, 0xF22B, 0xFE19, 0xFBD2, 0xF30F, 0xFB2F, 0xFD97, 0xFDD8, 0xFBD1, 0xFD97, 0xFC13,
    0xFDB8, 0xF473, 0xFA2D, 0xFD98, 0xFC33, 0xFDB8, 0xFC32, 0xFC53, 0xFFFF, 0xF453, 0xFA8E, 0xFC94,
    0xFDF9, 0xFB0F, 0xF370, 0xFE3A, 0xFC74, 0xF412, 0xFEDC, 0xFB91, 0xFC74, 0xFE1A, 0xF2AF, 0xFBB2,
    0xFB71, 0xF371, 0xFB92, 0xF392, 0xFB92, 0xFB92, 0xF392, 0xFBB2, 0xF392, 0xF392, 0xFB92, 0xF392,
    0xFBB3, 0xFBB3, 0xF3B2, 0xFBD3, 0xF3B3, 0xF3B2, 0xFBB3, 0xF3B3, 0xFBB4, 0xFBB3, 0xF3B3, 0xFBD4,
    0xF3D3, 0xF3D3, 0xFBD4, 0xF3D3, 0xFBF4, 0xF3F4, 0xF3D4, 0xFBF4, 0xF3D4, 0xF3D4, 0xFBF4, 0xF373,
    0xFF3D, 0xFE3B, 0xF354, 0xD371, 0xF3B2, 0xEB92, 0xF3B3, 0xEB92, 0xF3B3, 0xEB92, 0xE392, 0xEB93,
    0xE392, 0xE372, 0xE392, 0xDB72, 0xE392, 0xDB72, 0xD351, 0xDB72, 0xD351, 0xCB51, 0xD351, 0xCB30,
    0xCB51, 0xCB30, 0xC330, 0xCB30, 0xC310, 0xBB0F, 0xC310, 0xBB0F, 0xB350, 0xB371, 0xB371, 0xB370,
    0xB391, 0xB391, 0xB3B1, 0xB3B1, 0xB3D1, 0xB3F2, 0xB3F2, 0xB3F1, 0xB432, 0xB432, 0xAC32, 0xB452,
    0xAC72, 0xB493, 0xAC93, 0xA4B2, 0xACD3, 0xA4D3, 0x9CF2, 0xA513, 0x9D13, 0x9D33, 0x9D33, 0x8DB3,
    0x9C32, 0xFB36, 0xFF3D, 0xFE7C, 0xF354, 0xFC16, 0xF415, 0xF3F5, 0xFC15, 0xF3F5, 0xF3F5, 0xF3F5,
    0xF3F5, 0xFBF5, 0xF3F5, 0xF3D4, 0xFBF5, 0xF3D4, 0xF3D4, 0xFBF4, 0xF414, 0xFC15, 0xF414, 0xF3F4,
    0xFC14, 0xF3F4, 0xF3F4, 0xFC14, 0xF414, 0xFC14, 0xF414, 0xF3F4, 0xFC14, 0xF3F4, 0xF3F3, 0xFBF4,
    0xF3F3, 0xFBF4, 0xF3F3, 0xF3D3, 0xFBF3, 0xF3D3, 0xF3D3, 0xFBF3, 0xF3D3, 0xFBF3, 0xFBF3, 0xF3D3,
    0xFBD3, 0xF3D3, 0xF3D2, 0xFBD3, 0xF3D2, 0xFBD3, 0xF3D2, 0xF3B2, 0xFBD3, 0xF3B2, 0xF3B2, 0xFBB2,
    0xF3B2, 0xFBB2, 0xFBB2, 0xF392, 0xFBB2, 0xF3B2, 0xF3B1, 0xFBB2, 0xF3B2, 0xFBB2, 0xFBB2, 0xF3B1,
    0xFBB2, 0xFBB1, 0xF391, 0xFBB2, 0xF3B1, 0xFBB2, 0xFBB1, 0xF391, 0xFBB2, 0xF3B1, 0xF391, 0xFBB1,
    0xF3B1, 0xFBB2, 0xFBB1, 0xF3B1, 0xFBB1, 0xF3B1, 0xF391, 0xFBB1, 0xF3B1, 0xFBB1, 0xFBB1, 0xF390,
    0xFBB1, 0xFBB1, 0xF3B0, 0xFBB1, 0xF3B1, 0xFBB1, 0xFBB1, 0xF3B0, 0xFBB1, 0xF3B0, 0xF390, 0xFBB1,
    0xF3B0, 0xFBB1, 0xFBB0, 0xF3B0, 0xFBB1, 0xF3B0, 0xF390, 0xFBB0, 0xF3B0, 0xFBB1, 0xFBB0, 0xF3B0,
    0xFBB1, 0xF3B0, 0xF3B0, 0xFBB1, 0xF3B0, 0xFBB1, 0xFBB0, 0xF3B0, 0xFBB1, 0xF3B0, 0xF3B0, 0xFBB0,
    0xF3B0, 0xFBB1, 0xFBB0, 0xF390, 0xFBB1, 0xF3B0, 0xF3B0, 0xFBB0, 0xF3B0, 0xFBB1, 0xFBB0, 0xF390,
    0xFBB1, 0xF3B0, 0xF390, 0xFBB1, 0xF3B0, 0xFBB1, 0xFBB0, 0xF390, 0xFBB1, 0xF3B0, 0xF390, 0xFBB1,
    0xF3B0, 0xFBB1, 0xFBB0, 0xF390, 0xFBB1, 0xF3B0, 0xF390, 0xFBB1, 0xF3B0, 0xFBB1, 0xFBB1, 0xF390,
    0xFBB1, 0xF3B1, 0xF390, 0xFBB1, 0xF370, 0xFB50, 0xFB70, 0xF34F, 0xFB70, 0xFB70, 0xF34F, 0xFB70,
    0xF34F, 0xFB70, 0xFB70, 0xF350, 0xFB70, 0xFB0E, 0xF556, 0xFEFC, 0xFD36, 0xFA2D, 0xFC74, 0xFEDB,
    0xFEDC, 0xFDB8, 0xF2EF, 0xFAEF, 0xFD56, 0xFE7B, 0xFE9B, 0xF3B1, 0xFCF6, 0xFC33, 0xF26D, 0xFD37,
    0xFC33, 0xFAAE, 0xFEBB, 0xF516, 0xFD36, 0xFBD2, 0xFD57, 0xFE9B, 0xFE5A, 0xFEDC, 0xFBF2, 0xFC13,
    0xFE9B, 0xFDF9, 0xF5D8, 0xFB11, 0xFDD9, 0xFEBC, 0xFEDC, 0xF3F3, 0xFB51, 0xFB92, 0xF391, 0xFB92,
    0xF392, 0xFB92, 0xFB92, 0xF372, 0xFB92, 0xF392, 0xF392, 0xFBB3, 0xF3B2, 0xFBB3, 0xFBB3, 0xF3B2,
    0xFBB3, 0xF3B3, 0xF3B2, 0xFBB3, 0xF3B3, 0xFBB4, 0xF3B3, 0xF3B3, 0xFBD4, 0xF3D3, 0xF3D3, 0xF3D4,
    0xF3D4, 0xFBF4, 0xF3F4, 0xF3D4, 0xFBF4, 0xF3D4, 0xF3D4, 0xFB74, 0xFF1C, 0xFE3B, 0xF354, 0xCB50,
    0xFBB3, 0xEBB2, 0xEB92, 0xEBB3, 0xEB92, 0xEBB3, 0xEB92, 0xE392, 0xEB92, 0xE392, 0xDB71, 0xE392,
    0xDB71, 0xDB72, 0xDB71, 0xD351, 0xD371, 0xD351, 0xCB30, 0xCB51, 0xCB30, 0xCB51, 0xCB30, 0xC310,
    0xC330, 0xC310, 0xBB0F, 0xC310, 0xB351, 0xB370, 0xB371, 0xB391, 0xB390, 0xB3B1, 0xB3B1, 0xB3B1,
    0xB3D2, 0xB3D1, 0xB3F2, 0xB412, 0xB412, 0xB432, 0xB432, 0xAC52, 0xAC73, 0xAC92, 0xACB3, 0xACB3,
    0xA4B2, 0xA4F3, 0xA4F3, 0x9CF2, 0x9D13, 0x9D33, 0x9D53, 0x8DB3, 0x9C11, 0xFB57, 0xFF3D, 0xF67B,
    0xF354, 0xF415, 0xFC16, 0xF415, 0xF3F5, 0xFC15, 0xF3F5, 0xF3F5, 0xF3F5, 0xF3F5, 0xFBF5, 0xF3F5,
    0xF3D4, 0xFBF5, 0xF3D4, 0xF3B3, 0xFC15, 0xF414, 0xFC15, 0xF414, 0xF3F4, 0xFC14, 0xF3F4, 0xF3F3,
    0xF414, 0xF414, 0xFC14, 0xF414, 0xF3F3, 0xFC14, 0xF3F3, 0xF3F3, 0xFBF4, 0xF3F3, 0xFBF4, 0xFBF3,
    0xF3D3, 0xFBF3, 0xF3D3, 0xF3D3, 0xFBD3, 0xF3D3, 0xFBF3, 0xFBF3, 0xF3D2, 0xFBD3, 0xF3D3, 0xF3D2,
    0xFBD3, 0xF3D2, 0xFBD3, 0xFBD2, 0xF3B2, 0xFBD2, 0xF3B2, 0xF3B2, 0xFBB2, 0xF3B2, 0xFBB2, 0xFBB2,
    0xF3B2, 0xFBB2, 0xF3B2, 0xF3B1, 0xFBB2, 0xF3B1, 0xFBB2, 0xFBB2, 0xF3B1, 0xFBB2, 0xF3B1, 0xF391,
    0xFBB2, 0xF3B1, 0xFBB2, 0xFBB1, 0xF391, 0xFBB2, 0xF3B1, 0xF3B1, 0xFBB1, 0xF3B1, 0xFBB1, 0xFBB1,
    0xF391, 0xFBB1, 0xF3B1, 0xF390, 0xFBB1, 0xF3B1, 0xFBB1, 0xFBB1, 0xF390, 0xFBB1, 0xF3B1, 0xF3B0,
    0xFBB1, 0xF3B0, 0xFBB1, 0xFBB1, 0xF3B0, 0xFBB1, 0xF3B0, 0xF390, 0xFBB1, 0xF3B0, 0xFBB1, 0xFBB0,
    0xF3B0, 0xFBB1, 0xF3B0, 0xF3B0, 0xFBB1, 0xF3B0, 0xFBB1, 0xFBB0, 0xF3B0, 0xFBB1, 0xF3B0, 0xF3B0,
    0xFBB0, 0xF3B0, 0xFBB1, 0xFBB0, 0xF3B0, 0xFBB1, 0xF3B0, 0xF3B0, 0xFBB0, 0xF3B0, 0xFBB1, 0xFBB0,
    0xF390, 0xFBB1, 0xF3B0, 0xF3B0, 0xFBB0, 0xF3B0, 0xFBB1, 0xFBB0, 0xF390, 0xFBB1, 0xFBB0, 0xF3B0,
    0xFBB1, 0xF3B0, 0xFBB1, 0xFBB0, 0xF390, 0xFBB1, 0xF3B0, 0xF390, 0xFBB1, 0xF3B0, 0xFBB1, 0xFBB0,
    0xF390, 0xFBB1, 0xF3B0, 0xF390, 0xFBB1, 0xF3B0, 0xFBB1, 0xFBB1, 0xF390, 0xFBB1, 0xF3B1, 0xF390,
    0xFB50, 0xF34F, 0xFB70, 0xFB70, 0xF34F, 0xFB70, 0xF34F, 0xF34F, 0xFB70, 0xF34F, 0xFB70, 0xFB70,
    0xF350, 0xFB50, 0xF30F, 0xF2EE, 0xFAEF, 0xFB4F, 0xFB70, 0xFB0F, 0xF2EE, 0xFB30, 0xFB70, 0xF350,
    0xFB0F, 0xF2EF, 0xFAEF, 0xFB30, 0xF30F, 0xFB30, 0xFB70, 0xF34F, 0xFB50, 0xFB70, 0xFB10, 0xF2EF,
    0xF2EF, 0xFB50, 0xFB30, 0xF30F, 0xFAF0, 0xF2F0, 0xFB51, 0xFB51, 0xF310, 0xFB30, 0xF310, 0xF351,
    0xFB10, 0xF2F0, 0xFB31, 0xFB71, 0xF391, 0xFBB2, 0xF392, 0xF371, 0xFB92, 0xF392, 0xFB92, 0xFB92,
    0xF392, 0xFB92, 0xF392, 0xF392, 0xFBB3, 0xF3B2, 0xFBB3, 0xFBB3, 0xF3B3, 0xFBB3, 0xF3B3, 0xF3B3,
    0xFBB3, 0xF3B3, 0xFBB4, 0xF3B3, 0xF3B3, 0xFBD4, 0xF3D4, 0xF3B3, 0xFBD4, 0xF3D4, 0xFBF4, 0xF3F4,
    0xF3D4, 0xFBF5, 0xF3D4, 0xF373, 0xFF3D, 0xFE3A, 0xFB54, 0xCB51, 0xF392, 0xF3B3, 0xEB92, 0xEB92,
    0xEBB3, 0xEB92, 0xEBB3, 0xEB92, 0xE392, 0xE392, 0xE372, 0xDB71, 0xDB72, 0xDB71, 0xDB72, 0xD371,
    0xD351, 0xD351, 0xCB51, 0xCB30, 0xCB51, 0xCB30, 0xCB31, 0xC330, 0xC310, 0xC330, 0xBB10, 0xBB0F,
    0xAB50, 0xB371, 0xB370, 0xB391, 0xB391, 0xB391, 0xB3B1, 0xB3B1, 0xB3D1, 0xB3F2, 0xB3F1, 0xB412,
    0xB412, 0xAC32, 0xB452, 0xAC52, 0xAC72, 0xAC93, 0xAC92, 0xACB3, 0xACD3, 0xA4D2, 0xA4F3, 0xA513,
    0x9D13, 0x9D33, 0x9D33, 0x8DD3, 0x9C31, 0xFB36, 0xFF5D, 0xFE7B, 0xF354, 0xF416, 0xF3F5, 0xFC16,
    0xF415, 0xF3F5, 0xF415, 0xF3F5, 0xF3F4, 0xF3F5, 0xF3F4, 0xFBF5, 0xF3F4, 0xF3D4, 0xFBF4, 0xF3D4,
    0xF3D3, 0xFC14, 0xF414, 0xFC14, 0xF414, 0xF3F4, 0xFC14, 0xF414, 0xF3F4, 0xF414, 0xF414, 0xFC14,
    0xF3F4, 0xF3F3, 0xFBF4, 0xF3F3, 0xF3F3, 0xFBF4, 0xF3F3, 0xFBF4, 0xFBF3, 0xF3D3, 0xFBF3, 0xF3D3,
    0xF3D2, 0xFBD3, 0xF3D3, 0xFBF3, 0xFBD3, 0xF3D2, 0xFBD3, 0xF3D3, 0xF3D2, 0xFBD3, 0xF3D2, 0xFBD3,
    0xFBD2, 0xF3B2, 0xFBD2, 0xF3B2, 0xF3B2, 0xFBB2, 0xF3B2, 0xFBB2, 0xFBB2, 0xF3B2, 0xFBB2, 0xF3B2,
    0xF3B1, 0xFBB2, 0xF3B1, 0xFBB2, 0xFBB2, 0xF3B1, 0xFBB2, 0xFBB1, 0xF391, 0xFBB2, 0xF3B1, 0xFBB2,
    0xFBB1, 0xF3B1, 0xFBB2, 0xF3B1, 0xF391, 0xFBB1, 0xF3B1, 0xFBB1, 0xFBB1, 0xF391, 0xFBB1, 0xFBB1,
    0xF391, 0xFBB1, 0xF3B1, 0xFBB1, 0xFBB1, 0xF3B1, 0xFBB1, 0xF3B1, 0xF3B0, 0xFBB1, 0xF3B0, 0xFBB1,
    0xFBB1, 0xF390, 0xFBB1, 0xF3B0, 0xF390, 0xFBB1, 0xF3B0, 0xFBB1, 0xFBB0, 0xF3B0, 0xFBB1, 0xF3B0,
    0xF3B0, 0xFBB1, 0xF3B0, 0xFBB1, 0xFBB0, 0xF3B0, 0xFBB1, 0xF3B0, 0xF3B0, 0xFBB0, 0xF3B0, 0xFBB1,
    0xFBB0, 0xF3B0, 0xFBB1, 0xF3B0, 0xF3B0, 0xFBB0, 0xF3B0, 0xFBB1, 0xFBB0, 0xF3B0, 0xFBB1, 0xF3B0,
    0xF3B0, 0xFBB1, 0xF3B0, 0xFBB1, 0xFBB0, 0xF390, 0xFBB1, 0xF3B0, 0xF3B0, 0xFBB0, 0xF3B0, 0xFBB1,
    0xFBB0, 0xF390, 0xFBB1, 0xFBB0, 0xF390, 0xFBB1, 0xF3B0, 0xFBB1, 0xFBB1, 0xF390, 0xFBB1, 0xF3B0,
    0xF3B0, 0xFBB1, 0xF3B0, 0xFBB1, 0xFBB1, 0xF3B0, 0xFBB1, 0xF370, 0xF34F, 0xFB50, 0xF34F, 0xFB70,
    0xFB50, 0xF34F, 0xFB70, 0xF34F, 0xF34F, 0xFB70, 0xF350, 0xFB70, 0xFB70, 0xF350, 0xFB70, 0xFB70,
    0xF370, 0xFB70, 0xFB70, 0xFB70, 0xFB70, 0xF370, 0xFB90, 0xFB70, 0xF370, 0xFB71, 0xF370, 0xFB71,
    0xFB70, 0xF350, 0xFB71, 0xFB70, 0xF370, 0xFB71, 0xF370, 0xFB91, 0xFB91, 0xF370, 0xFB91, 0xFB91,
    0xF371, 0xFB91, 0xF391, 0xFB92, 0xFB92, 0xF391, 0xFBB2, 0xFB91, 0xF391, 0xFB92, 0xF391, 0xFB92,
    0xFB92, 0xF391, 0xFB92, 0xF392, 0xF371, 0xFB92, 0xF392, 0xFB92, 0xFB92, 0xF392, 0xFBB3, 0xF3B2,
    0xF392, 0xFBB3, 0xF3B3, 0xFBB3, 0xFBB3, 0xF3B3, 0xFBD3, 0xF3B3, 0xF3B3, 0xFBB3, 0xF3B3, 0xFBD4,
    0xF3D3, 0xF3B3, 0xFBD4, 0xF3D4, 0xF3D3, 0xFBF4, 0xF3D4, 0xFBF5, 0xF3F4, 0xF3D4, 0xFBF5, 0xF373,
    0xFF1C, 0xFE3B, 0xF353, 0xCB51, 0xFBB3, 0xEB92, 0xF3B3, 0xEB92, 0xEB92, 0xEB93, 0xE392, 0xEB93,
    0xE392, 0xE372, 0xE392, 0xDB72, 0xDB71, 0xDB72, 0xD371, 0xDB72, 0xD351, 0xCB51, 0xD351, 0xCB31,
    0xCB30, 0xCB31, 0xC330, 0xCB31, 0xC330, 0xBB10, 0xC330, 0xBB10, 0xB350, 0xB350, 0xB371, 0xB371,
    0xB391, 0xB391, 0xB3B1, 0xB3D2, 0xB3D1, 0xB3D1, 0xB3F2, 0xB412, 0xB432, 0xB432, 0xAC32, 0xB473,
    0xAC72, 0xAC72, 0xAC93, 0xACB2, 0xACD3, 0xA4F3, 0xA4F3, 0xA513, 0x9D13, 0x9D33, 0x9D33, 0x8DB3,
    0xA432, 0xFB36, 0xFF3D, 0xFE7C, 0xF354, 0xF3F5, 0xF415, 0xF3F5, 0xFC16, 0xF415, 0xF3F5, 0xFC15,
    0xF3F5, 0xF3D4, 0xFBF5, 0xF3D4, 0xFBF5, 0xF3D4, 0xF3D4, 0xFBD4, 0xF3D4, 0xF3B3, 0xF3F4, 0xF3F4,
    0xFC14, 0xF414, 0xF3F4, 0xFC14, 0xF3F4, 0xF3F3, 0xFC14, 0xF3F4, 0xFBF4, 0xFBF4, 0xF3D3, 0xFBF4,
    0xF3F3, 0xF3D3, 0xFBF4, 0xF3D3, 0xFBF3, 0xFBD3, 0xF3D3, 0xFBF3, 0xF3D3, 0xF3D2, 0xFBD3, 0xF3D3,
    0xFBD3, 0xF3D3, 0xF3B2, 0xFBD3, 0xF3D2, 0xF3B2, 0xFBD2, 0xF3B2, 0xFBD3, 0xF3B2, 0xF3B2, 0xFBB2,
    0xF3B2, 0xF391, 0xFBB2, 0xF392, 0xFBB2, 0xFBB2, 0xF391, 0xFBB2, 0xFBB2, 0xF391, 0xFBB2, 0xF3B1,
    0xFBB2, 0xFBB1, 0xF391, 0xFBB2, 0xF391, 0xF391, 0xFBB1, 0xF391, 0xFBB2, 0xFBB1, 0xF391, 0xFBB1,
    0xF391, 0xF391, 0xFBB1, 0xF3B1, 0xFBB1, 0xFBB1, 0xF391, 0xFBB1, 0xFB91, 0xF390, 0xFBB1, 0xF390,
    0xFBB1, 0xFBB1, 0xF390, 0xFBB1, 0xF3B1, 0xF390, 0xFBB1, 0xF3B0, 0xFBB1, 0xFBB0, 0xF390, 0xFBB1,
    0xF390, 0xF390, 0xFBB0, 0xF3B0, 0xFBB1, 0xFBB0, 0xF390, 0xFBB0, 0xF3B0, 0xF390, 0xFBB0, 0xF3B0,
    0xFBB1, 0xFBB0, 0xF390, 0xFBB1, 0xF3B0, 0xF390, 0xFBB0, 0xF3B0, 0xFBB1, 0xFBB0, 0xF390, 0xFBB1,
    0xF3B0, 0xF390, 0xFBB0, 0xF390, 0xFBB1, 0xFBB0, 0xF390, 0xFBB0, 0xF3B0, 0xF390, 0xFBB0, 0xF390,
    0xFBB1, 0xFBB0, 0xF390, 0xFBB1, 0xF3B0, 0xF390, 0xFBB0, 0xF390, 0xFBB1, 0xFBB0, 0xF390, 0xFBB1,
    0xFB90, 0xF390, 0xFBB0, 0xF390, 0xFBB1, 0xFBB0, 0xF390, 0xFBB1, 0xF3B0, 0xF390, 0xFBB1, 0xF390,
    0xFBB1, 0xFB90, 0xF34F, 0xFB70, 0xF34F, 0xF34F, 0xFB50, 0xF34F, 0xFB70, 0xFB70, 0xF34F, 0xFB70,
    0xF350, 0xF34F, 0xFB70, 0xF350, 0xFB70, 0xFB70, 0xF350, 0xFB70, 0xFB70, 0xF34F, 0xFB70, 0xF370,
    0xFB70, 0xFB70, 0xF370, 0xFB70, 0xFB70, 0xF370, 0xFB70, 0xF370, 0xFB71, 0xFB70, 0xF350, 0xFB71,
    0xF370, 0xF370, 0xFB71, 0xF370, 0xFB91, 0xFB71, 0xF371, 0xFB91, 0xFB71, 0xF371, 0xFB91, 0xF391,
    0xFB92, 0xFB91, 0xF391, 0xFB92, 0xFB91, 0xF391, 0xFB92, 0xF391, 0xFB92, 0xFB92, 0xF391, 0xFB92,
    0xF392, 0xF371, 0xFB92, 0xF392, 0xFB93, 0xFB92, 0xF392, 0xFBB3, 0xF3B2, 0xF392, 0xFBB3, 0xF3B3,
    0xFBB3, 0xFBB3, 0xF3B3, 0xFBD3, 0xF3B3, 0xF3B3, 0xFBB3, 0xF3B3, 0xFBD4, 0xF3D4, 0xF3B3, 0xFBD4,
    0xF3D4, 0xF3D4, 0xFBF4, 0xF3D4, 0xFBF5, 0xF3F4, 0xF3D4, 0xFB74, 0xFF3D, 0xFE3A, 0xF354, 0xCB30,
    0xFBB3, 0xF3B3, 0xEB92, 0xF3B3, 0xEB92, 0xE392, 0xEB93, 0xE392, 0xEB93, 0xE392, 0xDB72, 0xE392,
    0xDB72, 0xDB71, 0xDB72, 0xD351, 0xDB72, 0xD351, 0xCB51, 0xD351, 0xCB31, 0xC330, 0xCB31, 0xC330,
    0xC330, 0xC310, 0xBB0F, 0xC310, 0xB371, 0xB370, 0xB370, 0xB391, 0xB391, 0xB3B1, 0xB3B1, 0xB3B1,
    0xB3D2, 0xB3D1, 0xB3F1, 0xB412, 0xB412, 0xB432, 0xB452, 0xAC52, 0xB473, 0xAC92, 0xA492, 0xACB3,
    0xA4D3, 0xACF3, 0xA4F3, 0x9CF3, 0xA533, 0x9D33, 0x9533, 0x8DB3, 0x9C31, 0xFB56, 0xFF5D, 0xFE7B,
    0xFB54, 0xF3F5, 0xF3F5, 0xF415, 0xF3F5, 0xFC16, 0xF415, 0xF3F5, 0xFBF5, 0xF3F5, 0xF3D4, 0xFBD5,
    0xF3D4, 0xFBF5, 0xFBD4, 0xF3D4, 0xFBD4, 0xF3B3, 0xF3B3, 0xF3D3, 0xF3D3, 0xFBD4, 0xF3D3, 0xF3D3,
    0xF3F4, 0xF3D3, 0xF3D3, 0xF3D3, 0xF3D3, 0xFBD3, 0xF3D3, 0xF3B2, 0xF3D3, 0xF3B3, 0xF3B2, 0xF3B3,
    0xF3B2, 0xFBB3, 0xF3B2, 0xF392, 0xF3B2, 0xF392, 0xF392, 0xF3B2, 0xF392, 0xFBB2, 0xF392, 0xF391,
    0xF3B2, 0xF392, 0xF391, 0xF392, 0xF391, 0xFB92, 0xF371, 0xF371, 0xFB71, 0xF351, 0xF351, 0xFB51,
    0xF351, 0xFB71, 0xFB71, 0xF351, 0xFB71, 0xF371, 0xF350, 0xFB71, 0xF350, 0xFB71, 0xFB71, 0xF350,
    0xFB71, 0xFB50, 0xF350, 0xFB71, 0xF350, 0xFB71, 0xFB70, 0xF350, 0xFB70, 0xFB70, 0xF350, 0xFB70,
    0xF350, 0xFB70, 0xFB70, 0xF350, 0xFB70, 0xF350, 0xF34F, 0xFB70, 0xF370, 0xFB70, 0xFB70, 0xF34F,
    0xFB70, 0xF370, 0xF34F, 0xFB70, 0xF34F, 0xFB70, 0xFB70, 0xF34F, 0xFB70, 0xFB6F, 0xF34F, 0xFB6F,
    0xF36F, 0xFB70, 0xFB6F, 0xF34F, 0xFB70, 0xF36F, 0xF36F, 0xFB6F, 0xF36F, 0xFB70, 0xFB6F, 0xF34F,
    0xFB70, 0xFB6F, 0xF34F, 0xFB6F, 0xF36F, 0xFB70, 0xFB6F, 0xF36F, 0xFB70, 0xFB6F, 0xF34F, 0xFB6F,
    0xF34F, 0xFB70, 0xFB6F, 0xF34F, 0xFB70, 0xFB4F, 0xF34F, 0xFB6F, 0xF34F, 0xFB70, 0xFB6F, 0xF34F,
    0xFB70, 0xFB6F, 0xF34F, 0xFB70, 0xF34F, 0xFB70, 0xFB6F, 0xF34F, 0xFB70, 0xFB4F, 0xF34F, 0xFB70,
    0xF34F, 0xFB70, 0xFB70, 0xF34F, 0xFB70, 0xFB4F, 0xF34F, 0xFB70, 0xF34F, 0xFB70, 0xFB70, 0xF34F,
    0xFB70, 0xF34F, 0xF34F, 0xFB50, 0xF34F, 0xFB70, 0xFB70, 0xF34F, 0xFB70, 0xF350, 0xF34F, 0xFB70,
    0xF370, 0xFB70, 0xFB70, 0xF34F, 0xFB70, 0xFB70, 0xF34F, 0xFB70, 0xF370, 0xFB70, 0xFB70, 0xF370,
    0xFB70, 0xFB70, 0xF350, 0xFB70, 0xF370, 0xFB71, 0xFB70, 0xF370, 0xFB71, 0xFB70, 0xF370, 0xFB71,
    0xF370, 0xFB91, 0xFB71, 0xF371, 0xFB91, 0xFB71, 0xF371, 0xFB91, 0xF391, 0xFB92, 0xFB91, 0xF371,
    0xFB92, 0xFB91, 0xF391, 0xFB92, 0xF391, 0xFB92, 0xFB92, 0xF371, 0xFB92, 0xF392, 0xF371, 0xFB92,
    0xF392, 0xFB93, 0xFB92, 0xF392, 0xFBB3, 0xF3B3, 0xF392, 0xFBB3, 0xF3B3, 0xFBD3, 0xFBD3, 0xF3B3,
    0xFBD4, 0xF3B3, 0xF3B3, 0xFBD4, 0xF3B3, 0xFBD4, 0xFBD4, 0xF3D3, 0xFBF4, 0xF3D4, 0xF3D4, 0xFBF4,
    0xF3D4, 0xFBF5, 0xF3D4, 0xF353, 0xFF3D, 0xFE5B, 0xF333, 0xCB51, 0xF3B2, 0xF3B3, 0xEBB3, 0xEB92,
    0xEBB3, 0xEB92, 0xE392, 0xEB92, 0xE392, 0xE393, 0xE392, 0xDB72, 0xE392, 0xDB72, 0xD351, 0xDB71,
    0xD351, 0xD351, 0xD351, 0xCB30, 0xCB51, 0xCB30, 0xC330, 0xC330, 0xC310, 0xC330, 0xC310, 0xBB0F,
    0xB350, 0xB371, 0xB371, 0xB370, 0xB391, 0xB391, 0xBBB2, 0xB3B1, 0xB3D1, 0xB3F2, 0xB3F2, 0xABF1,
    0xB412, 0xB432, 0xB453, 0xB452, 0xAC72, 0xAC93, 0xAC93, 0xA4B2, 0xACD3, 0xA4D3, 0xA4F3, 0xA513,
    0x9D13, 0x9D33, 0x9D33, 0x85B2, 0x9C32, 0xFB56, 0xFF5D, 0xFE7B, 0xF334, 0xFC16, 0xF3F5, 0xF3F5,
    0xF3F5, 0xF3F5, 0xFC15, 0xF3F5, 0xF3F5, 0xFBF5, 0xF3D4, 0xF3D4, 0xFBF5, 0xF3D4, 0xFBF5, 0xFBD4,
    0xF3B3, 0xFBD4, 0xF3B3, 0xF3B3, 0xF3B3, 0xF3B3, 0xFBD4, 0xF3B3, 0xF3B3, 0xFBD3, 0xF3B3, 0xF3B3,
    0xF3B3, 0xF3B3, 0xFBB3, 0xF3B3, 0xF392, 0xFBB3, 0xF392, 0xF392, 0xFBB3, 0xF392, 0xFB93, 0xF392,
    0xF372, 0xFB92, 0xF392, 0xF391, 0xFB92, 0xF392, 0xFB92, 0xF392, 0xF371, 0xFB92, 0xF371, 0xF371,
    0xFB71, 0xF371, 0xFB72, 0xF371, 0xF351, 0xFB71, 0xF351, 0xF351, 0xFB51, 0xF351, 0xFB71, 0xFB71,
    0xF350, 0xFB71, 0xF371, 0xF350, 0xFB71, 0xF350, 0xFB71, 0xFB50, 0xF350, 0xFB71, 0xFB50, 0xF350,
    0xFB70, 0xF350, 0xFB71, 0xFB70, 0xF350, 0xFB70, 0xFB50, 0xF350, 0xFB70, 0xF350, 0xFB70, 0xFB70,
    0xF350, 0xFB70, 0xF350, 0xF34F, 0xFB70, 0xF350, 0xFB70, 0xFB70, 0xF34F, 0xFB70, 0xF34F, 0xF34F,
    0xFB70, 0xF34F, 0xFB70, 0xFB6F, 0xF34F, 0xFB70, 0xFB4F, 0xF34F, 0xFB6F, 0xF34F, 0xFB70, 0xFB6F,
    0xF34F, 0xFB70, 0xFB6F, 0xF34F, 0xFB6F, 0xF36F, 0xFB70, 0xFB6F, 0xF34F, 0xFB70, 0xFB6F, 0xF34F,
    0xFB6F, 0xF36F, 0xFB70, 0xFB6F, 0xF34F, 0xFB70, 0xF34F, 0xF34F, 0xFB6F, 0xF34F, 0xFB70, 0xFB6F,
    0xF34F, 0xFB6F, 0xFB4F, 0xF34F, 0xFB6F, 0xF34F, 0xFB70, 0xFB6F, 0xF34F, 0xFB70, 0xFB4F, 0xF34F,
    0xFB4F, 0xF34F, 0xFB70, 0xFB6F, 0xF34F, 0xFB70, 0xFB4F, 0xF34F, 0xFB70, 0xF34F, 0xFB70, 0xFB70,
    0xF34F, 0xFB70, 0xFB4F, 0xF34F, 0xFB70, 0xF34F, 0xFB70, 0xFB50, 0xF34F, 0xFB70, 0xF34F, 0xF34F,
    0xFB70, 0xF34F, 0xFB70, 0xFB70, 0xF34F, 0xFB70, 0xFB50, 0xF34F, 0xFB70, 0xF370, 0xFB70, 0xFB70,
    0xF34F, 0xFB70, 0xF350, 0xF34F, 0xFB70, 0xF370, 0xFB70, 0xFB70, 0xF370, 0xFB70, 0xFB70, 0xF350,
    0xFB70, 0xF370, 0xFB71, 0xFB70, 0xF370, 0xFB91, 0xF371, 0xF370, 0xFB71, 0xF371, 0xFB91, 0xFB91,
    0xF371, 0xFB91, 0xF371, 0xF371, 0xFB91, 0xF391, 0xFB92, 0xFB91, 0xF371, 0xFB92, 0xFB91, 0xF371,
    0xFB92, 0xF371, 0xFB92, 0xFB92, 0xF371, 0xFB92, 0xFB92, 0xF392, 0xFB92, 0xF392, 0xFBB3, 0xFBB2,
    0xF392, 0xFBB3, 0xF3B3, 0xF3B2, 0xFBB3, 0xF3B3, 0xFBD3, 0xFBD3, 0xF3B3, 0xFBD4, 0xF3D3, 0xF3B3,
    0xFBD4, 0xF3D3, 0xFBD4, 0xF3D4, 0xF3D3, 0xFBF4, 0xF3D4, 0xF3D4, 0xFBF4, 0xF3F4, 0xFBF5, 0xF373,
    0xFF3D, 0xFE5B, 0xF334, 0xCB30, 0xFBB3, 0xEBB2, 0xF3B3, 0xEBB3, 0xEB92, 0xEBB3, 0xEB92, 0xE392,
    0xE392, 0xE392, 0xE392, 0xE392, 0xDB71, 0xDB72, 0xDB71, 0xD351, 0xD351, 0xD351, 0xD351, 0xCB51,
    0xCB30, 0xCB51, 0xC330, 0xC330, 0xC330, 0xC310, 0xC330, 0xBB10, 0xB370, 0xB350, 0xB391, 0xB371,
    0xB390, 0xB3B1, 0xB3B1, 0xBBD2, 0xB3D1, 0xB3D1, 0xB3F2, 0xB412, 0xAC12, 0xB432, 0xAC52, 0xB473,
    0xAC72, 0xAC72, 0xACB3, 0xACB3, 0xA4B2, 0xA4F3, 0xA4F3, 0xA513, 0x9D13, 0x9D33, 0x9D53, 0x8DB3,
    0x9C31, 0xFB57, 0xFF5D, 0xFE7C, 0xF354, 0xF3F5, 0xFC16, 0xF3F5, 0xF3F5, 0xF3F5, 0xF3F5, 0xFBF5,
    0xF3F5, 0xF3D4, 0xFBF5, 0xF3D4, 0xF3D4, 0xFBF5, 0xF3D4, 0xFBD4, 0xFBD4, 0xF3B3, 0xFBD4, 0xF3B3,
    0xF3B3, 0xFBB3, 0xF3B3, 0xFBB4, 0xF3B3, 0xF3B3, 0xFBB3, 0xF3B3, 0xF392, 0xFBB3, 0xF393, 0xFBB3,
    0xFBB3, 0xF392, 0xFB93, 0xF392, 0xF392, 0xFB93, 0xF392, 0xFB93, 0xFB92, 0xF372, 0xFB92, 0xF372,
    0xF371, 0xFB72, 0xF372, 0xFB92, 0xFB92, 0xF371, 0xFB92, 0xFB72, 0xF371, 0xFB72, 0xF371, 0xFB72,
    0xFB71, 0xF351, 0xFB71, 0xF351, 0xF350, 0xFB71, 0xF351, 0xFB71, 0xFB71, 0xF350, 0xFB71, 0xFB51,
    0xF350, 0xFB71, 0xF350, 0xFB71, 0xFB70, 0xF350, 0xFB71, 0xFB70, 0xF350, 0xFB70, 0xF350, 0xFB71,
    0xFB70, 0xF350, 0xFB70, 0xFB50, 0xF34F, 0xFB70, 0xF350, 0xFB70, 0xFB70, 0xF350, 0xFB70, 0xF350,
    0xF34F, 0xFB70, 0xF34F, 0xFB70, 0xFB70, 0xF34F, 0xFB70, 0xFB6F, 0xF34F, 0xFB70, 0xF36F, 0xFB70,
    0xFB6F, 0xF34F, 0xFB70, 0xF34F, 0xF34F, 0xFB6F, 0xF36F, 0xFB70, 0xFB6F, 0xF34F, 0xFB70, 0xFB6F,
    0xF34F, 0xFB6F, 0xF34F, 0xFB70, 0xFB6F, 0xF34F, 0xFB70, 0xFB6F, 0xF36F, 0xFB6F, 0xF36F, 0xFB70,
    0xFB6F, 0xF34F, 0xFB70, 0xFB6F, 0xF34F, 0xFB6F, 0xF36F, 0xFB70, 0xFB6F, 0xF34F, 0xFB70, 0xFB4F,
    0xF34F, 0xFB6F, 0xF34F, 0xFB70, 0xFB6F, 0xF34F, 0xFB70, 0xFB4F, 0xF34F, 0xFB6F, 0xF34F, 0xFB70,
    0xFB4F, 0xF34F, 0xFB70, 0xF34F, 0xF34F, 0xFB70, 0xF36F, 0xFB70, 0xFB70, 0xF34F, 0xFB70, 0xFB4F,
    0xF34F, 0xFB70, 0xF34F, 0xFB70, 0xFB70, 0xF34F, 0xFB70, 0xFB50, 0xF34F, 0xFB70, 0xF36F, 0xFB70,
    0xFB70, 0xF34F, 0xFB70, 0xF350, 0xF34F, 0xFB70, 0xF370, 0xFB70, 0xFB70, 0xF350, 0xFB70, 0xF370,
    0xF350, 0xFB70, 0xF370, 0xFB70, 0xFB70, 0xF350, 0xFB70, 0xF370, 0xF370, 0xFB70, 0xF370, 0xFB71,
    0xFB70, 0xF370, 0xFB71, 0xF371, 0xF370, 0xFB71, 0xF371, 0xFB91, 0xFB91, 0xF371, 0xFB91, 0xF391,
    0xF371, 0xFB91, 0xF391, 0xFB92, 0xFB91, 0xF371, 0xFB92, 0xFB91, 0xF371, 0xFB92, 0xF371, 0xFB92,
    0xFB92, 0xF392, 0xFB92, 0xF392, 0xF392, 0xFB92, 0xF392, 0xFBB3, 0xFBB2, 0xF392, 0xFBB3, 0xF3B3,
    0xF3B2, 0xFBB3, 0xF3B3, 0xFBD4, 0xF3D3, 0xF3D3, 0xFBD4, 0xF3D3, 0xF3B3, 0xFBD4, 0xF3D4, 0xFBD4,
    0xF3D4, 0xF3D4, 0xFBF4, 0xF3D4, 0xF3D4, 0xFBF5, 0xF3D4, 0xFB74, 0xFF3D, 0xFE3B, 0xFB54, 0xCB30,
    0xF392, 0xF3B3, 0xEBB2, 0xF3B3, 0xEBB3, 0xEB92, 0xEBB3, 0xE392, 0xE392, 0xE392, 0xE392, 0xE392,
    0xDB72, 0xDB71, 0xDB72, 0xD351, 0xD351, 0xD351, 0xCB51, 0xD351, 0xCB51, 0xC330, 0xCB31, 0xC330,
    0xC310, 0xC330, 0xBB10, 0xC330, 0xB371, 0xB371, 0xB370, 0xB391, 0xB391, 0xB391, 0xB3B1, 0xB3B1,
    0xBBD2, 0xB3F2, 0xB3F1, 0xB412, 0xB412, 0xAC32, 0xB452, 0xAC52, 0xB473, 0xAC93, 0xAC92, 0xACB3,
    0xA4D3, 0xA4D2, 0xA4F3, 0x9D13, 0xA533, 0x9D33, 0x9533, 0x8DD3, 0x9C31, 0xFB56, 0xFF5D, 0xFE7B,
    0xFB54, 0xF416, 0xF3F5, 0xFC16, 0xF3F5, 0xF3F5, 0xF3F5, 0xF3F5, 0xFBF5, 0xF3F5, 0xF3D4, 0xFBF5,
    0xF3F4, 0xF3D4, 0xFBD4, 0xF3D4, 0xFBD4, 0xFBD4, 0xF3B3, 0xFBD4, 0xF3B3, 0xF393, 0xFBB3, 0xF393,
    0xFBB3, 0xFB93, 0xF393, 0xFB93, 0xF393, 0xF392, 0xFB93, 0xF393, 0xFB93, 0xFB93, 0xF372, 0xFB93,
    0xF372, 0xF372, 0xFB92, 0xF372, 0xFB92, 0xFB72, 0xF372, 0xFB72, 0xFB72, 0xF371, 0xFB72, 0xF372,
    0xFB92, 0xFB72, 0xF371, 0xFB92, 0xF371, 0xF371, 0xFB72, 0xF371, 0xFB72, 0xFB71, 0xF351, 0xFB71,
    0xF351, 0xF350, 0xFB71, 0xF351, 0xFB71, 0xFB71, 0xF350, 0xFB71, 0xFB50, 0xF350, 0xFB71, 0xF350,
    0xFB71, 0xFB70, 0xF350, 0xFB71, 0xFB50, 0xF350, 0xFB50, 0xF350, 0xFB71, 0xFB70, 0xF350, 0xFB70,
    0xFB70, 0xF350, 0xFB70, 0xF350, 0xFB70, 0xFB70, 0xF34F, 0xFB70, 0xFB50, 0xF34F, 0xFB70, 0xF36F,
    0xFB70, 0xFB70, 0xF34F, 0xFB70, 0xF36F, 0xF34F, 0xFB70, 0xF36F, 0xFB70, 0xFB6F, 0xF34F, 0xFB70,
    0xFB6F, 0xF34F, 0xFB6F, 0xF36F, 0xFB70, 0xFB6F, 0xF34F, 0xFB70, 0xF34F, 0xF34F, 0xFB6F, 0xF34F,
    0xFB70, 0xFB6F, 0xF34F, 0xFB6F, 0xFB6F, 0xF34F, 0xFB6F, 0xF36F, 0xFB70, 0xFB6F, 0xF34F, 0xFB70,
    0xF34F, 0xF34F, 0xFB6F, 0xF36F, 0xFB70, 0xFB6F, 0xF34F, 0xFB6F, 0xF34F, 0xF34F, 0xFB6F, 0xF34F,
    0xFB70, 0xFB6F, 0xF34F, 0xFB70, 0xFB4F, 0xF34F, 0xFB4F, 0xF34F, 0xFB70, 0xFB4F, 0xF34F, 0xFB70,
    0xF34F, 0xF34F, 0xFB50, 0xF34F, 0xFB70, 0xFB4F, 0xF34F, 0xFB70, 0xFB6F, 0xF34F, 0xFB70, 0xF34F,
    0xFB70, 0xFB70, 0xF34F, 0xFB70, 0xF350, 0xF34F, 0xFB70, 0xF34F, 0xFB70, 0xFB70, 0xF34F, 0xFB70,
    0xFB70, 0xF34F, 0xFB70, 0xF370, 0xFB70, 0xFB70, 0xF350, 0xFB70, 0xFB70, 0xF370, 0xFB70, 0xF370,
    0xFB70, 0xFB70, 0xF350, 0xFB70, 0xF370, 0xF350, 0xFB70, 0xF370, 0xFB71, 0xFB71, 0xF370, 0xFB71,
    0xFB71, 0xF370, 0xFB71, 0xF371, 0xFB91, 0xFB91, 0xF371, 0xFB92, 0xFB71, 0xF371, 0xFB91, 0xF371,
    0xFB92, 0xFB91, 0xF371, 0xFB92, 0xFB91, 0xF371, 0xFB92, 0xF392, 0xFB92, 0xFB92, 0xF392, 0xFB92,
    0xFB92, 0xF392, 0xFB92, 0xF392, 0xFBB3, 0xF3B3, 0xF392, 0xFBB3, 0xF3B3, 0xF3B2, 0xFBB3, 0xF3B3,
    0xFBD4, 0xFBD4, 0xF3D3, 0xFBD4, 0xF3D4, 0xF3D3, 0xFBD4, 0xF3D4, 0xFBF4, 0xF3D4, 0xF3D4, 0xFBF4,
    0xF3D4, 0xF3D4, 0xFBD5, 0xF373, 0xFF3D, 0xFE5B, 0xF333, 0xCB51, 0xFBB3, 0xEB92, 0xF3B3, 0xEBB2,
    0xF3B3, 0xEBB2, 0xE392, 0xEBB3, 0xE392, 0xE392, 0xE392, 0xDB72, 0xE392, 0xDB72, 0xD351, 0xDB72,
    0xD351, 0xCB51, 0xD351, 0xCB51, 0xCB51, 0xCB31, 0xC330, 0xCB31, 0xC330, 0xBB10, 0xC310, 0xBB10,
    0xB350, 0xB371, 0xB371, 0xB370, 0xB391, 0xB391, 0xB3B1, 0xB3D1, 0xB3D1, 0xB3F2, 0xB3F2, 0xB3F1,
    0xB432, 0xB432, 0xAC32, 0xB473, 0xAC72, 0xB493, 0xACB3, 0xA4B2, 0xACD3, 0xA4D3, 0x9CF2, 0xA513,
    0x9D13, 0x9D33, 0x9D33, 0x8DB3, 0x9C32, 0xFB56, 0xF73D, 0xFE7C, 0xF354, 0xFC16, 0xF415, 0xF3F5,
    0xFC15, 0xF3F5, 0xF3F5, 0xF3F5, 0xF3F5, 0xFBF5, 0xF3F5, 0xF3D4, 0xFBF5, 0xF3D4, 0xF3D4, 0xFBD4,
    0xF3D4, 0xFBD4, 0xF3B3, 0xF3B3, 0xFBB3, 0xF3B3, 0xF393, 0xFBB3, 0xF393, 0xFB93, 0xFB93, 0xF392,
    0xFB93, 0xF393, 0xF392, 0xFB93, 0xF392, 0xFB93, 0xFB93, 0xF372, 0xFB93, 0xFB72, 0xF372, 0xFB92,
    0xF372, 0xFB92, 0xFB72, 0xF371, 0xFB72, 0xF372, 0xF371, 0xFB72, 0xF371, 0xFB92, 0xFB92, 0xF371,
    0xFB92, 0xF371, 0xF351, 0xFB71, 0xF351, 0xFB71, 0xFB71, 0xF371, 0xFB71, 0xF351, 0xF350, 0xFB71,
    0xF351, 0xFB71, 0xFB71, 0xF350, 0xFB71, 0xFB50, 0xF350, 0xFB71, 0xF350, 0xFB71, 0xFB70, 0xF350,
    0xFB71, 0xFB50, 0xF350, 0xFB70, 0xFB70, 0xFB71, 0xFB70, 0xF350, 0xFB70, 0xFB70, 0xF350, 0xFB70,
    0xF370, 0xFB70, 0xFB70, 0xF34F, 0xFB70, 0xFB50, 0xF34F, 0xFB70, 0xF34F, 0xFB70, 0xFB70, 0xF36F,
    0xFB70, 0xF36F, 0xF36F, 0xFB70, 0xF36F, 0xFB70, 0xFB6F, 0xF36F, 0xFB70, 0xFB6F, 0xF36F, 0xFB70,
    0xF36F, 0xFB70, 0xFB6F, 0xF34F, 0xFB6F, 0xFB6F, 0xF34F, 0xFB6F, 0xF36F, 0xFB70, 0xFB6F, 0xF34F,
    0xFB70, 0xFB6F, 0xF34F, 0xFB6F, 0xF36F, 0xFB70, 0xF36F, 0xF34F, 0xFB70, 0xF34F, 0xF34F, 0xFB6F,
    0xF36F, 0xFB70, 0xFB6F, 0xF34F, 0xFB6F, 0xF36F, 0xF34F, 0xFB6F, 0xFB6F, 0xFB70, 0xFB6F, 0xF34F,
    0xFB70, 0xFB4F, 0xF34F, 0xFB70, 0xF36F, 0xFB70, 0xFB70, 0xF34F, 0xFB70, 0xFB4F, 0xF34F, 0xFB70,
    0xF34F, 0xFB70, 0xFB70, 0xF36F, 0xFB70, 0xFB4F, 0xF34F, 0xFB70, 0xF34F, 0xFB70, 0xFB70, 0xF34F,
    0xFB70, 0xF350, 0xF34F, 0xFB70, 0xF34F, 0xFB70, 0xFB70, 0xF350, 0xFB70, 0xFB70, 0xF370, 0xFB70,
    0xFB70, 0xFB70, 0xFB70, 0xF370, 0xFB70, 0xFB70, 0xF370, 0xFB70, 0xF370, 0xFB71, 0xFB70, 0xF350,
    0xFB70, 0xF370, 0xF370, 0xFB71, 0xF370, 0xFB71, 0xFB71, 0xF370, 0xFB91, 0xFB71, 0xF370, 0xFB71,
    0xF371, 0xFB91, 0xFB91, 0xF371, 0xFB92, 0xFB71, 0xF371, 0xFB91, 0xF371, 0xFB92, 0xFB92, 0xF371,
    0xFB92, 0xFB92, 0xF371, 0xFB92, 0xF392, 0xFBB2, 0xFB92, 0xF392, 0xFBB2, 0xF392, 0xF392, 0xFBB3,
    0xF392, 0xFBB3, 0xFBB3, 0xF3B2, 0xFBB3, 0xFBB3, 0xF3B3, 0xFBD3, 0xF3D3, 0xFBD4, 0xFBD4, 0xF3D3,
    0xFBF4, 0xF3D4, 0xF3D3, 0xFBD4, 0xF3D4, 0xFBF5, 0xF3F4, 0xF3D4, 0xFBF5, 0xF3F4, 0xF3D4, 0xFB74,
    0xFF3D, 0xFE5B, 0xF334, 0xCB50, 0xFBB3, 0xEBB3, 0xEB92, 0xEBB3, 0xEB92, 0xEBB3, 0xEB92, 0xE392,
    0xEB93, 0xE392, 0xDB72, 0xE392, 0xDB72, 0xDB92, 0xDB72, 0xD351, 0xD372, 0xD351, 0xCB50, 0xCB51,
    0xCB30, 0xCB51, 0xCB30, 0xC330, 0xC330, 0xC310, 0xBB0F, 0xC310, 0xB371, 0xB370, 0xB391, 0xB391,
    0xB391, 0xB3B1, 0xB3B1, 0xB3B1, 0xB3D2, 0xB3D1, 0xB412, 0xB412, 0xB412, 0xB432, 0xB452, 0xAC52,
    0xAC73, 0xAC92, 0xACB3, 0xACB3, 0xA4B3, 0xA4F3, 0xA4F3, 0x9CF3, 0x9D33, 0x9D33, 0x9D54, 0x8DB3,
    0x9C31, 0xFB77, 0xFF5D, 0xF65B, 0xF354, 0xF415, 0xFC16, 0xF415, 0xF3F5, 0xFC15, 0xF3F5, 0xF3F4,
    0xFBF5, 0xF3F5, 0xFBF5, 0xF3F4, 0xF3D4, 0xFBF5, 0xF3D4, 0xF3D3, 0xFBD4, 0xF3D3, 0xFBF4, 0xFBF4,
    0xF3D3, 0xFBF4, 0xF3F4, 0xF3D3, 0xFBF4, 0xF3D4, 0xFBF4, 0xFBD4, 0xF3D3, 0xFBF4, 0xF3D4, 0xF3D3,
    0xFBD4, 0xF3D3, 0xFBD4, 0xFBD3, 0xF3B3, 0xFBD3, 0xF3B3, 0xF3B2, 0xFBD3, 0xF3B3, 0xFBD3, 0xFBB3,
    0xF3B2, 0xFBB3, 0xF3B3, 0xF3B2, 0xFB92, 0xF371, 0xFB92, 0xFB72, 0xF371, 0xFB72, 0xF371, 0xF351,
    0xFB71, 0xF371, 0xFBB2, 0xFBB2, 0xF392, 0xFBB2, 0xFBB2, 0xF391, 0xFBB2, 0xF3B1, 0xFBB2, 0xFBB2,
    0xF391, 0xFBB2, 0xF391, 0xF391, 0xFBB1, 0xF391, 0xFBB2, 0xFBB1, 0xF391, 0xFBB2, 0xFB91, 0xF391,
    0xFBB1, 0xF391, 0xFBB1, 0xFBB1, 0xF391, 0xFBB1, 0xFB91, 0xF370, 0xFB70, 0xF370, 0xFB70, 0xFB70,
    0xF34F, 0xFB70, 0xF350, 0xF34F, 0xFB90, 0xF3B0, 0xFBB1, 0xFBB1, 0xF390, 0xFBB1, 0xF3B0, 0xF390,
    0xFBB1, 0xF390, 0xFBB1, 0xFBB0, 0xF3B0, 0xFBB1, 0xF3B0, 0xF390, 0xFBB0, 0xF3B0, 0xFBB1, 0xFBB0,
    0xF390, 0xFBB0, 0xF390, 0xF390, 0xFBB0, 0xF3B0, 0xFBB1, 0xFBB0, 0xF3B0, 0xFBB0, 0xFB90, 0xF34F,
    0xFB6F, 0xF34F, 0xFB70, 0xFB4F, 0xF34F, 0xFB6F, 0xF34F, 0xF36F, 0xFBB0, 0xF3B0, 0xFBB1, 0xFBB0,
    0xF390, 0xFBB0, 0xF3B0, 0xF390, 0xFBB0, 0xF390, 0xFBB1, 0xFBB0, 0xF390, 0xFBB1, 0xF390, 0xF390,
    0xFBB0, 0xF3B0, 0xFBB1, 0xFBB0, 0xF390, 0xFBB1, 0xF390, 0xF390, 0xFBB1, 0xF390, 0xFBB1, 0xFBB1,
    0xF390, 0xFB90, 0xF370, 0xF34F, 0xFB70, 0xF34F, 0xFB70, 0xFB70, 0xF34F, 0xFB70, 0xF350, 0xF34F,
    0xFB70, 0xF350, 0xFB70, 0xFB70, 0xF370, 0xFB90, 0xFB70, 0xF370, 0xFB70, 0xF370, 0xFB70, 0xFB70,
    0xF370, 0xFB70, 0xFB70, 0xF350, 0xFB70, 0xF370, 0xFB71, 0xFB70, 0xF350, 0xFB71, 0xFB70, 0xF370,
    0xFB71, 0xF370, 0xFB71, 0xFB71, 0xF370, 0xFB91, 0xFB71, 0xF371, 0xFB91, 0xF371, 0xFB92, 0xFB91,
    0xF371, 0xFB92, 0xF371, 0xF371, 0xFB92, 0xF391, 0xFB92, 0xFB92, 0xF391, 0xFB92, 0xF392, 0xF391,
    0xFB92, 0xF392, 0xFB92, 0xFB92, 0xF392, 0xFBB2, 0xFB92, 0xF392, 0xFBB3, 0xF3B2, 0xFBB3, 0xFBB3,
    0xF3B3, 0xFBB3, 0xF3B3, 0xF3B3, 0xFBD3, 0xF3D3, 0xFBF4, 0xFBD4, 0xF3D3, 0xFBD4, 0xF3D4, 0xF3D3,
    0xFBD4, 0xF3D4, 0xFBF5, 0xF3F4, 0xF3D4, 0xFBF5, 0xF3D4, 0xF353, 0xFF3D, 0xFE3A, 0xFB34, 0xCB51,
    0xF392, 0xF3B3, 0xEBB3, 0xEB92, 0xEBB3, 0xEB92, 0xEBB3, 0xEB92, 0xE392, 0xE392, 0xE392, 0xDB71,
    0xDB72, 0xDB71, 0xDB72, 0xD371, 0xD351, 0xD371, 0xCB51, 0xCB30, 0xCB51, 0xCB30, 0xCB51, 0xC330,
    0xC310, 0xC330, 0xBB10, 0xBB0F, 0xAB50, 0xB371, 0xB370, 0xB391, 0xB391, 0xB391, 0xB3B1, 0xB3B1,
    0xB3D1, 0xB3F2, 0xB3F1, 0xB412, 0xB432, 0xAC32, 0xB453, 0xAC52, 0xAC72, 0xAC93, 0xAC92, 0xACD3,
    0xACD3, 0xA4D3, 0xA513, 0x9D13, 0x9D13, 0x9D33, 0x9D33, 0x8DD3, 0x9C32, 0xFB56, 0xFF5D, 0xFE7B,
    0xF354, 0xF416, 0xF3F5, 0xFC16, 0xF3F5, 0xF3F5, 0xFC15, 0xF3F5, 0xF3D4, 0xF3F5, 0xF3D4, 0xFBF5,
    0xF3F4, 0xF3D4, 0xFBF4, 0xF3D4, 0xF3D3, 0xFC14, 0xF414, 0xFC15, 0xFBF4, 0xF3F4, 0xFBF4, 0xF3F4,
    0xF3D3, 0xFBF4, 0xF3D4, 0xFBF4, 0xFBF4, 0xF3D3, 0xFBF4, 0xFBD3, 0xF3D3, 0xFBD4, 0xF3D3, 0xFBD4,
    0xFBD3, 0xF3B3, 0xFBD3, 0xF3D3, 0xF3B3, 0xFBD3, 0xF3B3, 0xFBD3, 0xFBB3, 0xF3B2, 0xFBD3, 0xFBD3,
    0xF3B2, 0xFBB2, 0xF371, 0xFB92, 0xFB72, 0xF371, 0xFB72, 0xF371, 0xF391, 0xFBB2, 0xF3B2, 0xFBD2,
    0xFBB2, 0xF3B2, 0xFBB2, 0xFBB2, 0xF3B1, 0xFBB2, 0xF3B1, 0xFBB2, 0xFBB2, 0xF391, 0xFBB2, 0xF3B1,
    0xF391, 0xFBB2, 0xF3B1, 0xFBB2, 0xFBB1, 0xF391, 0xFBB2, 0xFBB1, 0xF391, 0xFBB1, 0xF3B1, 0xFBB2,
    0xFBB1, 0xF391, 0xFBB1, 0xF3B1, 0xF390, 0xFB70, 0xF350, 0xFB70, 0xFB70, 0xF350, 0xFB70, 0xF390,
    0xF3B0, 0xFBD1, 0xF3B0, 0xFBD1, 0xFBB1, 0xF3B0, 0xFBB1, 0xF3B0, 0xF390, 0xFBB1, 0xF3B0, 0xFBD1,
    0xFBB0, 0xF3B0, 0xFBB1, 0xF3B0, 0xF3B0, 0xFBB0, 0xF3B0, 0xFBB1, 0xFBB0, 0xF390, 0xFBB1, 0xF3B0,
    0xF3B0, 0xFBB0, 0xF3B0, 0xFBB1, 0xFBB0, 0xF3B0, 0xFBD1, 0xFBB0, 0xF34F, 0xFB6F, 0xF34F, 0xFB70,
    0xFB6F, 0xF34F, 0xFB90, 0xF3B0, 0xF3B0, 0xFBB0, 0xF3B0, 0xFBB1, 0xFBB0, 0xF3B0, 0xFBB1, 0xFBB0,
    0xF3B0, 0xFBB0, 0xF3B0, 0xFBB1, 0xFBB0, 0xF3B0, 0xFBB1, 0xFBB0, 0xF3B0, 0xFBB1, 0xF3B0, 0xFBB1,
    0xFBB0, 0xF390, 0xFBB1, 0xF3B0, 0xF390, 0xFBB1, 0xF3B0, 0xFBB1, 0xFBB1, 0xF3B0, 0xFBB1, 0xFB70,
    0xF34F, 0xFB70, 0xF34F, 0xFB70, 0xFB70, 0xF34F, 0xFB70, 0xFB50, 0xF34F, 0xFB70, 0xF370, 0xFB70,
    0xFB70, 0xF32F, 0xFB50, 0xFB90, 0xF34F, 0xFB0F, 0xFB70, 0xFB70, 0xFB90, 0xF370, 0xFB70, 0xFB70,
    0xF350, 0xFB70, 0xF370, 0xFB71, 0xFB70, 0xF370, 0xFB71, 0xFB70, 0xF370, 0xFB71, 0xF370, 0xFB91,
    0xFB71, 0xF370, 0xFB91, 0xFB71, 0xF371, 0xFB91, 0xF391, 0xFB92, 0xFB91, 0xF371, 0xFB92, 0xF371,
    0xF371, 0xFB92, 0xF391, 0xFB92, 0xFB92, 0xF391, 0xFB92, 0xFB92, 0xF391, 0xFB92, 0xF392, 0xFB92,
    0xFB92, 0xF392, 0xFBB3, 0xF392, 0xF392, 0xFBB3, 0xF3B2, 0xFBB3, 0xFBB3, 0xF3B3, 0xFBD3, 0xF3B3,
    0xF3B3, 0xFBD4, 0xF3D3, 0xFBF4, 0xFBD4, 0xF3D4, 0xFBD4, 0xF3D4, 0xF3D4, 0xFBF4, 0xF3D4, 0xFBF5,
    0xF3F4, 0xF3D4, 0xFBF5, 0xF373, 0xFF1C, 0xFE3B, 0xF333, 0xD351, 0xFBB3, 0xEB92, 0xF3B3, 0xEBB3,
    0xEB92, 0xEBB3, 0xE392, 0xEBB3, 0xE392, 0xE392, 0xE392, 0xDB72, 0xDB71, 0xDB72, 0xD371, 0xDB72,
    0xD371, 0xCB51, 0xD351, 0xCB51, 0xCB30, 0xCB51, 0xC330, 0xCB31, 0xC330, 0xBB10, 0xC330, 0xBB10,
    0xB350, 0xB350, 0xB371, 0xB391, 0xB391, 0xB3B1, 0xB3B1, 0xB3D2, 0xB3D1, 0xB3D1, 0xB3F2, 0xB412,
    0xB432, 0xB432, 0xAC32, 0xB473, 0xAC72, 0xAC72, 0xACB3, 0xACB3, 0xACD3, 0xA4F3, 0xA4F3, 0xA513,
    0x9D13, 0x9D33, 0x9D53, 0x85B3, 0xA432, 0xFB57, 0xFF3D, 0xFE7C, 0xF354, 0xF3F5, 0xF416, 0xF3F5,
    0xFC16, 0xF3F5, 0xF3F5, 0xFBF5, 0xF3F5, 0xF3D4, 0xF3D5, 0xF3D4, 0xFBF5, 0xF3F4, 0xF3D4, 0xFBD4,
    0xF414, 0xF414, 0xFC14, 0xF3F4, 0xFBF4, 0xFBF4, 0xF3F4, 0xFBF4, 0xF3F4, 0xF3D3, 0xFBF4, 0xF3F4,
    0xFBF4, 0xFBF4, 0xF3D3, 0xFBF4, 0xF3D3, 0xF3D3, 0xFBD4, 0xF3D3, 0xFBD4, 0xFBD3, 0xF3B3, 0xFBD3,
    0xF3D3, 0xF3B2, 0xFBD3, 0xF3B3, 0xFBD3, 0xFBB3, 0xF3B2, 0xFBD3, 0xFBD3, 0xF3D2, 0xFBB2, 0xF371,
    0xFB92, 0xF372, 0xF351, 0xFBB2, 0xF3B2, 0xF3B2, 0xFBB2, 0xF3B2, 0xFBB2, 0xFBB2, 0xF3B1, 0xFBB2,
    0xF3B2, 0xF3B1, 0xFBB2, 0xF3B1, 0xFBB2, 0xFBB1, 0xF391, 0xFBB2, 0xFBB1, 0xF391, 0xFBB2, 0xF3B1,
    0xFBB2, 0xFBB1, 0xF391, 0xFBB2, 0xFBB1, 0xF391, 0xFBB1, 0xF3B1, 0xFBB2, 0xFBB1, 0xF3B1, 0xFBB1,
    0xFBB1, 0xF390, 0xFB70, 0xF370, 0xFB70, 0xFB70, 0xF370, 0xFBD1, 0xFBB1, 0xF3B0, 0xFBB1, 0xF3B0,
    0xFBB1, 0xFBB1, 0xF3B0, 0xFBB1, 0xFBB0, 0xF390, 0xFBB1, 0xF3B0, 0xFBD1, 0xFBB0, 0xF3B0, 0xFBB1,
    0xF3B0, 0xF3B0, 0xFBB0, 0xF3B0, 0xFBB1, 0xFBB0, 0xF390, 0xFBB1, 0xF3B0, 0xF3B0, 0xFBB0, 0xF3B0,
    0xFBB1, 0xFBB0, 0xF3B0, 0xFBD1, 0xF390, 0xF34F, 0xFB6F, 0xF34F, 0xFB70, 0xF370, 0xF3B0, 0xFBB1,
    0xF3B0, 0xF3B0, 0xFBB0, 0xF3B0, 0xFBB1, 0xFBB0, 0xF3B0, 0xFBB1, 0xFBB0, 0xF390, 0xFBB1, 0xF3B0,
    0xFBB1, 0xFBB0, 0xF390, 0xFBB1, 0xFBB0, 0xF3B0, 0xFBB1, 0xF3B0, 0xFBB1, 0xFBB1, 0xF390, 0xFBB1,
    0xF3B0, 0xF390, 0xFBB1, 0xF3B0, 0xFBB1, 0xFBB1, 0xF3B0, 0xFBB1, 0xFB50, 0xF34F, 0xFB70, 0xF34F,
    0xFB70, 0xFB70, 0xF34F, 0xFB70, 0xFB70, 0xF34F, 0xFB70, 0xF370, 0xFB30, 0xFC73, 0xFCD4, 0xFACE,
    0xFB70, 0xF4D5, 0xFB0F, 0xFB4F, 0xFB2F, 0xFB2F, 0xF370, 0xFB50, 0xFB50, 0xF370, 0xFB50, 0xF350,
    0xFB71, 0xFB70, 0xF370, 0xFB71, 0xF370, 0xF370, 0xFB71, 0xF370, 0xFB91, 0xFB71, 0xF371, 0xFB91,
    0xFB71, 0xF371, 0xFB91, 0xF371, 0xFB92, 0xFB91, 0xF371, 0xFB92, 0xF391, 0xF371, 0xFB92, 0xF391,
    0xFB92, 0xFB92, 0xF371, 0xFB92, 0xFB92, 0xF392, 0xFB92, 0xF392, 0xFBB3, 0xFBB2, 0xF392, 0xFBB3,
    0xFB92, 0xF392, 0xFBB3, 0xF3B3, 0xFBB3, 0xFBB3, 0xF3B3, 0xFBD4, 0xF3B3, 0xF3B3, 0xFBD4, 0xF3D3,
    0xFBF4, 0xFBD4, 0xF3D4, 0xFBD4, 0xF3D4, 0xF3D4, 0xFBD4, 0xF3D4, 0xFBF5, 0xF3F4, 0xF3D4, 0xFB74,
    0xFF3D, 0xF63A, 0xF354, 0xCB50, 0xFBB3, 0xF3B3, 0xEB92, 0xF3B3, 0xEB92, 0xE392, 0xEBB3, 0xE392,
    0xEBB3, 0xE392, 0xDB72, 0xE392, 0xDB72, 0xD371, 0xDB72, 0xD371, 0xDB72, 0xD351, 0xCB51, 0xD351,
    0xCB51, 0xC330, 0xCB31, 0xC330, 0xC331, 0xC330, 0xBB10, 0xC330, 0xB371, 0xB371, 0xB370, 0xB391,
    0xB391, 0xBBB2, 0xB3B1, 0xB3B1, 0xB3D2, 0xB3F2, 0xB3F1, 0xB412, 0xB412, 0xB453, 0xB452, 0xAC52,
    0xB493, 0xAC93, 0xA492, 0xACB3, 0xA4D3, 0xACF3, 0xA4F3, 0x9CF3, 0xA533, 0x9D33, 0x9533, 0x8DB3,
    0x9C31, 0xFB57, 0xFF3D, 0xFE5B, 0xF354, 0xF415, 0xF3F5, 0xF3F5, 0xF3F5, 0xFC16, 0xF3F5, 0xF3F5,
    0xFC15, 0xF3F5, 0xF3D4, 0xFBF5, 0xF3D4, 0xFBF5, 0xF3D4, 0xF3D4, 0xFC35, 0xF414, 0xF3F4, 0xFC14,
    0xF3F4, 0xFBF4, 0xFBF4, 0xF3D4, 0xFBF4, 0xF3F4, 0xF3D3, 0xFBF4, 0xF3F4, 0xFBF4, 0xFBF4, 0xF3D3,
    0xFBF4, 0xF3D3, 0xF3D3, 0xFBD3, 0xF3D3, 0xFBD4, 0xFBD3, 0xF3B3, 0xFBD3, 0xF3B3, 0xF3B2, 0xFBD3,
    0xF3B3, 0xFBD3, 0xFBD3, 0xF3B2, 0xFBD3, 0xF3D3, 0xF3B2, 0xFB72, 0xF371, 0xFB72, 0xFB72, 0xF3B2,
    0xFBB3, 0xF3B2, 0xF3B2, 0xFBB2, 0xF3B2, 0xFBB2, 0xFBB2, 0xF3B2, 0xFBB2, 0xF3B2, 0xF3B1, 0xFBB2,
    0xF3B1, 0xFBB2, 0xFBB2, 0xF391, 0xFBB2, 0xFBB1, 0xF391, 0xFBB2, 0xF3B1, 0xFBB2, 0xFBB1, 0xF391,
    0xFBB2, 0xFBB1, 0xF391, 0xFBB1, 0xF3B1, 0xFBB2, 0xFBB1, 0xF3B1, 0xFBB1, 0xFBB1, 0xF370, 0xFB70,
    0xF350, 0xFB70, 0xFBB1, 0xF3B1, 0xFBB1, 0xFBB1, 0xF3B0, 0xFBB1, 0xF3B0, 0xFBB1, 0xFBB1, 0xF3B0,
    0xFBB1, 0xFBB0, 0xF3B0, 0xFBB1, 0xF3B0, 0xFBD1, 0xFBB0, 0xF3B0, 0xFBB1, 0xF3B0, 0xF390, 0xFBB0,
    0xF3B0, 0xFBB1, 0xFBB0, 0xF3B0, 0xFBB0, 0xFBB0, 0xF3B0, 0xFBB0, 0xF3B0, 0xFBD1, 0xFBB0, 0xF3B0,
    0xFBB1, 0xF36F, 0xF34F, 0xFB6F, 0xF34F, 0xFBB1, 0xFBB0, 0xF3B0, 0xFBD1, 0xFBB0, 0xF3B0, 0xFBB0,
    0xF3B0, 0xFBB1, 0xFBB0, 0xF3B0, 0xFBB1, 0xFBB0, 0xF3B0, 0xFBB1, 0xF3B0, 0xFBB1, 0xFBB0, 0xF390,
    0xFBB1, 0xFBB0, 0xF390, 0xFBB1, 0xF3B0, 0xFBB1, 0xFBB1, 0xF390, 0xFBB1, 0xF3B0, 0xF3B0, 0xFBB1,
    0xF3B0, 0xFBB1, 0xFBB1, 0xF3B0, 0xFB90, 0xF34F, 0xF34F, 0xFB70, 0xF370, 0xFB70, 0xFB70, 0xF350,
    0xFB70, 0xFB70, 0xF370, 0xFB90, 0xFAEE, 0xFD16, 0xFD16, 0xFA2C, 0xFE39, 0xFC94, 0xF2CD, 0xFBD2,
    0xFC94, 0xFC53, 0xFB0F, 0xF3D1, 0xFBB1, 0xFB30, 0xF3B1, 0xFBB1, 0xF350, 0xFB71, 0xFB70, 0xF370,
    0xFB71, 0xFB70, 0xF370, 0xFB71, 0xF371, 0xFB91, 0xFB91, 0xF371, 0xFB91, 0xF371, 0xF371, 0xFB91,
    0xF371, 0xFB92, 0xFB91, 0xF371, 0xFB92, 0xF391, 0xF371, 0xFB92, 0xF391, 0xFB92, 0xFB92, 0xF391,
    0xFBB2, 0xFB92, 0xF392, 0xFB92, 0xF392, 0xFBB3, 0xFBB2, 0xF392, 0xFBB3, 0xFBB3, 0xF3B2, 0xFBB3,
    0xF3B3, 0xFBB3, 0xFBB3, 0xF3B3, 0xFBD4, 0xF3D3, 0xF3D3, 0xFBD4, 0xF3D4, 0xFBD4, 0xF3D4, 0xF3D4,
    0xFBF4, 0xF3D4, 0xF3D4, 0xFBF4, 0xF3D4, 0xFBF5, 0xFBF5, 0xF373, 0xFF3D, 0xFE3B, 0xF333, 0xCB51,
    0xF3B3, 0xF3B3, 0xEBB3, 0xEB92, 0xEBB3, 0xEB92, 0xE392, 0xEB93, 0xE392, 0xE393, 0xE392, 0xDB72,
    0xE392, 0xDB72, 0xD371, 0xDB72, 0xD351, 0xD372, 0xD351, 0xCB31, 0xCB51, 0xCB31, 0xC330, 0xC330,
    0xC330, 0xC331, 0xC310, 0xBB0F, 0xB350, 0xB371, 0xB371, 0xB370, 0xB391, 0xB391, 0xBBB2, 0xB3D1,
    0xB3D1, 0xB3F2, 0xB3F2, 0xAC11, 0xB432, 0xB432, 0xB453, 0xB472, 0xAC72, 0xAC93, 0xAC93, 0xA4B2,
    0xACD3, 0xA4D3, 0xA513, 0xA513, 0x9D13, 0x9D53, 0x9D33, 0x85B3, 0x9C31, 0xFB36, 0xFF5D, 0xFE7B,
    0xF354, 0xFC16, 0xF3F5, 0xF3F5, 0xF415, 0xF3F5, 0xFC16, 0xF3F5, 0xF3F5, 0xFBF5, 0xF3D4, 0xF3D4,
    0xFBF4, 0xF3D4, 0xFBF4, 0xFC15, 0xF414, 0xFC15, 0xF414, 0xF3F4, 0xFBF4, 0xF3F4, 0xFBF4, 0xFBF4,
    0xF3D4, 0xFBF4, 0xF3F4, 0xF3F3, 0xFBF4, 0xF3F4, 0xFBF4, 0xFBF4, 0xF3D3, 0xFBF4, 0xF3D3, 0xF3D3,
    0xFBD3, 0xF3D3, 0xFBD3, 0xFBD3, 0xF3B3, 0xFBD3, 0xF3B3, 0xF3B2, 0xFBD3, 0xF3B3, 0xFBD3, 0xFBD3,
    0xF3B2, 0xFBD3, 0xF3D3, 0xF391, 0xFB72, 0xF371, 0xFB92, 0xFBD2, 0xF3B2, 0xFBB2, 0xF3B2, 0xF3B2,
    0xFBB2, 0xF3B2, 0xFBB2, 0xFBB2, 0xF3B2, 0xFBB2, 0xFBB2, 0xF3B1, 0xFBB2, 0xF3B1, 0xFBB2, 0xFBB1,
    0xF391, 0xFBB2, 0xFBB1, 0xF3B1, 0xFBB2, 0xF3B1, 0xFBB2, 0xFBB1, 0xF391, 0xFBB2, 0xF3B1, 0xF391,
    0xFBB1, 0xF3B1, 0xFBB2, 0xFBB1, 0xF3B1, 0xFBD1, 0xFB90, 0xF34F, 0xFB70, 0xF370, 0xFBB1, 0xFBB1,
    0xF3B1, 0xFBD1, 0xFBB1, 0xF3B0, 0xFBB1, 0xF3B0, 0xFBB1, 0xFBB1, 0xF390, 0xFBB1, 0xFBB0, 0xF3B0,
    0xFBB0, 0xF3B0, 0xFBB1, 0xFBB0, 0xF3B0, 0xFBB1, 0xF3B0, 0xF390, 0xFBB0, 0xF3B0, 0xFBB1, 0xFBB0,
    0xF390, 0xFBB0, 0xFBB0, 0xF3B0, 0xFBB1, 0xF3B0, 0xFBB1, 0xFBB0, 0xF3B0, 0xFB90, 0xF34F, 0xF34F,
    0xFB6F, 0xF3B0, 0xFBB1, 0xFBB0, 0xF3B0, 0xFBB1, 0xF3B0, 0xF3B0, 0xFBB0, 0xF3B0, 0xFBB1, 0xFBB0,
    0xF3B0, 0xFBB1, 0xFBB0, 0xF390, 0xFBB1, 0xF3B0, 0xFBB1, 0xFBB0, 0xF3B0, 0xFBB1, 0xF3B0, 0xF390,
    0xFBB1, 0xF3B0, 0xFBB1, 0xFBB1, 0xF390, 0xFBB1, 0xFBB1, 0xF3B0, 0xFBB1, 0xF3B0, 0xFBB1, 0xFBB1,
    0xF390, 0xFB70, 0xFB70, 0xF34F, 0xFB70, 0xF370, 0xFB70, 0xFB70, 0xF34F, 0xFB70, 0xFB70, 0xF370,
    0xFAEF, 0xFC73, 0xFDD8, 0xFD56, 0xFC53, 0xFA8D, 0xFB70, 0xFCB5, 0xFD77, 0xFDF8, 0xFB70, 0xFDB8,
    0xF4B4, 0xFA4D, 0xFD36, 0xFD77, 0xFACF, 0xF370, 0xFB71, 0xFB70, 0xF370, 0xFB91, 0xFB71, 0xF370,
    0xFB71, 0xF371, 0xFB91, 0xFB91, 0xF371, 0xFB91, 0xF371, 0xF371, 0xFB91, 0xF391, 0xFB92, 0xFB91,
    0xF371, 0xFB92, 0xF391, 0xF371, 0xFB92, 0xF392, 0xFB92, 0xFB92, 0xF392, 0xFBB2, 0xFB92, 0xF392,
    0xFBB3, 0xF392, 0xFBB3, 0xFBB2, 0xF392, 0xFBB3, 0xFBB3, 0xF3B2, 0xFBB3, 0xF3B3, 0xFBD4, 0xFBD3,
    0xF3B3, 0xFBD4, 0xF3D4, 0xF3D3, 0xFBD4, 0xF3D4, 0xFBF4, 0xF3D4, 0xF3D4, 0xFBF4, 0xF3F4, 0xF3D4,
    0xFBF5, 0xF3F4, 0xFBF5, 0xFB74, 0xFF3D, 0xFE5B, 0xF334, 0xCB50, 0xFBB3, 0xEBB3, 0xF3B3, 0xEBB3,
    0xEB92, 0xEBB3, 0xEB92, 0xE392, 0xE393, 0xE392, 0xE393, 0xE392, 0xDB72, 0xDB92, 0xDB72, 0xD351,
    0xD371, 0xD351, 0xD351, 0xCB51, 0xCB30, 0xCB51, 0xC330, 0xC330, 0xC330, 0xC330, 0xC330, 0xBB10,
    0xB371, 0xB370, 0xB391, 0xB391, 0xB391, 0xB3B1, 0xB3B1, 0xBBD2, 0xB3D2, 0xB3D1, 0xB412, 0xB412,
    0xAC12, 0xB432, 0xAC52, 0xB473, 0xAC73, 0xAC72, 0xACB3, 0xACB3, 0xA4D2, 0xA4F3, 0xA4F3, 0xA513,
    0x9D33, 0x9D33, 0x9D53, 0x8DB3, 0x9C11, 0xFB36, 0xFF3D, 0xFE7C, 0xF354, 0xF3F5, 0xFC16, 0xF3F5,
    0xF3F5, 0xFC15, 0xF3F5, 0xFC15, 0xF415, 0xF3F4, 0xFBF5, 0xF3D4, 0xF3D4, 0xFBF4, 0xF3D4, 0xFC15,
    0xFC35, 0xF414, 0xFC15, 0xF3F4, 0xF3F4, 0xFBF4, 0xF3F4, 0xFBF4, 0xFBF4, 0xF3F4, 0xFBF4, 0xF3F4,
    0xF3F3, 0xFBF4, 0xF3D3, 0xFBF4, 0xFBF4, 0xF3D3, 0xFBF4, 0xF3D3, 0xF3D3, 0xFBD3, 0xF3D3, 0xFBD3,
    0xFBD3, 0xF3B3, 0xFBD3, 0xF3B3, 0xF3B2, 0xFBD3, 0xF3B3, 0xFBD3, 0xFBD3, 0xF3B2, 0xFBD3, 0xF392,
    0xF371, 0xFB72, 0xF392, 0xFBD3, 0xFBB2, 0xF3B2, 0xFBB2, 0xF3B2, 0xF3B2, 0xFBB2, 0xF3B2, 0xFBB2,
    0xFBB2, 0xF3B2, 0xFBB2, 0xF3B2, 0xF3B1, 0xFBB2, 0xF3B1, 0xFBB2, 0xFBB1, 0xF391, 0xFBB2, 0xFBB1,
    0xF391, 0xFBB2, 0xF3B1, 0xFBB2, 0xFBB1, 0xF391, 0xFBB1, 0xF3B1, 0xF391, 0xFBB1, 0xF3B1, 0xFBB2,
    0xFBB1, 0xF3B1, 0xFB91, 0xFB50, 0xF34F, 0xFB90, 0xF3B1, 0xFBD1, 0xFBB1, 0xF3B1, 0xFBD1, 0xFBB1,
    0xF3B0, 0xFBB1, 0xF3B0, 0xFBB1, 0xFBB1, 0xF390, 0xFBB1, 0xFBB0, 0xF3B0, 0xFBB1, 0xF3B0, 0xFBB1,
    0xFBB0, 0xF3B0, 0xFBB1, 0xF3B0, 0xF390, 0xFBB0, 0xF3B0, 0xFBB1, 0xFBB0, 0xF390, 0xFBB1, 0xFBB0,
    0xF3B0, 0xFBB1, 0xF3B0, 0xFBB1, 0xFBB0, 0xF390, 0xFB6F, 0xF34F, 0xF34F, 0xFBB0, 0xF3B0, 0xFBB1,
    0xFBB0, 0xF3B0, 0xFBB1, 0xF3B0, 0xF3B0, 0xFBB1, 0xF3B0, 0xFBB1, 0xFBB0, 0xF390, 0xFBB1, 0xF3B0,
    0xF390, 0xFBB1, 0xF3B0, 0xFBB1, 0xFBB0, 0xF3B0, 0xFBB1, 0xF3B0, 0xF390, 0xFBB1, 0xF3B0, 0xFBB1,
    0xFBB1, 0xF390, 0xFBB1, 0xFBB1, 0xF390, 0xFBB1, 0xF3B0, 0xFBB1, 0xFBB1, 0xF34F, 0xFB70, 0xFB70,
    0xF34F, 0xFB70, 0xF370, 0xFB70, 0xFB70, 0xF370, 0xFB70, 0xFB70, 0xF2EE, 0xFC74, 0xFE9B, 0xFD78,
    0xFB90, 0xF2AD, 0xFD77, 0xFE7A, 0xF473, 0xFE5A, 0xFD16, 0xFD16, 0xFCB5, 0xF1AB, 0xFCD5, 0xFD97,
    0xF2CE, 0xFB91, 0xF370, 0xFB71, 0xFB71, 0xF370, 0xFB91, 0xFB71, 0xF370, 0xFB91, 0xF371, 0xFB91,
    0xFB91, 0xF371, 0xFB92, 0xFB71, 0xF371, 0xFB92, 0xF391, 0xFB92, 0xFB91, 0xF371, 0xFB92, 0xF371,
    0xF371, 0xFB92, 0xF392, 0xFBB2, 0xFB92, 0xF392, 0xFBB3, 0xF392, 0xF392, 0xFBB3, 0xF3B2, 0xFBB3,
    0xFBB3, 0xF392, 0xFBB3, 0xFBB3, 0xF3B3, 0xFBD3, 0xF3D3, 0xFBD4, 0xFBD4, 0xF3D3, 0xFBF4, 0xF3D4,
    0xF3D3, 0xFBD4, 0xF3D4, 0xFBD4, 0xF3D4, 0xF3D4, 0xFBF5, 0xF3F4, 0xF3D4, 0xFBF5, 0xF3F4, 0xFB74,
    0xFF3D, 0xFE3B, 0xFB54, 0xCB51, 0xF3B2, 0xF3B3, 0xEBB3, 0xF3B3, 0xEBB3, 0xEB92, 0xEBB3, 0xE392,
    0xE392, 0xE392, 0xE392, 0xE392, 0xDB92, 0xDB71, 0xDB72, 0xD371, 0xD351, 0xD351, 0xCB51, 0xD351,
    0xCB51, 0xC330, 0xCB51, 0xC330, 0xC310, 0xC330, 0xBB10, 0xC330, 0xB371, 0xB371, 0xB370, 0xB391,
    0xB391, 0xB391, 0xB3B1, 0xB3B1, 0xBBF2, 0xB3F2, 0xB3F1, 0xB412, 0xB412, 0xAC32, 0xB452, 0xAC52,
    0xB493, 0xAC93, 0xAC92, 0xACD3, 0xA4D3, 0xA4D2, 0xA4F3, 0x9D13, 0xA534, 0x9D33, 0x9533, 0x8DD3,
    0x9C11, 0xFB36, 0xFF5D, 0xFE7B, 0xFB55, 0xF415, 0xF3F5, 0xFC16, 0xF3F5, 0xF3F5, 0xFC15, 0xF415,
    0xFC15, 0xF3F5, 0xF3D4, 0xFBF5, 0xF3D4, 0xF3D4, 0xFBD4, 0xF3F4, 0xFC35, 0xFC15, 0xF414, 0xFC15,
    0xF3F4, 0xF3F4, 0xFBF4, 0xF3F4, 0xFBF4, 0xFBF4, 0xF3F4, 0xFBF4, 0xF3F4, 0xF3F3, 0xFBF4, 0xF3D3,
    0xFBF4, 0xFBF4, 0xF3D3, 0xFBF4, 0xF3D3, 0xF3B3, 0xFBD3, 0xF3D3, 0xFBD3, 0xFBD3, 0xF3B3, 0xFBD3,
    0xF3B3, 0xF3B2, 0xFBD3, 0xF3B3, 0xFBD3, 0xFBD3, 0xF3D2, 0xFB92, 0xF372, 0xF371, 0xFB92, 0xF3B2,
    0xFBD3, 0xFBB2, 0xF3B2, 0xFBD2, 0xF3B2, 0xF3B2, 0xFBB2, 0xF3B2, 0xFBB2, 0xFBB2, 0xF3B1, 0xFBD2,
    0xF3B2, 0xF391, 0xFBB2, 0xF3B1, 0xFBB2, 0xFBB1, 0xF391, 0xFBB2, 0xF3B1, 0xF391, 0xFBB2, 0xF3B1,
    0xFBB2, 0xFBB1, 0xF391, 0xFBB1, 0xFBB1, 0xF391, 0xFBB1, 0xF3B1, 0xFBB2, 0xFBB1, 0xF370, 0xFB70,
    0xF350, 0xF370, 0xFBB1, 0xF3B1, 0xFBD1, 0xFBD1, 0xF3B0, 0xFBD1, 0xFBB0, 0xF3B0, 0xFBB1, 0xF3B0,
    0xFBB1, 0xFBB0, 0xF390, 0xFBB1, 0xF3B0, 0xF3B0, 0xFBB1, 0xF3B0, 0xFBB1, 0xFBB0, 0xF390, 0xFBB0,
    0xFBB0, 0xF390, 0xFBB0, 0xF3B0, 0xFBB1, 0xFBB0, 0xF390, 0xFBB1, 0xFBB0, 0xF3B0, 0xFBB1, 0xF3B0,
    0xFBB1, 0xFB90, 0xF34F, 0xFB6F, 0xF34F, 0xF390, 0xFBB1, 0xF3B0, 0xFBB1, 0xFBB0, 0xF3B0, 0xFBB1,
    0xF3B0, 0xF3B0, 0xFBB0, 0xF3B0, 0xFBB1, 0xFBB0, 0xF3B0, 0xFBB1, 0xF3B0, 0xF3B0, 0xFBB0, 0xF3B0,
    0xFBB1, 0xFBB0, 0xF390, 0xFBB1, 0xFBB0, 0xF390, 0xFBB1, 0xF3B0, 0xFBB1, 0xFBB1, 0xF3B0, 0xFBB1,
    0xF3B1, 0xF390, 0xFBB1, 0xF3B1, 0xFBB1, 0xFB50, 0xF34F, 0xFB70, 0xFB70, 0xF34F, 0xFB70, 0xF370,
    0xFB70, 0xFB70, 0xF370, 0xFB90, 0xFAEE, 0xF4D5, 0xFCB5, 0xFB30, 0xFE5A, 0xFAEE, 0xFD76, 0xFE7A,
    0xFC33, 0xF413, 0xFACF, 0xF370, 0xFDF9, 0xFBF2, 0xFD98, 0xFB71, 0xF350, 0xF370, 0xFB71, 0xF370,
    0xFB91, 0xFB71, 0xF370, 0xFB91, 0xFB91, 0xF371, 0xFB91, 0xF371, 0xFB92, 0xFB91, 0xF371, 0xFB92,
    0xFB91, 0xF371, 0xFB92, 0xF371, 0xFB92, 0xFB91, 0xF371, 0xFB92, 0xF392, 0xF391, 0xFB92, 0xF392,
    0xFBB2, 0xFB92, 0xF392, 0xFBB3, 0xFB92, 0xF392, 0xFBB3, 0xF3B2, 0xFBB3, 0xFBB3, 0xF3B3, 0xFBD3,
    0xF3B3, 0xF3B3, 0xFBD4, 0xF3D3, 0xFBD4, 0xFBD4, 0xF3D3, 0xFBF4, 0xF3D4, 0xF3D4, 0xFBD4, 0xF3D4,
    0xFBD4, 0xF3D4, 0xF3D4, 0xFBF5, 0xF3F4, 0xF3F4, 0xFBF5, 0xF373, 0xFF3D, 0xFE3B, 0xF334, 0xCB51,
    0xFBB3, 0xEBB2, 0xF3B3, 0xEBB2, 0xEBB3, 0xEBB3, 0xE392, 0xEBB3, 0xE392, 0xE392, 0xE392, 0xDB92,
    0xE392, 0xDB72, 0xD371, 0xDB72, 0xD371, 0xCB51, 0xD351, 0xCB51, 0xCB51, 0xCB51, 0xC330, 0xCB31,
    0xC330, 0xBB10, 0xC330, 0xBB10, 0xB370, 0xB371, 0xB371, 0xB371, 0xB3B1, 0xB391, 0xB3B1, 0xB3D2,
    0xB3D1, 0xB3F2, 0xB3F2, 0xB412, 0xB432, 0xB432, 0xAC32, 0xB473, 0xAC72, 0xB493, 0xACB3, 0xA4B2,
    0xACD3, 0xA4D3, 0x9CF3, 0xA513, 0x9D13, 0x9D54, 0x9D53, 0x8DB3, 0x9C32, 0xFB56, 0xF73D, 0xFE7C,
    0xF354, 0xFC16, 0xF415, 0xF3F5, 0xFC16, 0xF3F5, 0xF3F5, 0xFC15, 0xF3F5, 0xFC15, 0xF3F5, 0xF3D4,
    0xFBF5, 0xF3D4, 0xF3D4, 0xFBF4, 0xF415, 0xFC35, 0xFC15, 0xF3F4, 0xFBF4, 0xF3F4, 0xF3F4, 0xFBF4,
    0xF3F4, 0xFBF4, 0xFBF4, 0xF3F4, 0xFBF4, 0xF3F4, 0xF3D3, 0xFBF4, 0xF3D3, 0xFBF4, 0xFBF4, 0xF3D3,
    0xFBD4, 0xF3D3, 0xF3B3, 0xFBD3, 0xF3D3, 0xFBD3, 0xFBD3, 0xF3B3, 0xFBD3, 0xF3D3, 0xF3B2, 0xFBD3,
    0xF3D3, 0xFBD3, 0xFBD3, 0xF371, 0xFB92, 0xF371, 0xF371, 0xFBB3, 0xF3B2, 0xFBD3, 0xFBB2, 0xF3B2,
    0xFBB3, 0xFBB2, 0xF3B2, 0xFBB2, 0xF3B2, 0xFBB2, 0xFBB2, 0xF3B2, 0xFBB2, 0xFBB2, 0xF391, 0xFBB2,
    0xF3B1, 0xFBB2, 0xFBB1, 0xF391, 0xFBB2, 0xF3B1, 0xF391, 0xFBB1, 0xF3B1, 0xFBB2, 0xFBB1, 0xF391,
    0xFBB1, 0xFBB1, 0xF3B1, 0xFBB1, 0xF3B1, 0xFBD1, 0xFB70, 0xF350, 0xFB70, 0xFB70, 0xF3B0, 0xFBB1,
    0xF3B1, 0xFBD1, 0xFBB1, 0xF3B0, 0xFBB1, 0xF3B0, 0xF390, 0xFBB1, 0xF3B0, 0xFBB1, 0xFBB0, 0xF3B0,
    0xFBB1, 0xFBB0, 0xF3B0, 0xFBB0, 0xF3B0, 0xFBB1, 0xFBB0, 0xF390, 0xFBB0, 0xFBB0, 0xF390, 0xFBB0,
    0xF3B0, 0xFBB1, 0xFBB0, 0xF390, 0xFBB1, 0xFBB0, 0xF390, 0xFBB0, 0xF3B0, 0xFB70, 0xFB4F, 0xF34F,
    0xFB4F, 0xF390, 0xF3B0, 0xFBB1, 0xF3B0, 0xFBB1, 0xFBB0, 0xF3B0, 0xFBB1, 0xF3B0, 0xF3B0, 0xFBB0,
    0xF3B0, 0xFBB1, 0xFBB0, 0xF390, 0xFBB1, 0xFBB0, 0xF390, 0xFBB1, 0xF3B0, 0xFBB1, 0xFBB1, 0xF390,
    0xFBB1, 0xF3B0, 0xF390, 0xFBB1, 0xF3B0, 0xFBB1, 0xFBB1, 0xF390, 0xFBB1, 0xF3B1, 0xF3B0, 0xFBB1,
    0xF370, 0xFB70, 0xFB70, 0xF34F, 0xFB70, 0xFB70, 0xF34F, 0xFB70, 0xF370, 0xFB70, 0xFB70, 0xF370,
    0xFB0F, 0xFCD5, 0xF5D8, 0xFA4C, 0xFC73, 0xFD78, 0xFA8E, 0xFD36, 0xFDF9, 0xFE39, 0xF4F5, 0xFA2C,
    0xF32F, 0xFE9B, 0xFC12, 0xF2EE, 0xFB71, 0xF370, 0xF370, 0xFB71, 0xF370, 0xFB91, 0xFB71, 0xF370,
    0xFB91, 0xF371, 0xF370, 0xFB91, 0xF371, 0xFB92, 0xFB91, 0xF371, 0xFB92, 0xFB91, 0xF371, 0xFB91,
    0xF371, 0xFB92, 0xFB92, 0xF371, 0xFB92, 0xF392, 0xF391, 0xFB92, 0xF392, 0xFBB3, 0xFB92, 0xF392,
    0xFBB3, 0xF3B3, 0xF3B2, 0xFBB3, 0xF3B2, 0xFBB3, 0xFBB3, 0xF3B3, 0xFBD4, 0xF3B3, 0xF3B3, 0xFBD4,
    0xF3D3, 0xFBD4, 0xFBD4, 0xF3D3, 0xFBF4, 0xF3D4, 0xF3D4, 0xFBD4, 0xF3D4, 0xFBF5, 0xF3F4, 0xF3D4,
    0xFBF5, 0xF3F5, 0xF3D4, 0xFB74, 0xFF3D, 0xFE3B, 0xF354, 0xCB50, 0xFBB3, 0xEBB3, 0xEBB2, 0xEBB3,
    0xEBB2, 0xEBB3, 0xEBB3, 0xE392, 0xEBB3, 0xE392, 0xDB92, 0xE392, 0xDB72, 0xDB92, 0xDB72, 0xD371,
    0xD372, 0xD351, 0xCB51, 0xCB51, 0xCB51, 0xCB51, 0xCB31, 0xC330, 0xC331, 0xC330, 0xBB10, 0xC310,
    0xB371, 0xB370, 0xB391, 0xB391, 0xB391, 0xB3B1, 0xB3B1, 0xB3B1, 0xB3D2, 0xB3F1, 0xB412, 0xB412,
    0xB412, 0xB452, 0xB452, 0xAC52, 0xB473, 0xAC92, 0xACB3, 0xACB3, 0xA4D3, 0xA4F3, 0xA4F3, 0x9D13,
    0x9D33, 0x9D33, 0x9D54, 0x8DD3, 0x9C11, 0xFB57, 0xFF3D, 0xFE5B, 0xF354, 0xF415, 0xFC16, 0xF3F5,
    0xF3F5, 0xFC16, 0xF3F5, 0xF3F5, 0xFBF5, 0xF3F5, 0xFBF5, 0xF3F4, 0xF3D4, 0xFBF4, 0xF3D4, 0xF3D4,
    0xFC15, 0xF414, 0xFC15, 0xFC14, 0xF3F4, 0xFBF4, 0xF3F4, 0xF3F4, 0xFBF4, 0xF3F4, 0xFC14, 0xFBF4,
    0xF3F4, 0xFC14, 0xF3F4, 0xF3D3, 0xFBF4, 0xF3D3, 0xFBF4, 0xFBD3, 0xF3D3, 0xFBD3, 0xF3D3, 0xF3B3,
    0xFBD3, 0xF3D3, 0xFBD3, 0xFBD3, 0xF3B3, 0xFBD3, 0xF3B3, 0xF3B2, 0xFBD3, 0xF3D3, 0xFBB3, 0xFB72,
    0xF371, 0xFB72, 0xF371, 0xF391, 0xFBD3, 0xF3B2, 0xFBB3, 0xFBB2, 0xF3B2, 0xFBB3, 0xFBB2, 0xF3B2,
    0xFBB2, 0xF3B2, 0xFBB2, 0xFBB2, 0xF3B1, 0xFBB2, 0xF3B1, 0xF391, 0xFBB2, 0xF3B1, 0xFBB2, 0xFBB1,
    0xF391, 0xFBB2, 0xFBB1, 0xF391, 0xFBB1, 0xF3B1, 0xFBB2, 0xFBB1, 0xF391, 0xFBB1, 0xFBB1, 0xF3B1,
    0xFBD1, 0xF390, 0xFB70, 0xFB70, 0xF350, 0xFB70, 0xFB70, 0xF3B1, 0xFBD1, 0xF3B1, 0xFBD1, 0xFBB1,
    0xF3B0, 0xFBB1, 0xF3B0, 0xF390, 0xFBB1, 0xF3B0, 0xFBB1, 0xFBB0, 0xF390, 0xFBD1, 0xF3B0, 0xF390,
    0xFBB0, 0xF3B0, 0xFBB1, 0xFBB0, 0xF390, 0xFBB0, 0xF3B0, 0xF390, 0xFBB0, 0xF3B0, 0xFBB1, 0xFBB0,
    0xF3B0, 0xFBB1, 0xFBB0, 0xF3B0, 0xFB90, 0xF34F, 0xFB50, 0xFB4F, 0xF34F, 0xFB70, 0xFBB0, 0xF3B0,
    0xFBB1, 0xF3B0, 0xFBB1, 0xFBB0, 0xF3B0, 0xFBB1, 0xF3B0, 0xF3B0, 0xFBB1, 0xF3B0, 0xFBB1, 0xFBB0,
    0xF390, 0xFBB1, 0xF3B0, 0xF390, 0xFBB1, 0xF3B0, 0xFBB1, 0xFBB0, 0xF390, 0xFBB1, 0xF3B0, 0xF390,
    0xFBB1, 0xF3B0, 0xFBB1, 0xFBB1, 0xF390, 0xFBB1, 0xF3B1, 0xF390, 0xFB70, 0xF34F, 0xFB70, 0xFB70,
    0xF34F, 0xFB70, 0xFB70, 0xF34F, 0xFB70, 0xF370, 0xFB70, 0xFB70, 0xF350, 0xFB70, 0xFB70, 0xF370,
    0xFB50, 0xF350, 0xFB0F, 0xFB2F, 0xF30F, 0xFB71, 0xFB2F, 0xF515, 0xFEBB, 0xF370, 0xFB0F, 0xFB91,
    0xF370, 0xFB71, 0xF370, 0xF370, 0xFB71, 0xF370, 0xFB91, 0xFB71, 0xF371, 0xFB91, 0xFB71, 0xF371,
    0xFB71, 0xF371, 0xFB92, 0xFB91, 0xF371, 0xFB92, 0xF371, 0xF371, 0xFB92, 0xF371, 0xFB92, 0xFB92,
    0xF391, 0xFB92, 0xF392, 0xF391, 0xFB92, 0xF392, 0xFBB3, 0xFBB2, 0xF392, 0xFBB3, 0xF392, 0xF392,
    0xFBB3, 0xF3B3, 0xFBB3, 0xFBD3, 0xF3B3, 0xFBD4, 0xF3D3, 0xF3D3, 0xFBD4, 0xF3D3, 0xFBD4, 0xFBD4,
    0xF3D4, 0xFBF4, 0xF3D4, 0xF3D4, 0xFBF4, 0xF3D4, 0xFBF5, 0xF3F5, 0xF3F4, 0xFBF5, 0xF3F5, 0xF373,
    0xFF3D, 0xFE3A, 0xFB54, 0xCB51, 0xF3B3, 0xF3B3, 0xEBB3, 0xEB92, 0xEBB3, 0xEBB2, 0xEBB3, 0xEBB3,
    0xE392, 0xE3B3, 0xE392, 0xDB72, 0xDB92, 0xDB72, 0xDB72, 0xD372, 0xD351, 0xD372, 0xCB51, 0xCB51,
    0xCB51, 0xCB31, 0xCB51, 0xC330, 0xC330, 0xC330, 0xBB10, 0xBB0F, 0xB350, 0xB371, 0xB371, 0xBB91,
    0xB391, 0xB391, 0xB3D2, 0xB3B1, 0xB3D1, 0xB3F2, 0xB3F2, 0xB412, 0xB432, 0xAC32, 0xB453, 0xAC52,
    0xAC72, 0xAC93, 0xAC93, 0xACD3, 0xACD3, 0xA4D3, 0xA513, 0xA513, 0x9D13, 0x9D33, 0x9D33, 0x8DD3,
    0x9C31, 0xFB56, 0xFF5D, 0xFE7B, 0xF354, 0xF416, 0xF3F5, 0xFC16, 0xF415, 0xF3F5, 0xFC16, 0xF3F5,
    0xF3F5, 0xF3F5, 0xF3D4, 0xFBF5, 0xF3D4, 0xF3D4, 0xFBF5, 0xF3D4, 0xF3D4, 0xFC15, 0xF414, 0xFC15,
    0xFBF4, 0xF3F4, 0xFBF4, 0xF3F4, 0xF3F4, 0xFBF4, 0xF3F4, 0xFC15, 0xFBF4, 0xF3F4, 0xFBF4, 0xF3D4,
    0xF3D3, 0xFBF4, 0xF3D3, 0xFBF4, 0xFBD3, 0xF3B3, 0xFBD3, 0xF3D3, 0xF3B3, 0xFBD3, 0xF3D3, 0xFBD3,
    0xFBD3, 0xF3B3, 0xFBD3, 0xF3D3, 0xF3B2, 0xFBB2, 0xF372, 0xFB92, 0xFB72, 0xF371, 0xFB72, 0xF371,
    0xF391, 0xFBB3, 0xF3B2, 0xFBD3, 0xFBB2, 0xF3B2, 0xFBB2, 0xFBB2, 0xF3B2, 0xFBB2, 0xF3B2, 0xFBD2,
    0xFBB2, 0xF391, 0xFBB2, 0xF3B1, 0xF391, 0xFBB2, 0xF3B1, 0xFBB2, 0xFBB1, 0xF391, 0xFBB2, 0xFBB1,
    0xF391, 0xFBB1, 0xF3B1, 0xFBB2, 0xFBB1, 0xF391, 0xFBD2, 0xF3B1, 0xF390, 0xFB70, 0xF370, 0xFB70,
    0xFB70, 0xF350, 0xFB70, 0xF390, 0xF3B1, 0xFBD1, 0xF3B1, 0xFBD1, 0xFBB1, 0xF3B0, 0xFBB1, 0xF3B0,
    0xF390, 0xFBB1, 0xF3B0, 0xFBB1, 0xFBB0, 0xF3B0, 0xFBB1, 0xF3B0, 0xF390, 0xFBB0, 0xF3B0, 0xFBB1,
    0xFBB0, 0xF390, 0xFBB1, 0xF3B0, 0xF390, 0xFBB0, 0xF3B0, 0xFBB1, 0xFBB0, 0xF3B0, 0xFBB1, 0xFB90,
    0xF34F, 0xFB4F, 0xF34F, 0xFB50, 0xFB4F, 0xF34F, 0xFB70, 0xFBB0, 0xF3B0, 0xFBB0, 0xF3B0, 0xFBB1,
    0xFBB0, 0xF3B0, 0xFBB1, 0xFBB0, 0xF3B0, 0xFBB0, 0xF3B0, 0xFBB1, 0xFBB0, 0xF3B0, 0xFBB1, 0xFBB0,
    0xF3B0, 0xFBB1, 0xF3B0, 0xFBB1, 0xFBB0, 0xF390, 0xFBB1, 0xF3B0, 0xF390, 0xFBB1, 0xF3B0, 0xFBB1,
    0xFBB1, 0xF3B0, 0xFBB1, 0xFB70, 0xF34F, 0xFB70, 0xF34F, 0xFB70, 0xFB70, 0xF34F, 0xFB70, 0xF350,
    0xF34F, 0xFB70, 0xF370, 0xFB70, 0xFB70, 0xF350, 0xFB50, 0xFB50, 0xF34F, 0xFB70, 0xF370, 0xFB70,
    0xFB50, 0xF32F, 0xFB50, 0xFB90, 0xF3B1, 0xFB30, 0xF370, 0xFB71, 0xFB70, 0xF370, 0xFB91, 0xFB71,
    0xF370, 0xFB91, 0xF371, 0xFB91, 0xFB71, 0xF371, 0xFB91, 0xFB71, 0xF371, 0xFB91, 0xF371, 0xFB92,
    0xFB91, 0xF371, 0xFB92, 0xF371, 0xF371, 0xFB92, 0xF391, 0xFB92, 0xFB92, 0xF391, 0xFB92, 0xF392,
    0xF392, 0xFB92, 0xF392, 0xFBB3, 0xFBB3, 0xF392, 0xFBB3, 0xF393, 0xF392, 0xFBB3, 0xF3B3, 0xFBD4,
    0xFBD3, 0xF3B3, 0xFBD4, 0xF3D3, 0xF3D3, 0xFBD4, 0xF3D4, 0xFBF4, 0xFBF4, 0xF3D4, 0xFBF4, 0xF3D4,
    0xF3D4, 0xFBF5, 0xF3F4, 0xFBF5, 0xF3F5, 0xF3F4, 0xFBF5, 0xF374, 0xFF1D, 0xFE3B, 0xF354, 0xCB51,
    0xFBB3, 0xEBB3, 0xF3B3, 0xEBB3, 0xEB92, 0xEBB3, 0xE392, 0xEBB3, 0xE393, 0xE392, 0xE393, 0xDB92,
    0xDB72, 0xDB72, 0xD372, 0xDB72, 0xD371, 0xCB51, 0xD371, 0xCB51, 0xCB30, 0xCB51, 0xC330, 0xCB51,
    0xC330, 0xBB10, 0xC330, 0xBB10, 0xB371, 0xB370, 0xB391, 0xB391, 0xBBB2, 0xB3B1, 0xB3B1, 0xB3D2,
    0xB3D2, 0xB3D1, 0xB3F2, 0xB412, 0xB433, 0xB432, 0xAC52, 0xB473, 0xAC73, 0xAC92, 0xACB3, 0xACB3,
    0xACD3, 0xA4F3, 0xA4F3, 0xA513, 0x9D13, 0x9D33, 0x9D53, 0x8DB3, 0xA432, 0xFB57, 0xFF3D, 0xFE7C,
    0xF354, 0xF3F5, 0xF416, 0xF415, 0xFC16, 0xF415, 0xF3F5, 0xFC15, 0xF3F5, 0xF3F4, 0xF3F5, 0xF3D4,
    0xFBF5, 0xF3F4, 0xF3D4, 0xFBF4, 0xF3D4, 0xF3B3, 0xFBD4, 0xF3F4, 0xFBF4, 0xFBF4, 0xF3D4, 0xFBF4,
    0xF3D4, 0xF3D4, 0xFBF4, 0xF3F4, 0xFBF4, 0xFBF4, 0xF3D3, 0xFBD4, 0xF3D3, 0xF3D3, 0xFBD4, 0xF3D3,
    0xFBD4, 0xFBB3, 0xF3B3, 0xFBD3, 0xF3B3, 0xF3B2, 0xFBB3, 0xF3B3, 0xFBB3, 0xFBB3, 0xF3B2, 0xFBB3,
    0xFB72, 0xF371, 0xFB92, 0xF372, 0xFB92, 0xF372, 0xF371, 0xFB72, 0xF351, 0xF371, 0xFB92, 0xF3B2,
    0xFBB3, 0xFBB2, 0xF392, 0xFBB2, 0xF392, 0xF391, 0xFBB2, 0xF3B2, 0xFBB2, 0xFB91, 0xF391, 0xFBB2,
    0xFB91, 0xF391, 0xFB91, 0xF391, 0xFBB2, 0xFB91, 0xF391, 0xFBB1, 0xFB91, 0xF390, 0xFB91, 0xF391,
    0xFBB1, 0xFB91, 0xF391, 0xFB71, 0xFB50, 0xF350, 0xFB70, 0xF370, 0xFB70, 0xFB70, 0xF350, 0xFB70,
    0xFB70, 0xF390, 0xFBB1, 0xF3B0, 0xFBB1, 0xFBB0, 0xF390, 0xFBB1, 0xFB90, 0xF390, 0xFB90, 0xF390,
    0xFBB0, 0xFBB0, 0xF390, 0xFBB0, 0xF390, 0xF390, 0xFB90, 0xF390, 0xFBB0, 0xFB90, 0xF390, 0xFBB0,
    0xF390, 0xF38F, 0xFB90, 0xF390, 0xFBB1, 0xFB90, 0xF36F, 0xFB6F, 0xF34F, 0xF34F, 0xFB4F, 0xF34F,
    0xFB70, 0xFB4F, 0xF34F, 0xFB70, 0xF390, 0xF390, 0xFBB0, 0xF390, 0xFBB1, 0xFBB0, 0xF390, 0xFBB0,
    0xFB90, 0xF390, 0xFBB0, 0xF390, 0xFBB1, 0xFBB0, 0xF390, 0xFBB0, 0xFB90, 0xF390, 0xFB90, 0xF390,
    0xFBB1, 0xFB90, 0xF390, 0xFBB1, 0xF390, 0xF390, 0xFBB1, 0xF390, 0xFB91, 0xFB70, 0xF34F, 0xFB70,
    0xFB50, 0xF34F, 0xFB70, 0xF34F, 0xFB70, 0xFB70, 0xF350, 0xFB70, 0xFB50, 0xF34F, 0xFB70, 0xF370,
    0xFB70, 0xFB70, 0xF350, 0xFB70, 0xF370, 0xF350, 0xFB70, 0xF370, 0xFB71, 0xFB70, 0xF370, 0xFB50,
    0xF330, 0xF350, 0xFB70, 0xF370, 0xFB71, 0xFB71, 0xF370, 0xFB91, 0xF371, 0xF370, 0xFB71, 0xF371,
    0xFB91, 0xFB71, 0xF371, 0xFB91, 0xFB71, 0xF371, 0xFB91, 0xF371, 0xFB92, 0xFB91, 0xF371, 0xFB92,
    0xF391, 0xF371, 0xFB92, 0xF391, 0xFB92, 0xFB92, 0xF392, 0xFBB2, 0xF392, 0xF392, 0xFB92, 0xF392,
    0xFBB3, 0xFBB3, 0xF392, 0xFBB3, 0xF3B3, 0xF3B2, 0xFBB3, 0xF3B3, 0xFBD4, 0xFBD3, 0xF3D3, 0xFBD4,
    0xF3D4, 0xF3D3, 0xFBD4, 0xF3D4, 0xFBF4, 0xF3F4, 0xF3D4, 0xFBF5, 0xF3F4, 0xF3D4, 0xFBF5, 0xF3F4,
    0xFBF5, 0xF3F5, 0xF3F4, 0xFB94, 0xFF3D, 0xFE3A, 0xF354, 0xCB51, 0xFBB3, 0xF3B3, 0xEBB3, 0xF3B3,
    0xEBB3, 0xE392, 0xEBB3, 0xE392, 0xEBB3, 0xE392, 0xDB92, 0xE392, 0xDB72, 0xD371, 0xDB72, 0xD371,
    0xD372, 0xD371, 0xCB51, 0xD351, 0xCB51, 0xC330, 0xCB51, 0xC330, 0xC331, 0xC330, 0xBB10, 0xC330,
    0xB371, 0xB371, 0xB370, 0xB391, 0xB391, 0xBBB2, 0xB3B1, 0xB3B1, 0xB3F2, 0xB3F2, 0xB3F1, 0xB412,
    0xB412, 0xB453, 0xB452, 0xAC52, 0xB493, 0xAC93, 0xA492, 0xACB3, 0xA4D3, 0xACF3, 0xA4F3, 0x9D13,
    0xA533, 0x9D33, 0x9533, 0x8DD3, 0x9C31, 0xFB57, 0xFF3D, 0xFE7B, 0xFB75, 0xF416, 0xF3F5, 0xF415,
    0xF3F5, 0xFC16, 0xF3F5, 0xF3F5, 0xFC15, 0xF3F5, 0xF3D4, 0xFBF5, 0xF3D4, 0xFBF5, 0xF3F4, 0xF3D4,
    0xFBF4, 0xF3D4, 0xF3B3, 0xF3B4, 0xF3B3, 0xFBB4, 0xF3B3, 0xF393, 0xFBB4, 0xF3B3, 0xF3B3, 0xFBB3,
    0xF3B3, 0xFBB4, 0xF3B3, 0xF392, 0xF3B3, 0xF393, 0xF392, 0xF393, 0xF372, 0xFB93, 0xF372, 0xF372,
    0xFB93, 0xF372, 0xF372, 0xFB72, 0xF372, 0xFB93, 0xF372, 0xF372, 0xFB92, 0xF372, 0xF371, 0xFB92,
    0xF372, 0xFB92, 0xFB72, 0xF371, 0xFB72, 0xFB71, 0xF351, 0xFB71, 0xF371, 0xFB72, 0xFB71, 0xF351,
    0xFB71, 0xFB71, 0xF351, 0xFB71, 0xF371, 0xFB71, 0xFB51, 0xF350, 0xFB51, 0xFB50, 0xF350, 0xFB50,
    0xF350, 0xFB71, 0xFB50, 0xF350, 0xFB50, 0xF350, 0xF350, 0xFB50, 0xF350, 0xFB71, 0xFB50, 0xF350,
    0xFB70, 0xFB70, 0xF350, 0xFB70, 0xF370, 0xFB70, 0xFB70, 0xF370, 0xFB70, 0xF370, 0xF36F, 0xFB70,
    0xF36F, 0xFB70, 0xFB50, 0xF34F, 0xFB70, 0xFB4F, 0xF34F, 0xFB6F, 0xF34F, 0xFB70, 0xFB6F, 0xF34F,
    0xFB6F, 0xF34F, 0xF34F, 0xFB4F, 0xF34F, 0xFB6F, 0xFB4F, 0xF34F, 0xFB4F, 0xF34F, 0xF34F, 0xFB6F,
    0xF34F, 0xFB70, 0xFB4F, 0xF34F, 0xFB6F, 0xFB4F, 0xF34F, 0xFB4F, 0xF34F, 0xFB70, 0xFB6F, 0xF34F,
    0xFB70, 0xF34F, 0xF34F, 0xFB6F, 0xF36F, 0xFB70, 0xFB6F, 0xF34F, 0xFB6F, 0xFB4F, 0xF34F, 0xFB4F,
    0xF34F, 0xFB70, 0xFB4F, 0xF34F, 0xFB70, 0xFB4F, 0xF34F, 0xFB70, 0xF34F, 0xFB70, 0xFB4F, 0xF34F,
    0xFB70, 0xF34F, 0xF34F, 0xFB50, 0xF34F, 0xFB50, 0xFB70, 0xF34F, 0xFB70, 0xF350, 0xF34F, 0xFB50,
    0xF350, 0xFB70, 0xFB70, 0xF34F, 0xFB70, 0xF350, 0xF34F, 0xFB70, 0xF350, 0xFB70, 0xFB70, 0xF350,
    0xFB70, 0xF370, 0xF370, 0xFB70, 0xF370, 0xFB91, 0xFB70, 0xF370, 0xFB71, 0xF370, 0xF370, 0xFB71,
    0xF370, 0xFB71, 0xFB71, 0xF370, 0xFB71, 0xF371, 0xF370, 0xFB71, 0xF371, 0xFB91, 0xFB71, 0xF371,
    0xFB91, 0xF371, 0xF371, 0xFB91, 0xF371, 0xFB92, 0xFB91, 0xF371, 0xFB92, 0xF391, 0xF391, 0xFB92,
    0xF392, 0xFB92, 0xFB92, 0xF392, 0xFBB2, 0xFB92, 0xF392, 0xFB92, 0xF392, 0xFBB3, 0xFBB3, 0xF392,
    0xFBB3, 0xF3B3, 0xF3B2, 0xFBB3, 0xF3B3, 0xFBD4, 0xFBD3, 0xF3D3, 0xFBD4, 0xF3D4, 0xF3D3, 0xFBD4,
    0xF3D4, 0xFBF5, 0xF3F4, 0xF3D4, 0xFBF5, 0xF3F4, 0xF3F4, 0xFBF5, 0xF3F4, 0xFC15, 0xFBF5, 0xF374,
    0xFF3D, 0xFE3A, 0xF334, 0xCB71, 0xF3B3, 0xF3B3, 0xEBB3, 0xEBB3, 0xEBB3, 0xEBB3, 0xE392, 0xEBB3,
    0xE392, 0xE3B3, 0xE392, 0xDB72, 0xE392, 0xDB72, 0xD371, 0xDB72, 0xD371, 0xD372, 0xD351, 0xCB51,
    0xCB51, 0xCB51, 0xC330, 0xC331, 0xC330, 0xC331, 0xC330, 0xBB10, 0xB350, 0xB371, 0xB371, 0xB391,
    0xB391, 0xB3B1, 0xBBD2, 0xB3D2, 0xB3D1, 0xB3F2, 0xB3F2, 0xB412, 0xB432, 0xB432, 0xB453, 0xB473,
    0xAC72, 0xAC93, 0xAC93, 0xA4B2, 0xACD3, 0xA4D3, 0xA514, 0xA513, 0x9D13, 0x9D54, 0x9D33, 0x85B3,
    0x9C32, 0xFB37, 0xFF3D, 0xFE7B, 0xF354, 0xFC16, 0xF415, 0xF3F5, 0xF415, 0xF3F5, 0xFC16, 0xF3F5,
    0xF3F5, 0xFBF5, 0xF3F5, 0xF3D4, 0xFBD5, 0xF3D4, 0xFBF5, 0xFBF4, 0xF3D4, 0xFBF4, 0xF3D4, 0xF3B3,
    0xFBB4, 0xF3B3, 0xFBB4, 0xF3B3, 0xF393, 0xFBB4, 0xF3B3, 0xF3B3, 0xFBB3, 0xF3B3, 0xFBB3, 0xF393,
    0xF393, 0xFBB3, 0xF393, 0xF392, 0xFB93, 0xF372, 0xFB93, 0xF392, 0xF372, 0xFB93, 0xF372, 0xF372,
    0xFB72, 0xF372, 0xFB93, 0xFB92, 0xF372, 0xFB92, 0xF372, 0xF371, 0xFB72, 0xF372, 0xFB92, 0xFB72,
    0xF371, 0xFB72, 0xF371, 0xF351, 0xFB72, 0xF371, 0xFB72, 0xFB71, 0xF351, 0xFB71, 0xFB71, 0xF371,
    0xFB71, 0xF351, 0xFB51, 0xFB51, 0xF350, 0xFB51, 0xFB50, 0xF350, 0xFB50, 0xF350, 0xFB51, 0xFB50,
    0xF350, 0xFB50, 0xF350, 0xF350, 0xFB50, 0xF350, 0xFB71, 0xFB70, 0xF350, 0xFB70, 0xFB70, 0xF350,
    0xFB70, 0xF370, 0xFB70, 0xFB70, 0xF370, 0xFB70, 0xF370, 0xF34F, 0xFB70, 0xF34F, 0xFB70, 0xFB4F,
    0xF34F, 0xFB70, 0xFB4F, 0xF34F, 0xFB4F, 0xF34F, 0xFB70, 0xFB6F, 0xF34F, 0xFB6F, 0xFB4F, 0xF34F,
    0xFB4F, 0xF34F, 0xFB70, 0xFB4F, 0xF34F, 0xFB6F, 0xFB4F, 0xF34F, 0xFB6F, 0xF34F, 0xFB70, 0xFB4F,
    0xF34F, 0xFB4F, 0xFB4F, 0xF34F, 0xFB4F, 0xF34F, 0xFB70, 0xFB6F, 0xF34F, 0xFB70, 0xFB4F, 0xF34F,
    0xFB70, 0xF36F, 0xFB70, 0xFB6F, 0xF34F, 0xFB70, 0xFB4F, 0xF34F, 0xFB6F, 0xF34F, 0xFB70, 0xFB6F,
    0xF34F, 0xFB70, 0xFB4F, 0xF34F, 0xFB70, 0xF34F, 0xFB70, 0xFB50, 0xF34F, 0xFB70, 0xFB4F, 0xF34F,
    0xFB70, 0xF34F, 0xFB70, 0xFB70, 0xF34F, 0xFB70, 0xFB50, 0xF34F, 0xFB70, 0xF350, 0xFB70, 0xFB70,
    0xF34F, 0xFB70, 0xF350, 0xF34F, 0xFB70, 0xF370, 0xFB71, 0xFB70, 0xF350, 0xFB70, 0xF370, 0xF370,
    0xFB71, 0xF370, 0xFB71, 0xFB70, 0xF370, 0xFB71, 0xF370, 0xF370, 0xFB71, 0xF370, 0xFB91, 0xFB71,
    0xF370, 0xFB91, 0xF371, 0xF370, 0xFB71, 0xF371, 0xFB91, 0xFB71, 0xF371, 0xFB91, 0xF371, 0xF371,
    0xFB92, 0xF371, 0xFB92, 0xFB92, 0xF371, 0xFB92, 0xF392, 0xF391, 0xFB92, 0xF391, 0xFB92, 0xFB92,
    0xF392, 0xFBB2, 0xF392, 0xF392, 0xFB93, 0xF392, 0xFBB3, 0xFBB3, 0xF3B3, 0xFBB3, 0xF3B3, 0xF3B3,
    0xFBB3, 0xF3D3, 0xFBD4, 0xF3D4, 0xF3D3, 0xFBF4, 0xF3D4, 0xF3D3, 0xFBF4, 0xF3D4, 0xFBF5, 0xF3F4,
    0xF3D4, 0xFBF5, 0xF3F4, 0xF3F4, 0xFBF5, 0xF3F5, 0xFBF5, 0xF394, 0xFF1C, 0xFE3B, 0xF354, 0xCB50,
    0xFBB3, 0xEBB3, 0xF3B3, 0xEBB3, 0xEB92, 0xEBB3, 0xEBB3, 0xE392, 0xE3B3, 0xE392, 0xE393, 0xE392,
    0xDB72, 0xDB92, 0xDB72, 0xD371, 0xD372, 0xD351, 0xD372, 0xCB51, 0xCB51, 0xCB51, 0xC331, 0xC330,
    0xC331, 0xC330, 0xC331, 0xBB30, 0xB371, 0xB370, 0xB391, 0xB391, 0xB391, 0xB3B1, 0xB3B1, 0xBBD2,
    0xB3D2, 0xB3D1, 0xB412, 0xB412, 0xAC12, 0xB432, 0xAC52, 0xB473, 0xAC73, 0xAC92, 0xACB3, 0xACB3,
    0xA4D3, 0xA4F3, 0xA4F3, 0xA514, 0x9D33, 0x9D33, 0x9D54, 0x8DB3, 0x9C11, 0xFB57, 0xFF3D, 0xFE7C,
    0xF354, 0xF3F5, 0xFC16, 0xF415, 0xF3F5, 0xF415, 0xF3F5, 0xFC16, 0xF3F5, 0xF3F5, 0xFBF5, 0xF3D5,
    0xF3D4, 0xFBF5, 0xF3D4, 0xFBF5, 0xF3D4, 0xF3D4, 0xFBD4, 0xF3B3, 0xF3B3, 0xFBB4, 0xF3B3, 0xFBB4,
    0xFBB3, 0xF3B3, 0xFBD4, 0xF3B3, 0xF3B3, 0xFBB3, 0xF3B3, 0xFBB4, 0xFBB3, 0xF393, 0xFBB3, 0xF393,
    0xF392, 0xFB93, 0xF392, 0xFB93, 0xFB92, 0xF372, 0xFB93, 0xF372, 0xF372, 0xFB92, 0xF392, 0xFB93,
    0xFB92, 0xF372, 0xFB92, 0xF372, 0xF371, 0xFB92, 0xF372, 0xFB72, 0xFB72, 0xF351, 0xFB72, 0xF371,
    0xF351, 0xFB72, 0xF371, 0xFB72, 0xFB71, 0xF351, 0xFB71, 0xF371, 0xF350, 0xFB71, 0xF350, 0xFB71,
    0xFB51, 0xF350, 0xFB51, 0xF350, 0xF350, 0xFB50, 0xF350, 0xFB71, 0xFB50, 0xF350, 0xFB50, 0xFB50,
    0xF350, 0xFB50, 0xF350, 0xFB71, 0xFB70, 0xF350, 0xFB70, 0xFB70, 0xF350, 0xFB70, 0xF370, 0xFB70,
    0xFB70, 0xF350, 0xFB70, 0xF350, 0xF34F, 0xFB50, 0xF34F, 0xFB50, 0xFB4F, 0xF34F, 0xFB4F, 0xFB4F,
    0xF34F, 0xFB6F, 0xF34F, 0xFB70, 0xFB4F, 0xF34F, 0xFB6F, 0xFB4F, 0xF34F, 0xFB6F, 0xF34F, 0xFB70,
    0xFB6F, 0xF34F, 0xFB6F, 0xF34F, 0xF34F, 0xFB6F, 0xF34F, 0xFB70, 0xFB4F, 0xF34F, 0xFB6F, 0xFB4F,
    0xF34F, 0xFB4F, 0xF34F, 0xFB70, 0xFB6F, 0xF34F, 0xFB70, 0xFB4F, 0xF34F, 0xFB70, 0xF34F, 0xFB70,
    0xFB6F, 0xF34F, 0xFB70, 0xFB4F, 0xF34F, 0xFB6F, 0xF34F, 0xFB70, 0xFB70, 0xF34F, 0xFB70, 0xFB4F,
    0xF34F, 0xFB70, 0xF34F, 0xFB70, 0xFB70, 0xF34F, 0xFB70, 0xFB50, 0xF34F, 0xFB70, 0xF34F, 0xFB70,
    0xFB50, 0xF34F, 0xFB70, 0xFB70, 0xF34F, 0xFB70, 0xF350, 0xFB70, 0xFB70, 0xF350, 0xFB70, 0xF370,
    0xF350, 0xFB70, 0xF370, 0xFB71, 0xFB70, 0xF370, 0xFB71, 0xF370, 0xF370, 0xFB71, 0xF370, 0xFB71,
    0xFB70, 0xF370, 0xFB91, 0xFB71, 0xF370, 0xFB71, 0xF370, 0xFB91, 0xFB71, 0xF370, 0xFB91, 0xF371,
    0xF370, 0xFB71, 0xF371, 0xFB91, 0xFB71, 0xF371, 0xFB92, 0xF371, 0xF371, 0xFB92, 0xF371, 0xFB92,
    0xFB92, 0xF371, 0xFB92, 0xF392, 0xF371, 0xFB92, 0xF392, 0xFB92, 0xFB92, 0xF392, 0xFBB2, 0xF392,
    0xF392, 0xFBB3, 0xF3B2, 0xFBB3, 0xF3B3, 0xF3B3, 0xFBB3, 0xF3B3, 0xF3B3, 0xFBD3, 0xF3D3, 0xFBD4,
    0xF3D4, 0xF3D3, 0xFBF4, 0xF3D4, 0xF3D4, 0xFBF4, 0xF3F4, 0xFBF5, 0xF3F4, 0xF3F4, 0xFBF5, 0xF3F5,
    0xF3F4, 0xFBF5, 0xF3F5, 0xFB94, 0xFF3D, 0xFE3A, 0xFB75, 0xCB51, 0xF3B3, 0xF3B3, 0xEBB3, 0xF3B3,
    0xEBB3, 0xEB92, 0xEBB3, 0xE393, 0xE392, 0xE393, 0xE392, 0xE393, 0xDB92, 0xDB72, 0xDB92, 0xD372,
    0xD351, 0xD372, 0xCB51, 0xD372, 0xCB51, 0xC331, 0xCB51, 0xC330, 0xC330, 0xC330, 0xBB30, 0xC330,
    0xB371, 0xB371, 0xB371, 0xB391, 0xB391, 0xB391, 0xB3B2, 0xB3D1, 0xBBF2, 0xB3F2, 0xB3F2, 0xB412,
    0xB432, 0xAC32, 0xB453, 0xAC52, 0xB493, 0xAC93, 0xAC93, 0xACD3, 0xACD3, 0xA4D3, 0xA4F3, 0x9D13,
    0xA534, 0x9D33, 0x9D33, 0x8DD3, 0x9C32, 0xFB57, 0xFF3D, 0xFE5B, 0xFB75, 0xF416, 0xF3F5, 0xFC16,
    0xF415, 0xF3F5, 0xF415, 0xF3F5, 0xFC15, 0xF3F5, 0xF3D5, 0xFBF5, 0xF3F5, 0xF3D4, 0xFBF5, 0xF3D4,
    0xFBF5, 0xFBD4, 0xF3B3, 0xFBD4, 0xF3B3, 0xF3B3, 0xFBB3, 0xF3B3, 0xFBD4, 0xFBB3, 0xF3B3, 0xFBD4,
    0xF3B3, 0xF3B3, 0xFBB3, 0xF3B3, 0xFBB3, 0xFBB3, 0xF392, 0xFBB3, 0xFB92, 0xF392, 0xFB93, 0xF392,
    0xFB93, 0xFB92, 0xF372, 0xFB92, 0xFB92, 0xF372, 0xFB92, 0xF392, 0xFB92, 0xFB92, 0xF372, 0xFB92,
    0xF372, 0xF371, 0xFB92, 0xF371, 0xFB72, 0xFB71, 0xF371, 0xFB72, 0xFB71, 0xF371, 0xFB71, 0xF371,
    0xFB72, 0xFB71, 0xF371, 0xFB71, 0xFB71, 0xF370, 0xFB71, 0xF350, 0xFB71, 0xFB50, 0xF350, 0xFB71,
    0xFB70, 0xF350, 0xFB70, 0xF350, 0xFB71, 0xFB50, 0xF350, 0xFB70, 0xFB50, 0xF350, 0xFB70, 0xF370,
    0xFB71, 0xFB70, 0xF350, 0xFB70, 0xFB70, 0xF34F, 0xFB70, 0xF370, 0xFB70, 0xFB70, 0xF370, 0xFB70,
    0xF34F, 0xF34F, 0xFB50, 0xF34F, 0xFB50, 0xFB4F, 0xF34F, 0xFB6F, 0xFB4F, 0xF34F, 0xFB6F, 0xF34F,
    0xFB70, 0xFB6F, 0xF34F, 0xFB6F, 0xFB4F, 0xF34F, 0xFB6F, 0xF36F, 0xFB70, 0xFB6F, 0xF34F, 0xFB6F,
    0xFB6F, 0xF34F, 0xFB6F, 0xF34F, 0xFB70, 0xFB6F, 0xF34F, 0xFB6F, 0xFB4F, 0xF34F, 0xFB6F, 0xF34F,
    0xFB70, 0xFB6F, 0xF34F, 0xFB70, 0xFB6F, 0xF36F, 0xFB6F, 0xF36F, 0xFB70, 0xFB6F, 0xF34F, 0xFB70,
    0xFB4F, 0xF34F, 0xFB70, 0xF36F, 0xFB70, 0xFB6F, 0xF34F, 0xFB70, 0xFB4F, 0xF34F, 0xFB50, 0xF34F,
    0xFB70, 0xFB4F, 0xF34F, 0xFB70, 0xFB50, 0xF34F, 0xFB50, 0xF34F, 0xFB70, 0xFB70, 0xF34F, 0xFB70,
    0xF350, 0xF34F, 0xFB70, 0xF370, 0xFB70, 0xFB70, 0xF350, 0xFB70, 0xFB70, 0xF350, 0xFB70, 0xF370,
    0xFB71, 0xFB70, 0xF370, 0xFB71, 0xF370, 0xF370, 0xFB71, 0xF370, 0xFB71, 0xFB71, 0xF370, 0xFB91,
    0xF371, 0xF370, 0xFB71, 0xF371, 0xFB91, 0xFB91, 0xF371, 0xFB91, 0xF371, 0xF371, 0xFB71, 0xF371,
    0xFB91, 0xFB71, 0xF371, 0xFB92, 0xF391, 0xF371, 0xFB92, 0xF391, 0xFB92, 0xFB92, 0xF391, 0xFB92,
    0xF372, 0xF371, 0xFB92, 0xF392, 0xFB92, 0xF392, 0xF392, 0xFBB3, 0xF392, 0xF392, 0xFBB3, 0xF3B3,
    0xFBB3, 0xF3B3, 0xF3B3, 0xFBB3, 0xF3B3, 0xF3B3, 0xFBD4, 0xF3D3, 0xFBD4, 0xF3D4, 0xF3D4, 0xFBF4,
    0xF3D4, 0xF3D4, 0xFBF4, 0xF3F4, 0xFBF5, 0xF3F5, 0xF3F4, 0xFC15, 0xF3F5, 0xF3F4, 0xFBF5, 0xF374,
    0xFF3D, 0xFE5B, 0xF354, 0xCB51, 0xF3B3, 0xEBB3, 0xF3B3, 0xEBB3, 0xF3B3, 0xEBB3, 0xE392, 0xEBB3,
    0xE393, 0xE392, 0xE393, 0xDB92, 0xE393, 0xDB92, 0xD372, 0xDB72, 0xD372, 0xCB51, 0xD371, 0xCB51,
    0xCB51, 0xCB51, 0xC330, 0xCB51, 0xC330, 0xBB30, 0xC330, 0xBB10, 0xB371, 0xB391, 0xB391, 0xB391,
    0xB3B1, 0xB3B1, 0xB3B1, 0xB3D2, 0xB3D1, 0xBBF2, 0xB412, 0xB412, 0xB433, 0xB432, 0xAC52, 0xB473,
    0xAC73, 0xB493, 0xACB3, 0xACB3, 0xACD3, 0xA4D3, 0xA4F3, 0xA513, 0x9D13, 0xA554, 0x9D53, 0x8DB3,
    0xA432, 0xFB77, 0xF73D, 0xFE5C, 0xF354, 0xFC36, 0xF416, 0xF415, 0xFC16, 0xF415, 0xF3F5, 0xF415,
    0xF3F5, 0xFC16, 0xF3F5, 0xF3F5, 0xFBF5, 0xF3F4, 0xF3D4, 0xFBD4, 0xF3D4, 0xFBD4, 0xF3D4, 0xF3B3,
    0xFBD4, 0xF3B3, 0xF3B3, 0xFBB4, 0xF3B3, 0xFBD4, 0xFBD3, 0xF3B3, 0xFBD4, 0xF3B3, 0xF3B3, 0xFBB3,
    0xF3B3, 0xFBB3, 0xFBB3, 0xF392, 0xFBB3, 0xFB93, 0xF392, 0xFB93, 0xF392, 0xFB93, 0xFB92, 0xF372,
    0xFB93, 0xF392, 0xF372, 0xFB92, 0xF392, 0xFB93, 0xFB92, 0xF372, 0xFB92, 0xF372, 0xF371, 0xFB92,
    0xF371, 0xFB92, 0xFB72, 0xF371, 0xFB92, 0xFB71, 0xF371, 0xFB71, 0xF371, 0xFB72, 0xFB71, 0xF371,
    0xFB91, 0xFB71, 0xF350, 0xFB71, 0xF350, 0xFB71, 0xFB71, 0xF350, 0xFB71, 0xFB70, 0xF350, 0xFB71,
    0xF350, 0xFB71, 0xFB50, 0xF350, 0xFB70, 0xFB50, 0xF350, 0xFB70, 0xF370, 0xFB71, 0xFB70, 0xF350,
    0xFB70, 0xFB70, 0xF350, 0xFB70, 0xF370, 0xFB70, 0xFB70, 0xF36F, 0xFB70, 0xFB4F, 0xF34F, 0xFB70,
    0xF34F, 0xFB70, 0xFB4F, 0xF34F, 0xFB6F, 0xFB4F, 0xF34F, 0xFB6F, 0xF34F, 0xFB70, 0xFB6F, 0xF34F,
    0xFB70, 0xF36F, 0xF34F, 0xFB6F, 0xF36F, 0xFB70, 0xFB6F, 0xF34F, 0xFB70, 0xFB6F, 0xF34F, 0xFB6F,
    0xF36F, 0xFB70, 0xFB6F, 0xF34F, 0xFB70, 0xFB4F, 0xF34F, 0xFB70, 0xF36F, 0xFB70, 0xFB6F, 0xF36F,
    0xFB70, 0xFB6F, 0xF34F, 0xFB6F, 0xF36F, 0xFB70, 0xFB6F, 0xF36F, 0xFB70, 0xFB4F, 0xF34F, 0xFB70,
    0xF36F, 0xFB70, 0xFB70, 0xF34F, 0xFB70, 0xFB4F, 0xF34F, 0xFB70, 0xF34F, 0xFB70, 0xFB70, 0xF34F,
    0xFB70, 0xFB4F, 0xF34F, 0xFB70, 0xF34F, 0xFB70, 0xFB70, 0xF34F, 0xFB70, 0xFB70, 0xF34F, 0xFB70,
    0xF370, 0xFB70, 0xFB70, 0xF350, 0xFB70, 0xFB70, 0xF370, 0xFB70, 0xF370, 0xFB71, 0xFB70, 0xF370,
    0xFB91, 0xF370, 0xF370, 0xFB71, 0xF370, 0xFB91, 0xFB71, 0xF370, 0xFB91, 0xFB71, 0xF370, 0xFB91,
    0xF371, 0xFB91, 0xFB91, 0xF371, 0xFB91, 0xF371, 0xF371, 0xFB91, 0xF371, 0xFB92, 0xFB91, 0xF371,
    0xFB92, 0xF371, 0xF371, 0xFB92, 0xF392, 0xFBB2, 0xFB92, 0xF371, 0xFB92, 0xF392, 0xF391, 0xFB92,
    0xF392, 0xFBB3, 0xFBB2, 0xF392, 0xFBB3, 0xF3B3, 0xF392, 0xFBB3, 0xF3B3, 0xFBD3, 0xF3B3, 0xF3B3,
    0xFBD4, 0xF3B3, 0xF3B3, 0xFBD4, 0xF3D3, 0xFBD4, 0xF3F4, 0xF3D4, 0xFBF4, 0xF3D4, 0xF3D4, 0xFBF5,
    0xF3F4, 0xFBF5, 0xF3F5, 0xF3F4, 0xFC15, 0xF3F5, 0xF3F4, 0xFB94, 0xFF3D, 0xFE5B, 0xF374, 0xCB51,
    0xFBD3, 0xEBB3, 0xEBB3, 0xEBB3, 0xEBB3, 0xEBB3, 0xEBB3, 0xE392, 0xEBB3, 0xE392, 0xDB92, 0xE392,
    0xDB92, 0xDB92, 0xDB72, 0xD371, 0xD372, 0xD371, 0xCB51, 0xCB51, 0xCB51, 0xCB51, 0xC351, 0xC330,
    0xC351, 0xC330, 0xBB10, 0xC330, 0xB371, 0xB371, 0xBB91, 0xB391, 0xB391, 0xBBB2, 0xB3B1, 0xB3B1,
    0xB3D2, 0xB3F2, 0xBC12, 0xB412, 0xB412, 0xB453, 0xB452, 0xAC52, 0xB473, 0xAC93, 0xACB3, 0xACB3,
    0xA4D3, 0xACF3, 0xA4F3, 0x9D13, 0xA533, 0x9D33, 0x9D54, 0x8DB3, 0x9C31, 0xFB97, 0xFF5D, 0xF65B,
    0xF375, 0xF416, 0xFC36, 0xF416, 0xF415, 0xFC16, 0xF415, 0xF3F5, 0xF415, 0xF3F5, 0xFC15, 0xF3F5,
    0xF3F4, 0xFBF5, 0xF3D4, 0xF3D4, 0xFBD4, 0xF3D4, 0xFBF4, 0xFC14, 0xF3F4, 0xFC14, 0xF3F4, 0xF3F4,
    0xFC14, 0xF414, 0xFC14, 0xFC14, 0xF3F4, 0xFC14, 0xF3F4, 0xF3F3, 0xFBF4, 0xF3F3, 0xFBF4, 0xFBF3,
    0xF3D3, 0xFBF4, 0xF3D3, 0xF3D3, 0xFBD3, 0xF3D3, 0xFBF3, 0xFBD3, 0xF3D3, 0xFBD3, 0xF3D3, 0xF3D3,
    0xFBD3, 0xF3D3, 0xFBD3, 0xFBD3, 0xF3D2, 0xFBD3, 0xF3D2, 0xF3B2, 0xFBD3, 0xF3B2, 0xFBD3, 0xFBD2,
    0xF3B2, 0xFBD2, 0xF3B2, 0xF3B2, 0xFBB2, 0xF3B2, 0xFBB2, 0xFBB2, 0xF3B1, 0xFBB2, 0xF3B1, 0xF391,
    0xFBB1, 0xF391, 0xFBB2, 0xFBB1, 0xF3B1, 0xFBB2, 0xF3B1, 0xF391, 0xFBB1, 0xF391, 0xFBB1, 0xFBB1,
    0xF391, 0xFBB1, 0xF3B1, 0xF391, 0xFBB1, 0xF3B1, 0xFBB1, 0xFBB1, 0xF3B1, 0xFBB1, 0xF3B1, 0xF3B1,
    0xFBB1, 0xF3B1, 0xFBD1, 0xFBB1, 0xF390, 0xFBB1, 0xF390, 0xF390, 0xFBB0, 0xF390, 0xFBB1, 0xFBB0,
    0xF390, 0xFBB0, 0xF390, 0xF390, 0xFBB0, 0xF390, 0xFBB1, 0xFBB0, 0xF390, 0xFBB0, 0xF3B0, 0xF3B0,
    0xFBB0, 0xF3B0, 0xFBB1, 0xFBB0, 0xF390, 0xFBB1, 0xF3B0, 0xF390, 0xFBB0, 0xF390, 0xFBB1, 0xFBB0,
    0xF390, 0xFBB1, 0xF390, 0xF390, 0xFBB0, 0xF3B0, 0xFBB1, 0xFBB0, 0xF3B0, 0xFBB1, 0xF3B0, 0xF390,
    0xFBB0, 0xF3B0, 0xFBB1, 0xFBB0, 0xF390, 0xFBB1, 0xFBB0, 0xF390, 0xFBB1, 0xF3B0, 0xFBB1, 0xFBB0,
    0xF390, 0xFBB1, 0xFB90, 0xF390, 0xFBB1, 0xF390, 0xFBB1, 0xFBB1, 0xF390, 0xFB91, 0xFB50, 0xF34F,
    0xFB50, 0xF350, 0xFB70, 0xFB70, 0xF350, 0xFB70, 0xF370, 0xF350, 0xFB70, 0xF370, 0xFB71, 0xFB70,
    0xF370, 0xFB91, 0xFB70, 0xF370, 0xFB71, 0xF370, 0xFB91, 0xFB70, 0xF370, 0xFB71, 0xF370, 0xF370,
    0xFB71, 0xF350, 0xFB91, 0xFB71, 0xF371, 0xFB91, 0xFB71, 0xF371, 0xFB71, 0xF371, 0xFB91, 0xFB91,
    0xF371, 0xFB92, 0xF371, 0xF371, 0xFB91, 0xF371, 0xFB92, 0xFB91, 0xF371, 0xFB92, 0xF392, 0xF371,
    0xFB92, 0xF392, 0xFBB2, 0xF392, 0xF392, 0xFB92, 0xF392, 0xF392, 0xFB92, 0xF392, 0xFBB3, 0xF3B3,
    0xF392, 0xFBB3, 0xF3B3, 0xF3B2, 0xFBB3, 0xF3B3, 0xFBB3, 0xF3B3, 0xF3B3, 0xFBD4, 0xF3D3, 0xF3B3,
    0xFBD4, 0xF3D4, 0xFBF4, 0xFBF4, 0xF3D4, 0xFBF5, 0xF3F4, 0xF3F4, 0xFBF5, 0xF3F4, 0xFC15, 0xF3F5,
    0xF3F4, 0xFC15, 0xF3F5, 0xF374, 0xFF3D, 0xFE5A, 0xFB75, 0xCB71, 0xF3B3, 0xF3D3, 0xEBB3, 0xEBB3,
    0xEBB3, 0xEBB3, 0xEBB3, 0xEBB3, 0xE392, 0xE3B3, 0xE392, 0xDB92, 0xDB92, 0xDB72, 0xDB92, 0xD372,
    0xD371, 0xD372, 0xCB51, 0xCB51, 0xCB51, 0xC351, 0xCB51, 0xC351, 0xC330, 0xC331, 0xBB30, 0xBB10,
    0xB370, 0xB371, 0xB371, 0xBB92, 0xB3B1, 0xB391, 0xBBD2, 0xB3D2, 0xB3D1, 0xB3F2, 0xB3F2, 0xBC13,
    0xB432, 0xB432, 0xB453, 0xB453, 0xAC72, 0xAC93, 0xAC93, 0xACD3, 0xACD3, 0xA4D3, 0xA514, 0xA513,
    0x9D13, 0x9D34, 0x9D33, 0x95D4, 0xA432, 0xFB77, 0xFF5D, 0xFE5B, 0xF354, 0xF436, 0xF416, 0xFC16,
    0xF416, 0xF3F5, 0xFC16, 0xF415, 0xF3F5, 0xF3F5, 0xF3F5, 0xFBF5, 0xF3F5, 0xF3D4, 0xFBF5, 0xF3D4,
    0xF3D4, 0xFC15, 0xF414, 0xFC15, 0xFC14, 0xF3F4, 0xFC14, 0xF414, 0xF3F4, 0xFC14, 0xF414, 0xFC15,
    0xFC14, 0xF3F4, 0xFC14, 0xF3F4, 0xF3F3, 0xFBF4, 0xF3F3, 0xFBF4, 0xFBF4, 0xF3D3, 0xFBF4, 0xF3D3,
    0xF3D3, 0xFBF3, 0xF3D3, 0xFBF3, 0xFBD3, 0xF3D3, 0xFBF3, 0xF3D3, 0xF3D3, 0xFBD3, 0xF3D3, 0xFBF3,
    0xFBD3, 0xF3D2, 0xFBD3, 0xF3D2, 0xF3B2, 0xFBD3, 0xF3D2, 0xFBD3, 0xFBD2, 0xF3B2, 0xFBD3, 0xF3D2,
    0xF3B2, 0xFBD2, 0xF3B2, 0xFBD2, 0xFBD2, 0xF3B1, 0xFBD2, 0xF3B1, 0xF391, 0xFBB2, 0xF3B1, 0xFBD2,
    0xFBB1, 0xF3B1, 0xFBB2, 0xF3B1, 0xF391, 0xFBB1, 0xF3B1, 0xFBB2, 0xFBB1, 0xF391, 0xFBB2, 0xF3B1,
    0xF3B1, 0xFBB1, 0xF3B1, 0xFBB1, 0xFBB1, 0xF3B1, 0xFBD1, 0xFBB1, 0xF3B1, 0xFBB1, 0xF3B1, 0xFBD1,
    0xFBB1, 0xF3B0, 0xFBB1, 0xFBB0, 0xF390, 0xFBB1, 0xF3B0, 0xFBB1, 0xFBB0, 0xF390, 0xFBB1, 0xF3B0,
    0xF390, 0xFBB0, 0xF3B0, 0xFBB1, 0xFBB0, 0xF3B0, 0xFBD1, 0xF3B0, 0xF3B0, 0xFBB0, 0xF3B0, 0xFBB1,
    0xFBB0, 0xF3B0, 0xFBB1, 0xF3B0, 0xF3B0, 0xFBB1, 0xF3B0, 0xFBB1, 0xFBB0, 0xF390, 0xFBB1, 0xF3B0,
    0xF3B0, 0xFBB1, 0xF3B0, 0xFBD1, 0xFBB0, 0xF3B0, 0xFBB1, 0xF3B0, 0xF3B0, 0xFBB1, 0xF3B0, 0xFBB1,
    0xFBB1, 0xF390, 0xFBB1, 0xFBB0, 0xF3B0, 0xFBB1, 0xF3B0, 0xFBB1, 0xFBB1, 0xF390, 0xFBB1, 0xFBB0,
    0xF3B0, 0xFBB1, 0xF3B0, 0xFBB1, 0xFBB1, 0xF3B0, 0xFBB1, 0xF370, 0xF34F, 0xFB70, 0xF350, 0xFB70,
    0xFB70, 0xF350, 0xFB70, 0xF370, 0xF34F, 0xFB70, 0xF370, 0xFB71, 0xFB70, 0xF32F, 0xFB50, 0xFB70,
    0xF34F, 0xFB30, 0xF370, 0xFB91, 0xFB91, 0xF370, 0xFB71, 0xFB71, 0xF370, 0xFBD2, 0xFB71, 0xFB91,
    0xFB91, 0xF371, 0xFB91, 0xFB91, 0xF371, 0xFB91, 0xF391, 0xFB92, 0xFB91, 0xF371, 0xFB92, 0xF371,
    0xF371, 0xFB92, 0xF371, 0xFB92, 0xFB92, 0xF371, 0xFB92, 0xFB92, 0xF391, 0xFB92, 0xF392, 0xFBB2,
    0xF392, 0xF392, 0xFBB2, 0xF392, 0xF392, 0xFBB2, 0xF392, 0xFBB3, 0xF3B3, 0xF3B2, 0xFBB3, 0xF3B3,
    0xF3B2, 0xFBB3, 0xF3B3, 0xFBD3, 0xF3B3, 0xF3B3, 0xFBD4, 0xF3D4, 0xF3D3, 0xFBD4, 0xF3D4, 0xFBF5,
    0xF3F4, 0xF3D4, 0xFBF5, 0xF3F4, 0xF3F4, 0xF3F5, 0xF3F4, 0xFC15, 0xF3F5, 0xF3F5, 0xFBF5, 0xF374,
    0xFF3D, 0xFE3B, 0xF354, 0xCB51, 0xFBB3, 0xEBB3, 0xF3D3, 0xEBB3, 0xEBB3, 0xEBB3, 0xE3B3, 0xEBB3,
    0xE3B3, 0xE392, 0xE3B3, 0xDB92, 0xDB92, 0xDB92, 0xD372, 0xDB92, 0xD372, 0xCB51, 0xD372, 0xCB51,
    0xCB51, 0xCB51, 0xC351, 0xCB51, 0xC331, 0xBB30, 0xC331, 0xBB30, 0xB371, 0xB370, 0xB391, 0xB391,
    0xBBB2, 0xB3B1, 0xB3B1, 0xBBD2, 0xB3D2, 0xB3F1, 0xB412, 0xB412, 0xB433, 0xB432, 0xAC52, 0xB473,
    0xAC73, 0xAC92, 0xACB3, 0xACB3, 0xACD4, 0xA4F3, 0xA4F3, 0xA514, 0xA513, 0x9D33, 0x9D34, 0x8DB3,
    0xA432, 0xFB77, 0xFF3D, 0xFE7C, 0xF375, 0xF416, 0xF436, 0xF415, 0xFC16, 0xF416, 0xF415, 0xFC16,
    0xF3F5, 0xF3F5, 0xF3F5, 0xF3F5, 0xFBF5, 0xF3F5, 0xF3D4, 0xFBF5, 0xF415, 0xF414, 0xFC15, 0xF414,
    0xFC15, 0xFC14, 0xF3F4, 0xFC15, 0xF414, 0xF414, 0xFC14, 0xF414, 0xFC15, 0xFC14, 0xF3F4, 0xFC14,
    0xF3F4, 0xF3F3, 0xFBF4, 0xF3F3, 0xFBF4, 0xFBF4, 0xF3D3, 0xFBF4, 0xF3D3, 0xF3D3, 0xFBF3, 0xF3D3,
    0xFBF4, 0xFBD3, 0xF3D3, 0xFBF3, 0xF3D3, 0xF3D3, 0xFBD3, 0xF3D3, 0xFBF3, 0xFBD3, 0xF3D2, 0xFBD3,
    0xF3D3, 0xF3B2, 0xFBD3, 0xF3D2, 0xFBD3, 0xFBD2, 0xF3B2, 0xFBD2, 0xF3B2, 0xF3B2, 0xFBB2, 0xF3B2,
    0xFBD2, 0xFBB2, 0xF3B1, 0xFBB2, 0xF3B1, 0xF391, 0xFBB2, 0xF3B1, 0xFBD2, 0xFBB1, 0xF3B1, 0xFBB2,
    0xF3B1, 0xF391, 0xFBB1, 0xF3B1, 0xFBB2, 0xFBB1, 0xF3B1, 0xFBB2, 0xF3B1, 0xF3B1, 0xFBB1, 0xF3B1,
    0xFBD2, 0xFBB1, 0xF3B1, 0xFBD1, 0xFBB1, 0xF3B1, 0xFBD1, 0xF3B1, 0xFBB1, 0xFBB1, 0xF390, 0xFBB1,
    0xFBB0, 0xF390, 0xFBB1, 0xF3B0, 0xFBB1, 0xFBB0, 0xF390, 0xFBB1, 0xF3B0, 0xF390, 0xFBB0, 0xF3B0,
    0xFBB1, 0xFBB0, 0xF3B0, 0xFBD1, 0xF3B0, 0xF3B0, 0xFBB1, 0xF3B0, 0xFBB1, 0xFBB0, 0xF3B0, 0xFBB1,
    0xF3B0, 0xF390, 0xFBB1, 0xF3B0, 0xFBB1, 0xFBB0, 0xF390, 0xFBB1, 0xF3B0, 0xF3B0, 0xFBB1, 0xF3B0,
    0xFBB1, 0xFBB0, 0xF3B0, 0xFBB1, 0xF3B0, 0xF3B0, 0xFBB1, 0xF3B0, 0xFBB1, 0xFBB1, 0xF3B0, 0xFBB1,
    0xFBB1, 0xF3B0, 0xFBB1, 0xF3B0, 0xFBB1, 0xFBB1, 0xF390, 0xFBB1, 0xF3B1, 0xF390, 0xFBB1, 0xF3B0,
    0xFBB1, 0xFBB1, 0xF3B0, 0xFBB1, 0xF350, 0xF34F, 0xFB70, 0xF370, 0xFB70, 0xFB70, 0xF350, 0xFB70,
    0xF370, 0xF350, 0xFB70, 0xF370, 0xFB30, 0xFC32, 0xF473, 0xFB0F, 0xFC12, 0xF4B4, 0xFB30, 0xF350,
    0xFB0F, 0xFB2F, 0xF370, 0xFB10, 0xFB2F, 0xFE19, 0xFB51, 0xF371, 0xFB91, 0xFB30, 0xF2EF, 0xFB10,
    0xFB50, 0xF371, 0xFB10, 0xF2EF, 0xFB71, 0xFB92, 0xF371, 0xFB92, 0xF391, 0xF371, 0xFB92, 0xF391,
    0xFB92, 0xFB92, 0xF391, 0xFBB2, 0xF392, 0xF391, 0xFBB2, 0xF392, 0xFBB2, 0xF392, 0xF392, 0xFBB3,
    0xF392, 0xF392, 0xFBB3, 0xF3B2, 0xFBB3, 0xFBB3, 0xF3B3, 0xFBD3, 0xF3B3, 0xF3B3, 0xFBB3, 0xF3B3,
    0xFBD4, 0xF3D4, 0xF3B3, 0xFBD4, 0xF3D4, 0xF3D4, 0xFBF4, 0xF3F4, 0xFBF5, 0xF3F4, 0xF3D4, 0xFBF5,
    0xF3F5, 0xF3F4, 0xFBF5, 0xF3F5, 0xFC15, 0xF415, 0xF3F5, 0xFB94, 0xFF3D, 0xFE3A, 0xF375, 0xCB51,
    0xFBD4, 0xF3B3, 0xEBB3, 0xF3D3, 0xEBB3, 0xE3B3, 0xEBB3, 0xE3B3, 0xEBB3, 0xE3B3, 0xDB92, 0xE3B3,
    0xDB92, 0xD372, 0xDB92, 0xD372, 0xD372, 0xD372, 0xCB51, 0xD372, 0xCB51, 0xC351, 0xCB51, 0xC331,
    0xC351, 0xC330, 0xBB10, 0xC330, 0xB371, 0xB371, 0xB371, 0xB391, 0xB391, 0xBBB2, 0xB3B2, 0xB3B1,
    0xBBF2, 0xB3F2, 0xB3F2, 0xB412, 0xB432, 0xB453, 0xB453, 0xAC52, 0xB493, 0xAC93, 0xAC93, 0xACB3,
    0xACD3, 0xACF4, 0xA4F3, 0xA4F3, 0xA534, 0x9D33, 0x9D33, 0x95B3, 0x9C31, 0xFB77, 0xFF5D, 0xFE5B,
    0xF375, 0xF416, 0xF415, 0xF416, 0xF415, 0xFC16, 0xF416, 0xF3F5, 0xFC16, 0xF3F5, 0xF3F5, 0xF3F5,
    0xF3F5, 0xFBF5, 0xF3F4, 0xF3F4, 0xFC35, 0xF415, 0xF414, 0xFC15, 0xF414, 0xFC15, 0xFC14, 0xF414,
    0xFC15, 0xF414, 0xF414, 0xFC14, 0xF414, 0xFC15, 0xFC14, 0xF3F4, 0xFC14, 0xF3F4, 0xF3F3, 0xFBF4,
    0xF3F3, 0xFBF4, 0xFBF3, 0xF3D3, 0xFBF4, 0xF3D3, 0xF3D3, 0xFBF3, 0xF3D3, 0xFBF4, 0xFBD3, 0xF3D3,
    0xFBF3, 0xF3D3, 0xF3D3, 0xFBD3, 0xF3D3, 0xFBD3, 0xFBD3, 0xF3B2, 0xFBD3, 0xF3D3, 0xF3B2, 0xFBD3,
    0xF3D2, 0xFBD3, 0xFBD2, 0xF3B2, 0xFBD3, 0xF3B2, 0xF3B2, 0xFBD2, 0xF3B2, 0xFBD2, 0xFBB2, 0xF391,
    0xFBB2, 0xF3B1, 0xF3B1, 0xFBB2, 0xF3B1, 0xFBD2, 0xFBB1, 0xF3B1, 0xFBB2, 0xF3B1, 0xF391, 0xFBB1,
    0xF3B1, 0xFBB2, 0xFBB1, 0xF3B1, 0xFBB2, 0xF3B1, 0xF3B1, 0xFBB1, 0xF3B1, 0xFBD2, 0xFBB1, 0xF3B1,
    0xFBD1, 0xFBB1, 0xF3B1, 0xFBB1, 0xF3B1, 0xFBB1, 0xFBB1, 0xF390, 0xFBB1, 0xFBB0, 0xF390, 0xFBB0,
    0xF3B0, 0xFBB1, 0xFBB0, 0xF390, 0xFBB1, 0xF3B0, 0xF390, 0xFBB1, 0xF3B0, 0xFBB1, 0xFBB0, 0xF3B0,
    0xFBB1, 0xF3B0, 0xF3B0, 0xFBB1, 0xF3B0, 0xFBB1, 0xFBB1, 0xF3B0, 0xFBB1, 0xF3B0, 0xF390, 0xFBB1,
    0xF3B0, 0xFBB1, 0xFBB0, 0xF390, 0xFBB1, 0xFBB0, 0xF390, 0xFBB1, 0xF3B0, 0xFBB1, 0xFBB0, 0xF390,
    0xFBB1, 0xF3B0, 0xF3B0, 0xFBB1, 0xF3B0, 0xFBB1, 0xFBB1, 0xF3B0, 0xFBD1, 0xFBB0, 0xF390, 0xFBB1,
    0xF3B0, 0xFBB1, 0xFBB1, 0xF3B0, 0xFBB1, 0xF3B1, 0xF390, 0xFBB1, 0xF3B1, 0xFBB1, 0xFBB1, 0xF3B1,
    0xFB91, 0xF350, 0xF34F, 0xFB70, 0xF370, 0xFB70, 0xFB70, 0xF350, 0xFB70, 0xF370, 0xF370, 0xFB90,
    0xF30E, 0xFCB5, 0xFF9E, 0xF32F, 0xFC74, 0xFEFC, 0xF28D, 0xFBD2, 0xFC74, 0xFC33, 0xFAEF, 0xF432,
    0xFCF5, 0xFBB1, 0xF30F, 0xFB71, 0xF2CF, 0xFC34, 0xFCB5, 0xFCF5, 0xFBF3, 0xFAEF, 0xF474, 0xFCB5,
    0xFB91, 0xFB31, 0xFB91, 0xF371, 0xFB92, 0xF391, 0xF391, 0xFB92, 0xF391, 0xFB92, 0xFB92, 0xF391,
    0xFBB2, 0xF392, 0xF392, 0xFBB2, 0xF3B2, 0xFBB3, 0xF3B2, 0xF392, 0xFBB3, 0xF392, 0xF392, 0xFBB3,
    0xF3B3, 0xFBB3, 0xFBB3, 0xF3B3, 0xFBB3, 0xF3B3, 0xF3B3, 0xFBD4, 0xF3D3, 0xFBD4, 0xF3D4, 0xF3D3,
    0xFBD4, 0xF3D4, 0xF3D4, 0xFBF4, 0xF3F4, 0xFBF5, 0xF3F4, 0xF3F4, 0xFC15, 0xF3F5, 0xF3F4, 0xFC15,
    0xF3F5, 0xFC16, 0xF415, 0xF374, 0xFF3D, 0xFE3B, 0xF354, 0xCB51, 0xF3B3, 0xF3D4, 0xEBB3, 0xEBB3,
    0xEBD3, 0xEBB3, 0xE3B2, 0xEBB3, 0xE3B3, 0xE3B3, 0xE393, 0xDB92, 0xDB93, 0xDB92, 0xD372, 0xDB72,
    0xD372, 0xD372, 0xD371, 0xCB51, 0xCB71, 0xCB51, 0xC330, 0xC351, 0xC330, 0xC331, 0xC330, 0xBB10,
    0xB371, 0xB391, 0xB371, 0xB391, 0xB3B1, 0xB3B1, 0xBBD2, 0xB3D2, 0xB3D1, 0xBBF2, 0xB3F2, 0xB412,
    0xB433, 0xB432, 0xB453, 0xB473, 0xAC72, 0xB493, 0xAC93, 0xACB3, 0xACD3, 0xA4D3, 0xACF4, 0xA513,
    0x9D13, 0xA534, 0x9D33, 0x8D93, 0xA432, 0xFB77, 0xFF5D, 0xFE7B, 0xF354, 0xF436, 0xF416, 0xF415,
    0xF416, 0xF415, 0xFC16, 0xF415, 0xF3F5, 0xFC15, 0xF3F5, 0xF3F4, 0xFBF5, 0xF3F4, 0xFBF5, 0xF415,
    0xF415, 0xFC35, 0xF415, 0xF414, 0xFC15, 0xF414, 0xFC15, 0xFC14, 0xF414, 0xFC15, 0xF414, 0xF414,
    0xFC14, 0xF414, 0xFC15, 0xFC14, 0xF3F4, 0xFC14, 0xF3F4, 0xF3F3, 0xFBF4, 0xF3F3, 0xFBF4, 0xFBF3,
    0xF3D3, 0xFBF4, 0xF3F3, 0xF3D3, 0xFBF3, 0xF3D3, 0xFBF4, 0xFBF3, 0xF3D3, 0xFBF3, 0xF3D3, 0xF3D3,
    0xFBD3, 0xF3D3, 0xFBD3, 0xFBD3, 0xF3B2, 0xFBD3, 0xF3D3, 0xF3B2, 0xFBD3, 0xF3D2, 0xFBD3, 0xFBD2,
    0xF3B2, 0xFBD2, 0xF3B2, 0xF3B2, 0xFBD2, 0xF3B2, 0xFBD2, 0xFBB2, 0xF391, 0xFBB2, 0xF3B1, 0xF3B1,
    0xFBB2, 0xF3B1, 0xFBB2, 0xFBB1, 0xF391, 0xFBB2, 0xF3B1, 0xF391, 0xFBB2, 0xF3B1, 0xFBB2, 0xFBB1,
    0xF3B1, 0xFBB2, 0xFBB1, 0xF3B1, 0xFBB1, 0xF3B1, 0xFBD2, 0xFBB1, 0xF3B1, 0xFBD1, 0xF3B1, 0xF3B1,
    0xFBB1, 0xF3B1, 0xFBB1, 0xFBB1, 0xF390, 0xFBB1, 0xFBB0, 0xF390, 0xFBB1, 0xF3B0, 0xFBB1, 0xFBB0,
    0xF390, 0xFBB1, 0xF3B0, 0xF390, 0xFBB1, 0xF3B0, 0xFBD1, 0xFBB1, 0xF3B0, 0xFBB1, 0xF3B0, 0xF3B0,
    0xFBB1, 0xF3B0, 0xFBB1, 0xFBB1, 0xF3B0, 0xFBB1, 0xF3B0, 0xF390, 0xFBB1, 0xF3B0, 0xFBB1, 0xFBB0,
    0xF390, 0xFBB1, 0xF3B0, 0xF3B0, 0xFBB1, 0xF3B0, 0xFBB1, 0xFBB0, 0xF390, 0xFBB1, 0xF3B0, 0xF3B0,
    0xFBB1, 0xF3B0, 0xFBB1, 0xFBB1, 0xF3B0, 0xFBB1, 0xF3B0, 0xF3B0, 0xFBB1, 0xF3B0, 0xFBB1, 0xFBB1,
    0xF3B0, 0xFBB1, 0xF3B1, 0xF3B0, 0xFBB1, 0xF3B1, 0xFBB1, 0xFBB1, 0xF390, 0xFB70, 0xFB70, 0xF350,
    0xFB70, 0xF350, 0xFB70, 0xFB70, 0xF370, 0xFB70, 0xF370, 0xF370, 0xFB0F, 0xFC94, 0xFDF9, 0xFC33,
    0xF391, 0xFE19, 0xFB30, 0xFD77, 0xFE19, 0xFE5A, 0xFC13, 0xFC53, 0xFE1A, 0xFEBB, 0xFAF0, 0xF30F,
    0xFC54, 0xFD78, 0xFDB9, 0xFE5A, 0xF413, 0xFC54, 0xFDB8, 0xFD37, 0xFCD6, 0xF371, 0xFB71, 0xFB92,
    0xF371, 0xFB92, 0xF391, 0xF371, 0xFB92, 0xF392, 0xFB92, 0xF392, 0xF392, 0xFBB2, 0xF3B2, 0xF3B2,
    0xFBB2, 0xF3B2, 0xFBB3, 0xFBB2, 0xF392, 0xFBB3, 0xF3B2, 0xF392, 0xFBB3, 0xF3B3, 0xFBD3, 0xF3B3,
    0xF3B3, 0xFBD3, 0xF3B3, 0xF3B3, 0xFBD4, 0xF3D3, 0xFBD4, 0xF3D4, 0xF3D4, 0xFBF4, 0xF3D4, 0xF3D4,
    0xFBF4, 0xF3F4, 0xFBF5, 0xF3F5, 0xF3F4, 0xFC15, 0xF3F5, 0xF3F4, 0xFC15, 0xF415, 0xFC16, 0xF394,
    0xFF1C, 0xFE5B, 0xF355, 0xCB51, 0xFBD3, 0xEBB3, 0xF3D4, 0xEBB3, 0xEBB3, 0xEBB3, 0xEBB3, 0xE392,
    0xE3B3, 0xE393, 0xE3B3, 0xDB93, 0xDB92, 0xDB92, 0xDB72, 0xD371, 0xD372, 0xD371, 0xD372, 0xCB71,
    0xCB51, 0xCB51, 0xC351, 0xC330, 0xC331, 0xC330, 0xC331, 0xBB30, 0xB371, 0xB371, 0xB391, 0xB391,
    0xB391, 0xB3B2, 0xB3B1, 0xBBD2, 0xB3D2, 0xB3F2, 0xB412, 0xB412, 0xB412, 0xB433, 0xB452, 0xB473,
    0xB473, 0xAC93, 0xB4B3, 0xACB3, 0xA4B3, 0xACF3, 0xA4F3, 0xA514, 0xA513, 0x9D33, 0xA554, 0x8DB3,
    0x9C11, 0xFB77, 0xFF3D, 0xFE9C, 0xF375, 0xF416, 0xF436, 0xF416, 0xF415, 0xF416, 0xF415, 0xFC16,
    0xF415, 0xF3F5, 0xFC15, 0xF3F5, 0xF3F4, 0xFBF5, 0xF3F4, 0xFC35, 0xFC35, 0xF414, 0xFC35, 0xF415,
    0xF414, 0xFC15, 0xF414, 0xFC15, 0xFC15, 0xF414, 0xFC15, 0xF414, 0xF414, 0xFC14, 0xF414, 0xFC15,
    0xFC14, 0xF3F4, 0xFC14, 0xF3F4, 0xF3F3, 0xFBF4, 0xF3F3, 0xFBF4, 0xFBF4, 0xF3D3, 0xFBF4, 0xF3F3,
    0xF3D3, 0xFBF4, 0xF3D3, 0xFBF4, 0xFBF3, 0xF3D3, 0xFBF3, 0xF3D3, 0xF3D3, 0xFBD3, 0xF3D3, 0xFBD3,
    0xFBD3, 0xF3D2, 0xFBD3, 0xF3D3, 0xF3B2, 0xFBD3, 0xF3D2, 0xFBD3, 0xFBD2, 0xF3B2, 0xFBD3, 0xF3B2,
    0xF3B2, 0xFBB2, 0xF3B2, 0xFBB2, 0xFBB2, 0xF391, 0xFBB2, 0xF3B2, 0xF3B1, 0xFBB2, 0xF3B1, 0xFBB2,
    0xFBB1, 0xF391, 0xFBB2, 0xFBB1, 0xF3B1, 0xFBB2, 0xF3B1, 0xFBB2, 0xFBB1, 0xF3B1, 0xFBB2, 0xF3B1,
    0xF3B1, 0xFBB1, 0xF3B1, 0xFBD2, 0xFBB1, 0xF3B1, 0xFBD1, 0xFBB1, 0xF3B0, 0xFBB1, 0xF3B1, 0xFBB1,
    0xFBB1, 0xF390, 0xFBB1, 0xF3B0, 0xF3B0, 0xFBB1, 0xF3B0, 0xFBB1, 0xFBB1, 0xF390, 0xFBB1, 0xF3B0,
    0xF3B0, 0xFBB1, 0xF3B0, 0xFBD1, 0xFBB1, 0xF3B0, 0xFBB1, 0xF3B1, 0xF3B0, 0xFBB1, 0xF3B0, 0xFBB1,
    0xFBB1, 0xF390, 0xFBB1, 0xF3B0, 0xF390, 0xFBB1, 0xF3B0, 0xFBB1, 0xFBB1, 0xF390, 0xFBB1, 0xF3B0,
    0xF390, 0xFBB1, 0xF3B0, 0xFBB1, 0xFBB1, 0xF3B0, 0xFBB1, 0xFBB1, 0xF390, 0xFBB1, 0xF3B1, 0xFBB1,
    0xFBB1, 0xF3B0, 0xFBB1, 0xFBB1, 0xF3B0, 0xFBB1, 0xF3B1, 0xFBB1, 0xFBB1, 0xF3B0, 0xFBB1, 0xFBB1,
    0xF3B0, 0xFBB1, 0xF3B1, 0xFBD1, 0xFBB1, 0xF350, 0xFB70, 0xF370, 0xF34F, 0xFB70, 0xF350, 0xFB70,
    0xFB70, 0xF370, 0xFB91, 0xF370, 0xF2EE, 0xFD36, 0xFD56, 0xFBD2, 0xFEBB, 0xFCD5, 0xFCF6, 0xFD36,
    0xF1AA, 0xFC94, 0xFE5A, 0xFA2D, 0xFA6E, 0xFDF9, 0xFAF0, 0xFB30, 0xF4F5, 0xFDB8, 0xFDD8, 0xFBD2,
    0xF9AC, 0xFE3A, 0xFDF9, 0xFD16, 0xFEDB, 0xFC34, 0xF2F0, 0xFB92, 0xFB91, 0xF391, 0xFB92, 0xF392,
    0xF391, 0xFB92, 0xF391, 0xFB92, 0xFB92, 0xF392, 0xFBB2, 0xF392, 0xF392, 0xFBB3, 0xF3B2, 0xFBB3,
    0xFBB3, 0xF392, 0xFBB3, 0xF3B3, 0xF3B2, 0xFBB3, 0xF3B3, 0xFBD3, 0xF3B3, 0xF3B3, 0xFBD4, 0xF3D3,
    0xF3D3, 0xFBD4, 0xF3D4, 0xFBD4, 0xF3D4, 0xF3D4, 0xFBF5, 0xF3F4, 0xF3F4, 0xF3F5, 0xF3F4, 0xFBF5,
    0xF415, 0xF3F5, 0xFC15, 0xF3F5, 0xF3F5, 0xFC15, 0xF3F5, 0xFB95, 0xFF3D, 0xFE3A, 0xFB75, 0xCB71,
    0xF3B3, 0xF3D3, 0xEBB3, 0xF3D4, 0xEBB3, 0xE3B3, 0xEBB3, 0xE3B3, 0xE392, 0xE3B3, 0xE392, 0xE3B3,
    0xDB92, 0xDB72, 0xDB92, 0xD372, 0xD371, 0xD372, 0xCB71, 0xD372, 0xCB51, 0xC351, 0xCB51, 0xC331,
    0xBB30, 0xC331, 0xBB30, 0xC331, 0xB371, 0xB371, 0xB371, 0xB392, 0xB391, 0xB3B1, 0xB3B2, 0xB3D2,
    0xBBF2, 0xB3F2, 0xB3F2, 0xB413, 0xB432, 0xB432, 0xB453, 0xB453, 0xB493, 0xB493, 0xAC93, 0xACB3,
    0xACD3, 0xA4D3, 0xACF4, 0xA4F3, 0xA534, 0xA534, 0x9D33, 0x95B4, 0x9C12, 0xFB56, 0xFF3D, 0xFE9B,
    0xFB75, 0xF436, 0xF416, 0xFC36, 0xF416, 0xF415, 0xF416, 0xF415, 0xFC16, 0xF415, 0xF3F5, 0xFBF5,
    0xF3F5, 0xF3F4, 0xFBF5, 0xF415, 0xFC36, 0xF435, 0xF414, 0xFC15, 0xF415, 0xF414, 0xFC15, 0xF414,
    0xFC15, 0xFC14, 0xF414, 0xFC15, 0xF414, 0xF414, 0xFC14, 0xF414, 0xFC15, 0xFBF4, 0xF3F4, 0xFC14,
    0xF3F4, 0xF3F3, 0xFBF4, 0xF3F3, 0xFBF4, 0xFBF3, 0xF3D3, 0xFBF4, 0xF3F3, 0xF3D3, 0xFBF4, 0xF3D3,
    0xFBF4, 0xFBF3, 0xF3D3, 0xFBF3, 0xF3D3, 0xF3D3, 0xFBD3, 0xF3D3, 0xFBD3, 0xFBD3, 0xF3B2, 0xFBD3,
    0xF3D3, 0xF3B2, 0xFBD3, 0xF3D2, 0xFBD3, 0xFBD2, 0xF3B2, 0xFBD2, 0xF3B2, 0xF3B1, 0xFBB2, 0xF3B2,
    0xFBB2, 0xFBB2, 0xF3B1, 0xFBD2, 0xF3B2, 0xF3B1, 0xFBB2, 0xF3B1, 0xFBB2, 0xFBB1, 0xF3B1, 0xFBB2,
    0xF3B1, 0xF3B1, 0xFBB2, 0xF3B1, 0xFBB2, 0xFBB1, 0xF3B1, 0xFBB2, 0xFBB1, 0xF3B1, 0xFBB1, 0xF3B1,
    0xFBD2, 0xFBB1, 0xF3B1, 0xFBD1, 0xF3B1, 0xF3B0, 0xFBB1, 0xF3B1, 0xFBB1, 0xFBB1, 0xF390, 0xFBB1,
    0xFBB1, 0xF390, 0xFBB1, 0xF3B0, 0xFBB1, 0xFBB1, 0xF390, 0xFBB1, 0xF3B0, 0xF3B0, 0xFBB1, 0xF3B0,
    0xFBB1, 0xFBB1, 0xF3B0, 0xFBB1, 0xF3B1, 0xF3B0, 0xFBB1, 0xF3B0, 0xFBB1, 0xFBB1, 0xF390, 0xFBB1,
    0xF3B0, 0xF390, 0xFBB1, 0xF3B0, 0xFBB1, 0xFBB1, 0xF390, 0xFBB1, 0xF3B0, 0xF390, 0xFBB1, 0xF3B0,
    0xFBB1, 0xFBB1, 0xF390, 0xFBB1, 0xFBB1, 0xF390, 0xFBB1, 0xF3B0, 0xFBB1, 0xFBB1, 0xF390, 0xFBB1,
    0xFBB1, 0xF390, 0xFBB1, 0xF3B0, 0xFBB1, 0xFBB1, 0xF390, 0xFBB1, 0xF3B1, 0xF3B0, 0xFBB1, 0xF3B1,
    0xFBB1, 0xFB70, 0xF370, 0xFB70, 0xF370, 0xF34F, 0xFB70, 0xF370, 0xFB71, 0xFB70, 0xF370, 0xFB91,
    0xFAEF, 0xF4D4, 0xFDF9, 0xF28D, 0xFD98, 0xFD98, 0xFD36, 0xFD77, 0xF1EC, 0xF412, 0xFDB8, 0xF28D,
    0xFB70, 0xFE5A, 0xF2EF, 0xFB91, 0xFB0F, 0xF474, 0xFBF3, 0xFD37, 0xFB51, 0xFD98, 0xFC54, 0xFBF3,
    0xFC33, 0xF350, 0xFB71, 0xF391, 0xFB92, 0xFB92, 0xF371, 0xFB92, 0xF392, 0xF391, 0xFB92, 0xF392,
    0xFB92, 0xFBB2, 0xF392, 0xFBB2, 0xF3B2, 0xF392, 0xFBB3, 0xF3B2, 0xFBB3, 0xFBB3, 0xF3B2, 0xFBB3,
    0xF3B3, 0xF3B2, 0xFBB3, 0xF3B3, 0xFBD4, 0xF3D3, 0xF3B3, 0xFBD4, 0xF3D4, 0xF3D3, 0xFBD4, 0xF3D4,
    0xFBF4, 0xF3F4, 0xF3D4, 0xFBF5, 0xF3F4, 0xF3F4, 0xFBF5, 0xF3F5, 0xFC15, 0xF415, 0xF3F5, 0xFC15,
    0xF3F5, 0xF3F5, 0xFC15, 0xF394, 0xFF3D, 0xFE5B, 0xF375, 0xD372, 0xF3B3, 0xEBB3, 0xF3D3, 0xEBB3,
    0xEBD4, 0xEBB3, 0xE3B3, 0xEBB3, 0xE3B3, 0xE392, 0xE3B3, 0xDB92, 0xE393, 0xDB92, 0xD372, 0xDB92,
    0xD372, 0xCB71, 0xD372, 0xCB51, 0xCB72, 0xCB51, 0xC331, 0xC351, 0xC331, 0xBB30, 0xC331, 0xBB30,
    0xB371, 0xBB91, 0xB391, 0xB391, 0xBBB2, 0xB3B1, 0xB3B1, 0xB3D2, 0xB3D2, 0xBBF2, 0xB412, 0xB412,
    0xB433, 0xB432, 0xB452, 0xB473, 0xB473, 0xB493, 0xACB3, 0xACB3, 0xACD4, 0xACD3, 0xA4F3, 0xA514,
    0xA513, 0xA534, 0xA534, 0x8D93, 0xA432, 0xFB77, 0xF73D, 0xFE7C, 0xF374, 0xFC37, 0xF436, 0xF415,
    0xFC36, 0xF416, 0xF415, 0xF416, 0xF415, 0xFC16, 0xF3F5, 0xF3F5, 0xFBF5, 0xF3F5, 0xF3F4, 0xFBF5,
    0xF435, 0xFC35, 0xF415, 0xF414, 0xFC15, 0xF414, 0xF414, 0xFC15, 0xF414, 0xFC15, 0xFC14, 0xF414,
    0xFC15, 0xF414, 0xF414, 0xFC15, 0xF414, 0xFC15, 0xFC14, 0xF3F4, 0xFC14, 0xF3F4, 0xF3F3, 0xFBF4,
    0xF3F3, 0xFBF4, 0xFBF4, 0xF3D3, 0xFBF4, 0xF3F3, 0xF3D3, 0xFBF4, 0xF3D3, 0xFBF4, 0xFBD3, 0xF3D3,
    0xFBF3, 0xF3D3, 0xF3D2, 0xFBD3, 0xF3D3, 0xFBF3, 0xFBD3, 0xF3B2, 0xFBD3, 0xF3D3, 0xF3B2, 0xFBD3,
    0xF3B2, 0xFBD3, 0xFBD2, 0xF3B2, 0xFBD2, 0xF3B2, 0xF3B1, 0xFBB2, 0xF3B2, 0xFBB2, 0xFBB2, 0xF3B1,
    0xFBD2, 0xF3B2, 0xF3B1, 0xFBB2, 0xF3B1, 0xFBB2, 0xFBB2, 0xF3B1, 0xFBB2, 0xF3B1, 0xF3B1, 0xFBB2,
    0xF3B1, 0xFBB2, 0xFBB1, 0xF3B1, 0xFBD2, 0xF3B1, 0xF3B1, 0xFBB2, 0xF3B1, 0xFBD2, 0xFBD1, 0xF3B1,
    0xFBB1, 0xF3B1, 0xF391, 0xFBB1, 0xF3B1, 0xFBB1, 0xFBB1, 0xF390, 0xFBB1, 0xFBB1, 0xF390, 0xFBB1,
    0xF3B0, 0xFBB1, 0xFBB1, 0xF390, 0xFBB1, 0xF3B1, 0xF3B0, 0xFBB1, 0xF3B0, 0xFBB1, 0xFBB1, 0xF3B0,
    0xFBB1, 0xF3B1, 0xF3B0, 0xFBB1, 0xF3B0, 0xFBB1, 0xFBB1, 0xF390, 0xFBB1, 0xF3B0, 0xF390, 0xFBB1,
    0xF3B0, 0xFBB1, 0xFBB1, 0xF390, 0xFBB1, 0xF3B0, 0xF390, 0xFBB1, 0xF3B0, 0xFBB1, 0xFBB1, 0xF3B0,
    0xFBB1, 0xFBB1, 0xF3B0, 0xFBB1, 0xF3B1, 0xFBB1, 0xFBB1, 0xF3B0, 0xFBB1, 0xFBB1, 0xF3B0, 0xFBB1,
    0xF3B1, 0xFBB1, 0xFBB1, 0xF3B1, 0xFBB1, 0xF3B1, 0xF3B0, 0xFBB1, 0xF390, 0xFB70, 0xFB70, 0xF370,
    0xFB70, 0xFB70, 0xF350, 0xFB70, 0xF370, 0xFB91, 0xFB70, 0xF370, 0xFB0F, 0xFCD5, 0xF5B7, 0xFAAE,
    0xFC33, 0xFDFA, 0xFA4E, 0xFD57, 0xFE9B, 0xFDB8, 0xF28E, 0xFCF5, 0xFEFC, 0xFF1D, 0xFF5D, 0xF494,
    0xFCF6, 0xFE1A, 0xFDF8, 0xFD16, 0xF2EF, 0xFB72, 0xFDB9, 0xFDF9, 0xFE9B, 0xFC33, 0xF350, 0xFB92,
    0xF391, 0xFB92, 0xFB92, 0xF371, 0xFB92, 0xF392, 0xF391, 0xFB92, 0xF392, 0xFBB2, 0xFBB2, 0xF392,
    0xFBB3, 0xF392, 0xF392, 0xFBB3, 0xF3B2, 0xFBB3, 0xFBB3, 0xF3B2, 0xFBB3, 0xF3B3, 0xF3B3, 0xFBB3,
    0xF3B3, 0xFBD4, 0xF3D3, 0xF3B3, 0xFBD4, 0xF3D4, 0xF3D3, 0xFBD4, 0xF3D4, 0xFBF5, 0xFBF4, 0xF3F4,
    0xFBF5, 0xF3F4, 0xF3F4, 0xF3F5, 0xF3F5, 0xFC15, 0xF415, 0xF3F5, 0xFC15, 0xF415, 0xF3F5, 0xFB95,
    0xFF3D, 0xFE5B, 0xF395, 0xCB51, 0xFBD4, 0xEBB3, 0xEBB3, 0xEBD3, 0xEBB3, 0xEBD4, 0xEBB3, 0xE3B3,
    0xE3B3, 0xE3B3, 0xDB92, 0xE393, 0xDB92, 0xDB93, 0xDB92, 0xD372, 0xD392, 0xD372, 0xCB51, 0xCB72,
    0xCB51, 0xCB52, 0xC351, 0xC331, 0xC351, 0xC330, 0xBB30, 0xBB30, 0xB371, 0xB371, 0xBB92, 0xB391,
    0xB391, 0xBBB2, 0xB3B2, 0xB3B1, 0xB3D2, 0xB3F2, 0xBC13, 0xB412, 0xB412, 0xB453, 0xB453, 0xAC52,
    0xB473, 0xAC93, 0xB4B4, 0xACB3, 0xACB3, 0xACF4, 0xA4F3, 0xA4F3, 0xA514, 0xA533, 0xA534, 0x95B3,
    0x9C12, 0xFB97, 0xFF3D, 0xF67B, 0xF375, 0xF416, 0xFC36, 0xF416, 0xF415, 0xFC36, 0xF416, 0xF415,
    0xFC16, 0xF415, 0xFC15, 0xF3F5, 0xF3F4, 0xFBF5, 0xF3F5, 0xF3F4, 0xFC15, 0xF435, 0xFC35, 0xF415,
    0xF414, 0xFC15, 0xF415, 0xF414, 0xFC15, 0xF414, 0xFC15, 0xFC15, 0xF414, 0xFC15, 0xF414, 0xF3F4,
    0xFC14, 0xF3F4, 0xFC14, 0xFC14, 0xF3F4, 0xFBF4, 0xF3F4, 0xF3F3, 0xFBF4, 0xF3F3, 0xFBF4, 0xFBF4,
    0xF3D3, 0xFBF4, 0xF3F3, 0xF3D3, 0xFBF4, 0xF3D3, 0xFBF4, 0xFBF3, 0xF3D3, 0xFBD3, 0xF3D3, 0xF3B2,
    0xFBD3, 0xF3D3, 0xFBD3, 0xFBD3, 0xF3B2, 0xFBD3, 0xF3D2, 0xF3B2, 0xFBD3, 0xF3B2, 0xFBD3, 0xFBD2,
    0xF3B2, 0xFBD2, 0xF3B2, 0xF3B1, 0xFBB2, 0xF3B2, 0xFBB2, 0xFBB2, 0xF3B1, 0xFBD2, 0xF3B2, 0xF3B1,
    0xFBB2, 0xF3B1, 0xFBB2, 0xFBB2, 0xF3B1, 0xFBB2, 0xF3B1, 0xF3B1, 0xFBB2, 0xF3B1, 0xFBB2, 0xFBB1,
    0xF3B1, 0xFBD2, 0xF3B1, 0xF3B1, 0xFBB1, 0xF3B1, 0xFBD2, 0xFBB1, 0xF3B1, 0xFBB1, 0xF3B1, 0xF391,
    0xFBB1, 0xF3B1, 0xFBB1, 0xFBB1, 0xF3B0, 0xFBB1, 0xF3B1, 0xF390, 0xFBB1, 0xF3B0, 0xFBB1, 0xFBB1,
    0xF3B0, 0xFBB1, 0xF3B1, 0xF3B0, 0xFBB1, 0xF3B1, 0xFBB1, 0xFBB1, 0xF3B0, 0xFBB1, 0xF3B1, 0xF3B0,
    0xFBB1, 0xF3B0, 0xFBB1, 0xFBB1, 0xF390, 0xFBB1, 0xF3B0, 0xF390, 0xFBB1, 0xF3B0, 0xFBB1, 0xFBB1,
    0xF390, 0xFBB1, 0xF3B1, 0xF390, 0xFBB1, 0xF3B0, 0xFBB1, 0xFBB1, 0xF390, 0xFBB1, 0xF3B1, 0xF3B0,
    0xFBB1, 0xF3B1, 0xFBB1, 0xFBB1, 0xF3B0, 0xFBB1, 0xFBB1, 0xF3B0, 0xFBB1, 0xF3B1, 0xFBB1, 0xFBB1,
    0xF3B1, 0xFBB1, 0xFBB1, 0xF390, 0xFB70, 0xF370, 0xFB70, 0xFB70, 0xF370, 0xFB70, 0xF370, 0xF370,
    0xFB70, 0xF370, 0xFB91, 0xFB71, 0xF370, 0xFB71, 0xFB70, 0xF370, 0xFB91, 0xF371, 0xFB10, 0xFB30,
    0xF351, 0xFB91, 0xFB50, 0xF391, 0xFB71, 0xF350, 0xFBB2, 0xFB71, 0xF350, 0xFB51, 0xF371, 0xF350,
    0xFB71, 0xF350, 0xFBB2, 0xFB92, 0xF371, 0xFB92, 0xFB71, 0xF391, 0xFB92, 0xF391, 0xFB92, 0xFB92,
    0xF391, 0xFB92, 0xF392, 0xF391, 0xFB92, 0xF392, 0xFBB3, 0xFB92, 0xF392, 0xFBB3, 0xF3B2, 0xF392,
    0xFBB3, 0xF3B3, 0xFBB3, 0xFBB3, 0xF3B3, 0xFBD3, 0xF3B3, 0xF3B3, 0xFBB3, 0xF3B3, 0xFBD4, 0xFBD4,
    0xF3B3, 0xFBD4, 0xF3D4, 0xF3D4, 0xFBF4, 0xF3D4, 0xFBF5, 0xF3F4, 0xF3F4, 0xFBF5, 0xF3F5, 0xF3F4,
    0xF3F5, 0xF3F5, 0xFC15, 0xF415, 0xF3F5, 0xFC16, 0xF415, 0xF394, 0xFF3D, 0xFE5B, 0xF396, 0xCB71,
    0xF3B3, 0xF3D4, 0xEBB3, 0xEBB3, 0xEBB3, 0xEBB3, 0xEBD4, 0xE3B3, 0xE3B3, 0xE3B3, 0xE393, 0xDB92,
    0xDB93, 0xDB92, 0xDB93, 0xD392, 0xD372, 0xD372, 0xCB72, 0xCB51, 0xCB51, 0xC351, 0xCB51, 0xC351,
    0xC330, 0xC351, 0xBB30, 0xBB10, 0xB370, 0xB371, 0xB371, 0xBB92, 0xB3B1, 0xB391, 0xBBD2, 0xB3D2,
    0xB3D1, 0xB3F2, 0xB3F2, 0xBC13, 0xB433, 0xB432, 0xB453, 0xB453, 0xAC72, 0xB493, 0xAC93, 0xB4B4,
    0xACD3, 0xACD3, 0xACF4, 0xA4F3, 0xA513, 0xA534, 0x9D33, 0x95B4, 0xA432, 0xFB77, 0xFF5D, 0xFE5B,
    0xF354, 0xF436, 0xF416, 0xFC16, 0xF416, 0xF415, 0xFC16, 0xF416, 0xF3F5, 0xFC16, 0xF3F5, 0xFBF5,
    0xF3F5, 0xF3F4, 0xFBF5, 0xF3F5, 0xF3D4, 0xFC15, 0xF435, 0xFC35, 0xFC15, 0xF414, 0xFC35, 0xF415,
    0xF414, 0xFC15, 0xF414, 0xFC15, 0xFC15, 0xF414, 0xFC15, 0xF414, 0xF3F4, 0xFC14, 0xF3F4, 0xFC14,
    0xFBF4, 0xF3F4, 0xFBF4, 0xF3F4, 0xF3F3, 0xFBF4, 0xF3F4, 0xFBF4, 0xFBF4, 0xF3F3, 0xFBF4, 0xF3D3,
    0xF3D3, 0xFBF4, 0xF3D3, 0xFBF4, 0xFBD3, 0xF3D3, 0xFBD3, 0xF3D3, 0xF3B3, 0xFBD3, 0xF3D3, 0xFBD3,
    0xFBD3, 0xF3B2, 0xFBD3, 0xF3D2, 0xF3B2, 0xFBD3, 0xF3B2, 0xFBD3, 0xFBD2, 0xF3B2, 0xFBD2, 0xF3B2,
    0xF3B1, 0xFBB2, 0xF3B2, 0xFBD2, 0xFBB2, 0xF3B1, 0xFBD2, 0xF3B2, 0xF3B1, 0xFBB2, 0xF3B1, 0xFBB2,
    0xFBB2, 0xF3B1, 0xFBB2, 0xF3B1, 0xF3B1, 0xFBB2, 0xF3B1, 0xFBB2, 0xFBB1, 0xF3B1, 0xFBD2, 0xFBB1,
    0xF3B1, 0xFBB1, 0xF3B1, 0xFBD2, 0xFBB1, 0xF3B1, 0xFBB1, 0xFBB1, 0xF391, 0xFBB1, 0xF3B1, 0xFBB1,
    0xFBB1, 0xF390, 0xFBB1, 0xF3B1, 0xF390, 0xFBB1, 0xF3B0, 0xFBB1, 0xFBB1, 0xF3B0, 0xFBD1, 0xF3B1,
    0xF3B0, 0xFBB1, 0xF3B1, 0xFBB1, 0xFBB1, 0xF3B0, 0xFBB1, 0xF3B1, 0xF3B0, 0xFBB1, 0xF3B0, 0xFBB1,
    0xFBB1, 0xF390, 0xFBB1, 0xF3B0, 0xF390, 0xFBB1, 0xF3B0, 0xFBB1, 0xFBB1, 0xF390, 0xFBB1, 0xF3B1,
    0xF390, 0xFBB1, 0xF3B1, 0xFBB1, 0xFBB1, 0xF390, 0xFBB1, 0xFBB1, 0xF3B0, 0xFBB1, 0xF3B0, 0xFBB1,
    0xFBB1, 0xF390, 0xFBB1, 0xFBB1, 0xF3B0, 0xFBB1, 0xF3B1, 0xFBB1, 0xFBB1, 0xF3B1, 0xFBB1, 0xF370,
    0xF34F, 0xFB70, 0xF370, 0xFB70, 0xFB70, 0xF370, 0xFB91, 0xF370, 0xF370, 0xFB70, 0xF370, 0xFB71,
    0xFB71, 0xF350, 0xFB71, 0xF370, 0xF350, 0xFB71, 0xF371, 0xFB71, 0xFB50, 0xF350, 0xFB91, 0xFB71,
    0xF350, 0xFB51, 0xF350, 0xFB91, 0xFB71, 0xF350, 0xFB51, 0xF371, 0xF371, 0xFB91, 0xF351, 0xFB71,
    0xFB71, 0xF371, 0xFB92, 0xF391, 0xF391, 0xFB92, 0xF392, 0xFBB2, 0xFB92, 0xF392, 0xFBB2, 0xF392,
    0xF392, 0xFB92, 0xF392, 0xFBB3, 0xFBB2, 0xF392, 0xFBB3, 0xF3B3, 0xF392, 0xFBB3, 0xF3B3, 0xFBD3,
    0xFBB3, 0xF3B3, 0xFBD4, 0xF3B3, 0xF3B3, 0xFBD4, 0xF3D3, 0xFBD4, 0xF3D4, 0xF3D3, 0xFBF4, 0xF3D4,
    0xF3D4, 0xFBF4, 0xF3F4, 0xFBF5, 0xF3F5, 0xF3F4, 0xFC15, 0xF3F5, 0xF3F4, 0xF415, 0xF3F5, 0xFC16,
    0xF415, 0xF415, 0xFC16, 0xF394, 0xFF1C, 0xFE5B, 0xF395, 0xD372, 0xFBD3, 0xEBB3, 0xF3D4, 0xEBB3,
    0xE3B3, 0xEBB3, 0xE3B3, 0xEBB3, 0xE3B3, 0xE393, 0xE3B3, 0xDB93, 0xDB92, 0xDB93, 0xD392, 0xDB92,
    0xD372, 0xCB71, 0xD372, 0xCB51, 0xC351, 0xCB51, 0xC351, 0xC351, 0xC351, 0xBB30, 0xC331, 0xBB30,
    0xB371, 0xB371, 0xB391, 0xB391, 0xBBB2, 0xB3B2, 0xB3B1, 0xBBD2, 0xB3D2, 0xB3D2, 0xB412, 0xB412,
    0xBC33, 0xB433, 0xB432, 0xB473, 0xB473, 0xAC73, 0xB493, 0xACB3, 0xB4D4, 0xACD3, 0xA4D3, 0xAD14,
    0xA513, 0xA513, 0xA534, 0x9593, 0xA433, 0xFB97, 0xFF3D, 0xFE7C, 0xF355, 0xF416, 0xF416, 0xF416,
    0xFC36, 0xF416, 0xF415, 0xFC16, 0xF416, 0xF3F5, 0xFC15, 0xF3F5, 0xFC15, 0xF3F5, 0xF3F4, 0xFBF5,
    0xF3F4, 0xF3D4, 0xFBF4, 0xF3F4, 0xFC15, 0xF415, 0xF3F4, 0xFC15, 0xF414, 0xF3F4, 0xFC15, 0xF3F4,
    0xFC15, 0xFC14, 0xF3F4, 0xFC15, 0xF3F4, 0xF3F4, 0xFBF4, 0xF3F4, 0xFBF4, 0xFBF4, 0xF3D3, 0xFBF4,
    0xF3D4, 0xF3D3, 0xFBF4, 0xF3D3, 0xFBF4, 0xFBF4, 0xF3D3, 0xFBD4, 0xF3D3, 0xF3D3, 0xFBD3, 0xF3D3,
    0xFBD4, 0xFBD3, 0xF3B3, 0xFBD3, 0xF3B3, 0xF3B2, 0xFBD3, 0xF3B3, 0xFBD3, 0xFBB3, 0xF3B2, 0xFBD2,
    0xF3B2, 0xF3B2, 0xFBB2, 0xF3B2, 0xFBB2, 0xFBB2, 0xF391, 0xFBB2, 0xF392, 0xF391, 0xFBB2, 0xF3B1,
    0xFBB2, 0xFBB2, 0xF391, 0xFBB2, 0xF391, 0xF391, 0xFBB2, 0xF391, 0xFBB2, 0xFBB1, 0xF391, 0xFBB1,
    0xF391, 0xF391, 0xFBB1, 0xF391, 0xFBB2, 0xFBB1, 0xF391, 0xFBB1, 0xFBB1, 0xF391, 0xFBB1, 0xF3B1,
    0xFBB1, 0xFBB1, 0xF391, 0xFBB1, 0xFB91, 0xF390, 0xFB91, 0xF390, 0xFBB1, 0xFB91, 0xF390, 0xFBB1,
    0xF390, 0xF390, 0xFB91, 0xF390, 0xFBB1, 0xFBB1, 0xF390, 0xFBB1, 0xF390, 0xF390, 0xFBB1, 0xF390,
    0xFBB1, 0xFBB1, 0xF390, 0xFBB1, 0xF390, 0xF390, 0xFB90, 0xF390, 0xFBB1, 0xFB90, 0xF390, 0xFBB1,
    0xF390, 0xF390, 0xFB91, 0xF390, 0xFBB1, 0xFB90, 0xF390, 0xFBB1, 0xF390, 0xF390, 0xFB91, 0xF390,
    0xFBB1, 0xFB91, 0xF390, 0xFBB1, 0xFB90, 0xF390, 0xFB91, 0xF390, 0xFBB1, 0xFB91, 0xF390, 0xFBB1,
    0xF391, 0xF390, 0xFB91, 0xF390, 0xFBB1, 0xFB90, 0xF350, 0xFB70, 0xF370, 0xF350, 0xFB70, 0xF370,
    0xFB71, 0xFB70, 0xF370, 0xFB91, 0xFB70, 0xF370, 0xFB71, 0xF370, 0xFB71, 0xFB70, 0xF370, 0xFB71,
    0xF370, 0xF370, 0xFB71, 0xF371, 0xFB91, 0xFB91, 0xF371, 0xFB91, 0xFB71, 0xF370, 0xFB91, 0xF371,
    0xFB91, 0xFB91, 0xF371, 0xFB91, 0xF371, 0xF371, 0xFB91, 0xF371, 0xFB92, 0xFB91, 0xF371, 0xFB92,
    0xF391, 0xF391, 0xFB92, 0xF392, 0xFBB2, 0xFB92, 0xF392, 0xFB92, 0xF392, 0xF392, 0xFBB2, 0xF392,
    0xFBB3, 0xFBB3, 0xF392, 0xFBB3, 0xF3B3, 0xF3B2, 0xFBB3, 0xF3B3, 0xFBD4, 0xFBB3, 0xF3B3, 0xFBD4,
    0xF3B3, 0xF3B3, 0xFBD4, 0xF3D3, 0xFBD4, 0xFBD4, 0xF3D3, 0xFBF4, 0xF3D4, 0xF3D4, 0xFBF5, 0xF3F4,
    0xFC15, 0xF3F5, 0xF3F5, 0xFC15, 0xF3F5, 0xF3F5, 0xF415, 0xF415, 0xFC16, 0xF416, 0xF3F5, 0xFB95,
    0xFF3D, 0xFE3A, 0xF395, 0xCB71, 0xFBD4, 0xEBD4, 0xEBB3, 0xEBD4, 0xEBB3, 0xE3B3, 0xEBB3, 0xE3B3,
    0xEBB3, 0xE3B3, 0xDB92, 0xE3B3, 0xDB92, 0xD392, 0xDB92, 0xD372, 0xD392, 0xD372, 0xCB51, 0xCB72,
    0xCB51, 0xC351, 0xC351, 0xC351, 0xC351, 0xC331, 0xBB30, 0xBB31, 0xB371, 0xB371, 0xB371, 0xB391,
    0xB391, 0xBBB2, 0xB3B2, 0xB3B1, 0xBBF2, 0xB3F2, 0xB3F2, 0xB413, 0xB412, 0xBC33, 0xB453, 0xB453,
    0xB473, 0xB473, 0xAC93, 0xB4B3, 0xACB3, 0xB4D4, 0xACF4, 0xA4F3, 0xAD14, 0xA514, 0x9D13, 0x9594,
    0xA412, 0xFB77, 0xFF3D, 0xFE7B, 0xFB75, 0xF416, 0xF416, 0xF436, 0xF416, 0xFC36, 0xF416, 0xF415,
    0xFC36, 0xF415, 0xF3F5, 0xFC15, 0xF3F5, 0xFC15, 0xF3F5, 0xF3F4, 0xFBF5, 0xF3F4, 0xF3D4, 0xF3F4,
    0xF3F4, 0xFBF4, 0xF3F4, 0xF3D4, 0xFBF4, 0xF3D4, 0xF3D3, 0xF3D4, 0xF3D4, 0xFBF4, 0xF3D4, 0xF3D3,
    0xFBD4, 0xF3D3, 0xF3B3, 0xF3D3, 0xF3B3, 0xFBD4, 0xF3B3, 0xF3B3, 0xFBD3, 0xF3B3, 0xF3B2, 0xFBB3,
    0xF3B3, 0xFBB3, 0xF3B3, 0xF392, 0xFBB3, 0xF3B2, 0xF392, 0xF3B3, 0xF392, 0xFBB3, 0xF392, 0xF392,
    0xFB92, 0xF392, 0xF392, 0xF392, 0xF392, 0xFB92, 0xF392, 0xF371, 0xFB92, 0xF371, 0xF371, 0xF392,
    0xF371, 0xFB92, 0xF391, 0xF371, 0xFB71, 0xF371, 0xF370, 0xFB71, 0xF371, 0xFB91, 0xF391, 0xF370,
    0xFB91, 0xF371, 0xF370, 0xFB71, 0xF370, 0xFB91, 0xF371, 0xF370, 0xFB71, 0xF370, 0xF370, 0xFB71,
    0xF370, 0xFB91, 0xF370, 0xF370, 0xFB91, 0xF370, 0xF370, 0xFB90, 0xF370, 0xFB71, 0xF370, 0xF370,
    0xFB70, 0xF370, 0xF34F, 0xFB70, 0xF370, 0xFB70, 0xF370, 0xF34F, 0xFB70, 0xF370, 0xF34F, 0xFB70,
    0xF36F, 0xFB70, 0xF370, 0xF36F, 0xFB70, 0xF370, 0xF34F, 0xFB70, 0xF370, 0xFB70, 0xFB70, 0xF36F,
    0xFB70, 0xF370, 0xF34F, 0xFB70, 0xF36F, 0xFB70, 0xF370, 0xF34F, 0xFB70, 0xF34F, 0xF34F, 0xFB70,
    0xF34F, 0xFB70, 0xF370, 0xF34F, 0xFB70, 0xF370, 0xF34F, 0xFB70, 0xF370, 0xFB70, 0xFB70, 0xF34F,
    0xFB70, 0xFB50, 0xF34F, 0xFB70, 0xF34F, 0xFB70, 0xFB70, 0xF34F, 0xFB70, 0xF370, 0xF34F, 0xFB70,
    0xF370, 0xFB70, 0xFB70, 0xF370, 0xFB70, 0xF370, 0xF370, 0xFB70, 0xF370, 0xFB91, 0xFB70, 0xF370,
    0xFB91, 0xF370, 0xF370, 0xFB71, 0xF370, 0xFB71, 0xFB71, 0xF370, 0xFB91, 0xF371, 0xF370, 0xFB91,
    0xF371, 0xFB91, 0xFB91, 0xF371, 0xFB91, 0xFB71, 0xF371, 0xFB91, 0xF371, 0xFB92, 0xFB91, 0xF371,
    0xFB91, 0xF371, 0xF371, 0xFB91, 0xF391, 0xFB92, 0xFB92, 0xF371, 0xFB92, 0xF392, 0xF391, 0xFB92,
    0xF392, 0xFBB2, 0xFB92, 0xF392, 0xFBB3, 0xF392, 0xF392, 0xFBB3, 0xF3B2, 0xFBB3, 0xFBB3, 0xF3B3,
    0xFBD3, 0xF3B3, 0xF3B3, 0xFBB3, 0xF3B3, 0xFBD4, 0xFBD3, 0xF3B3, 0xFBD4, 0xF3B3, 0xF3B3, 0xFBD4,
    0xF3D4, 0xFBD4, 0xF3D4, 0xF3D4, 0xFBF5, 0xF3D4, 0xF3D4, 0xFBF5, 0xF3F4, 0xFC15, 0xF3F5, 0xF3F5,
    0xFC15, 0xF3F5, 0xF3F5, 0xF415, 0xF415, 0xFC16, 0xF416, 0xF394, 0xFF3D, 0xFE5B, 0xF395, 0xCB72,
    0xF3D3, 0xF3D4, 0xEBD4, 0xEBB3, 0xEBD4, 0xEBB3, 0xE3B3, 0xE3B3, 0xE3B3, 0xE3B3, 0xE3B3, 0xDB92,
    0xDBB3, 0xDB92, 0xD372, 0xD392, 0xD372, 0xD372, 0xCB72, 0xCB51, 0xCB72, 0xC351, 0xC351, 0xC351,
    0xC331, 0xC351, 0xBB31, 0xBB10, 0xB351, 0xB391, 0xB371, 0xB391, 0xB392, 0xB3B1, 0xBBD2, 0xB3D2,
    0xB3D2, 0xBBF2, 0xB3F2, 0xB3F2, 0xB433, 0xB432, 0xBC53, 0xB453, 0xB473, 0xB493, 0xB493, 0xAC93,
    0xB4B4, 0xACD3, 0xACF4, 0xACF4, 0xA4F3, 0xAD34, 0xA514, 0x9593, 0xA432, 0xFB77, 0xFF3D, 0xFE7C,
    0xF354, 0xF436, 0xF416, 0xF416, 0xF436, 0xF416, 0xFC16, 0xF416, 0xF415, 0xFC16, 0xF3F5, 0xF3F5,
    0xF415, 0xF3F5, 0xFC15, 0xF3F5, 0xF3D4, 0xFBF5, 0xF3F4, 0xF3D4, 0xF3F4, 0xF3D4, 0xFBF4, 0xF3D4,
    0xF3D4, 0xFBD4, 0xF3D4, 0xF3B3, 0xFBD4, 0xF3D3, 0xFBD4, 0xF3D4, 0xF3B3, 0xFBD4, 0xF3B3, 0xF3B3,
    0xFBB3, 0xF3B3, 0xFBB3, 0xF3B3, 0xF3B3, 0xFBB3, 0xF3B3, 0xF392, 0xFBB3, 0xF3B3, 0xFBB3, 0xFBB3,
    0xF392, 0xFBB3, 0xF392, 0xF392, 0xFB93, 0xF392, 0xFB93, 0xF392, 0xF372, 0xFB92, 0xF392, 0xF371,
    0xFB92, 0xF371, 0xFB92, 0xF372, 0xF371, 0xFB92, 0xF371, 0xF371, 0xFB71, 0xF371, 0xFB71, 0xF371,
    0xF351, 0xFB71, 0xF371, 0xF370, 0xFB71, 0xF371, 0xFB71, 0xF371, 0xF350, 0xFB71, 0xF371, 0xF350,
    0xFB71, 0xF370, 0xFB71, 0xFB70, 0xF350, 0xFB71, 0xF350, 0xF350, 0xFB71, 0xF370, 0xFB71, 0xFB70,
    0xF370, 0xFB70, 0xF370, 0xF350, 0xFB70, 0xF370, 0xFB70, 0xFB70, 0xF350, 0xFB70, 0xF350, 0xF34F,
    0xFB70, 0xF34F, 0xFB70, 0xFB50, 0xF34F, 0xFB70, 0xF34F, 0xF34F, 0xFB70, 0xF370, 0xFB70, 0xFB70,
    0xF34F, 0xFB70, 0xF370, 0xF34F, 0xFB70, 0xF36F, 0xFB70, 0xFB70, 0xF34F, 0xFB70, 0xF34F, 0xF34F,
    0xFB50, 0xF34F, 0xFB50, 0xFB4F, 0xF34F, 0xFB70, 0xF34F, 0xF34F, 0xFB50, 0xF34F, 0xFB50, 0xF350,
    0xF34F, 0xFB70, 0xF350, 0xF34F, 0xFB70, 0xF350, 0xFB70, 0xFB70, 0xF34F, 0xFB70, 0xF350, 0xF34F,
    0xFB70, 0xF350, 0xFB70, 0xFB70, 0xF34F, 0xFB70, 0xF350, 0xF34F, 0xFB70, 0xF370, 0xFB70, 0xFB70,
    0xF370, 0xFB70, 0xF370, 0xF370, 0xFB70, 0xF370, 0xFB91, 0xFB70, 0xF370, 0xFB91, 0xF370, 0xF370,
    0xFB71, 0xF370, 0xFB91, 0xFB71, 0xF370, 0xFB91, 0xF371, 0xF370, 0xFB91, 0xF371, 0xFB91, 0xFB91,
    0xF371, 0xFB91, 0xF391, 0xF371, 0xFB91, 0xF371, 0xFB92, 0xFB91, 0xF371, 0xFB92, 0xF391, 0xF371,
    0xFB92, 0xF391, 0xFB92, 0xFB92, 0xF371, 0xFB92, 0xF392, 0xF391, 0xFB92, 0xF392, 0xFBB3, 0xFBB2,
    0xF392, 0xFBB3, 0xF392, 0xF392, 0xFBB3, 0xF3B2, 0xFBB3, 0xFBB3, 0xF3B3, 0xFBD3, 0xF3B3, 0xF3B3,
    0xFBB3, 0xF3B3, 0xFBD4, 0xFBD3, 0xF3B3, 0xFBD4, 0xF3D3, 0xF3D3, 0xFBD4, 0xF3D4, 0xFBF4, 0xF3F4,
    0xF3D4, 0xFBF5, 0xF3D4, 0xF3D4, 0xFBF5, 0xF3F5, 0xFC15, 0xF415, 0xF3F5, 0xFC15, 0xF415, 0xF415,
    0xF416, 0xF415, 0xFC16, 0xF395, 0xFF3D, 0xFE7C, 0xF395, 0xCB71, 0xFBD4, 0xEBD3, 0xF3D4, 0xEBD3,
    0xEBB3, 0xEBD4, 0xE3B3, 0xE3B3, 0xE3B3, 0xE3B3, 0xE3B3, 0xDBB3, 0xDB92, 0xDB93, 0xD392, 0xD372,
    0xD372, 0xCB72, 0xD372, 0xCB72, 0xC351, 0xCB51, 0xC351, 0xBB30, 0xC351, 0xBB30, 0xC331, 0xBB30,
    0xB371, 0xB371, 0xB391, 0xB391, 0xB391, 0xB3B2, 0xB3B1, 0xBBD2, 0xB3D2, 0xB3D2, 0xBC13, 0xB412,
    0xB412, 0xB433, 0xB433, 0xBC73, 0xB473, 0xB473, 0xB494, 0xB493, 0xACB3, 0xACD4, 0xACD3, 0xACF4,
    0xAD14, 0xA513, 0xA534, 0x9D74, 0xA412, 0xFB97, 0xFF3D, 0xFE7C, 0xF375, 0xF416, 0xF436, 0xF416,
    0xF416, 0xF416, 0xF416, 0xFC16, 0xF416, 0xF3F5, 0xFC16, 0xF3F5, 0xF3F5, 0xFC15, 0xF3F5, 0xFC15,
    0xF3F5, 0xF3D4, 0xFBF5, 0xF3D4, 0xF3B3, 0xFBD4, 0xF3D4, 0xFBD4, 0xFBD4, 0xF3B3, 0xFBD4, 0xF3B4,
    0xF3B3, 0xFBB4, 0xF3B3, 0xFBB4, 0xFBB3, 0xF3B3, 0xFBB4, 0xFB93, 0xF393, 0xFBB3, 0xF393, 0xFBB3,
    0xFB93, 0xF392, 0xFBB3, 0xFB93, 0xF392, 0xFB93, 0xF392, 0xFB93, 0xFB93, 0xF372, 0xFB93, 0xFB92,
    0xF372, 0xFB92, 0xF372, 0xFB92, 0xFB72, 0xF372, 0xFB72, 0xF372, 0xF371, 0xFB72, 0xF371, 0xFB72,
    0xFB71, 0xF351, 0xFB72, 0xF351, 0xF351, 0xFB71, 0xF351, 0xFB71, 0xFB71, 0xF351, 0xFB71, 0xFB51,
    0xF350, 0xFB71, 0xF350, 0xFB71, 0xFB51, 0xF350, 0xFB71, 0xFB50, 0xF350, 0xFB51, 0xF350, 0xFB71,
    0xFB50, 0xF350, 0xFB70, 0xFB50, 0xF350, 0xFB50, 0xF350, 0xFB71, 0xFB70, 0xF350, 0xFB70, 0xFB50,
    0xF34F, 0xFB50, 0xF350, 0xFB50, 0xFB50, 0xF34F, 0xFB50, 0xFB4F, 0xF34F, 0xFB50, 0xF34F, 0xFB50,
    0xFB4F, 0xF32F, 0xFB50, 0xFB4F, 0xF34F, 0xFB70, 0xF34F, 0xFB70, 0xFB50, 0xF34F, 0xFB70, 0xFB50,
    0xF34F, 0xFB50, 0xF34F, 0xFB70, 0xFB4F, 0xF34F, 0xFB50, 0xF34F, 0xF32F, 0xFB4F, 0xF34F, 0xFB50,
    0xFB4F, 0xF32F, 0xFB50, 0xFB4F, 0xF32F, 0xFB4F, 0xF32F, 0xFB50, 0xFB50, 0xF34F, 0xFB70, 0xFB50,
    0xF34F, 0xFB70, 0xF350, 0xFB70, 0xFB70, 0xF34F, 0xFB70, 0xF350, 0xF34F, 0xFB50, 0xF34F, 0xFB70,
    0xFB70, 0xF34F, 0xFB70, 0xF350, 0xF34F, 0xFB70, 0xF370, 0xFB70, 0xFB70, 0xF350, 0xFB70, 0xF370,
    0xF370, 0xFB70, 0xF370, 0xFB71, 0xFB70, 0xF370, 0xFB91, 0xFB70, 0xF370, 0xFB71, 0xF370, 0xFB91,
    0xFB71, 0xF370, 0xFB91, 0xF371, 0xF371, 0xFB91, 0xF371, 0xFB91, 0xFB91, 0xF371, 0xFB92, 0xF371,
    0xF371, 0xFB91, 0xF371, 0xFB92, 0xFB91, 0xF371, 0xFB92, 0xFB91, 0xF371, 0xFB92, 0xF391, 0xFB92,
    0xFB92, 0xF391, 0xFB92, 0xF392, 0xF392, 0xFBB2, 0xF392, 0xFBB3, 0xFBB2, 0xF392, 0xFBB3, 0xF3B3,
    0xF392, 0xFBB3, 0xF3B3, 0xFBB3, 0xFBB3, 0xF3B3, 0xFBD3, 0xF3B3, 0xF3B3, 0xFBD3, 0xF3B3, 0xFBD4,
    0xFBD4, 0xF3B3, 0xFBD4, 0xF3D4, 0xF3D3, 0xFBD4, 0xF3D4, 0xFBF5, 0xF3F4, 0xF3D4, 0xFBF5, 0xF3F5,
    0xF3F4, 0xFC15, 0xF3F5, 0xFC15, 0xF415, 0xF3F5, 0xF416, 0xF415, 0xF3F5, 0xF416, 0xF415, 0xFBB5,
    0xFF3D, 0xFE5B, 0xF3B6, 0xCB71, 0xF3D3, 0xEBD4, 0xEBD3, 0xEBD4, 0xEBD3, 0xE3B3, 0xEBD4, 0xE3B3,
    0xE3B3, 0xE3B3, 0xDBB3, 0xE3B3, 0xDB93, 0xD392, 0xDB93, 0xD372, 0xCB72, 0xD372, 0xCB71, 0xCB72,
    0xCB71, 0xC351, 0xC351, 0xC351, 0xBB30, 0xC331, 0xBB30, 0xBB31, 0xB371, 0xB371, 0xB371, 0xB392,
    0xB391, 0xB391, 0xB3B2, 0xB3B2, 0xBBD2, 0xB3F2, 0xB3F2, 0xBC13, 0xB412, 0xB412, 0xB453, 0xB453,
    0xBC73, 0xB473, 0xB493, 0xB4B4, 0xACB3, 0xACB3, 0xACD4, 0xACF3, 0xAD14, 0xAD14, 0xA513, 0x9D94,
    0xA412, 0xFB97, 0xFF3D, 0xFE7B, 0xFB75, 0xF436, 0xF416, 0xF436, 0xF436, 0xF416, 0xF416, 0xF416,
    0xFC16, 0xF416, 0xF3F5, 0xFC16, 0xF415, 0xF3F5, 0xFC15, 0xF3F5, 0xFBF5, 0xFBF5, 0xF3D4, 0xFBD4,
    0xF3D4, 0xF3B3, 0xFBD4, 0xF3B4, 0xFBD4, 0xFBB4, 0xF3B3, 0xFBB4, 0xFBB4, 0xF3B3, 0xFBB4, 0xF3B3,
    0xFBB4, 0xFBB3, 0xF393, 0xFBB3, 0xF393, 0xF393, 0xFB93, 0xF393, 0xFB93, 0xFB93, 0xF392, 0xFB93,
    0xFB93, 0xF372, 0xFB93, 0xF392, 0xFB93, 0xFB93, 0xF372, 0xFB93, 0xFB72, 0xF372, 0xFB72, 0xF372,
    0xFB72, 0xFB72, 0xF351, 0xFB72, 0xFB72, 0xF351, 0xFB52, 0xF351, 0xFB72, 0xFB51, 0xF351, 0xFB51,
    0xF351, 0xF351, 0xFB51, 0xF351, 0xFB71, 0xFB71, 0xF351, 0xFB71, 0xFB51, 0xF350, 0xFB51, 0xFB50,
    0xFB51, 0xFB51, 0xF330, 0xFB51, 0xFB50, 0xF350, 0xFB51, 0xF350, 0xFB51, 0xFB50, 0xF350, 0xFB50,
    0xFB50, 0xF350, 0xFB50, 0xF350, 0xFB71, 0xFB50, 0xF350, 0xFB50, 0xFB50, 0xF32F, 0xFB50, 0xFB50,
    0xFB50, 0xFB50, 0xF34F, 0xFB50, 0xFB50, 0xF32F, 0xFB50, 0xF32F, 0xFB50, 0xFB4F, 0xF32F, 0xFB50,
    0xFB50, 0xF34F, 0xFB50, 0xFB4F, 0xFB50, 0xFB50, 0xF34F, 0xFB70, 0xFB50, 0xF34F, 0xFB50, 0xF34F,
    0xFB50, 0xFB4F, 0xF32F, 0xFB50, 0xF32F, 0xF32F, 0xFB4F, 0xF32F, 0xFB50, 0xFB4F, 0xF32F, 0xFB50,
    0xFB4F, 0xF32F, 0xFB50, 0xF32F, 0xFB50, 0xFB50, 0xF34F, 0xFB70, 0xF350, 0xF34F, 0xFB70, 0xF34F,
    0xFB70, 0xFB70, 0xF34F, 0xFB70, 0xF350, 0xF34F, 0xFB50, 0xF350, 0xFB70, 0xFB70, 0xF350, 0xFB70,
    0xF350, 0xF350, 0xFB70, 0xF370, 0xFB71, 0xFB70, 0xF350, 0xFB70, 0xF370, 0xF370, 0xFB71, 0xF370,
    0xFB91, 0xFB71, 0xF370, 0xFB91, 0xF370, 0xF370, 0xFB91, 0xF370, 0xFB91, 0xFB71, 0xF371, 0xFB91,
    0xF371, 0xF371, 0xFB91, 0xF391, 0xFB92, 0xFB91, 0xF371, 0xFB92, 0xFB91, 0xF371, 0xFB91, 0xF391,
    0xFB92, 0xFB92, 0xF371, 0xFB92, 0xF392, 0xF391, 0xFB92, 0xF392, 0xFB92, 0xFB92, 0xF391, 0xFBB2,
    0xF392, 0xF392, 0xFBB2, 0xF3B2, 0xFBB3, 0xF3B3, 0xF3B2, 0xFBB3, 0xF3B2, 0xF392, 0xFBB3, 0xF3B3,
    0xFBB3, 0xFBB3, 0xF3B3, 0xFBD3, 0xF3B3, 0xF3B3, 0xF3D4, 0xF3D3, 0xFBD4, 0xF3D4, 0xF3D3, 0xFBD4,
    0xF3D4, 0xF3D4, 0xFBD4, 0xF3D4, 0xFBF5, 0xF3F5, 0xF3F4, 0xFC15, 0xF3F5, 0xF3F5, 0xF415, 0xF3F5,
    0xFC16, 0xF415, 0xF415, 0xFC16, 0xF415, 0xF415, 0xF416, 0xF395, 0xFF5E, 0xFE5B, 0xF395, 0xCB72,
    0xF3D4, 0xEBD3, 0xEBD4, 0xEBD3, 0xEBD4, 0xEBD3, 0xE3B3, 0xE3D4, 0xE3B3, 0xDBB3, 0xE3B3, 0xDB93,
    0xDBB3, 0xDB93, 0xD372, 0xD392, 0xD372, 0xCB71, 0xCB72, 0xCB51, 0xCB72, 0xC351, 0xC331, 0xC351,
    0xBB31, 0xBB30, 0xBB31, 0xBB30, 0xB371, 0xB371, 0xB371, 0xB371, 0xB3B2, 0xB391, 0xB3B1, 0xB3D2,
    0xB3D2, 0xBBF2, 0xB3F2, 0xB3F2, 0xBC33, 0xB433, 0xB432, 0xB453, 0xB453, 0xB494, 0xB493, 0xAC93,
    0xB4B4, 0xACB3, 0xACD3, 0xACF4, 0xACF3, 0xAD14, 0xAD14, 0x9D73, 0xAC33, 0xFB97, 0xF73D, 0xFE7C,
    0xF375, 0xFC37, 0xF416, 0xF416, 0xF436, 0xF416, 0xF415, 0xF416, 0xF415, 0xFC16, 0xF416, 0xF415,
    0xFC16, 0xF415, 0xF3F5, 0xFBF5, 0xF3F4, 0xFBF5, 0xFBD4, 0xF3D4, 0xFBD4, 0xF3D4, 0xF3B4, 0xFBD4,
    0xF3B4, 0xFBD4, 0xF3D4, 0xF3B3, 0xFBD4, 0xF3B4, 0xF3B3, 0xFBB4, 0xF3B3, 0xFBB4, 0xF3B3, 0xF393,
    0xFBB3, 0xF393, 0xF393, 0xFB93, 0xF393, 0xFB93, 0xFB93, 0xF392, 0xFBB3, 0xFB93, 0xF392, 0xFB93,
    0xF392, 0xFB93, 0xFB93, 0xF392, 0xFB93, 0xF392, 0xF372, 0xFB92, 0xF372, 0xFB72, 0xFB72, 0xF351,
    0xFB72, 0xF372, 0xF351, 0xFB72, 0xF351, 0xFB72, 0xFB71, 0xF351, 0xFB71, 0xF351, 0xF351, 0xFB71,
    0xF371, 0xFB71, 0xFB71, 0xF351, 0xFB71, 0xF351, 0xF350, 0xFB51, 0xF350, 0xFB51, 0xFB51, 0xF350,
    0xFB71, 0xFB50, 0xF350, 0xFB51, 0xF350, 0xFB71, 0xFB50, 0xF350, 0xFB71, 0xFB50, 0xF350, 0xFB71,
    0xF350, 0xFB71, 0xFB70, 0xF350, 0xFB70, 0xFB50, 0xF34F, 0xFB50, 0xF350, 0xFB70, 0xFB50, 0xF34F,
    0xFB70, 0xF350, 0xF34F, 0xFB50, 0xF34F, 0xFB50, 0xFB50, 0xF34F, 0xFB70, 0xFB50, 0xF34F, 0xFB70,
    0xF350, 0xFB70, 0xFB70, 0xF34F, 0xFB70, 0xF350, 0xF34F, 0xFB70, 0xF34F, 0xFB70, 0xFB50, 0xF34F,
    0xFB50, 0xF34F, 0xF34F, 0xFB4F, 0xF34F, 0xFB50, 0xFB4F, 0xF34F, 0xFB70, 0xF34F, 0xF34F, 0xFB50,
    0xF34F, 0xFB70, 0xFB70, 0xF34F, 0xFB70, 0xF350, 0xF34F, 0xFB70, 0xF370, 0xFB70, 0xFB70, 0xF350,
    0xFB70, 0xF350, 0xF34F, 0xFB70, 0xF370, 0xFB70, 0xFB70, 0xF350, 0xFB70, 0xF350, 0xF350, 0xFB70,
    0xF370, 0xFB71, 0xFB70, 0xF370, 0xFB71, 0xF370, 0xF370, 0xFB71, 0xF370, 0xFB91, 0xFB70, 0xF370,
    0xFB91, 0xF370, 0xF370, 0xFB91, 0xF371, 0xFB91, 0xFB91, 0xF371, 0xFB91, 0xFB91, 0xF371, 0xFB91,
    0xF391, 0xFB92, 0xFB91, 0xF371, 0xFB92, 0xFB91, 0xF371, 0xFB92, 0xF391, 0xFB92, 0xFB92, 0xF391,
    0xFB92, 0xF392, 0xF391, 0xFB92, 0xF392, 0xFBB2, 0xFB92, 0xF392, 0xFBB2, 0xF3B2, 0xF392, 0xFBB3,
    0xF3B2, 0xFBB3, 0xFBB3, 0xF3B2, 0xFBB3, 0xF3B3, 0xF392, 0xFBB3, 0xF3B3, 0xFBD4, 0xFBB3, 0xF3B3,
    0xFBD4, 0xF3D3, 0xF3B3, 0xFBD4, 0xF3D3, 0xFBD4, 0xF3D4, 0xF3D4, 0xFBF4, 0xF3D4, 0xF3D4, 0xFBF5,
    0xF3F4, 0xFBF5, 0xF3F5, 0xF3F4, 0xFC15, 0xF3F5, 0xF3F5, 0xF415, 0xF415, 0xFC16, 0xF416, 0xF415,
    0xFC16, 0xF416, 0xF3F5, 0xF395, 0xFF5D, 0xFE5C, 0xF396, 0xCB51, 0xFBD4, 0xEBD4, 0xEBB3, 0xEBD4,
    0xEBB3, 0xEBD4, 0xE3D3, 0xE3B3, 0xE3B3, 0xE3B3, 0xDB92, 0xDBB3, 0xDB92, 0xDB93, 0xD392, 0xD372,
    0xD392, 0xCB72, 0xCB51, 0xCB72, 0xC351, 0xCB52, 0xC351, 0xBB31, 0xC351, 0xBB31, 0xBB30, 0xBB30,
    0xB371, 0xB371, 0xB391, 0xB391, 0xB391, 0xB3B2, 0xB3B2, 0xB3B1, 0xB3D2, 0xB3D2, 0xBBF3, 0xB412,
    0xB412, 0xBC33, 0xB433, 0xB432, 0xB473, 0xB473, 0xB494, 0xB493, 0xAC93, 0xB4D4, 0xACD4, 0xACD3,
    0xACF4, 0xACF4, 0xAD14, 0x9D74, 0xA412, 0xFBB8, 0xFF5D, 0xF65B, 0xF375, 0xF436, 0xFC37, 0xF416,
    0xF416, 0xF436, 0xF416, 0xF415, 0xF416, 0xF415, 0xFC16, 0xF415, 0xF3F5, 0xFC15, 0xF3F5, 0xF3F4,
    0xFBF5, 0xF3F4, 0xFC15, 0xFC15, 0xF414, 0xFC15, 0xF415, 0xF3F4, 0xFC15, 0xF414, 0xFC15, 0xFC15,
    0xF3F4, 0xFC15, 0xF3F4, 0xF3F4, 0xFBF4, 0xF3F4, 0xFBF4, 0xF3F4, 0xF3D3, 0xFBF4, 0xF3F4, 0xF3D3,
    0xFBD4, 0xF3D3, 0xFBF4, 0xFBF4, 0xF3D3, 0xFBF4, 0xF3F4, 0xF3D3, 0xFBD3, 0xF3D3, 0xFBD4, 0xFBD3,
    0xF3D3, 0xFBD3, 0xF3D3, 0xF3B2, 0xFBD3, 0xF3B3, 0xFBD3, 0xFBB3, 0xF3B2, 0xFBB3, 0xF3B2, 0xF3B2,
    0xFBB3, 0xF3B2, 0xFBB2, 0xFBB2, 0xF392, 0xFBB2, 0xF3B2, 0xF391, 0xFBB2, 0xF3B2, 0xFBB2, 0xFBB2,
    0xF391, 0xFBB2, 0xF391, 0xF391, 0xFBB2, 0xF391, 0xFBB2, 0xFBB1, 0xF391, 0xFBB2, 0xF391, 0xF391,
    0xFBB1, 0xF391, 0xFBB2, 0xFBB1, 0xF391, 0xFBB1, 0xF3B1, 0xF391, 0xFBB1, 0xF3B1, 0xFBB1, 0xFBB1,
    0xF391, 0xFBB1, 0xF3B1, 0xF390, 0xFBB1, 0xF390, 0xFBB1, 0xFBB1, 0xF390, 0xFBB1, 0xF390, 0xF390,
    0xFB91, 0xF390, 0xFBB1, 0xFBB1, 0xF390, 0xFBB1, 0xF3B1, 0xF390, 0xFBB1, 0xF3B0, 0xFBB1, 0xFBB1,
    0xF390, 0xFBB1, 0xF390, 0xF390, 0xFBB1, 0xF390, 0xFBB1, 0xFBB0, 0xF390, 0xFBB0, 0xF390, 0xF390,
    0xFB90, 0xF390, 0xFBB1, 0xFBB0, 0xF390, 0xFBB1, 0xF390, 0xF390, 0xFBB1, 0xF390, 0xFBB1, 0xFBB1,
    0xF390, 0xFBB1, 0xF3B1, 0xF390, 0xFBB1, 0xF3B1, 0xFBB1, 0xFBB1, 0xF390, 0xFBB1, 0xF391, 0xF390,
    0xFBB1, 0xF3B1, 0xFBB1, 0xFBB1, 0xF391, 0xFB91, 0xF370, 0xF350, 0xFB70, 0xF370, 0xFB71, 0xFB70,
    0xF370, 0xFB71, 0xF370, 0xF370, 0xFB71, 0xF370, 0xFB91, 0xFB71, 0xF370, 0xFB91, 0xF391, 0xF371,
    0xFB91, 0xF371, 0xFB91, 0xFB91, 0xF371, 0xFB91, 0xFB91, 0xF391, 0xFB92, 0xF391, 0xFB92, 0xFB91,
    0xF371, 0xFB92, 0xF391, 0xF391, 0xFB92, 0xF391, 0xFBB2, 0xFB92, 0xF391, 0xFBB2, 0xF392, 0xF391,
    0xFB92, 0xF392, 0xFB92, 0xFB92, 0xF392, 0xFBB3, 0xF3B2, 0xF3B2, 0xFBB3, 0xF3B3, 0xFBD3, 0xFBB3,
    0xF3B3, 0xFBB3, 0xF3B3, 0xF3B3, 0xFBB3, 0xF3B3, 0xFBD4, 0xFBD3, 0xF3B3, 0xFBD4, 0xF3D3, 0xF3B3,
    0xFBD4, 0xF3D4, 0xFBD4, 0xF3D4, 0xF3D4, 0xFBF4, 0xF3D4, 0xF3D4, 0xFBF5, 0xF3F4, 0xFC15, 0xF415,
    0xF3F5, 0xFC15, 0xF415, 0xF3F5, 0xF415, 0xF415, 0xFC16, 0xF416, 0xF415, 0xFC36, 0xF416, 0xF394,
    0xFF5D, 0xFE5B, 0xFBB6, 0xCB72, 0xF3D3, 0xF3D4, 0xEBD4, 0xE3B3, 0xEBD4, 0xE3B3, 0xEBD4, 0xE3B3,
    0xE3B3, 0xE3B3, 0xDBB3, 0xDB92, 0xDB93, 0xD392, 0xDB93, 0xD392, 0xCB72, 0xD372, 0xCB72, 0xC351,
    0xCB51, 0xC351, 0xC351, 0xC351, 0xBB30, 0xBB51, 0xBB30, 0xB310, 0xAB50, 0xB371, 0xB371, 0xB392,
    0xB391, 0xB391, 0xB3B2, 0xB3B2, 0xB3B1, 0xB3D2, 0xB3F2, 0xBC13, 0xB412, 0xB412, 0xBC33, 0xB453,
    0xB453, 0xB473, 0xB473, 0xB494, 0xB4B4, 0xACB3, 0xB4D4, 0xACD4, 0xACD3, 0xACF4, 0xACF4, 0xA574,
    0xA412, 0xFB97, 0xFF5E, 0xFE7B, 0xF375, 0xF437, 0xF416, 0xF437, 0xF436, 0xF416, 0xFC36, 0xF416,
    0xF415, 0xFC16, 0xF415, 0xFC16, 0xF415, 0xF3F5, 0xFC15, 0xF3F5, 0xF3F4, 0xFC35, 0xF435, 0xFC35,
    0xFC35, 0xF414, 0xFC35, 0xF415, 0xF414, 0xFC15, 0xF414, 0xFC15, 0xF415, 0xF3F4, 0xFC15, 0xF3F4,
    0xF3F4, 0xFC14, 0xF3F4, 0xFBF4, 0xF3F4, 0xF3F4, 0xFBF4, 0xF3F4, 0xF3D3, 0xFBF4, 0xF3F3, 0xFBF4,
    0xFBF4, 0xF3D3, 0xFBF4, 0xF3F3, 0xF3D3, 0xFBD4, 0xF3D3, 0xFBF4, 0xFBD3, 0xF3D3, 0xFBD3, 0xF3D3,
    0xF3D3, 0xFBD3, 0xF3D3, 0xFBD3, 0xFBD3, 0xF3B2, 0xFBD3, 0xF3B3, 0xF3B2, 0xFBB3, 0xF3B2, 0xFBB3,
    0xFBB2, 0xF3B2, 0xFBD2, 0xF3B2, 0xF3B2, 0xFBB2, 0xF3B2, 0xFBD2, 0xFBB2, 0xF391, 0xFBB2, 0xF3B2,
    0xF391, 0xFBB2, 0xF3B1, 0xFBB2, 0xFBB2, 0xF3B1, 0xFBB2, 0xF3B1, 0xF391, 0xFBB2, 0xF3B1, 0xFBB2,
    0xFBB1, 0xF391, 0xFBB2, 0xF3B1, 0xF3B1, 0xFBB1, 0xF3B1, 0xFBB1, 0xFBB1, 0xF391, 0xFBB1, 0xF3B1,
    0xF390, 0xFBB1, 0xF3B1, 0xFBB1, 0xFBB1, 0xF391, 0xFBB1, 0xF3B1, 0xF390, 0xFBB1, 0xF3B0, 0xFBB1,
    0xFBB1, 0xF3B1, 0xFBB1, 0xF3B1, 0xF3B0, 0xFBB1, 0xF3B1, 0xFBB1, 0xFBB1, 0xF390, 0xFBB1, 0xF3B1,
    0xF390, 0xFBB1, 0xF3B0, 0xFBB1, 0xFBB1, 0xF390, 0xFBB1, 0xF390, 0xF390, 0xFBB1, 0xF3B0, 0xFBB1,
    0xFBB1, 0xF390, 0xFBB1, 0xF3B1, 0xF390, 0xFBB1, 0xF3B1, 0xFBB1, 0xFBB1, 0xF390, 0xFBB1, 0xF3B1,
    0xF3B0, 0xFBB1, 0xF3B1, 0xFBB1, 0xFBB1, 0xF391, 0xFBB1, 0xF3B1, 0xF3B1, 0xFBB1, 0xF3B1, 0xFBB1,
    0xFBB1, 0xF3B1, 0xFBB1, 0xF370, 0xF350, 0xFB70, 0xF370, 0xFB71, 0xFB70, 0xF370, 0xFB91, 0xF370,
    0xF370, 0xFB91, 0xF370, 0xFB91, 0xFB91, 0xF350, 0xFAEF, 0xF2EF, 0xF2EF, 0xFB91, 0xF391, 0xFB92,
    0xFB91, 0xF371, 0xFB92, 0xF350, 0xF2EF, 0xFB30, 0xF391, 0xFBB2, 0xFB92, 0xF391, 0xFBB2, 0xFB91,
    0xF391, 0xFB92, 0xF392, 0xFBB2, 0xFB92, 0xF391, 0xFBB2, 0xF392, 0xF391, 0xFB92, 0xF392, 0xFBB3,
    0xFBB2, 0xF392, 0xFBB3, 0xF3B3, 0xF3B2, 0xFBB3, 0xF3B3, 0xFBD3, 0xFBB3, 0xF3B3, 0xFBD3, 0xF3B3,
    0xF3B3, 0xFBD3, 0xF3B3, 0xFBD4, 0xF3D3, 0xF3B3, 0xFBD4, 0xF3D4, 0xF3D3, 0xFBD4, 0xF3D4, 0xFBF4,
    0xF3F4, 0xF3D4, 0xFBF5, 0xF3F4, 0xF3F4, 0xFBF5, 0xF3F5, 0xFC15, 0xF415, 0xF3F5, 0xFC15, 0xF3F5,
    0xF3F5, 0xF416, 0xF415, 0xFC16, 0xF416, 0xF416, 0xFC16, 0xF395, 0xFF3D, 0xFE5B, 0xF3B6, 0xD392,
    0xF3D4, 0xEBD3, 0xEBD4, 0xEBD3, 0xE3B3, 0xEBD4, 0xE3B3, 0xE3D4, 0xE3B3, 0xDBB3, 0xE3B3, 0xDB93,
    0xD392, 0xDB93, 0xD392, 0xD393, 0xCB72, 0xCB71, 0xCB72, 0xCB51, 0xC351, 0xC351, 0xC351, 0xC351,
    0xBB31, 0xBB30, 0xBB31, 0xBB30, 0xAB51, 0xAB50, 0xB371, 0xB371, 0xB392, 0xB391, 0xB391, 0xB3D2,
    0xB3B2, 0xB3D2, 0xB3F2, 0xB3F2, 0xBC13, 0xB413, 0xB432, 0xBC53, 0xB453, 0xB453, 0xB473, 0xB493,
    0xB4B4, 0xB4B4, 0xACB3, 0xB4D4, 0xACD4, 0xACF3, 0xAD14, 0x9D53, 0xAC33, 0xFBB8, 0xFF3D, 0xFE7C,
    0xF395, 0xF436, 0xF436, 0xF416, 0xFC37, 0xF436, 0xF416, 0xFC36, 0xF416, 0xF415, 0xFC16, 0xF415,
    0xFC16, 0xFC15, 0xF3F5, 0xFC15, 0xF435, 0xF435, 0xFC35, 0xF415, 0xFC35, 0xFC15, 0xF415, 0xFC35,
    0xF415, 0xF414, 0xFC15, 0xF414, 0xFC15, 0xFC15, 0xF3F4, 0xFC15, 0xF3F4, 0xF3F4, 0xFBF4, 0xF3F4,
    0xFBF4, 0xFBF4, 0xF3F4, 0xFBF4, 0xF3F4, 0xF3D3, 0xFBF4, 0xF3F4, 0xFBF4, 0xFBF4, 0xF3F3, 0xFBF4,
    0xF3D3, 0xF3D3, 0xFBF4, 0xF3D3, 0xFBF4, 0xFBD3, 0xF3D3, 0xFBD3, 0xF3D3, 0xF3B3, 0xFBD3, 0xF3B3,
    0xFBD3, 0xFBD3, 0xF3B2, 0xFBD3, 0xF3B3, 0xF3B2, 0xFBB2, 0xF3B2, 0xFBB3, 0xFBB2, 0xF3B2, 0xFBD2,
    0xF3B2, 0xF3B2, 0xFBB2, 0xF3B2, 0xFBD2, 0xFBB2, 0xF391, 0xFBB2, 0xF3B2, 0xF391, 0xFBB2, 0xF3B1,
    0xFBB2, 0xFBB2, 0xF3B1, 0xFBB2, 0xF3B1, 0xF391, 0xFBB2, 0xF3B1, 0xFBB2, 0xFBB1, 0xF3B1, 0xFBD2,
    0xF3B1, 0xF3B1, 0xFBB1, 0xF3B1, 0xFBB2, 0xFBB1, 0xF391, 0xFBB1, 0xF3B1, 0xF390, 0xFBB1, 0xF3B1,
    0xFBB1, 0xFBB1, 0xF390, 0xFBB1, 0xF3B1, 0xF390, 0xFBB1, 0xF3B1, 0xFBB1, 0xFBB1, 0xF3B1, 0xFBB1,
    0xF3B1, 0xF3B0, 0xFBB1, 0xF3B1, 0xFBB1, 0xFBB1, 0xF390, 0xFBB1, 0xF3B1, 0xF390, 0xFBB1, 0xF3B0,
    0xFBB1, 0xFBB1, 0xF390, 0xFBB1, 0xF3B0, 0xF390, 0xFBB1, 0xF3B0, 0xFBB1, 0xFBB1, 0xF390, 0xFBB1,
    0xF3B1, 0xF390, 0xFBB1, 0xF3B1, 0xFBB1, 0xFBB1, 0xF3B1, 0xFBB1, 0xF3B1, 0xF3B1, 0xFBB1, 0xF3B1,
    0xFBB1, 0xFBB1, 0xF391, 0xFBB1, 0xF3B1, 0xF3B1, 0xFBB1, 0xF3B1, 0xFBD2, 0xFBB1, 0xF3B1, 0xFBB2,
    0xF370, 0xF370, 0xFB71, 0xF370, 0xFB71, 0xFB70, 0xF370, 0xFB91, 0xF370, 0xF370, 0xFB91, 0xF390,
    0xFB71, 0xFBB1, 0xFCD5, 0xFD16, 0xFCD5, 0xF30F, 0xFBB1, 0xFB70, 0xFB51, 0xFB71, 0xF330, 0xFC33,
    0xFD36, 0xF474, 0xFB51, 0xF391, 0xFBB2, 0xFB71, 0xF351, 0xFB92, 0xFB92, 0xF391, 0xFB92, 0xF392,
    0xFBB2, 0xFB92, 0xF392, 0xFBB2, 0xF392, 0xF392, 0xFB92, 0xF392, 0xFBB3, 0xFBB2, 0xF392, 0xFBB3,
    0xF3B3, 0xF3B2, 0xFBB3, 0xF3B3, 0xFBD3, 0xFBB3, 0xF3B3, 0xFBD3, 0xF3B3, 0xF3B3, 0xFBD3, 0xF3B3,
    0xFBD4, 0xF3D4, 0xF3B3, 0xFBD4, 0xF3D4, 0xF3D3, 0xFBD4, 0xF3D4, 0xFBF5, 0xF3F4, 0xF3D4, 0xFBF5,
    0xF3F4, 0xF3F4, 0xF415, 0xF3F5, 0xFC15, 0xF415, 0xF3F5, 0xFC16, 0xF415, 0xF415, 0xF416, 0xF415,
    0xFC36, 0xF436, 0xF416, 0xFBB5, 0xFF1D, 0xFE5B, 0xF3B6, 0xCB71, 0xFBD4, 0xEBD4, 0xEBD3, 0xEBD4,
    0xEBD3, 0xE3B3, 0xE3D4, 0xE3B3, 0xE3B4, 0xDBB3, 0xDB93, 0xDBB3, 0xD393, 0xD392, 0xD392, 0xCB72,
    0xD392, 0xCB72, 0xC351, 0xCB72, 0xC351, 0xBB51, 0xC351, 0xBB31, 0xC351, 0xBB31, 0xB310, 0xBB30,
    0xB371, 0xAB51, 0xAB70, 0xB371, 0xB391, 0xB392, 0xB3B2, 0xB3B1, 0xB3D2, 0xB3D2, 0xB3D2, 0xB3F2,
    0xB3F2, 0xBC33, 0xB433, 0xB433, 0xBC53, 0xB453, 0xB473, 0xB494, 0xB493, 0xB4B4, 0xB4B4, 0xACB3,
    0xB4F4, 0xACF4, 0xACF3, 0xA554, 0xA412, 0xFBB8, 0xFF5D, 0xFE7B, 0xF396, 0xF436, 0xF436, 0xF436,
    0xF436, 0xFC37, 0xF436, 0xF416, 0xFC36, 0xF416, 0xF415, 0xFC16, 0xF415, 0xFC16, 0xF415, 0xF415,
    0xFC56, 0xF435, 0xF415, 0xFC35, 0xF435, 0xFC35, 0xFC35, 0xF414, 0xFC35, 0xF415, 0xF414, 0xFC15,
    0xF414, 0xFC15, 0xFC15, 0xF3F4, 0xFC15, 0xF3F4, 0xF3F4, 0xFBF4, 0xF3F4, 0xFC14, 0xFBF4, 0xF3F4,
    0xFBF4, 0xF3F4, 0xF3F3, 0xFBF4, 0xF3F4, 0xFBF4, 0xFBF4, 0xF3F3, 0xFBF4, 0xF3D3, 0xF3D3, 0xFBF4,
    0xF3D3, 0xFBF4, 0xFBD3, 0xF3D3, 0xFBF3, 0xF3D3, 0xF3D2, 0xFBD3, 0xF3D3, 0xFBD3, 0xFBD3, 0xF3B2,
    0xFBD3, 0xF3B2, 0xF3B2, 0xFBB2, 0xF3B2, 0xFBD3, 0xFBD2, 0xF3B2, 0xFBD2, 0xF3B2, 0xF3B2, 0xFBB2,
    0xF3B2, 0xFBB2, 0xFBB2, 0xF3B1, 0xFBB2, 0xF3B2, 0xF391, 0xFBB2, 0xF3B1, 0xFBD2, 0xFBB2, 0xF391,
    0xFBB2, 0xF3B1, 0xF3B1, 0xFBB2, 0xF3B1, 0xFBB2, 0xFBB1, 0xF3B1, 0xFBD2, 0xF3B1, 0xF3B1, 0xFBB1,
    0xF3B1, 0xFBB2, 0xFBB1, 0xF3B1, 0xFBB1, 0xF3B1, 0xF3B1, 0xFBB1, 0xF3B1, 0xFBB1, 0xFBB1, 0xF390,
    0xFBB1, 0xF3B1, 0xF3B0, 0xFBB1, 0xF3B1, 0xFBD1, 0xFBB1, 0xF3B1, 0xFBB1, 0xF3B1, 0xF3B0, 0xFBB1,
    0xF3B1, 0xFBB1, 0xFBB1, 0xF3B0, 0xFBB1, 0xF3B1, 0xF390, 0xFBB1, 0xF3B0, 0xFBB1, 0xFBB1, 0xF390,
    0xFBB1, 0xF3B1, 0xF390, 0xFBB1, 0xF3B1, 0xFBB1, 0xFBB1, 0xF390, 0xFBB1, 0xF3B1, 0xF3B1, 0xFBB1,
    0xF3B1, 0xFBB1, 0xFBB1, 0xF3B1, 0xFBB1, 0xF3B1, 0xF3B1, 0xFBB1, 0xF3B1, 0xFBB1, 0xFBB1, 0xF3B1,
    0xFBB1, 0xF3B1, 0xF3B1, 0xFBB1, 0xF3B1, 0xFBD2, 0xFBB1, 0xF3B1, 0xFBB1, 0xF370, 0xF370, 0xFB71,
    0xF370, 0xFB91, 0xFB71, 0xF370, 0xFB91, 0xF370, 0xF370, 0xFB91, 0xF30F, 0xFCF6, 0xFF3D, 0xFCB6,
    0xFD99, 0xFCF5, 0xF30F, 0xFBF2, 0xFC13, 0xFBD2, 0xFAEF, 0xF433, 0xFDD9, 0xFF3D, 0xF350, 0xFB92,
    0xFB71, 0xFBD3, 0xFBF3, 0xF371, 0xFB71, 0xFBB2, 0xF391, 0xFB92, 0xFBB2, 0xFBB2, 0xFB92, 0xF392,
    0xFBB2, 0xF392, 0xF392, 0xFB92, 0xF392, 0xFBB3, 0xF3B3, 0xF3B2, 0xFBD3, 0xF3B3, 0xF3B2, 0xFBB3,
    0xF3B3, 0xFBD3, 0xFBB3, 0xF3B3, 0xFBD4, 0xF3D3, 0xF3B3, 0xFBD4, 0xF3D3, 0xFBD4, 0xF3D4, 0xF3D4,
    0xFBF4, 0xF3D4, 0xF3D4, 0xFBD4, 0xF3D4, 0xFBF5, 0xF3F4, 0xF3D4, 0xFBF5, 0xF3F5, 0xF3F4, 0xFC15,
    0xF415, 0xFC16, 0xF415, 0xF415, 0xFC36, 0xF416, 0xF415, 0xF416, 0xF416, 0xFC36, 0xF436, 0xF395,
    0xFF3D, 0xFE5B, 0xEB96, 0xCB72, 0xF3D4, 0xEBD4, 0xEBD4, 0xE3B3, 0xEBD4, 0xE3B3, 0xE3B3, 0xE3B3,
    0xDBB3, 0xE3B3, 0xDBB3, 0xD392, 0xDBB3, 0xD392, 0xCB72, 0xD392, 0xCB72, 0xCB72, 0xCB72, 0xC351,
    0xC352, 0xC351, 0xBB30, 0xBB51, 0xBB30, 0xBB31, 0xBB30, 0xB310, 0xAB50, 0xB371, 0xAB71, 0xAB71,
    0xB391, 0xB391, 0xB3B2, 0xB3B2, 0xB3B1, 0xB3D2, 0xB3D2, 0xB3D2, 0xB413, 0xB412, 0xBC33, 0xB433,
    0xB433, 0xBC73, 0xB473, 0xB473, 0xB494, 0xB493, 0xB4B4, 0xB4D4, 0xACD3, 0xB4F4, 0xACF4, 0xA533,
    0xAC13, 0xFBB8, 0xFF5E, 0xFE7C, 0xF395, 0xF457, 0xF436, 0xF436, 0xF436, 0xF436, 0xFC37, 0xF436,
    0xF416, 0xFC16, 0xF416, 0xF3F5, 0xFC16, 0xF415, 0xFC16, 0xF436, 0xF435, 0xFC36, 0xF435, 0xF415,
    0xFC35, 0xF435, 0xFC35, 0xFC35, 0xF415, 0xFC35, 0xF415, 0xF414, 0xFC15, 0xF414, 0xFC15, 0xFC15,
    0xF3F4, 0xFC15, 0xF414, 0xF3F4, 0xFC14, 0xF3F4, 0xFC15, 0xFBF4, 0xF3F4, 0xFC14, 0xF3F4, 0xF3F3,
    0xFBF4, 0xF3F4, 0xFBF4, 0xFBF4, 0xF3D3, 0xFBF4, 0xF3D3, 0xF3D3, 0xFBF4, 0xF3D3, 0xFBF4, 0xFBD3,
    0xF3D3, 0xFBF3, 0xF3D3, 0xF3D3, 0xFBD3, 0xF3D3, 0xFBD3, 0xFBD3, 0xF3B2, 0xFBD3, 0xF3B2, 0xF3B2,
    0xFBD3, 0xF3B2, 0xFBD3, 0xFBD2, 0xF3B2, 0xFBD3, 0xF3B2, 0xF3B2, 0xFBD2, 0xF3B2, 0xFBB2, 0xFBB2,
    0xF3B1, 0xFBB2, 0xF3B2, 0xF3B1, 0xFBB2, 0xF3B2, 0xFBB2, 0xFBB2, 0xF3B1, 0xFBB2, 0xF3B1, 0xF3B1,
    0xFBB2, 0xF3B1, 0xFBD2, 0xFBB2, 0xF3B1, 0xFBD2, 0xF3B1, 0xF3B1, 0xFBB1, 0xF3B1, 0xFBB2, 0xFBB1,
    0xF3B1, 0xFBB1, 0xF3B1, 0xF3B1, 0xFBB1, 0xF3B1, 0xFBB1, 0xFBB1, 0xF391, 0xFBB1, 0xF3B1, 0xF3B0,
    0xFBB1, 0xF3B1, 0xFBD1, 0xFBB1, 0xF3B1, 0xFBD1, 0xF3B1, 0xF3B1, 0xFBB1, 0xF3B1, 0xFBB1, 0xFBB1,
    0xF3B0, 0xFBB1, 0xF3B1, 0xF390, 0xFBB1, 0xF3B0, 0xFBB1, 0xFBB1, 0xF390, 0xFBB1, 0xF3B1, 0xF390,
    0xFBB1, 0xF3B1, 0xFBB1, 0xFBB1, 0xF391, 0xFBB1, 0xF3B1, 0xF3B1, 0xFBB1, 0xF3B1, 0xFBB1, 0xFBB1,
    0xF3B1, 0xFBB1, 0xF3B1, 0xF3B1, 0xFBB1, 0xF3B1, 0xFBB2, 0xFBB1, 0xF3B1, 0xFBB2, 0xF3B1, 0xF3B1,
    0xFBB1, 0xF3B1, 0xFBD2, 0xFBD1, 0xF3B1, 0xFB71, 0xF370, 0xF370, 0xFB71, 0xF370, 0xFB91, 0xFB91,
    0xF370, 0xFB91, 0xF371, 0xF390, 0xFB0F, 0xFCF5, 0xFD98, 0xF9CC, 0xFBD2, 0xFE9B, 0xFB30, 0xFD97,
    0xFDB9, 0xFD37, 0xFB92, 0xFB30, 0xF30F, 0xFEDC, 0xFB51, 0xF371, 0xFB31, 0xFD77, 0xFE3A, 0xFD98,
    0xF350, 0xFE7B, 0xFC33, 0xF2CF, 0xFE5A, 0xF475, 0xFB51, 0xFBB2, 0xF392, 0xFBB2, 0xF392, 0xF392,
    0xFBB3, 0xF392, 0xFBB3, 0xFBB3, 0xF3B2, 0xFBD3, 0xF3B3, 0xF3B3, 0xFBD3, 0xF3B3, 0xFBD4, 0xF3D3,
    0xF3B3, 0xFBD4, 0xF3D3, 0xF3B3, 0xFBD4, 0xF3D4, 0xFBF4, 0xFBF4, 0xF3D4, 0xFBF4, 0xF3F4, 0xF3D4,
    0xF3F4, 0xF3F4, 0xFBF5, 0xF3F5, 0xF3F4, 0xFC15, 0xF3F5, 0xF3F5, 0xF415, 0xF415, 0xFC16, 0xF416,
    0xF415, 0xFC36, 0xF416, 0xF415, 0xF436, 0xF436, 0xFC36, 0xF3B5, 0xFF3D, 0xFE5B, 0xF3B6, 0xC371,
    0xF3D4, 0xEBD4, 0xEBD4, 0xEBD4, 0xE3B3, 0xE3D4, 0xE3B3, 0xDBB3, 0xE3B3, 0xDBB3, 0xDBB3, 0xDBB3,
    0xD392, 0xD393, 0xD372, 0xCB72, 0xCB72, 0xCB71, 0xCB72, 0xC351, 0xC351, 0xC351, 0xBB31, 0xBB30,
    0xBB31, 0xB330, 0xBB31, 0xB330, 0xAB50, 0xAB50, 0xB371, 0xAB71, 0xAB71, 0xB391, 0xB391, 0xB3B2,
    0xB3B2, 0xB3B1, 0xB3D2, 0xB3F2, 0xB3F2, 0xB413, 0xB412, 0xBC33, 0xB453, 0xB453, 0xBC73, 0xB473,
    0xB473, 0xB494, 0xB4B3, 0xB4D4, 0xB4D4, 0xACD3, 0xB4F4, 0xA534, 0xAC12, 0xFBB8, 0xFF5D, 0xFE9C,
    0xF395, 0xF436, 0xF457, 0xF436, 0xF436, 0xF436, 0xF436, 0xFC36, 0xF416, 0xF415, 0xFC16, 0xF415,
    0xF415, 0xFC15, 0xF3F5, 0xFC36, 0xFC56, 0xF435, 0xFC36, 0xF435, 0xF435, 0xFC35, 0xF435, 0xFC35,
    0xF435, 0xF414, 0xFC35, 0xF415, 0xF414, 0xFC15, 0xF414, 0xFC15, 0xF415, 0xF3F4, 0xFC15, 0xF3F4,
    0xF3F4, 0xFC14, 0xF3F4, 0xFC15, 0xFBF4, 0xF3F4, 0xFC14, 0xF3F4, 0xF3F4, 0xFBF4, 0xF3F4, 0xFBF4,
    0xF3F4, 0xF3D3, 0xFBF4, 0xF3D3, 0xF3D3, 0xFBF4, 0xF3D3, 0xFBF4, 0xFBF3, 0xF3D3, 0xFBF3, 0xF3D3,
    0xF3D3, 0xFBD3, 0xF3D3, 0xFBD3, 0xFBD3, 0xF3B2, 0xFBD3, 0xF3B2, 0xF3B2, 0xFBD3, 0xF3D2, 0xFBD3,
    0xFBD2, 0xF3B2, 0xFBD3, 0xF3B2, 0xF3B2, 0xFBB2, 0xF3B2, 0xFBD2, 0xFBB2, 0xF3B2, 0xFBB2, 0xF3B2,
    0xF3B1, 0xFBB2, 0xF3B2, 0xFBB2, 0xFBB2, 0xF3B1, 0xFBD2, 0xF3B2, 0xF3B1, 0xFBB2, 0xF3B1, 0xFBD2,
    0xFBD1, 0xF3B1, 0xFBD2, 0xF3B1, 0xF3B1, 0xFBB2, 0xF3B1, 0xFBB2, 0xFBB1, 0xF3B1, 0xFBB1, 0xF3B1,
    0xF3B1, 0xFBB1, 0xF3B1, 0xFBB1, 0xFBB1, 0xF3B1, 0xFBB1, 0xF3B1, 0xF3B1, 0xFBB1, 0xF3B1, 0xFBD1,
    0xFBB1, 0xF3B1, 0xFBD1, 0xF3B1, 0xF3B1, 0xFBB1, 0xF3B1, 0xFBB1, 0xFBB1, 0xF3B1, 0xFBB1, 0xF3B1,
    0xF3B0, 0xFBB1, 0xF3B1, 0xFBB1, 0xFBB1, 0xF390, 0xFBB1, 0xF3B1, 0xF391, 0xFBB1, 0xF3B1, 0xFBB1,
    0xFBB1, 0xF3B1, 0xFBB1, 0xF3B1, 0xF391, 0xFBB1, 0xF3B1, 0xFBB2, 0xFBB1, 0xF3B1, 0xFBB1, 0xF3B1,
    0xF3B1, 0xFBB1, 0xF3B1, 0xFBB2, 0xFBB1, 0xF3B1, 0xFBD2, 0xF3B1, 0xF3B1, 0xFBD2, 0xF3B1, 0xFBD2,
    0xFBB1, 0xF370, 0xFB91, 0xF370, 0xF370, 0xFB91, 0xF370, 0xFB91, 0xFB71, 0xF370, 0xFB91, 0xFB91,
    0xF30F, 0xFD16, 0xFDF8, 0xFAEF, 0xFC74, 0xFD77, 0xFC75, 0xFDD9, 0xFC13, 0xFE1A, 0xFE5A, 0xFB10,
    0xFBD2, 0xFE5A, 0xFB31, 0xFBB2, 0xF30F, 0xFCD5, 0xFCD5, 0xFEDC, 0xFC14, 0xFDF9, 0xFBD3, 0xF24E,
    0xF5B8, 0xFC75, 0xF310, 0xFBB3, 0xFB92, 0xF392, 0xFBB3, 0xF3B2, 0xF392, 0xFBB3, 0xF3B2, 0xFBB3,
    0xFBB3, 0xF3B2, 0xFBD3, 0xF3B3, 0xF3B3, 0xFBD3, 0xF3B3, 0xFBD4, 0xFBD3, 0xF3B3, 0xFBD4, 0xF3D4,
    0xF3D3, 0xFBD4, 0xF3D4, 0xFBF4, 0xF3F4, 0xF3D4, 0xFBF5, 0xF3F4, 0xF3D4, 0xF3F5, 0xF3F4, 0xFBF5,
    0xF3F5, 0xF3F5, 0xFC15, 0xF3F5, 0xF3F5, 0xF415, 0xF415, 0xFC16, 0xF416, 0xF415, 0xF436, 0xF416,
    0xF415, 0xF436, 0xF416, 0xFBD6, 0xFF3D, 0xFE3B, 0xF3D7, 0xC372, 0xEBD3, 0xEBD4, 0xEBD3, 0xEBD4,
    0xE3D4, 0xE3B3, 0xE3D4, 0xE3B3, 0xDBB3, 0xDBB3, 0xDB93, 0xDBB3, 0xD393, 0xD372, 0xD392, 0xCB72,
    0xCB71, 0xCB72, 0xC351, 0xC372, 0xC351, 0xBB31, 0xBB51, 0xBB30, 0xB330, 0xBB30, 0xB310, 0xB330,
    0xAB51, 0xAB51, 0xAB50, 0xB371, 0xAB71, 0xAB71, 0xB391, 0xB391, 0xB3B2, 0xB3D2, 0xB3D2, 0xB3F2,
    0xB3F2, 0xB3F2, 0xB413, 0xB432, 0xBC53, 0xB453, 0xB453, 0xBC74, 0xB473, 0xB493, 0xB4B4, 0xB4B3,
    0xB4D4, 0xB4D4, 0xACD3, 0xAD34, 0xAC12, 0xFBD8, 0xFF5E, 0xFE7C, 0xFB96, 0xF457, 0xF436, 0xF457,
    0xF436, 0xF436, 0xF436, 0xF436, 0xFC36, 0xF436, 0xF415, 0xFC16, 0xF415, 0xF3F5, 0xFC15, 0xF435,
    0xFC56, 0xFC36, 0xF435, 0xFC36, 0xF435, 0xF435, 0xFC35, 0xF435, 0xFC35, 0xF435, 0xF415, 0xFC35,
    0xF415, 0xF414, 0xFC15, 0xF414, 0xFC15, 0xF415, 0xF414, 0xFC15, 0xF414, 0xF3F4, 0xFC15, 0xF3F4,
    0xFC15, 0xFC14, 0xF3F4, 0xFC14, 0xF3F4, 0xF3F4, 0xFBF4, 0xF3F4, 0xFBF4, 0xFBF4, 0xF3D3, 0xFBF4,
    0xF3D3, 0xF3D3, 0xFBF4, 0xF3D3, 0xFBF4, 0xFBF3, 0xF3D3, 0xFBF3, 0xF3D3, 0xF3D3, 0xFBD3, 0xF3D3,
    0xFBD3, 0xFBD3, 0xF3B2, 0xFBD3, 0xF3D2, 0xF3B2, 0xFBD3, 0xF3D2, 0xFBD3, 0xFBD2, 0xF3B2, 0xFBD3,
    0xF3D2, 0xF3B2, 0xFBB2, 0xF3B2, 0xFBD2, 0xFBB2, 0xF3B2, 0xFBB2, 0xF3B2, 0xF3B1, 0xFBB2, 0xF3B2,
    0xFBD2, 0xFBB2, 0xF3B1, 0xFBD2, 0xF3B2, 0xF3B1, 0xFBD2, 0xF3B1, 0xFBD2, 0xFBD2, 0xF3B1, 0xFBD2,
    0xF3B1, 0xF3B1, 0xFBB2, 0xF3B1, 0xFBB2, 0xFBB1, 0xF3B1, 0xFBD1, 0xF3B1, 0xF3B1, 0xFBB1, 0xF3B1,
    0xFBB1, 0xFBB1, 0xF3B1, 0xFBB1, 0xF3B1, 0xF3B1, 0xFBB1, 0xF3B1, 0xFBD2, 0xFBD1, 0xF3B1, 0xFBD1,
    0xF3B1, 0xF3B1, 0xFBB1, 0xF3B1, 0xFBB1, 0xFBB1, 0xF3B1, 0xFBB1, 0xF3B1, 0xF390, 0xFBB1, 0xF3B1,
    0xFBB1, 0xFBB1, 0xF3B1, 0xFBB1, 0xF3B1, 0xF3B1, 0xFBB1, 0xF3B1, 0xFBB2, 0xFBB1, 0xF3B1, 0xFBB1,
    0xF3B1, 0xF391, 0xFBB1, 0xF3B1, 0xFBB2, 0xFBB1, 0xF3B1, 0xFBB2, 0xF3B1, 0xF3B1, 0xFBB1, 0xF3B1,
    0xFBD2, 0xFBB1, 0xF3B1, 0xFBD2, 0xF3B1, 0xF3B1, 0xFBB2, 0xF3D1, 0xFBB2, 0xFB71, 0xF370, 0xFB91,
    0xF370, 0xF370, 0xFB91, 0xF370, 0xFB91, 0xFB91, 0xF370, 0xFBB1, 0xFB0F, 0xF4B5, 0xFD16, 0xF1EC,
    0xFC54, 0xFDB8, 0xFC54, 0xFDDA, 0xFCB5, 0xFD77, 0xFC54, 0xFAAE, 0xFA6F, 0xFE5A, 0xFAEF, 0xFB71,
    0xFD97, 0xFD77, 0xFC54, 0xFE19, 0xFBF3, 0xFC74, 0xFD57, 0xFBB2, 0xFDF9, 0xF3B2, 0xFB72, 0xF3B2,
    0xFBB3, 0xFBB2, 0xF392, 0xFBB3, 0xF3B3, 0xF392, 0xFBB3, 0xF3B3, 0xFBD3, 0xFBD3, 0xF3B3, 0xFBD3,
    0xF3B3, 0xF3B3, 0xFBD3, 0xF3D3, 0xFBD4, 0xF3D4, 0xF3B3, 0xFBD4, 0xF3D4, 0xF3D3, 0xFBF4, 0xF3F4,
    0xFBF5, 0xF3F4, 0xF3D4, 0xFBF5, 0xF3F4, 0xF3F4, 0xFBF5, 0xF3F5, 0xFC15, 0xF415, 0xF3F5, 0xFC15,
    0xF3F5, 0xF3F5, 0xF416, 0xF415, 0xFC36, 0xF416, 0xF415, 0xF436, 0xF416, 0xF416, 0xF436, 0xF3B5,
    0xFF3D, 0xFE5B, 0xF3B6, 0xCB92, 0xF3D4, 0xE3D3, 0xEBD4, 0xE3D3, 0xEBD4, 0xE3D3, 0xDBB3, 0xE3D3,
    0xDBB3, 0xDB92, 0xDBB3, 0xD392, 0xD393, 0xD392, 0xCB72, 0xCB92, 0xCB72, 0xC351, 0xC352, 0xC351,
    0xC351, 0xBB51, 0xBB30, 0xBB31, 0xB330, 0xB310, 0xB310, 0xB310, 0xAB30, 0xAB51, 0xAB51, 0xAB50,
    0xB371, 0xAB71, 0xAB71, 0xB391, 0xB3B1, 0xB3D2, 0xB3D2, 0xB3D2, 0xB3F2, 0xB3F2, 0xB3F2, 0xB433,
    0xB433, 0xBC53, 0xB453, 0xB453, 0xBC74, 0xB473, 0xB493, 0xB4B4, 0xB4B3, 0xB4D4, 0xB4D4, 0xA513,
    0xB433, 0xFBD8, 0xFF5D, 0xFE9C, 0xF395, 0xFC57, 0xF437, 0xF436, 0xFC57, 0xF436, 0xF416, 0xF436,
    0xF436, 0xFC36, 0xF416, 0xF415, 0xFC16, 0xF415, 0xF3F5, 0xF415, 0xF436, 0xFC56, 0xF436, 0xF435,
    0xFC56, 0xF435, 0xF435, 0xFC35, 0xF435, 0xFC35, 0xF435, 0xF415, 0xFC35, 0xF415, 0xF414, 0xFC15,
    0xF414, 0xFC15, 0xF415, 0xF3F4, 0xFC15, 0xF414, 0xF3F4, 0xFC14, 0xF3F4, 0xFC15, 0xFC14, 0xF3F4,
    0xFC14, 0xF3F4, 0xF3F4, 0xFBF4, 0xF3F3, 0xFBF4, 0xFBF4, 0xF3D3, 0xFBF4, 0xF3F3, 0xF3D3, 0xFBF3,
    0xF3F3, 0xFBF4, 0xFBF3, 0xF3D3, 0xFBF3, 0xF3D3, 0xF3D3, 0xFBD3, 0xF3D3, 0xFBD3, 0xFBD3, 0xF3B2,
    0xFBD3, 0xF3D3, 0xF3D2, 0xFBD3, 0xF3D2, 0xFBD3, 0xFBD2, 0xF3B2, 0xFBD3, 0xF3B2, 0xF3B2, 0xFBD2,
    0xF3B2, 0xFBD2, 0xFBB2, 0xF3B2, 0xFBD2, 0xF3B2, 0xF3B2, 0xFBB2, 0xF3B2, 0xFBD2, 0xFBD2, 0xF3B1,
    0xFBD2, 0xF3B2, 0xF3B1, 0xFBD2, 0xF3B1, 0xFBD2, 0xFBD1, 0xF3B1, 0xFBD2, 0xF3B1, 0xF3B1, 0xFBB2,
    0xF3B1, 0xFBB2, 0xFBB1, 0xF3B1, 0xFBD2, 0xF3B1, 0xF3B1, 0xFBB1, 0xF3B1, 0xFBB1, 0xFBB1, 0xF3B1,
    0xFBD1, 0xF3B1, 0xF3B1, 0xFBD1, 0xF3B1, 0xFBD2, 0xFBD1, 0xF3B1, 0xFBB1, 0xF3B1, 0xF3B1, 0xFBB1,
    0xF3B1, 0xFBB1, 0xFBB1, 0xF3B1, 0xFBB1, 0xF3B1, 0xF390, 0xFBB1, 0xF3B1, 0xFBB1, 0xFBB1, 0xF3B1,
    0xFBB1, 0xF3B1, 0xF3B1, 0xFBB1, 0xF3B1, 0xFBB2, 0xFBB1, 0xF3B1, 0xFBB1, 0xF3B1, 0xF3B1, 0xFBB1,
    0xF3B1, 0xFBD2, 0xFBB1, 0xF3B1, 0xFBD2, 0xF3B1, 0xF3B1, 0xFBB1, 0xF3B1, 0xFBD2, 0xFBD1, 0xF3B1,
    0xFBD2, 0xF3B1, 0xF3B1, 0xFBD2, 0xF391, 0xFB91, 0xFB91, 0xF370, 0xFB91, 0xF371, 0xF370, 0xFB71,
    0xF371, 0xFB91, 0xFB91, 0xF391, 0xFB30, 0xFCB5, 0xFF1C, 0xFE19, 0xFE19, 0xFC33, 0xFB71, 0xFCD6,
    0xFD99, 0xFE3A, 0xF454, 0xFC54, 0xFE7B, 0xFF5D, 0xFEFC, 0xF474, 0xFBD3, 0xFDB8, 0xF516, 0xFEBC,
    0xFC54, 0xF9CC, 0xFC54, 0xFE5A, 0xFC14, 0xF351, 0xF3B2, 0xFBB3, 0xF392, 0xFBB3, 0xFBB3, 0xF392,
    0xFBB3, 0xF3B3, 0xF3B2, 0xFBB3, 0xF3B3, 0xFBD3, 0xF3B3, 0xF3B3, 0xFBD3, 0xF3D3, 0xF3B3, 0xFBD4,
    0xF3B3, 0xFBD4, 0xF3D4, 0xF3B3, 0xFBF4, 0xF3D4, 0xF3D4, 0xFBF4, 0xF3F4, 0xFBF5, 0xF3F4, 0xF3F4,
    0xFBF5, 0xF3F5, 0xF3F4, 0xF415, 0xF3F5, 0xFC15, 0xF415, 0xF3F5, 0xFC16, 0xF415, 0xF415, 0xF416,
    0xF415, 0xFC36, 0xF416, 0xF416, 0xFC36, 0xF436, 0xF436, 0xF3D6, 0xFF3D, 0xFE5C, 0xF3D7, 0xCB72,
    0xF3D4, 0xEBD4, 0xE3B3, 0xE3D4, 0xE3B3, 0xE3D4, 0xE3B3, 0xDBB3, 0xDBB3, 0xDBB3, 0xD392, 0xD393,
    0xD392, 0xD393, 0xCB72, 0xCB72, 0xCB72, 0xC351, 0xC351, 0xC351, 0xBB51, 0xC351, 0xBB31, 0xB330,
    0xBB31, 0xB310, 0xAB0F, 0xB310, 0xAB30, 0xAB50, 0xAB51, 0xAB51, 0xAB50, 0xB391, 0xAB71, 0xAB91,
    0xB3B2, 0xB3B1, 0xB3D2, 0xB3D2, 0xB3D2, 0xB3F3, 0xB3F2, 0xB412, 0xB433, 0xB433, 0xBC53, 0xB453,
    0xB453, 0xBC94, 0xB493, 0xB493, 0xB4B4, 0xB4B3, 0xB4D4, 0xAD14, 0xABF2, 0xFBF8, 0xFF5D, 0xF67B,
    0xF396, 0xF437, 0xFC57, 0xF437, 0xF436, 0xFC37, 0xF436, 0xF416, 0xF436, 0xF436, 0xFC36, 0xF416,
    0xF415, 0xFC16, 0xF415, 0xF3F5, 0xFC36, 0xF456, 0xFC56, 0xF436, 0xF435, 0xFC56, 0xF435, 0xF435,
    0xF435, 0xF435, 0xFC36, 0xF435, 0xF415, 0xFC35, 0xF415, 0xF414, 0xFC15, 0xF414, 0xFC15, 0xF415,
    0xF414, 0xFC15, 0xF414, 0xF3F4, 0xFC15, 0xF414, 0xFC15, 0xFC14, 0xF3F4, 0xFC14, 0xF3F4, 0xF3F3,
    0xFBF4, 0xF3F4, 0xFBF4, 0xFBF4, 0xF3D3, 0xFBF4, 0xF3F3, 0xF3D3, 0xFBF4, 0xF3F3, 0xFBF4, 0xFBF3,
    0xF3D3, 0xFBF3, 0xF3D3, 0xF3D3, 0xFBD3, 0xF3D3, 0xFBD3, 0xFBD3, 0xF3B2, 0xFBD3, 0xF3D3, 0xF3D2,
    0xFBD3, 0xF3D2, 0xFBD3, 0xFBD2, 0xF3B2, 0xFBD3, 0xF3D2, 0xF3B2, 0xFBB2, 0xF3B2, 0xFBD3, 0xFBB2,
    0xF3B2, 0xFBD2, 0xF3B2, 0xF3B2, 0xFBB2, 0xF3B2, 0xFBD2, 0xFBD2, 0xF3B2, 0xFBD2, 0xF3D2, 0xF3B1,
    0xFBD2, 0xF3D1, 0xFBD2, 0xFBD1, 0xF3B1, 0xFBD2, 0xF3B1, 0xF3B1, 0xFBB2, 0xF3B1, 0xFBD2, 0xFBB1,
    0xF3B1, 0xFBD2, 0xF3B1, 0xF3B1, 0xFBB1, 0xF3B1, 0xFBD1, 0xFBB1, 0xF3B1, 0xFBD1, 0xF3B1, 0xF3B1,
    0xFBD1, 0xF3D1, 0xFBD2, 0xFBB1, 0xF3B1, 0xFBB1, 0xF3B1, 0xF3B1, 0xFBB1, 0xF3B1, 0xFBD2, 0xFBB1,
    0xF3B1, 0xFBB1, 0xF3B1, 0xF3B1, 0xFBB1, 0xF3B1, 0xFBB2, 0xFBB1, 0xF3B1, 0xFBB2, 0xF3B1, 0xF3B1,
    0xFBB2, 0xF3B1, 0xFBD2, 0xFBB1, 0xF391, 0xFBB1, 0xF3B1, 0xF3B1, 0xFBB1, 0xF3B1, 0xFBB2, 0xFBB1,
    0xF3B1, 0xFBD2, 0xF3B1, 0xF3B1, 0xFBB2, 0xF3B1, 0xFBD2, 0xFBD1, 0xF3B1, 0xFBD2, 0xF3D1, 0xF3B1,
    0xFB71, 0xF370, 0xFB91, 0xFB91, 0xF370, 0xFB91, 0xF371, 0xF370, 0xFB91, 0xF391, 0xFB91, 0xFB91,
    0xF371, 0xFB92, 0xFC33, 0xF413, 0xFBB2, 0xF310, 0xFB51, 0xFBD2, 0xF433, 0xFC14, 0xFBB2, 0xF3B2,
    0xFC34, 0xF3B2, 0xFC34, 0xFBB3, 0xF2AF, 0xFBD3, 0xFC14, 0xF3F3, 0xFB51, 0xFD36, 0xFDF9, 0xFBF4,
    0xF310, 0xFBB3, 0xF392, 0xF392, 0xFBB3, 0xF3B2, 0xFBB3, 0xFBB3, 0xF3B2, 0xFBB3, 0xF3B3, 0xF3B2,
    0xFBB3, 0xF3B3, 0xFBD3, 0xFBD3, 0xF3B3, 0xFBD4, 0xF3D3, 0xF3B3, 0xFBD4, 0xF3D3, 0xFBD4, 0xF3D4,
    0xF3D4, 0xFBF4, 0xF3F4, 0xF3D4, 0xFBF4, 0xF3F4, 0xFBF5, 0xF3F4, 0xF3F4, 0xFBF5, 0xF3F5, 0xF3F5,
    0xF415, 0xF3F5, 0xFC16, 0xF415, 0xF3F5, 0xFC16, 0xF415, 0xF415, 0xF416, 0xF415, 0xF416, 0xF416,
    0xF416, 0xFC36, 0xF436, 0xF3B5, 0xFF3D, 0xFE5B, 0xFBD7, 0xCB72, 0xEBD3, 0xEBD4, 0xE3D4, 0xE3B3,
    0xE3D4, 0xE3B3, 0xE3D4, 0xDBB3, 0xDB93, 0xDBB3, 0xD393, 0xD392, 0xD392, 0xCB72, 0xD392, 0xCB72,
    0xC351, 0xC372, 0xC351, 0xBB31, 0xBB51, 0xBB30, 0xBB31, 0xB330, 0xB310, 0xB330, 0xB310, 0xAAEF,
    0xA330, 0xAB50, 0xAB50, 0xAB51, 0xAB71, 0xAB50, 0xB391, 0xAB91, 0xAB91, 0xB3B2, 0xB3B1, 0xB3D2,
    0xB3D2, 0xB3D2, 0xB413, 0xB412, 0xB412, 0xB433, 0xB433, 0xBC54, 0xB473, 0xB473, 0xBC94, 0xB493,
    0xB493, 0xB4B4, 0xB4B4, 0xB514, 0xABF2, 0xFBD8, 0xFF5E, 0xFE7C, 0xF375, 0xF457, 0xF437, 0xFC57,
    0xF437, 0xF436, 0xF437, 0xF436, 0xF436, 0xF436, 0xF416, 0xFC36, 0xF416, 0xF415, 0xFC16, 0xF3F5,
    0xF3F5, 0xFC36, 0xF435, 0xFC56, 0xFC56, 0xF435, 0xFC56, 0xF435, 0xF435, 0xFC35, 0xF435, 0xFC36,
    0xFC35, 0xF415, 0xFC35, 0xF415, 0xF414, 0xFC15, 0xF415, 0xFC35, 0xF415, 0xF414, 0xFC35, 0xF415,
    0xF414, 0xFC15, 0xF414, 0xFC15, 0xFC14, 0xF414, 0xFC14, 0xF414, 0xF3F3, 0xFBF4, 0xF3F4, 0xFBF4,
    0xFBF4, 0xF3F3, 0xFBF4, 0xF3F3, 0xF3F3, 0xFBF4, 0xF3F3, 0xFBF4, 0xFBF3, 0xF3D3, 0xFBF3, 0xF3F3,
    0xF3D3, 0xFBF3, 0xF3D3, 0xFBF3, 0xFBD3, 0xF3D3, 0xFBF3, 0xF3D3, 0xF3D2, 0xFBD3, 0xF3D2, 0xFBF3,
    0xFBD3, 0xF3D2, 0xFBD3, 0xF3D2, 0xF3B2, 0xFBD2, 0xF3D2, 0xFBD3, 0xFBD2, 0xF3B2, 0xFBD3, 0xF3D2,
    0xF3B2, 0xFBD2, 0xF3D2, 0xFBD2, 0xFBD2, 0xF3B2, 0xFBD2, 0xF3D2, 0xF3D1, 0xFBD2, 0xF3D1, 0xFBD2,
    0xFBD2, 0xF3D1, 0xFBD2, 0xF3B1, 0xF3B1, 0xFBD2, 0xF3B1, 0xFBD2, 0xFBD1, 0xF3B1, 0xFBD2, 0xF3B1,
    0xF3B1, 0xFBD1, 0xF3B1, 0xFBD2, 0xFBD1, 0xF3B1, 0xFBD2, 0xF3D1, 0xF3D1, 0xFBD2, 0xF3D1, 0xFBD2,
    0xFBB1, 0xF3B1, 0xFBD1, 0xF3B1, 0xF3B1, 0xFBD1, 0xF3B1, 0xFBD2, 0xFBD1, 0xF3B1, 0xFBD1, 0xF3B1,
    0xF3B1, 0xFBB1, 0xF3B1, 0xFBD2, 0xFBB1, 0xF3B1, 0xFBD2, 0xF3B1, 0xF3B1, 0xFBD2, 0xF3B1, 0xFBD2,
    0xFBB1, 0xF3B1, 0xFBD2, 0xF3B1, 0xF3B1, 0xFBD2, 0xF3B1, 0xFBD2, 0xFBD2, 0xF3B1, 0xFBD2, 0xF3B1,
    0xF3B1, 0xFBD2, 0xF3D1, 0xFBD2, 0xFBD2, 0xF3B1, 0xFBB2, 0xF371, 0xF370, 0xFB91, 0xF391, 0xFB91,
    0xFB91, 0xF371, 0xFB91, 0xF391, 0xF391, 0xFB91, 0xF391, 0xFB92, 0xFB91, 0xF371, 0xFB51, 0xF330,
    0xF350, 0xFB92, 0xF391, 0xFB92, 0xFB51, 0xF330, 0xFB71, 0xFB71, 0xF330, 0xFB51, 0xF351, 0xFB72,
    0xFBB2, 0xF351, 0xFB51, 0xF351, 0xF371, 0xFCB6, 0xFCF6, 0xFB52, 0xF3B2, 0xF392, 0xFBB3, 0xF3B2,
    0xF392, 0xFBB3, 0xF3B3, 0xFBB3, 0xFBB3, 0xF3B3, 0xFBB3, 0xF3B3, 0xF3B3, 0xFBB3, 0xF3B3, 0xFBD4,
    0xF3D3, 0xF3B3, 0xFBD4, 0xF3D3, 0xF3D3, 0xFBD4, 0xF3D4, 0xFBD4, 0xFBD4, 0xF3D4, 0xFBF4, 0xF3F4,
    0xF3D4, 0xFBF5, 0xF3F4, 0xFBF5, 0xF3F5, 0xF3F4, 0xFC15, 0xF415, 0xF3F5, 0xF415, 0xF3F5, 0xFC16,
    0xF415, 0xF415, 0xFC16, 0xF416, 0xF415, 0xF416, 0xF416, 0xFC36, 0xF436, 0xF436, 0xFC37, 0xF3D5,
    0xFF1D, 0xFE5C, 0xF3D6, 0xCB93, 0xEBD4, 0xE3B3, 0xEBD4, 0xE3B3, 0xDBB3, 0xE3B3, 0xDBB3, 0xDBB3,
    0xDBB3, 0xD392, 0xD3B3, 0xD392, 0xCB72, 0xCB92, 0xCB72, 0xCB72, 0xC372, 0xC351, 0xC351, 0xBB51,
    0xBB30, 0xBB31, 0xB330, 0xBB31, 0xB310, 0xAB0F, 0xB310, 0xAB0F, 0xA330, 0xA330, 0xAB50, 0xA350,
    0xAB71, 0xAB71, 0xAB70, 0xB391, 0xAB91, 0xAB91, 0xB3B2, 0xB3B1, 0xB3D2, 0xB3F2, 0xB3F2, 0xB413,
    0xB413, 0xB412, 0xB433, 0xB453, 0xBC74, 0xB473, 0xB473, 0xBC94, 0xB493, 0xB493, 0xB4B4, 0xACF3,
    0xABF3, 0xFBD8, 0xFF5D, 0xFE9C, 0xF396, 0xF436, 0xF437, 0xF437, 0xFC57, 0xF437, 0xF436, 0xF437,
    0xF436, 0xF416, 0xF436, 0xF416, 0xFC36, 0xF416, 0xF3F5, 0xFC16, 0xF3F5, 0xF3F5, 0xF415, 0xF415,
    0xFC36, 0xF435, 0xF415, 0xFC36, 0xF415, 0xF415, 0xFC15, 0xF415, 0xFC15, 0xF415, 0xF3F4, 0xFC15,
    0xF3F4, 0xF3F4, 0xFC15, 0xF3F4, 0xFC15, 0xF3F4, 0xF3F4, 0xFC15, 0xF3F4, 0xF3F4, 0xFBF4, 0xF3F4,
    0xFBF4, 0xFBF4, 0xF3D4, 0xFBF4, 0xF3D3, 0xF3D3, 0xFBD4, 0xF3D3, 0xFBD4, 0xFBD3, 0xF3D3, 0xFBD4,
    0xF3D3, 0xF3D3, 0xFBD3, 0xF3D3, 0xFBD3, 0xFBD3, 0xF3B3, 0xFBD3, 0xF3D3, 0xF3B2, 0xFBD3, 0xF3B2,
    0xFBD3, 0xFBB3, 0xF3B2, 0xFBD3, 0xF3B2, 0xF3B2, 0xFBB3, 0xF3B2, 0xFBD3, 0xFBB2, 0xF3B2, 0xFBB2,
    0xF3B2, 0xF3B2, 0xFBB2, 0xF392, 0xFBB2, 0xFBB2, 0xF392, 0xFBB2, 0xF3B2, 0xF391, 0xFBB2, 0xF3B2,
    0xFBB2, 0xFBB2, 0xF3B1, 0xFBB2, 0xF3B1, 0xF3B1, 0xFBB2, 0xF3B1, 0xFBB2, 0xFBB1, 0xF391, 0xFBB1,
    0xF391, 0xF391, 0xFBB1, 0xF3B1, 0xFBB2, 0xFBB1, 0xF391, 0xFBB1, 0xF3B1, 0xF390, 0xFBB1, 0xF391,
    0xFBB1, 0xFBB1, 0xF391, 0xFBB1, 0xF3B1, 0xF3B0, 0xFBB1, 0xF391, 0xFBB1, 0xFB91, 0xF391, 0xFBB1,
    0xF391, 0xF390, 0xFBB1, 0xF391, 0xFBB1, 0xFB91, 0xF390, 0xFBB1, 0xF391, 0xF390, 0xFBB1, 0xF391,
    0xFBB1, 0xFBB1, 0xF391, 0xFBB1, 0xF391, 0xF391, 0xFBB1, 0xF391, 0xFB91, 0xFB91, 0xF391, 0xFBB1,
    0xF391, 0xF391, 0xFB91, 0xF391, 0xFBB1, 0xFBB1, 0xF391, 0xFBB1, 0xF391, 0xF391, 0xFBB1, 0xF3B1,
    0xFBB2, 0xFB91, 0xF370, 0xFB91, 0xF371, 0xF370, 0xFB91, 0xF391, 0xFB91, 0xFB91, 0xF391, 0xFB91,
    0xF391, 0xF391, 0xFB91, 0xF391, 0xFB92, 0xFB91, 0xF391, 0xFBB2, 0xFB91, 0xF391, 0xFB92, 0xF391,
    0xFBB2, 0xFB92, 0xF391, 0xFBB2, 0xFB92, 0xF392, 0xFBB2, 0xF392, 0xFB92, 0xFBB2, 0xF392, 0xFBB3,
    0xFBB2, 0xF331, 0xFB31, 0xF3B2, 0xFBB3, 0xFBB2, 0xF392, 0xFBB3, 0xF3B3, 0xF3B2, 0xFBB3, 0xF3B3,
    0xFBD3, 0xFBB3, 0xF3B3, 0xFBD3, 0xF3B3, 0xF3B3, 0xFBB3, 0xF3B3, 0xFBD4, 0xF3D3, 0xF3D3, 0xFBD4,
    0xF3D4, 0xF3D3, 0xFBD4, 0xF3D4, 0xFBF4, 0xF3F4, 0xF3D4, 0xFBF5, 0xF3F4, 0xF3F4, 0xF3F5, 0xF3F4,
    0xFC15, 0xF3F5, 0xF3F5, 0xFC15, 0xF415, 0xF3F5, 0xF416, 0xF415, 0xFC16, 0xF416, 0xF3F5, 0xF416,
    0xF416, 0xF415, 0xF436, 0xF436, 0xFC37, 0xF436, 0xF436, 0xFBD6, 0xFF3D, 0xFE5B, 0xF3D7, 0xC372,
    0xF3D4, 0xE3D4, 0xE3B3, 0xE3D4, 0xE3B3, 0xDBB3, 0xDBB3, 0xDBB3, 0xDBB3, 0xD393, 0xD392, 0xD393,
    0xCB72, 0xCB72, 0xCB72, 0xC371, 0xC372, 0xC351, 0xBB31, 0xBB51, 0xBB31, 0xB330, 0xB330, 0xB310,
    0xB330, 0xAB10, 0xAAEF, 0xAB10, 0xA330, 0xA330, 0xA330, 0xAB50, 0xA350, 0xAB71, 0xAB71, 0xAB70,
    0xB391, 0xAB91, 0xAB91, 0xB3B2, 0xB3D2, 0xB3F2, 0xB3F2, 0xB3F2, 0xB413, 0xB413, 0xB412, 0xBC33,
    0xB453, 0xBC74, 0xB473, 0xB473, 0xBC94, 0xB494, 0xB493, 0xB4F4, 0xABF2, 0xFBD9, 0xFF5E, 0xFE7C,
    0xF396, 0xF437, 0xF436, 0xF437, 0xF436, 0xFC37, 0xF437, 0xF436, 0xF437, 0xF436, 0xF416, 0xF436,
    0xF416, 0xFC36, 0xF416, 0xF3F5, 0xFC16, 0xF3F5, 0xF3F4, 0xF415, 0xF3F5, 0xFC15, 0xF3F5, 0xF3F5,
    0xF3F5, 0xF3F5, 0xF3D4, 0xF3F5, 0xF3D4, 0xFBF5, 0xF3D4, 0xF3B4, 0xFBD5, 0xF3D4, 0xF3D4, 0xF3D4,
    0xF3D4, 0xFBD4, 0xF3D4, 0xF3B4, 0xFBD4, 0xF3B4, 0xF3B3, 0xFBB4, 0xF3B3, 0xFBD4, 0xF3B3, 0xF3B3,
    0xF3B3, 0xF3B3, 0xF393, 0xF3B3, 0xF393, 0xFBB3, 0xF3B3, 0xF392, 0xFBB3, 0xF3B3, 0xF392, 0xFBB3,
    0xF392, 0xFBB3, 0xF392, 0xF392, 0xFB92, 0xF392, 0xF371, 0xF392, 0xF392, 0xFB92, 0xF392, 0xF372,
    0xFB92, 0xF372, 0xF371, 0xFB92, 0xF371, 0xFB92, 0xF392, 0xF371, 0xFB92, 0xF371, 0xF371, 0xF371,
    0xF371, 0xFB92, 0xF371, 0xF371, 0xFB72, 0xF371, 0xF371, 0xFB71, 0xF371, 0xFB71, 0xFB71, 0xF371,
    0xFB91, 0xF371, 0xF370, 0xF371, 0xF370, 0xFB91, 0xF371, 0xF370, 0xFB71, 0xF370, 0xF370, 0xFB71,
    0xF370, 0xFB91, 0xF371, 0xF370, 0xFB71, 0xF370, 0xF350, 0xFB70, 0xF370, 0xFB91, 0xF370, 0xF370,
    0xFB91, 0xF370, 0xF370, 0xFB70, 0xF370, 0xFB71, 0xF370, 0xF350, 0xFB70, 0xF370, 0xF370, 0xFB70,
    0xF370, 0xFB71, 0xF370, 0xF350, 0xFB70, 0xF370, 0xF350, 0xF370, 0xF370, 0xFB71, 0xF370, 0xF350,
    0xFB71, 0xF370, 0xF350, 0xFB71, 0xF350, 0xFB71, 0xFB70, 0xF350, 0xFB71, 0xF370, 0xF350, 0xFB70,
    0xF370, 0xFB71, 0xFB70, 0xF350, 0xFB71, 0xF370, 0xF370, 0xFB71, 0xF370, 0xFB91, 0xFB71, 0xF370,
    0xFB91, 0xF371, 0xF370, 0xFB91, 0xF391, 0xFB92, 0xFB91, 0xF391, 0xFB92, 0xF391, 0xF391, 0xFB91,
    0xF391, 0xFB92, 0xFB91, 0xF391, 0xFB92, 0xF391, 0xF391, 0xFB92, 0xF391, 0xFBB2, 0xFB92, 0xF391,
    0xFBB2, 0xF392, 0xF392, 0xFB92, 0xF392, 0xFBB3, 0xFBB2, 0xF392, 0xFBB3, 0xF3B2, 0xF3B2, 0xFBB2,
    0xF3B2, 0xFBB3, 0xFBB3, 0xF3B2, 0xFBB3, 0xF3B3, 0xF3B2, 0xFBB3, 0xF3B3, 0xFBD3, 0xFBB3, 0xF3B3,
    0xFBD3, 0xF3B3, 0xF3B3, 0xFBD4, 0xF3D3, 0xFBD4, 0xF3D4, 0xF3D3, 0xFBD4, 0xF3D4, 0xF3D3, 0xFBD4,
    0xF3D4, 0xFBF5, 0xF3F4, 0xF3D4, 0xFBF5, 0xF3F4, 0xF3F4, 0xF3F5, 0xF3F5, 0xFC15, 0xF415, 0xF3F5,
    0xFC16, 0xF415, 0xF415, 0xF416, 0xF415, 0xFC16, 0xF416, 0xF415, 0xF436, 0xF436, 0xF416, 0xF436,
    0xF436, 0xFC37, 0xF436, 0xF3B5, 0xFF3D, 0xFE5B, 0xF3B6, 0xC372, 0xEBD3, 0xE3D4, 0xE3D4, 0xDBB3,
    0xE3D4, 0xDBB3, 0xDBB3, 0xDBB3, 0xD393, 0xDBB3, 0xD393, 0xCB72, 0xCB92, 0xCB72, 0xC351, 0xC372,
    0xC351, 0xC351, 0xBB51, 0xBB30, 0xBB31, 0xB330, 0xB310, 0xB310, 0xAB10, 0xB310, 0xAB0F, 0xA2EF,
    0x9B0F, 0xA330, 0xA330, 0xA330, 0xAB50, 0xA350, 0xAB71, 0xAB71, 0xAB71, 0xB391, 0xAB91, 0xAB91,
    0xB3B2, 0xB3D2, 0xB3F2, 0xB3F2, 0xB3F2, 0xBC13, 0xB413, 0xB432, 0xBC53, 0xB453, 0xBC74, 0xB473,
    0xB473, 0xBC94, 0xB494, 0xACB3, 0xABF3, 0xFBD8, 0xFF5E, 0xFE9C, 0xF395, 0xF457, 0xF437, 0xF436,
    0xF437, 0xF436, 0xFC57, 0xF436, 0xF436, 0xFC37, 0xF436, 0xF416, 0xF436, 0xF416, 0xFC16, 0xF415,
    0xF3F5, 0xFC16, 0xF3F5, 0xF3F5, 0xF415, 0xF415, 0xFC15, 0xF415, 0xF3F4, 0xFBF5, 0xF3F4, 0xF3F4,
    0xFBF5, 0xF3F4, 0xFBF5, 0xF3D4, 0xF3D4, 0xFBD4, 0xF3D4, 0xF3D3, 0xFBD4, 0xF3D4, 0xFBD4, 0xF3D4,
    0xF3B3, 0xFBD4, 0xF3D4, 0xF3B3, 0xFBD4, 0xF3D3, 0xFBD4, 0xF3B3, 0xF3B3, 0xFBB3, 0xF3B3, 0xF393,
    0xFBB3, 0xF3B3, 0xFBB3, 0xFBB3, 0xF3B2, 0xFBB3, 0xF3B3, 0xF392, 0xFBB3, 0xF392, 0xFBB3, 0xF392,
    0xF392, 0xFBB2, 0xF392, 0xF392, 0xFB92, 0xF392, 0xFB92, 0xFB92, 0xF392, 0xFB92, 0xF392, 0xF371,
    0xFB92, 0xF391, 0xFB92, 0xFB91, 0xF371, 0xFB92, 0xF371, 0xF371, 0xFB91, 0xF371, 0xFB92, 0xF371,
    0xF371, 0xFB91, 0xFB91, 0xF371, 0xFB91, 0xF371, 0xFB91, 0xFB91, 0xF370, 0xFB91, 0xF391, 0xF370,
    0xFB91, 0xF390, 0xFB91, 0xFB70, 0xF370, 0xFB91, 0xF370, 0xF370, 0xFB91, 0xF390, 0xFB91, 0xFB90,
    0xF370, 0xFB90, 0xF370, 0xF370, 0xFB70, 0xF370, 0xFB91, 0xFB90, 0xF370, 0xFB91, 0xF370, 0xF370,
    0xFB70, 0xF370, 0xFB70, 0xFB70, 0xF370, 0xFB90, 0xF370, 0xF370, 0xFB70, 0xF370, 0xFB71, 0xF370,
    0xF370, 0xFB70, 0xF370, 0xF370, 0xFB70, 0xF370, 0xFB91, 0xFB70, 0xF370, 0xFB91, 0xF370, 0xF370,
    0xFB71, 0xF370, 0xFB71, 0xFB70, 0xF370, 0xFB71, 0xF370, 0xF370, 0xFB71, 0xF370, 0xFB91, 0xFB70,
    0xF370, 0xFB91, 0xF371, 0xF370, 0xFB71, 0xF371, 0xFB91, 0xFB91, 0xF370, 0xFB91, 0xF391, 0xF391,
    0xFB91, 0xF391, 0xFB92, 0xFB91, 0xF391, 0xFB92, 0xFB91, 0xF391, 0xFB91, 0xF391, 0xFB92, 0xFB91,
    0xF391, 0xFB92, 0xF392, 0xF391, 0xFB92, 0xF392, 0xFBB2, 0xFB92, 0xF392, 0xFBB2, 0xF392, 0xF392,
    0xFBB2, 0xF3B2, 0xFBB3, 0xFBB2, 0xF392, 0xFBB3, 0xF392, 0xF392, 0xFBB3, 0xF3B2, 0xFBB3, 0xF3B3,
    0xF3B2, 0xFBB3, 0xF3B3, 0xF3B3, 0xFBB3, 0xF3B3, 0xFBD4, 0xFBD3, 0xF3B3, 0xFBD4, 0xF3D3, 0xF3B3,
    0xFBD4, 0xF3D3, 0xFBD4, 0xF3D4, 0xF3D4, 0xFBF4, 0xF3D4, 0xF3D4, 0xF3F4, 0xF3D4, 0xFBF5, 0xF3F4,
    0xF3F4, 0xFBF5, 0xF3F4, 0xF3F4, 0xF415, 0xF415, 0xFC16, 0xF415, 0xF3F5, 0xFC16, 0xF415, 0xF415,
    0xF416, 0xF415, 0xFC16, 0xF416, 0xF415, 0xF436, 0xF436, 0xF436, 0xF436, 0xF436, 0xFC37, 0xF3B5,
    0xFF1D, 0xFE7C, 0xF3B7, 0xC371, 0xEBD4, 0xE3D3, 0xE3D4, 0xE3D3, 0xDBB3, 0xDBB3, 0xDBB3, 0xD392,
    0xD393, 0xD392, 0xD393, 0xCB92, 0xCB72, 0xCB72, 0xC371, 0xBB51, 0xC351, 0xBB51, 0xBB51, 0xBB31,
    0xB310, 0xB330, 0xB310, 0xAB0F, 0xAB10, 0xAAEF, 0xAB10, 0xA2EF, 0xA30F, 0x9B0F, 0xA330, 0xA330,
    0xA32F, 0xAB50, 0xA350, 0xAB71, 0xAB71, 0xAB71, 0xAB91, 0xAB91, 0xABB1, 0xB3D2, 0xB3D2, 0xB3F2,
    0xB3F2, 0xB3F2, 0xBC33, 0xB413, 0xB432, 0xBC53, 0xB453, 0xBC74, 0xB473, 0xB473, 0xBC94, 0xB4B3,
    0xABD2, 0xFBF8, 0xFF5D, 0xFE9C, 0xF3B6, 0xF437, 0xF457, 0xF437, 0xF436, 0xF437, 0xF436, 0xFC37,
    0xF436, 0xF416, 0xFC36, 0xF416, 0xF416, 0xF436, 0xF415, 0xFC16, 0xF416, 0xF415, 0xFC16, 0xF415,
    0xF3F5, 0xFC15, 0xF415, 0xFC15, 0xF415, 0xF3F4, 0xFC15, 0xF3F5, 0xF3F4, 0xFBF5, 0xF3D4, 0xFBF5,
    0xF3D4, 0xF3D4, 0xFBD4, 0xF3D4, 0xF3D4, 0xFBD4, 0xF3D4, 0xFBD4, 0xFBD4, 0xF3D3, 0xFBD4, 0xF3D4,
    0xF3D3, 0xFBD4, 0xF3B3, 0xFBD4, 0xFBB3, 0xF3B3, 0xFBB3, 0xF3B3, 0xF3B3, 0xFBB3, 0xF3B3, 0xFBB3,
    0xFBB3, 0xF392, 0xFBB3, 0xF393, 0xF392, 0xFBB3, 0xF392, 0xFBB3, 0xFBB2, 0xF392, 0xFBB3, 0xF392,
    0xF392, 0xFB92, 0xF392, 0xFB92, 0xFB92, 0xF392, 0xFB92, 0xFB92, 0xF391, 0xFB92, 0xF391, 0xFB92,
    0xFB92, 0xF371, 0xFB92, 0xF371, 0xF371, 0xFB92, 0xF371, 0xFB92, 0xFB91, 0xF371, 0xFB92, 0xFB91,
    0xF371, 0xFB91, 0xF391, 0xFB91, 0xFB91, 0xF371, 0xFB91, 0xFB91, 0xF370, 0xFB91, 0xF370, 0xFB91,
    0xFB71, 0xF370, 0xFB91, 0xFB70, 0xF370, 0xFB91, 0xF370, 0xFB91, 0xFB90, 0xF370, 0xFB91, 0xFB70,
    0xF370, 0xFB90, 0xF370, 0xFB91, 0xFB90, 0xF370, 0xFB91, 0xFB70, 0xF370, 0xFB70, 0xF370, 0xFB71,
    0xFB70, 0xF370, 0xFB90, 0xF370, 0xF370, 0xFB70, 0xF370, 0xFB91, 0xFB70, 0xF370, 0xFB91, 0xF370,
    0xF370, 0xFB71, 0xF370, 0xFB91, 0xFB71, 0xF370, 0xFB91, 0xF370, 0xF370, 0xFB71, 0xF370, 0xFB71,
    0xFB70, 0xF370, 0xFB71, 0xF370, 0xF370, 0xFB91, 0xF370, 0xFB91, 0xFB71, 0xF370, 0xFB91, 0xF371,
    0xF370, 0xFB91, 0xF371, 0xFB91, 0xFB91, 0xF371, 0xFB91, 0xF391, 0xF371, 0xFB91, 0xF391, 0xFB92,
    0xFB91, 0xF391, 0xFB92, 0xF391, 0xF391, 0xFB92, 0xF391, 0xFB92, 0xFB92, 0xF391, 0xFBB2, 0xF392,
    0xF391, 0xFB92, 0xF392, 0xFBB2, 0xF392, 0xF392, 0xFBB2, 0xF392, 0xF392, 0xFBB3, 0xF3B2, 0xFBB3,
    0xFBB2, 0xF392, 0xFBB3, 0xF3B2, 0xF392, 0xFBB3, 0xF3B2, 0xFBB3, 0xF3B3, 0xF3B3, 0xFBB3, 0xF3B3,
    0xF3B3, 0xFBD3, 0xF3B3, 0xFBD4, 0xF3D3, 0xF3B3, 0xFBD4, 0xF3D3, 0xF3B3, 0xFBD4, 0xF3D3, 0xFBD4,
    0xF3D4, 0xF3D4, 0xFBF4, 0xF3F4, 0xF3D4, 0xF3F4, 0xF3D4, 0xFBF5, 0xF3F5, 0xF3F4, 0xFC15, 0xF3F5,
    0xF3F4, 0xF415, 0xF415, 0xFC16, 0xF415, 0xF415, 0xFC16, 0xF416, 0xF415, 0xF416, 0xF416, 0xF436,
    0xF436, 0xF416, 0xF436, 0xF436, 0xF436, 0xF437, 0xF436, 0xFBD6, 0xFF3D, 0xF65B, 0xF3D7, 0xC372,
    0xE3B3, 0xE3D4, 0xDBB3, 0xE3D4, 0xDBB3, 0xDBB3, 0xDBB3, 0xD393, 0xD392, 0xD393, 0xCB92, 0xCB92,
    0xCB72, 0xC351, 0xC372, 0xC351, 0xBB31, 0xBB51, 0xB330, 0xBB31, 0xB330, 0xAB10, 0xB310, 0xAB10,
    0xA2EF, 0xAAEF, 0xA2EF, 0xAAEF, 0xA310, 0x9B0F, 0x9B0F, 0xA330, 0xA330, 0xA330, 0xAB50, 0xA350,
    0xAB71, 0xAB71, 0xAB71, 0xB3B1, 0xABB1, 0xABB1, 0xB3D2, 0xB3D2, 0xB3F3, 0xB3F2, 0xB3F2, 0xBC33,
    0xB433, 0xB432, 0xBC53, 0xB453, 0xBC74, 0xB473, 0xB473, 0xB4B4, 0xABD2, 0xFBF8, 0xFF5E, 0xFE7C,
    0xF3B6, 0xF457, 0xF437, 0xF457, 0xF437, 0xF436, 0xF457, 0xF436, 0xFC37, 0xF436, 0xF436, 0xFC36,
    0xF436, 0xF416, 0xF416, 0xF416, 0xFC36, 0xF416, 0xF415, 0xFC16, 0xF415, 0xF3F5, 0xFC15, 0xF3F5,
    0xFC15, 0xF3F5, 0xF3F5, 0xFC15, 0xF3F5, 0xF3D4, 0xFBF5, 0xF3D4, 0xFBF5, 0xF3D4, 0xF3D4, 0xFBD4,
    0xF3D4, 0xF3D4, 0xFBD4, 0xF3D4, 0xFBD4, 0xFBD4, 0xF3D4, 0xFBF4, 0xF3D4, 0xF3B3, 0xFBD4, 0xF3B3,
    0xFBD4, 0xFBB3, 0xF3B3, 0xFBB4, 0xF3B3, 0xF3B3, 0xFBB3, 0xF3B3, 0xFBB3, 0xFBB3, 0xF393, 0xFBB3,
    0xFB93, 0xF392, 0xFBB3, 0xF3B2, 0xFBB3, 0xFBB3, 0xF392, 0xFBB3, 0xFB92, 0xF392, 0xFB92, 0xF392,
    0xFBB2, 0xFB92, 0xF392, 0xFBB2, 0xFB92, 0xF391, 0xFB92, 0xF391, 0xFB92, 0xFB92, 0xF371, 0xFB92,
    0xFB91, 0xF371, 0xFB92, 0xF391, 0xFB92, 0xFB91, 0xF371, 0xFB92, 0xFB91, 0xF371, 0xFB91, 0xF391,
    0xFB91, 0xFB91, 0xF371, 0xFB91, 0xFB71, 0xF370, 0xFB71, 0xF370, 0xFB91, 0xFB71, 0xF370, 0xFB91,
    0xFB71, 0xF370, 0xFB91, 0xF390, 0xFB91, 0xFB90, 0xF370, 0xFB91, 0xFB70, 0xF370, 0xFB91, 0xF370,
    0xFB91, 0xFB70, 0xF370, 0xFB91, 0xFB70, 0xF350, 0xFB70, 0xF370, 0xFB91, 0xFB70, 0xF370, 0xFB91,
    0xF370, 0xF370, 0xFB71, 0xF370, 0xFB91, 0xFB91, 0xF370, 0xFB91, 0xF370, 0xF370, 0xFB71, 0xF370,
    0xFB91, 0xFB71, 0xF370, 0xFB91, 0xF370, 0xF370, 0xFB71, 0xF370, 0xFB91, 0xFB71, 0xF370, 0xFB91,
    0xFB71, 0xF370, 0xFB91, 0xF370, 0xFB91, 0xFB71, 0xF370, 0xFB91, 0xFB71, 0xF370, 0xFB91, 0xF391,
    0xFB91, 0xFB91, 0xF371, 0xFB91, 0xF391, 0xF391, 0xFB91, 0xF391, 0xFBB2, 0xFB91, 0xF391, 0xFB92,
    0xF391, 0xF391, 0xFB92, 0xF391, 0xFB92, 0xFB92, 0xF391, 0xFB92, 0xFB92, 0xF391, 0xFBB2, 0xF392,
    0xFBB3, 0xFBB2, 0xF392, 0xFBB3, 0xF3B2, 0xF392, 0xFBB2, 0xF3B2, 0xFBB3, 0xF3B2, 0xF392, 0xFBB3,
    0xF3B2, 0xF392, 0xFBB3, 0xF3B3, 0xFBB3, 0xF3B3, 0xF3B3, 0xFBD3, 0xF3B3, 0xF3B3, 0xFBD4, 0xF3D3,
    0xFBD4, 0xFBD4, 0xF3B3, 0xFBD4, 0xF3D3, 0xF3B3, 0xFBD4, 0xF3D4, 0xFBF4, 0xF3F4, 0xF3D4, 0xFBF4,
    0xF3F4, 0xF3D4, 0xFBF5, 0xF3F4, 0xFBF5, 0xF3F5, 0xF3F4, 0xFC15, 0xF3F5, 0xF3F5, 0xF415, 0xF415,
    0xFC16, 0xF416, 0xF415, 0xF416, 0xF416, 0xF415, 0xF436, 0xF416, 0xFC36, 0xF436, 0xF436, 0xF437,
    0xF436, 0xF436, 0xF437, 0xF3B6, 0xFF3D, 0xFE5B, 0xF3D7, 0xC392, 0xE3B3, 0xDBB3, 0xE3B4, 0xDBB3,
    0xDBB4, 0xDBB3, 0xD393, 0xD3B3, 0xD392, 0xCB72, 0xCB92, 0xCB72, 0xCB72, 0xC372, 0xBB51, 0xC351,
    0xBB31, 0xB330, 0xBB31, 0xB330, 0xB330, 0xB310, 0xAAEF, 0xAB10, 0xA2EF, 0xA2EF, 0xA2EF, 0xA2CF,
    0x9AEF, 0xA30F, 0x9B0F, 0x9B0F, 0xA330, 0xA330, 0xA330, 0xA350, 0xA350, 0xAB71, 0xAB71, 0xAB71,
    0xABB1, 0xABB1, 0xABB1, 0xB3D2, 0xB3D2, 0xB3F3, 0xB3F2, 0xB412, 0xBC33, 0xB433, 0xB433, 0xBC53,
    0xB453, 0xBC74, 0xBC73, 0xAC93, 0xB3D2, 0xFBF8, 0xFF5D, 0xFE9C, 0xF396, 0xF458, 0xF457, 0xF437,
    0xF457, 0xF457, 0xF436, 0xF457, 0xF436, 0xFC57, 0xF437, 0xF436, 0xF436, 0xF436, 0xF416, 0xF436,
    0xF436, 0xFC36, 0xF416, 0xF415, 0xFC16, 0xF415, 0xF415, 0xFC15, 0xF3F5, 0xFC15, 0xF3F5, 0xF3F5,
    0xFC15, 0xF3F5, 0xF3D4, 0xFBF5, 0xF3D4, 0xFBF5, 0xFBD4, 0xF3D4, 0xFBF5, 0xF3D4, 0xF3D4, 0xFBD4,
    0xF3D4, 0xFBF4, 0xFBF4, 0xF3D4, 0xFBF4, 0xF3D4, 0xF3B3, 0xFBD4, 0xF3D3, 0xFBD4, 0xFBD4, 0xF3B3,
    0xFBD4, 0xF3B3, 0xF3B3, 0xFBB3, 0xF3B3, 0xFBD3, 0xFBB3, 0xF3B3, 0xFBB3, 0xF3B3, 0xF3B2, 0xFBB3,
    0xF3B3, 0xFBB3, 0xFBB3, 0xF392, 0xFBB3, 0xFB92, 0xF392, 0xFB92, 0xF392, 0xFBB2, 0xFBB2, 0xF392,
    0xFBB2, 0xFB92, 0xF391, 0xFB92, 0xF391, 0xFB92, 0xFB92, 0xF391, 0xFB92, 0xF392, 0xF391, 0xFB92,
    0xF391, 0xFB92, 0xFB91, 0xF391, 0xFB92, 0xFB91, 0xF391, 0xFB91, 0xF391, 0xFB91, 0xFB91, 0xF371,
    0xFB91, 0xFB71, 0xF370, 0xFB91, 0xF371, 0xFB91, 0xFB91, 0xF370, 0xFB91, 0xFB71, 0xF370, 0xFB91,
    0xF370, 0xFB91, 0xFB90, 0xF370, 0xFB91, 0xFB70, 0xF370, 0xFB91, 0xF370, 0xFB91, 0xFB90, 0xF370,
    0xFB91, 0xF370, 0xF370, 0xFB91, 0xF370, 0xFB91, 0xFB90, 0xF370, 0xFB91, 0xFB70, 0xF370, 0xFB71,
    0xF370, 0xFB91, 0xFB91, 0xF370, 0xFB91, 0xF370, 0xF370, 0xFB91, 0xF370, 0xFB91, 0xFB71, 0xF370,
    0xFB91, 0xF370, 0xF370, 0xFB91, 0xF370, 0xFB91, 0xFB71, 0xF370, 0xFB91, 0xF371, 0xF370, 0xFB91,
    0xF371, 0xFB91, 0xFB91, 0xF371, 0xFB91, 0xF391, 0xF391, 0xFB91, 0xF391, 0xFB91, 0xFB91, 0xF391,
    0xFB92, 0xF391, 0xF391, 0xFB92, 0xF391, 0xFBB2, 0xFBB2, 0xF391, 0xFBB2, 0xF392, 0xF391, 0xFB92,
    0xF392, 0xFBB2, 0xFB92, 0xF392, 0xFBB2, 0xF392, 0xF392, 0xFBB2, 0xF3B2, 0xFBB3, 0xFBB3, 0xF3B2,
    0xFBB3, 0xF392, 0xF392, 0xFBB3, 0xF3B2, 0xFBB3, 0xFBB3, 0xF3B2, 0xFBB3, 0xF3B3, 0xF3B2, 0xFBB3,
    0xF3B3, 0xFBD4, 0xF3D3, 0xF3B3, 0xFBD4, 0xF3D3, 0xF3B3, 0xFBD4, 0xF3D3, 0xFBD4, 0xF3D4, 0xF3D3,
    0xFBD4, 0xF3D4, 0xF3D3, 0xFBD4, 0xF3D4, 0xFBF5, 0xF3F4, 0xF3D4, 0xFBF5, 0xF3F4, 0xF3D4, 0xFBF5,
    0xF3F4, 0xFC15, 0xF3F5, 0xF3F5, 0xFC15, 0xF415, 0xF3F5, 0xF416, 0xF415, 0xFC16, 0xF416, 0xF415,
    0xF436, 0xF416, 0xF416, 0xF436, 0xF436, 0xFC37, 0xF436, 0xF436, 0xF457, 0xF437, 0xF436, 0xF3D6,
    0xFF3D, 0xFE7C, 0xF3F7, 0xC372, 0xE3D4, 0xDBB3, 0xDBB3, 0xDBB3, 0xDBB3, 0xDBB3, 0xD3B3, 0xD392,
    0xD393, 0xCB92, 0xCB72, 0xCB72, 0xC371, 0xC372, 0xC351, 0xBB31, 0xBB51, 0xB330, 0xB310, 0xB330,
    0xAB10, 0xB310, 0xAB0F, 0xA2EF, 0xAAEF, 0xA2EF, 0x9ACE, 0xA2CF, 0x9AEF, 0x9AEF, 0xA30F, 0x9B0F,
    0x9B0F, 0xA330, 0xA330, 0xA330, 0xA350, 0xA350, 0xAB71, 0xAB91, 0xAB91, 0xB3B2, 0xABB1, 0xABB1,
    0xB3D2, 0xB3D2, 0xB3F3, 0xB412, 0xB412, 0xBC33, 0xB433, 0xB433, 0xBC53, 0xB453, 0xBC74, 0xB493,
    0xABD2, 0xFC19, 0xFF5D, 0xF67C, 0xF3B6, 0xF457, 0xF457, 0xF457, 0xF437, 0xF457, 0xF437, 0xF436,
    0xF457, 0xF436, 0xFC57, 0xF437, 0xF436, 0xFC37, 0xF436, 0xF416, 0xF436, 0xF416, 0xFC36, 0xF416,
    0xF415, 0xFC36, 0xF415, 0xF3F5, 0xF415, 0xF3F5, 0xFC15, 0xF3F5, 0xF3F5, 0xFBF5, 0xF3F5, 0xF3D4,
    0xFBF5, 0xF3F4, 0xFBF5, 0xF3D4, 0xF3D4, 0xFBF5, 0xF3D4, 0xF3D4, 0xFBD4, 0xF3D4, 0xFBF4, 0xF3F4,
    0xF3D4, 0xFBD4, 0xF3D4, 0xF3B3, 0xFBD4, 0xF3D3, 0xFBD4, 0xFBD4, 0xF3B3, 0xFBD4, 0xF3B3, 0xF3B3,
    0xFBB3, 0xF3B3, 0xFBD3, 0xFBB3, 0xF3B3, 0xFBB3, 0xF3B3, 0xF3B2, 0xFBB3, 0xF3B3, 0xFBB3, 0xFB93,
    0xF392, 0xFBB3, 0xFB92, 0xF392, 0xFBB2, 0xF3B2, 0xFBB3, 0xFB92, 0xF392, 0xFBB2, 0xFB92, 0xF391,
    0xFB92, 0xF392, 0xFB92, 0xFB92, 0xF391, 0xFB92, 0xF392, 0xF391, 0xFB92, 0xF391, 0xFB92, 0xFB92,
    0xF391, 0xFBB2, 0xFB91, 0xF391, 0xFB91, 0xF391, 0xFB92, 0xFB91, 0xF371, 0xFB91, 0xFB71, 0xF370,
    0xFB91, 0xF371, 0xFB91, 0xFB91, 0xF370, 0xFB91, 0xFB91, 0xF370, 0xFB91, 0xF390, 0xFB91, 0xFB90,
    0xF370, 0xFB91, 0xF390, 0xF370, 0xFB91, 0xF390, 0xFB91, 0xFB90, 0xF370, 0xFB91, 0xF370, 0xF370,
    0xFB91, 0xF370, 0xFB91, 0xFB90, 0xF370, 0xFB91, 0xF370, 0xF370, 0xFB91, 0xF390, 0xFB91, 0xFB91,
    0xF370, 0xFB91, 0xF370, 0xF370, 0xFB91, 0xF370, 0xFB91, 0xFB91, 0xF370, 0xFB91, 0xFB71, 0xF370,
    0xFB91, 0xF370, 0xFB91, 0xFB91, 0xF370, 0xFB91, 0xF371, 0xF370, 0xFB91, 0xF371, 0xFB91, 0xFB91,
    0xF371, 0xFB91, 0xF391, 0xF391, 0xFB91, 0xF391, 0xFB92, 0xFB91, 0xF391, 0xFB92, 0xFB91, 0xF391,
    0xFB92, 0xF391, 0xFBB2, 0xFBB2, 0xF391, 0xFBB2, 0xF392, 0xF391, 0xFB92, 0xF392, 0xFBB2, 0xFBB2,
    0xF392, 0xFBB3, 0xF3B2, 0xF3B2, 0xFBB3, 0xF3B2, 0xFBD3, 0xFBB3, 0xF3B2, 0xFBB3, 0xF3B2, 0xF3B2,
    0xFBB3, 0xF3B3, 0xFBD3, 0xF3B3, 0xF392, 0xFBB3, 0xF3B3, 0xF3B3, 0xFBB3, 0xF3D3, 0xFBD4, 0xFBD3,
    0xF3B3, 0xFBD4, 0xF3D4, 0xF3D3, 0xFBD4, 0xF3D4, 0xFBD4, 0xF3D4, 0xF3D4, 0xFBF4, 0xF3D4, 0xF3D4,
    0xFBF4, 0xF3F4, 0xFBF5, 0xF3F4, 0xF3D4, 0xFBF5, 0xF3F5, 0xF3F4, 0xFBF5, 0xF3F5, 0xFC15, 0xF3F5,
    0xF3F5, 0xFC16, 0xF415, 0xF3F5, 0xF416, 0xF415, 0xFC36, 0xF416, 0xF416, 0xF436, 0xF436, 0xF416,
    0xF436, 0xF436, 0xFC37, 0xF437, 0xF436, 0xF457, 0xF437, 0xF3D5, 0xFF3D, 0xFE7B, 0xFBF8, 0xC372,
    0xE3B3, 0xDBD4, 0xDBB3, 0xD3B3, 0xDBB3, 0xD393, 0xD3B3, 0xD393, 0xCB72, 0xCB92, 0xCB72, 0xC351,
    0xC372, 0xBB51, 0xC351, 0xBB51, 0xB330, 0xB331, 0xB310, 0xAB0F, 0xAB10, 0xAAEF, 0xAB10, 0xA2EF,
    0xA2CF, 0xA2EF, 0x9ACE, 0x9AAE, 0x92CE, 0x9AEF, 0x9AEF, 0x9B0F, 0x9B0F, 0x9B0F, 0xA330, 0xA330,
    0xA330, 0xA350, 0xA350, 0xAB71, 0xAB91, 0xAB91, 0xB3B2, 0xABB1, 0xABB1, 0xB3D2, 0xB3D2, 0xB3F3,
    0xB412, 0xB412, 0xBC33, 0xB433, 0xB433, 0xBC53, 0xB453, 0xB474, 0xB3D3, 0xFC18, 0xFF7E, 0xFE9C,
    0xF3B6, 0xF458, 0xF457, 0xFC57, 0xF457, 0xF437, 0xF457, 0xF437, 0xF436, 0xF437, 0xF436, 0xFC57,
    0xF437, 0xF436, 0xFC37, 0xF436, 0xF436, 0xF436, 0xF416, 0xFC36, 0xF416, 0xF415, 0xFC36, 0xF415,
    0xF3F5, 0xFC15, 0xF3F5, 0xFC16, 0xF415, 0xF3F5, 0xFC15, 0xF3F5, 0xF3F4, 0xFBF5, 0xF3F4, 0xFBF5,
    0xF3F4, 0xF3D4, 0xFBF5, 0xF3D4, 0xF3D4, 0xFBF4, 0xF3D4, 0xFBF5, 0xF3D4, 0xF3D4, 0xFBD4, 0xF3D4,
    0xF3B3, 0xFBD4, 0xF3D3, 0xFBD4, 0xFBD4, 0xF3B3, 0xFBD4, 0xF3B3, 0xF3B3, 0xFBB3, 0xF3B3, 0xFBD4,
    0xFBB3, 0xF3B3, 0xFBD3, 0xFBB3, 0xF3B2, 0xFBB3, 0xF3B2, 0xFBB3, 0xFBB3, 0xF392, 0xFBB3, 0xF392,
    0xF392, 0xFBB2, 0xF3B2, 0xFBB3, 0xFB92, 0xF392, 0xFBB2, 0xFB92, 0xF391, 0xFB92, 0xF392, 0xFBB2,
    0xFB92, 0xF391, 0xFBB2, 0xF392, 0xF391, 0xFB92, 0xF391, 0xFBB2, 0xFB92, 0xF391, 0xFBB2, 0xFB91,
    0xF391, 0xFB91, 0xF391, 0xFB92, 0xFB91, 0xF371, 0xFB91, 0xFB91, 0xF370, 0xFB91, 0xF391, 0xFB91,
    0xFB91, 0xF370, 0xFB91, 0xFB91, 0xF370, 0xFB91, 0xF390, 0xFB91, 0xFB91, 0xF370, 0xFB91, 0xF371,
    0xF370, 0xFB91, 0xF390, 0xFB91, 0xFB91, 0xF370, 0xFB91, 0xFB91, 0xF370, 0xFB91, 0xF390, 0xFB91,
    0xFB90, 0xF370, 0xFB91, 0xFB91, 0xF370, 0xFB91, 0xF390, 0xFB91, 0xFB91, 0xF390, 0xFB91, 0xF391,
    0xF370, 0xFB91, 0xF391, 0xFB91, 0xFB91, 0xF370, 0xFB91, 0xF371, 0xF370, 0xFB71, 0xF370, 0xFB91,
    0xFB91, 0xF370, 0xFB91, 0xF371, 0xF370, 0xFB91, 0xF371, 0xFB91, 0xFB91, 0xF371, 0xFB92, 0xF391,
    0xF391, 0xFB91, 0xF391, 0xFB92, 0xFB91, 0xF391, 0xFB92, 0xFB91, 0xF391, 0xFB92, 0xF391, 0xFBB2,
    0xFBB2, 0xF391, 0xFBB2, 0xF392, 0xF391, 0xFBB2, 0xF392, 0xFBB3, 0xFBB2, 0xF3B2, 0xFBD3, 0xF3B2,
    0xF3B2, 0xFBB3, 0xF3B2, 0xFBB3, 0xF3B3, 0xF3B2, 0xFBB3, 0xF3B3, 0xF3B2, 0xFBD3, 0xF3B3, 0xFBD3,
    0xF3B3, 0xF3B3, 0xFBB3, 0xF3B3, 0xF3B3, 0xFBD3, 0xF3D3, 0xFBD4, 0xFBD4, 0xF3D3, 0xFBD4, 0xF3D4,
    0xF3D3, 0xFBD4, 0xF3D4, 0xFBF4, 0xF3F4, 0xF3D4, 0xFBF4, 0xF3F4, 0xF3F4, 0xFBF5, 0xF3F4, 0xFC15,
    0xF3F5, 0xF3F4, 0xFBF5, 0xF3F5, 0xF3F4, 0xF3F5, 0xF3F5, 0xFC15, 0xF415, 0xF3F5, 0xFC16, 0xF415,
    0xF415, 0xF416, 0xF416, 0xFC36, 0xF436, 0xF416, 0xF436, 0xF436, 0xF436, 0xF437, 0xF436, 0xF437,
    0xF437, 0xF436, 0xF457, 0xF3D6, 0xFF3D, 0xFE7C, 0xF3F7, 0xC372, 0xE3B3, 0xDBB3, 0xDBB3, 0xD3B3,
    0xD392, 0xD393, 0xD392, 0xD393, 0xCB92, 0xC372, 0xCB72, 0xC371, 0xBB51, 0xBB51, 0xBB31, 0xBB51,
    0xB330, 0xB310, 0xB330, 0xAB10, 0xA2EF, 0xAAEF, 0xA2EF, 0xA2EF, 0xA2CF, 0x9ACE, 0x9ACF, 0x9AAE,
    0x92CE, 0x92CE, 0x9AEF, 0x9AEF, 0x9B0F, 0x9B0F, 0x9B0F, 0xA330, 0xA330, 0xA330, 0xA350, 0xA370,
    0xAB91, 0xAB91, 0xAB91, 0xB3B2, 0xABB1, 0xABB1, 0xB3D2, 0xB3F2, 0xBBF3, 0xB413, 0xB412, 0xBC33,
    0xB433, 0xB433, 0xBC53, 0xB473, 0xB3D3, 0xFC19, 0xFF5D, 0xFE9C, 0xF3B6, 0xF457, 0xF457, 0xF457,
    0xF457, 0xF457, 0xF437, 0xF457, 0xF437, 0xF436, 0xF457, 0xF436, 0xFC57, 0xF456, 0xF436, 0xFC37,
    0xF436, 0xF416, 0xF436, 0xF416, 0xFC36, 0xF436, 0xF415, 0xFC16, 0xF415, 0xF3F5, 0xF415, 0xF415,
    0xFC16, 0xF415, 0xF3F5, 0xFC15, 0xF3F5, 0xF3F4, 0xFBF5, 0xF3F4, 0xFBF5, 0xF3F5, 0xF3D4, 0xFBF5,
    0xF3D4, 0xF3D4, 0xFBF4, 0xF3D4, 0xFBF4, 0xF3D4, 0xF3D4, 0xFBF4, 0xF3D4, 0xF3D3, 0xFBD4, 0xF3D3,
    0xFBD4, 0xFBD4, 0xF3B3, 0xFBD4, 0xF3B3, 0xF3B3, 0xFBD3, 0xF3B3, 0xFBD4, 0xFBB3, 0xF3B3, 0xFBD3,
    0xFBB3, 0xF3B2, 0xFBB3, 0xF3B3, 0xFBB3, 0xFBB3, 0xF392, 0xFBB3, 0xF392, 0xF392, 0xFBB3, 0xF3B2,
    0xFBB3, 0xFBB2, 0xF392, 0xFBB2, 0xF392, 0xF392, 0xFBB2, 0xF392, 0xFBB2, 0xFB92, 0xF392, 0xFBB2,
    0xF392, 0xF391, 0xFB92, 0xF391, 0xFBB2, 0xFB92, 0xF391, 0xFBB2, 0xFB91, 0xF391, 0xFB91, 0xF391,
    0xFB92, 0xFB91, 0xF371, 0xFB91, 0xFB91, 0xF370, 0xFB91, 0xF391, 0xFB91, 0xFB91, 0xF370, 0xFB91,
    0xFB91, 0xF370, 0xFB91, 0xF390, 0xFB91, 0xFB91, 0xF390, 0xFB91, 0xF391, 0xF370, 0xFB91, 0xF390,
    0xFB91, 0xFB91, 0xF370, 0xFB91, 0xFB91, 0xF390, 0xFB91, 0xF390, 0xFB91, 0xFB91, 0xF390, 0xFB91,
    0xFB91, 0xF390, 0xFB91, 0xF391, 0xFBB1, 0xFB91, 0xF391, 0xFB91, 0xF391, 0xF370, 0xFB91, 0xF391,
    0xFB91, 0xFB91, 0xF370, 0xFB91, 0xF371, 0xF370, 0xFB71, 0xF371, 0xFB91, 0xFB91, 0xF371, 0xFB91,
    0xF391, 0xF370, 0xFB91, 0xF391, 0xFB92, 0xFB91, 0xF391, 0xFB92, 0xF391, 0xF391, 0xFB92, 0xF391,
    0xFB92, 0xFB91, 0xF391, 0xFBB2, 0xF392, 0xF391, 0xFB92, 0xF392, 0xFBB2, 0xFBB2, 0xF392, 0xFBB2,
    0xF392, 0xF392, 0xFBB2, 0xF3B2, 0xFBB3, 0xF3B2, 0xF392, 0xFBB3, 0xF3B2, 0xF3B2, 0xFBB3, 0xF3B3,
    0xFBB3, 0xF3B3, 0xF3B2, 0xFBD3, 0xF3B3, 0xF3B2, 0xFBB3, 0xF3B3, 0xFBD4, 0xFBD3, 0xF3B3, 0xFBD3,
    0xF3B3, 0xF3B3, 0xFBD4, 0xF3D3, 0xFBF4, 0xFBD4, 0xF3D3, 0xFBF4, 0xF3D4, 0xF3D3, 0xFBD4, 0xF3D4,
    0xFBF5, 0xFBF4, 0xF3D4, 0xFBF5, 0xF3F4, 0xF3F4, 0xFBF5, 0xF3F4, 0xFC15, 0xFBF5, 0xF3F4, 0xFC15,
    0xF3F5, 0xF3F5, 0xF415, 0xF3F5, 0xFC16, 0xF415, 0xF415, 0xF416, 0xF415, 0xF415, 0xF436, 0xF436,
    0xFC36, 0xF436, 0xF436, 0xF437, 0xF436, 0xF436, 0xF437, 0xF436, 0xF457, 0xF457, 0xF457, 0xF3F7,
    0xFF3D, 0xF67B, 0xFC18, 0xC372, 0xE3B3, 0xDBB3, 0xD393, 0xDBB3, 0xD393, 0xCB92, 0xD393, 0xCB92,
    0xCB92, 0xCB72, 0xC351, 0xC372, 0xBB51, 0xBB30, 0xBB31, 0xB330, 0xB331, 0xB310, 0xAB0F, 0xAB10,
    0xA2EF, 0xA2EF, 0xA2EF, 0x9ACE, 0xA2CF, 0x9ACE, 0x92AE, 0x9ACE, 0x92CE, 0x92CE, 0x92CE, 0x9AEF,
    0x92EF, 0x9B0F, 0x9B0F, 0x9B0F, 0xA330, 0xA330, 0xA330, 0xA350, 0xA370, 0xAB91, 0xAB91, 0xAB91,
    0xB3B2, 0xABB2, 0xABB1, 0xB3D2, 0xB3F2, 0xBBF3, 0xB413, 0xB412, 0xBC33, 0xB433, 0xB433, 0xB453,
    0xB3B2, 0xFC19, 0xFF3D, 0xFEBC, 0xF3D7, 0xF457, 0xF457, 0xF457, 0xF457, 0xF457, 0xF457, 0xF437,
    0xF457, 0xF437, 0xF436, 0xF457, 0xF436, 0xFC57, 0xF436, 0xF436, 0xFC37, 0xF436, 0xF416, 0xF436,
    0xF416, 0xFC36, 0xF416, 0xF415, 0xFC16, 0xF3F5, 0xF3F5, 0xF415, 0xF415, 0xFC16, 0xF415, 0xF3F5,
    0xFC15, 0xF3F5, 0xF3F4, 0xF3F5, 0xF3F4, 0xFBF5, 0xF3F5, 0xF3D4, 0xFBF5, 0xF3F4, 0xF3D4, 0xFBF4,
    0xF3D4, 0xFBF5, 0xF3D4, 0xF3D4, 0xFBF4, 0xF3D4, 0xF3D3, 0xFBD4, 0xF3D3, 0xFBD4, 0xFBD4, 0xF3B3,
    0xFBD4, 0xF3B3, 0xF3B3, 0xFBB3, 0xF3B3, 0xFBD4, 0xFBD3, 0xF3B3, 0xFBD3, 0xFBB3, 0xF3B2, 0xFBB3,
    0xF3B2, 0xFBB3, 0xFBB3, 0xF392, 0xFBB3, 0xFBB2, 0xF392, 0xFBB3, 0xF3B2, 0xFBB3, 0xFBB2, 0xF392,
    0xFBB2, 0xFB92, 0xF392, 0xFBB2, 0xF392, 0xFBB2, 0xFBB2, 0xF392, 0xFBB2, 0xFB92, 0xF391, 0xFB92,
    0xF391, 0xFBB2, 0xFBB2, 0xF391, 0xFBB2, 0xFB91, 0xF391, 0xFB91, 0xF391, 0xFB92, 0xFB91, 0xF371,
    0xFB91, 0xFB91, 0xF371, 0xFB91, 0xF391, 0xFB91, 0xFB91, 0xF370, 0xFB91, 0xFB71, 0xF370, 0xFB91,
    0xF390, 0xFB91, 0xFB91, 0xF390, 0xFB91, 0xFB91, 0xF370, 0xFB91, 0xF390, 0xFB91, 0xFB91, 0xF370,
    0xFB91, 0xFB91, 0xF370, 0xFB91, 0xF390, 0xFB91, 0xFB91, 0xF390, 0xFB91, 0xFB91, 0xF370, 0xFB91,
    0xF391, 0xFBB1, 0xFB91, 0xF391, 0xFB91, 0xF391, 0xF370, 0xFB91, 0xF391, 0xFB91, 0xFB91, 0xF370,
    0xFB91, 0xF371, 0xF370, 0xFB91, 0xF371, 0xFB91, 0xFB91, 0xF371, 0xFB91, 0xFB71, 0xF370, 0xFB91,
    0xF391, 0xFB92, 0xFB91, 0xF391, 0xFB92, 0xF391, 0xF391, 0xFB92, 0xF391, 0xFBB2, 0xFB92, 0xF391,
    0xFB92, 0xF392, 0xF391, 0xFBB2, 0xF3B2, 0xFBB2, 0xFBB2, 0xF392, 0xFBB2, 0xF3B2, 0xF3B2, 0xFBB3,
    0xF3B2, 0xFBB3, 0xFBB2, 0xF392, 0xFBB3, 0xF3B3, 0xF3B2, 0xFBB3, 0xF3B3, 0xFBD3, 0xF3D3, 0xF3B3,
    0xFBD3, 0xF3B3, 0xF3B3, 0xFBD3, 0xF3D3, 0xFBD4, 0xFBD3, 0xF3B3, 0xFBD4, 0xF3D3, 0xF3B3, 0xFBD4,
    0xF3D3, 0xFBF4, 0xF3D4, 0xF3D3, 0xFBF4, 0xF3F4, 0xF3D4, 0xFBF4, 0xF3F4, 0xFBF5, 0xFBF5, 0xF3F4,
    0xFBF5, 0xF3F5, 0xF3F4, 0xF3F5, 0xF3F5, 0xFC15, 0xF3F5, 0xF3F5, 0xFC15, 0xF3F5, 0xF3F5, 0xF415,
    0xF3F5, 0xFC16, 0xF415, 0xF415, 0xF436, 0xF416, 0xF415, 0xF436, 0xF436, 0xFC37, 0xF436, 0xF436,
    0xF457, 0xF436, 0xF436, 0xF457, 0xF457, 0xF457, 0xF457, 0xF3F6, 0xFF5E, 0xFE7C, 0xFC58, 0xC392,
    0xDBB3, 0xDBB3, 0xD3B3, 0xD392, 0xD3B3, 0xCB92, 0xCB72, 0xCB92, 0xC372, 0xCB72, 0xC372, 0xBB51,
    0xBB51, 0xBB31, 0xB330, 0xB330, 0xAB10, 0xB310, 0xAB10, 0xA2EF, 0xAAEF, 0xA2CF, 0x9ACE, 0x9ACF,
    0x9ACE, 0x9ACE, 0x92AE, 0x928D, 0x8AAD, 0x92CE, 0x92CE, 0x92CE, 0x92EF, 0x92EE, 0x9B0F, 0x9B0F,
    0x9B0F, 0xA330, 0xA330, 0xA330, 0xA350, 0xA370, 0xAB91, 0xAB91, 0xAB91, 0xB3B2, 0xB3B2, 0xABB1,
    0xB3D2, 0xB3F2, 0xBBF3, 0xB413, 0xB412, 0xBC33, 0xBC13, 0xB452, 0x9B50, 0xFC19, 0xFEFD, 0xFEFD,
    0xF3B6, 0xF478, 0xF457, 0xF457, 0xF457, 0xF457, 0xFC57, 0xF457, 0xF437, 0xF457, 0xF457, 0xF436,
    0xF457, 0xF456, 0xFC57, 0xF436, 0xF436, 0xFC37, 0xF436, 0xF416, 0xF436, 0xF416, 0xFC36, 0xF416,
    0xF415, 0xFC16, 0xF3F5, 0xF3F5, 0xF416, 0xF415, 0xFC16, 0xF415, 0xF3F5, 0xFBF5, 0xF3F5, 0xF3D4,
    0xFBF5, 0xF3F4, 0xFBF5, 0xF3F5, 0xF3D4, 0xFBF5, 0xF3F4, 0xF3D4, 0xFBF4, 0xF3D4, 0xFBF5, 0xFBD4,
    0xF3D4, 0xFBD4, 0xF3D4, 0xF3D3, 0xFBD4, 0xF3D3, 0xFBD4, 0xFBD4, 0xF3B3, 0xFBD4, 0xF3B3, 0xF3B3,
    0xFBB3, 0xF3B3, 0xFBD4, 0xFBD3, 0xF3B3, 0xFBD3, 0xFBB3, 0xF3B2, 0xFBB3, 0xF3B2, 0xFBB3, 0xFBB3,
    0xF392, 0xFBB3, 0xF3B2, 0xF392, 0xFBB3, 0xF3B2, 0xFBB3, 0xFBB2, 0xF392, 0xFBB2, 0xFBB2, 0xF392,
    0xFBB2, 0xF392, 0xFBB2, 0xFB92, 0xF391, 0xFBB2, 0xF392, 0xF391, 0xFB92, 0xF391, 0xFBB2, 0xFB92,
    0xF391, 0xFBB2, 0xFB91, 0xF391, 0xFB91, 0xF391, 0xFB92, 0xFB91, 0xF371, 0xFB91, 0xF391, 0xF370,
    0xFB91, 0xF391, 0xFB91, 0xFB91, 0xF371, 0xFB91, 0xFB91, 0xF370, 0xFB91, 0xF391, 0xFB91, 0xFB91,
    0xF390, 0xFB91, 0xF391, 0xF370, 0xFB91, 0xF390, 0xFB91, 0xFB91, 0xF370, 0xFB91, 0xFB91, 0xF370,
    0xFB91, 0xF390, 0xFB91, 0xFB91, 0xF390, 0xFB91, 0xFB91, 0xF390, 0xFB91, 0xF391, 0xFBB1, 0xFB91,
    0xF391, 0xFB91, 0xF391, 0xF370, 0xFB91, 0xF391, 0xFB91, 0xFB91, 0xF371, 0xFB91, 0xF371, 0xF371,
    0xFB91, 0xF391, 0xFB91, 0xFB91, 0xF371, 0xFB91, 0xFB91, 0xF391, 0xFB91, 0xF391, 0xFB92, 0xFB91,
    0xF391, 0xFB92, 0xF392, 0xF391, 0xFB92, 0xF391, 0xFB92, 0xFB92, 0xF391, 0xFBB2, 0xF392, 0xF391,
    0xFBB2, 0xF392, 0xFBB2, 0xFBB2, 0xF392, 0xFBB3, 0xF3B2, 0xF3B2, 0xFBB3, 0xF3B2, 0xFBB3, 0xFBB3,
    0xF3B2, 0xFBD3, 0xF3B3, 0xF3B2, 0xFBB3, 0xF3B3, 0xFBD3, 0xF3D3, 0xF3B3, 0xFBD4, 0xF3D3, 0xF3D3,
    0xFBD4, 0xF3D3, 0xFBD4, 0xF3D3, 0xF3B3, 0xFBD4, 0xF3D4, 0xF3B3, 0xFBD4, 0xF3D3, 0xFBF4, 0xFBF4,
    0xF3D4, 0xFBF4, 0xF3F4, 0xF3D4, 0xFBF4, 0xF3F4, 0xFBF5, 0xFBF5, 0xF3F4, 0xFC15, 0xF3F5, 0xF3F4,
    0xFC15, 0xF3F5, 0xFC15, 0xF3F5, 0xF3F5, 0xFC15, 0xF415, 0xF3F5, 0xF416, 0xF415, 0xFC36, 0xF416,
    0xF415, 0xF436, 0xF436, 0xF436, 0xF436, 0xF436, 0xF457, 0xF436, 0xF436, 0xF457, 0xF437, 0xF436,
    0xF457, 0xF457, 0xFC57, 0xF417, 0xFF7D, 0xFE5C, 0xF3F7, 0x92AE, 0xE3D4, 0xD3B3, 0xD3B3, 0xD393,
    0xCB92, 0xD393, 0xCB72, 0xC371, 0xC372, 0xC371, 0xC372, 0xBB51, 0xBB30, 0xBB51, 0xB330, 0xAB10,
    0xAB10, 0xAB0F, 0xAB10, 0xA2EF, 0xA2CF, 0xA2EF, 0x9ACE, 0x92AE, 0x9AAE, 0x92AE, 0x9AAE, 0x92AD,
    0x8AAE, 0x8AAD, 0x92CE, 0x92CE, 0x92CE, 0x92EF, 0x92EE, 0x9B0F, 0x9B0F, 0x9B0F, 0xA330, 0xA330,
    0xA350, 0xA350, 0xA370, 0xAB91, 0xAB91, 0xAB91, 0xB3B2, 0xB3B2, 0xABB1, 0xB3D2, 0xB3F2, 0xBBF3,
    0xB413, 0xB3F2, 0xBC13, 0xC474, 0x6A8B, 0xFBD8, 0xFE5C, 0xFF9E, 0xF437, 0xF457, 0xF478, 0xF457,
    0xF457, 0xF457, 0xF457, 0xF457, 0xF457, 0xF437, 0xF457, 0xF457, 0xF456, 0xF457, 0xF456, 0xFC57,
    0xF456, 0xF436, 0xF437, 0xF436, 0xF416, 0xF436, 0xF416, 0xFC36, 0xF416, 0xF415, 0xFC16, 0xF415,
    0xF3F5, 0xF416, 0xF415, 0xFC16, 0xF3F5, 0xF3F5, 0xFBF5, 0xF3F5, 0xF3D4, 0xFBF5, 0xF3F4, 0xFBF5,
    0xFBF5, 0xF3F4, 0xFBF5, 0xF3F4, 0xF3D4, 0xFBF5, 0xF3D4, 0xFBF5, 0xFBF4, 0xF3D4, 0xFBD4, 0xF3D4,
    0xF3D3, 0xFBD4, 0xF3D4, 0xFBD4, 0xFBD4, 0xF3B3, 0xFBD4, 0xF3D3, 0xF3B3, 0xFBD3, 0xF3B3, 0xFBD4,
    0xFBD3, 0xF3B3, 0xFBD3, 0xFBB3, 0xF3B2, 0xFBB3, 0xF3B2, 0xFBB3, 0xFBB3, 0xF392, 0xFBB3, 0xF3B2,
    0xF392, 0xFBB3, 0xF3B2, 0xFBB3, 0xFBB2, 0xF3B2, 0xFBB3, 0xFBB2, 0xF392, 0xFBB2, 0xF392, 0xFBB2,
    0xFBB2, 0xF392, 0xFBB2, 0xFB92, 0xF391, 0xFBB2, 0xF391, 0xFBB2, 0xFB92, 0xF391, 0xFBB2, 0xF391,
    0xF391, 0xFBB2, 0xF391, 0xFB92, 0xFB91, 0xF391, 0xFB91, 0xFB91, 0xF370, 0xFB91, 0xF391, 0xFB91,
    0xFB91, 0xF371, 0xFB91, 0xF391, 0xF370, 0xFB91, 0xF390, 0xFBB1, 0xFB91, 0xF390, 0xFB91, 0xF391,
    0xF370, 0xFB91, 0xF391, 0xFB91, 0xFB91, 0xF390, 0xFB91, 0xFB91, 0xF370, 0xFB91, 0xF391, 0xFB91,
    0xFB91, 0xF390, 0xFB91, 0xFB91, 0xF391, 0xFB91, 0xF391, 0xFB91, 0xFB91, 0xF391, 0xFB91, 0xF391,
    0xF371, 0xFB91, 0xF391, 0xFB91, 0xFB91, 0xF371, 0xFB91, 0xF391, 0xF371, 0xFB91, 0xF391, 0xFB92,
    0xFB91, 0xF391, 0xFB92, 0xFB91, 0xF391, 0xFB92, 0xF391, 0xFB92, 0xFB92, 0xF391, 0xFBB2, 0xF392,
    0xF391, 0xFB92, 0xF392, 0xFBB2, 0xFBB2, 0xF392, 0xFBB2, 0xF392, 0xF392, 0xFBB2, 0xF3B2, 0xFBB3,
    0xFBB2, 0xF392, 0xFBB3, 0xFBB2, 0xF3B2, 0xFBB3, 0xF3B3, 0xFBB3, 0xFBB3, 0xF3B2, 0xFBD3, 0xF3B3,
    0xF3B3, 0xFBD3, 0xF3B3, 0xFBD4, 0xF3D3, 0xF3B3, 0xFBD4, 0xF3D3, 0xF3D3, 0xFBD4, 0xF3D3, 0xFBD4,
    0xF3D4, 0xF3D3, 0xFBD4, 0xF3D4, 0xF3D3, 0xFBD4, 0xF3D4, 0xFBF4, 0xF3F4, 0xF3F4, 0xFBF5, 0xF3F4,
    0xF3F4, 0xFBF5, 0xF3F4, 0xFBF5, 0xF3F5, 0xF3F4, 0xFC15, 0xF3F5, 0xF3F5, 0xFC15, 0xF3F5, 0xFC16,
    0xF415, 0xF3F5, 0xFC16, 0xF415, 0xF415, 0xF416, 0xF416, 0xFC36, 0xF436, 0xF416, 0xF436, 0xF436,
    0xF436, 0xF437, 0xF436, 0xF457, 0xF457, 0xF436, 0xF457, 0xF457, 0xF457, 0xF457, 0xF417, 0xFC98,
    0xFFDF, 0xFD5A, 0xEB96, 0x720A, 0xE3F4, 0xD393, 0xD392, 0xD3B3, 0xCB92, 0xCB72, 0xCB92, 0xC372,
    0xC351, 0xC372, 0xBB51, 0xBB51, 0xBB31, 0xB330, 0xB330, 0xAB10, 0xAAEF, 0xAB10, 0xA2EF, 0xA2EF,
    0xA2CF, 0x9ACE, 0x9ACE, 0x9AAE, 0x92AD, 0x92AE, 0x928D, 0x92AE, 0x8AAE, 0x8AAD, 0x8AAD, 0x92CE,
    0x92CE, 0x92CE, 0x92EF, 0x92EE, 0x9B0F, 0x9B0F, 0x9B0F, 0xA330, 0xA330, 0xA350, 0xA370, 0xA370,
    0xAB91, 0xAB91, 0xAB91, 0xB3B2, 0xB3B2, 0xABB1, 0xB3D2, 0xB3F2, 0xBBF3, 0xBBF3, 0xB3F2, 0xDCB6,
    0x41A7, 0xD355, 0xFDBC, 0xFFFE, 0xFCF9, 0xF417, 0xF457, 0xF478, 0xF457, 0xF457, 0xF457, 0xF457,
    0xF457, 0xF457, 0xF437, 0xF457, 0xF457, 0xF436, 0xF457, 0xF436, 0xFC57, 0xF436, 0xF436, 0xFC37,
    0xF436, 0xF416, 0xF436, 0xF416, 0xFC36, 0xF416, 0xF415, 0xFC16, 0xF415, 0xF3F5, 0xF415, 0xF3F5,
    0xFC16, 0xF3F5, 0xF3F5, 0xFBF5, 0xF3F5, 0xF3D4, 0xFBF5, 0xF3F4, 0xFBF5, 0xFBF5, 0xF3D4, 0xFBF5,
    0xF3F4, 0xF3D4, 0xFBF5, 0xF3D4, 0xFBF5, 0xFBF4, 0xF3D4, 0xFBD4, 0xF3D4, 0xF3B3, 0xFBD4, 0xF3D4,
    0xFBD4, 0xFBD4, 0xF3B3, 0xFBD4, 0xF3D3, 0xF3B3, 0xFBD3, 0xF3B3, 0xFBD4, 0xFBD3, 0xF3B3, 0xFBD3,
    0xFBB3, 0xF3B2, 0xFBB3, 0xF3B2, 0xFBB3, 0xFBB3, 0xF3B2, 0xFBB3, 0xF3B2, 0xF3B2, 0xFBB3, 0xF3B2,
    0xFBB3, 0xFBB2, 0xF392, 0xFBB3, 0xF392, 0xF392, 0xFB92, 0xF392, 0xFBB2, 0xFBB2, 0xF392, 0xFBB2,
    0xFB92, 0xF391, 0xFB92, 0xF391, 0xFBB2, 0xFB92, 0xF391, 0xFBB2, 0xFB92, 0xF391, 0xFB92, 0xF391,
    0xFB92, 0xFB91, 0xF391, 0xFB92, 0xFB91, 0xF391, 0xFB91, 0xF391, 0xFB91, 0xFB91, 0xF370, 0xFB91,
    0xF391, 0xF390, 0xFB91, 0xF391, 0xFB91, 0xFB91, 0xF390, 0xFB91, 0xF391, 0xF390, 0xFB91, 0xF391,
    0xFB91, 0xFB91, 0xF390, 0xFB91, 0xFB91, 0xF370, 0xFB91, 0xF391, 0xFBB1, 0xFB91, 0xF391, 0xFB91,
    0xFB91, 0xF391, 0xFB91, 0xF391, 0xFB91, 0xFB91, 0xF391, 0xFB91, 0xFB91, 0xF371, 0xFB91, 0xF391,
    0xFB92, 0xFB91, 0xF371, 0xFB91, 0xF391, 0xF371, 0xFB91, 0xF371, 0xFB92, 0xFB91, 0xF391, 0xFB92,
    0xF391, 0xF391, 0xFB92, 0xF391, 0xFBB2, 0xFB92, 0xF391, 0xFBB2, 0xF392, 0xF391, 0xFB92, 0xF392,
    0xFBB2, 0xFBB2, 0xF392, 0xFBB2, 0xF392, 0xF392, 0xFBB2, 0xF3B2, 0xFBB3, 0xFBB2, 0xF3B2, 0xFBD3,
    0xF3B3, 0xF3B2, 0xFBD3, 0xF3B3, 0xFBB3, 0xF3B3, 0xF3B3, 0xFBD3, 0xF3B3, 0xF3B3, 0xFBD3, 0xF3B3,
    0xFBD4, 0xFBD3, 0xF3B3, 0xFBD4, 0xF3D3, 0xF3D3, 0xFBD4, 0xF3D3, 0xFBD4, 0xF3D4, 0xF3D3, 0xFBF4,
    0xF3D4, 0xF3D3, 0xFBD4, 0xF3D4, 0xFBF5, 0xFBF4, 0xF3F4, 0xFBF5, 0xF3F4, 0xF3F4, 0xFBF5, 0xF3F4,
    0xFBF5, 0xF415, 0xF3F5, 0xFC15, 0xF3F5, 0xF3F5, 0xFC15, 0xF415, 0xFC16, 0xF416, 0xF3F5, 0xFC16,
    0xF416, 0xF415, 0xF436, 0xF436, 0xFC36, 0xF436, 0xF416, 0xF436, 0xF436, 0xF436, 0xF437, 0xF437,
    0xF457, 0xF457, 0xF437, 0xF457, 0xF457, 0xF457, 0xF3F7, 0xF579, 0xFFFF, 0xFD1B, 0xCB74, 0x5167,
    0xF436, 0xCB92, 0xD393, 0xCB92, 0xCB93, 0xCB92, 0xC372, 0xC372, 0xC351, 0xBB51, 0xBB51, 0xB331,
    0xBB51, 0xB330, 0xAB10, 0xAB10, 0xAAEF, 0xA2EF, 0xA2EF, 0x9ACE, 0xA2CF, 0x9ACE, 0x92AE, 0x9AAE,
    0x92AD, 0x8A8D, 0x928D, 0x8A8D, 0x828D, 0x8AAE, 0x8AAD, 0x8AAD, 0x92CE, 0x92CE, 0x92CE, 0x92EF,
    0x92EE, 0x9B0F, 0x9B0F, 0x9B0F, 0xA330, 0xA330, 0xA350, 0xAB71, 0xA370, 0xAB91, 0xAB91, 0xAB91,
    0xB3B2, 0xB3B2, 0xB3B1, 0xB3D2, 0xB3D2, 0xBBF3, 0xB3F2, 0xDCD6, 0x3145, 0x928F, 0xFD3C, 0xFFBE,
    0xF61B, 0xF3B7, 0xF478, 0xF457, 0xF478, 0xF457, 0xF457, 0xF457, 0xF457, 0xFC57, 0xF457, 0xF437,
    0xF457, 0xF457, 0xF436, 0xF457, 0xF436, 0xFC57, 0xF436, 0xF436, 0xFC37, 0xF436, 0xF416, 0xF436,
    0xF416, 0xFC36, 0xF416, 0xF415, 0xFC16, 0xF415, 0xF3F5, 0xF416, 0xF3F5, 0xFC16, 0xF3F5, 0xF3F5,
    0xFBF5, 0xF3F5, 0xF3F4, 0xFBF5, 0xF3F5, 0xFC15, 0xF3F5, 0xF3D4, 0xFBF5, 0xF3F4, 0xF3D4, 0xFBF5,
    0xF3D4, 0xFBF5, 0xF3D4, 0xF3D4, 0xFBD4, 0xF3D4, 0xF3B3, 0xFBD4, 0xF3D4, 0xFBD4, 0xFBD4, 0xF3B3,
    0xFBD4, 0xF3D3, 0xF3B3, 0xFBD4, 0xF3D3, 0xFBD4, 0xFBD3, 0xF3B3, 0xFBD3, 0xF3B3, 0xF3B2, 0xFBB3,
    0xF3B3, 0xFBB3, 0xFBB3, 0xF3B2, 0xFBB3, 0xF3B3, 0xF3B2, 0xFBB3, 0xF3B2, 0xFBB3, 0xFBB2, 0xF392,
    0xFBB3, 0xF392, 0xF392, 0xFBB2, 0xF3B2, 0xFBB3, 0xFBB2, 0xF392, 0xFBB2, 0xFB92, 0xF391, 0xFB92,
    0xF391, 0xFBB2, 0xFBB2, 0xF391, 0xFBB2, 0xFB92, 0xF391, 0xFB92, 0xF391, 0xFBB2, 0xFB91, 0xF391,
    0xFB92, 0xF391, 0xF391, 0xFB91, 0xF391, 0xFB91, 0xFB91, 0xF370, 0xFB91, 0xF391, 0xF370, 0xFB91,
    0xF391, 0xFB91, 0xFB91, 0xF370, 0xFB91, 0xF391, 0xF390, 0xFB91, 0xF391, 0xFB91, 0xFB91, 0xF391,
    0xFB91, 0xFB91, 0xF391, 0xFB91, 0xF391, 0xFBB1, 0xFB91, 0xF391, 0xFBB1, 0xFB91, 0xF391, 0xFB91,
    0xF391, 0xFB92, 0xFB91, 0xF391, 0xFB91, 0xF391, 0xF371, 0xFB91, 0xF391, 0xFB92, 0xFB91, 0xF371,
    0xFB92, 0xF391, 0xF371, 0xFB91, 0xF391, 0xFB92, 0xFB92, 0xF391, 0xFB92, 0xF392, 0xF391, 0xFBB2,
    0xF392, 0xFBB2, 0xFBB2, 0xF392, 0xFBB2, 0xF392, 0xF392, 0xFBB2, 0xF3B2, 0xFBB3, 0xFBB2, 0xF392,
    0xFBB2, 0xF3B2, 0xF392, 0xFBB3, 0xF3B2, 0xFBB3, 0xFBB2, 0xF3B2, 0xFBD3, 0xF3B3, 0xF3B2, 0xFBB3,
    0xF3B3, 0xFBD3, 0xF3B3, 0xF3B3, 0xFBD3, 0xF3B3, 0xF3B3, 0xFBD3, 0xF3B3, 0xFBD4, 0xF3D3, 0xF3D3,
    0xFBF4, 0xF3D4, 0xF3D3, 0xFBD4, 0xF3D4, 0xFBD4, 0xFBD4, 0xF3D4, 0xFBF4, 0xF3D4, 0xF3D4, 0xF3F4,
    0xF3F4, 0xFBF5, 0xF3F4, 0xF3F4, 0xFC15, 0xF3F5, 0xF3F4, 0xFBF5, 0xF3F5, 0xFC15, 0xF415, 0xF3F5,
    0xFC15, 0xF415, 0xF3F5, 0xF416, 0xF415, 0xFC16, 0xF416, 0xF415, 0xF436, 0xF416, 0xF416, 0xF436,
    0xF436, 0xFC37, 0xF436, 0xF436, 0xF457, 0xF437, 0xF436, 0xF457, 0xF437, 0xF457, 0xF457, 0xF437,
    0xF457, 0xF457, 0xF3B6, 0xFEDD, 0xF73D, 0xFD1D, 0x826D, 0x30E4, 0xFC77, 0xCB92, 0xCB92, 0xCB92,
    0xCB72, 0xCB92, 0xC372, 0xBB51, 0xC372, 0xBB51, 0xB330, 0xBB31, 0xB330, 0xB330, 0xAB10, 0xA2EF,
    0xAB10, 0xA2EF, 0x9ACE, 0x9ACF, 0x9ACE, 0x9ACE, 0x92AE, 0x928D, 0x92AE, 0x8A8D, 0x8A6C, 0x8A8D,
    0x828D, 0x828D, 0x8AAE, 0x8AAD, 0x8AAD, 0x92CE, 0x92CE, 0x8ACE, 0x92EF, 0x92EE, 0x9B0F, 0x9B0F,
    0x9B0F, 0xA330, 0xA330, 0xA350, 0xAB71, 0xAB71, 0xAB91, 0xAB91, 0xAB91, 0xB3B2, 0xB3B2, 0xB3B2,
    0xB3D2, 0xB3D2, 0xBBF3, 0xE4D7, 0x3145, 0x28C4, 0xFCDD, 0xF65B, 0xFFBF, 0xF417, 0xF458, 0xF478,
    0xF457, 0xF478, 0xF457, 0xF457, 0xF457, 0xF457, 0xFC58, 0xF457, 0xF437, 0xF457, 0xF457, 0xF436,
    0xF457, 0xF436, 0xFC57, 0xF437, 0xF436, 0xFC37, 0xF436, 0xF416, 0xF436, 0xF436, 0xFC36, 0xF436,
    0xF415, 0xFC36, 0xF415, 0xF3F5, 0xF416, 0xF415, 0xFC16, 0xF415, 0xF3F5, 0xFC15, 0xF3F5, 0xF3F4,
    0xFBF5, 0xF3F5, 0xFBF5, 0xFBF5, 0xF3F4, 0xFBF5, 0xF3F4, 0xF3D4, 0xFBF5, 0xF3D4, 0xFBF5, 0xF3D4,
    0xF3D4, 0xFBD4, 0xF3D4, 0xF3B3, 0xFBD4, 0xF3D4, 0xFBD4, 0xFBD4, 0xF3B3, 0xFBD4, 0xF3D3, 0xF3D3,
    0xFBD4, 0xF3D3, 0xFBD4, 0xFBD3, 0xF3B3, 0xFBB3, 0xFBB3, 0xF3B3, 0xFBB3, 0xF3B3, 0xFBB3, 0xFBB3,
    0xF3B2, 0xFBD3, 0xF3B3, 0xF3B2, 0xFBB3, 0xF3B2, 0xFBB3, 0xFBB2, 0xF392, 0xFBB3, 0xF3B2, 0xF392,
    0xFBB2, 0xF3B2, 0xFBB3, 0xFBB2, 0xF392, 0xFBB2, 0xFB92, 0xF391, 0xFBB2, 0xF392, 0xFBB2, 0xFBB2,
    0xF3B2, 0xFBB2, 0xF392, 0xF391, 0xFBB2, 0xF391, 0xFBB2, 0xFB91, 0xF391, 0xFB92, 0xF391, 0xF371,
    0xFB91, 0xF391, 0xFB91, 0xFB91, 0xF371, 0xFB91, 0xF391, 0xF370, 0xFB91, 0xF391, 0xFB91, 0xFB91,
    0xF371, 0xFB91, 0xF391, 0xF390, 0xFB91, 0xF391, 0xFBB1, 0xFB91, 0xF391, 0xFBB1, 0xFB91, 0xF391,
    0xFB91, 0xF391, 0xFBB1, 0xFB91, 0xF391, 0xFBB1, 0xFB91, 0xF391, 0xFB91, 0xF391, 0xFB92, 0xFB91,
    0xF391, 0xFB92, 0xF391, 0xF391, 0xFB91, 0xF391, 0xFB92, 0xFB91, 0xF371, 0xFB92, 0xF391, 0xF391,
    0xFB92, 0xF391, 0xFBB2, 0xFB92, 0xF391, 0xFBB2, 0xF392, 0xF391, 0xFB92, 0xF392, 0xFBB2, 0xFBB2,
    0xF392, 0xFBB2, 0xF3B2, 0xF392, 0xFBB2, 0xF3B2, 0xFBB3, 0xFBB2, 0xF3B2, 0xFBB3, 0xF3B2, 0xF3B2,
    0xFBB3, 0xF3B2, 0xFBB3, 0xFBB3, 0xF3B3, 0xFBD3, 0xF3B3, 0xF3B3, 0xFBD3, 0xF3D3, 0xFBD4, 0xF3D3,
    0xF3B3, 0xFBD3, 0xF3D3, 0xF3B3, 0xFBD4, 0xF3D3, 0xFBD4, 0xF3D4, 0xF3D3, 0xFBF4, 0xF3D4, 0xF3D3,
    0xFBD4, 0xF3D4, 0xFBF4, 0xFBF4, 0xF3D4, 0xFBF4, 0xF3D4, 0xF3D4, 0xFBF5, 0xF3F4, 0xFBF5, 0xF3F5,
    0xF3F4, 0xFC15, 0xF3F5, 0xF3F4, 0xFBF5, 0xF3F5, 0xFC16, 0xF415, 0xF3F5, 0xFC16, 0xF415, 0xF415,
    0xF416, 0xF416, 0xFC36, 0xF436, 0xF416, 0xFC36, 0xF436, 0xF436, 0xF436, 0xF436, 0xF437, 0xF436,
    0xF436, 0xF457, 0xF457, 0xF436, 0xF457, 0xF457, 0xFC58, 0xF457, 0xF457, 0xF3F7, 0xF498, 0xFFFF,
    0xF59A, 0xFCDC, 0x1062, 0x4146, 0xFC57, 0xCB92, 0xCB92, 0xC372, 0xCB72, 0xC372, 0xC372, 0xC371,
    0xBB51, 0xBB51, 0xB331, 0xB330, 0xB330, 0xAB10, 0xAB10, 0xAAEF, 0xA2EF, 0xA2EF, 0x9ACE, 0x92AE,
    0x9ACE, 0x92AE, 0x92AE, 0x92AD, 0x8A8D, 0x8A8D, 0x8A6D, 0x826C, 0x7A6C, 0x828D, 0x828D, 0x8AAE,
    0x8AAD, 0x8AAD, 0x92CE, 0x92CE, 0x92CE, 0x92EF, 0x92EF, 0x9B0F, 0x9B2F, 0x9B0F, 0xA350, 0xA350,
    0xA350, 0xAB71, 0xAB71, 0xB391, 0xAB91, 0xAB91, 0xB3B2, 0xB3B2, 0xB3B2, 0xBBD2, 0xB3D2, 0xE4D7,
    0x51C8, 0x0000, 0xFC19, 0xFCFA, 0xFFFF, 0xFE3B, 0xF3D6, 0xF498, 0xF478, 0xF457, 0xF478, 0xF457,
    0xF457, 0xF457, 0xF457, 0xFC58, 0xF457, 0xF437, 0xF457, 0xF457, 0xF436, 0xF457, 0xF436, 0xFC57,
    0xF457, 0xF436, 0xFC37, 0xF436, 0xF416, 0xF436, 0xF416, 0xFC36, 0xF436, 0xF415, 0xFC16, 0xF415,
    0xF3F5, 0xF416, 0xF415, 0xFC16, 0xF415, 0xF3F5, 0xFC15, 0xF3F5, 0xF3F4, 0xFBF5, 0xF3F5, 0xFBF5,
    0xFBF5, 0xF3D4, 0xFBF5, 0xF3F4, 0xF3D4, 0xFBF4, 0xF3D4, 0xFBF5, 0xFBD4, 0xF3D4, 0xFBD4, 0xF3D4,
    0xF3D3, 0xFBD4, 0xF3D3, 0xFBD4, 0xFBD4, 0xF3D3, 0xFBD4, 0xF3D3, 0xF3B3, 0xFBD4, 0xF3D3, 0xFBD4,
    0xFBB3, 0xF3B3, 0xFBD3, 0xF3B3, 0xF3B3, 0xFBB3, 0xF3B3, 0xFBD3, 0xFBB3, 0xF3B3, 0xFBD3, 0xF3B3,
    0xF3B2, 0xFBB3, 0xF3B2, 0xFBB3, 0xFBB3, 0xF3B2, 0xFBB3, 0xF3B2, 0xF392, 0xFBB2, 0xF3B2, 0xFBB2,
    0xFBB2, 0xF392, 0xFBB2, 0xFB92, 0xF391, 0xFBB2, 0xF3B2, 0xFBB2, 0xFBB2, 0xF392, 0xFBB2, 0xFBB2,
    0xF391, 0xFBB2, 0xF391, 0xFB92, 0xFB91, 0xF391, 0xFB92, 0xF391, 0xF391, 0xFB91, 0xF391, 0xFB92,
    0xFB91, 0xF371, 0xFB91, 0xF391, 0xF390, 0xFB91, 0xF391, 0xFB91, 0xFB91, 0xF391, 0xFB91, 0xF391,
    0xF391, 0xFB91, 0xF391, 0xFBB2, 0xFBB1, 0xF391, 0xFBB1, 0xFB91, 0xF391, 0xFBB1, 0xF391, 0xFBB2,
    0xFB91, 0xF391, 0xFBB2, 0xF391, 0xF391, 0xFB91, 0xF391, 0xFBB2, 0xFB91, 0xF391, 0xFBB2, 0xF391,
    0xF391, 0xFB91, 0xF391, 0xFB92, 0xFB91, 0xF371, 0xFB92, 0xF391, 0xF391, 0xFBB2, 0xF391, 0xFB92,
    0xF392, 0xF391, 0xFBB2, 0xF392, 0xF391, 0xFBB2, 0xF392, 0xFBB2, 0xFBB2, 0xF392, 0xFBB3, 0xF3B2,
    0xF392, 0xFBB3, 0xF3B2, 0xFBD3, 0xF3B2, 0xF392, 0xFBB3, 0xFBB2, 0xF3B2, 0xFBB3, 0xF3B2, 0xFBD3,
    0xFBB3, 0xF3B3, 0xFBD3, 0xF3D3, 0xF3D3, 0xFBD3, 0xF3D3, 0xFBD4, 0xF3D3, 0xF3B3, 0xFBD4, 0xF3D3,
    0xF3D3, 0xFBD4, 0xF3D4, 0xFBF4, 0xF3F4, 0xF3D4, 0xFBF4, 0xF3D4, 0xF3D3, 0xFBD4, 0xF3D4, 0xFBF5,
    0xF3F4, 0xF3D4, 0xFBF5, 0xF3F4, 0xF3F4, 0xFBF5, 0xF3F4, 0xFBF5, 0xF3F5, 0xF3F5, 0xFC15, 0xF3F5,
    0xF3F5, 0xF415, 0xF415, 0xFC16, 0xF415, 0xF415, 0xFC16, 0xF416, 0xF415, 0xF436, 0xF416, 0xFC36,
    0xF436, 0xF436, 0xF436, 0xF436, 0xF436, 0xF437, 0xF436, 0xF457, 0xF437, 0xF436, 0xF457, 0xF457,
    0xF437, 0xF457, 0xF457, 0xFC78, 0xF477, 0xF3B6, 0xFEDD, 0xFF7E, 0xFC59, 0xF438, 0x0000, 0x61A9,
    0xFC56, 0xC372, 0xCB93, 0xCB72, 0xC371, 0xC372, 0xBB51, 0xC372, 0xBB51, 0xB330, 0xBB31, 0xB330,
    0xAB10, 0xAB10, 0xA2EF, 0xAAF0, 0xA2EF, 0x9ACE, 0x9ACF, 0x9AAE, 0x92AD, 0x92AE, 0x8A8D, 0x928E,
    0x8A8D, 0x826C, 0x8A8D, 0x826C, 0x826C, 0x7A6C, 0x828D, 0x828D, 0x8AAE, 0x8AAD, 0x8AAD, 0x92CE,
    0x92CE, 0x92CE, 0x92EF, 0x92EF, 0x9B0F, 0x9B2F, 0x9B2F, 0xA350, 0xA350, 0xA350, 0xAB71, 0xAB71,
    0xB392, 0xB391, 0xAB91, 0xB3B2, 0xB3B2, 0xB3B2, 0xB3D2, 0xDC96, 0x620A, 0x0000, 0x59C9, 0xFCFD,
    0xF65B, 0xFFFF, 0xF4D8, 0xF3D6, 0xF478, 0xF458, 0xF457, 0xF478, 0xF457, 0xF457, 0xF477, 0xF457,
    0xFC57, 0xF457, 0xF437, 0xF457, 0xF437, 0xF436, 0xF457, 0xF436, 0xFC57, 0xF456, 0xF436, 0xF457,
    0xF436, 0xF416, 0xF436, 0xF436, 0xFC36, 0xF436, 0xF415, 0xFC16, 0xF415, 0xF415, 0xFC16, 0xF415,
    0xFC16, 0xF415, 0xF3F5, 0xFC15, 0xF3F5, 0xF3F5, 0xFBF5, 0xF3F5, 0xFBF5, 0xF3F5, 0xF3F4, 0xFBF5,
    0xF3F4, 0xF3D4, 0xFBF5, 0xF3D4, 0xFBF5, 0xFBD4, 0xF3D4, 0xFBF4, 0xF3D4, 0xF3D3, 0xFBD4, 0xF3D3,
    0xFBD4, 0xF3D4, 0xF3D3, 0xFBD4, 0xF3D3, 0xF3D3, 0xFBD4, 0xF3D3, 0xFBD4, 0xFBD3, 0xF3B3, 0xFBD4,
    0xF3D3, 0xF3B3, 0xFBD3, 0xF3B3, 0xFBD3, 0xFBB3, 0xF3B3, 0xFBD3, 0xF3B3, 0xF3B2, 0xFBB3, 0xF3B2,
    0xFBB3, 0xFBB3, 0xF3B2, 0xFBB3, 0xF3B2, 0xF392, 0xFBB2, 0xF3B2, 0xFBB3, 0xFBB2, 0xF392, 0xFBB2,
    0xFB92, 0xF392, 0xFBB2, 0xF3B2, 0xFBB2, 0xFBB2, 0xF392, 0xFBB2, 0xF392, 0xF391, 0xFB92, 0xF391,
    0xFBB2, 0xFB91, 0xF391, 0xFB92, 0xFB91, 0xF391, 0xFB91, 0xF391, 0xFB92, 0xFB91, 0xF391, 0xFB91,
    0xF391, 0xF391, 0xFB91, 0xF391, 0xFBB2, 0xFB91, 0xF391, 0xFB91, 0xFB91, 0xF391, 0xFBB1, 0xF391,
    0xFBB2, 0xFBB1, 0xF391, 0xFBB1, 0xFB91, 0xF391, 0xFBB2, 0xF391, 0xFBB2, 0xFB91, 0xF391, 0xFB92,
    0xFB91, 0xF391, 0xFB91, 0xF391, 0xFBB2, 0xFBB1, 0xF391, 0xFBB2, 0xF391, 0xF391, 0xFB92, 0xF391,
    0xFB92, 0xFB91, 0xF371, 0xFB92, 0xFB92, 0xF391, 0xFB92, 0xF392, 0xFBB2, 0xFB92, 0xF392, 0xFBB2,
    0xF392, 0xF392, 0xFBB2, 0xF3B2, 0xFBB3, 0xFBB2, 0xF392, 0xFBB3, 0xF3B2, 0xF3B2, 0xFBB3, 0xF3B2,
    0xFBD3, 0xFBB2, 0xF392, 0xFBB3, 0xF3B3, 0xF3B2, 0xFBB3, 0xF3B3, 0xFBD4, 0xFBD3, 0xF3B3, 0xFBD4,
    0xF3D3, 0xF3D3, 0xFBD4, 0xF3D3, 0xFBD4, 0xF3D4, 0xF3B3, 0xFBD4, 0xF3D4, 0xF3D3, 0xFBD4, 0xF3D4,
    0xFBF4, 0xF3F4, 0xF3D4, 0xFBF4, 0xF3D4, 0xF3D4, 0xFBD4, 0xF3D4, 0xFBF5, 0xF3F4, 0xF3D4, 0xFBF5,
    0xF3F4, 0xF3F4, 0xFBF5, 0xF3F5, 0xFC15, 0xF415, 0xF3F5, 0xFC15, 0xF415, 0xF3F5, 0xFC15, 0xF415,
    0xFC16, 0xF416, 0xF415, 0xF436, 0xF416, 0xF415, 0xF436, 0xF416, 0xFC37, 0xF436, 0xF436, 0xF457,
    0xF436, 0xF436, 0xF457, 0xF437, 0xFC57, 0xF457, 0xF437, 0xF457, 0xF457, 0xF457, 0xF458, 0xF477,
    0xFBD7, 0xFD9A, 0xFFFF, 0xF57A, 0xFCBC, 0x4988, 0x0000, 0x61C9, 0xFC57, 0xC372, 0xC372, 0xCB92,
    0xC372, 0xBB51, 0xC372, 0xBB51, 0xBB51, 0xB331, 0xB330, 0xB330, 0xAB10, 0xA2EF, 0xA2EF, 0xA2EF,
    0xA2EF, 0x9ACF, 0x92AE, 0x9ACE, 0x92AE, 0x8A8D, 0x8A8D, 0x8A8D, 0x8A8D, 0x826D, 0x824C, 0x826C,
    0x826C, 0x826C, 0x7A6C, 0x828D, 0x828D, 0x8AAE, 0x8AAD, 0x8AAD, 0x92CE, 0x92CE, 0x92CE, 0x9AEF,
    0x9B0F, 0x9B10, 0x9B30, 0x9B2F, 0xA350, 0xA350, 0xA350, 0xAB71, 0xAB71, 0xB392, 0xB391, 0xB391,
    0xB3B2, 0xB3B2, 0xB3B1, 0xDC96, 0x59E9, 0x0000, 0x0000, 0xEC17, 0xFCBB, 0xFF3D, 0xFF5D, 0xF417,
    0xF3D6, 0xF478, 0xF478, 0xF457, 0xF478, 0xF457, 0xF457, 0xF457, 0xF457, 0xF457, 0xF457, 0xF437,
    0xF457, 0xF457, 0xF436, 0xF457, 0xF437, 0xFC57, 0xF457, 0xF436, 0xFC57, 0xF436, 0xF416, 0xF436,
    0xF436, 0xFC36, 0xF416, 0xF415, 0xFC16, 0xF415, 0xF3F5, 0xFC16, 0xF3F5, 0xFC16, 0xF415, 0xF3F5,
    0xFC15, 0xF3F5, 0xF3F5, 0xFBF5, 0xF3F5, 0xFC15, 0xFBF5, 0xF3F4, 0xFBF5, 0xF3F4, 0xF3D4, 0xFBF5,
    0xF3D4, 0xFBF5, 0xFBF4, 0xF3D4, 0xFBF4, 0xF3D4, 0xF3D3, 0xFBD4, 0xF3D4, 0xFBD4, 0xFBD4, 0xF3D3,
    0xFBD4, 0xF3D3, 0xF3B3, 0xFBD4, 0xF3D3, 0xFBD4, 0xFBD3, 0xF3B3, 0xFBD3, 0xF3D3, 0xF3B3, 0xFBD3,
    0xF3B3, 0xFBD3, 0xFBB3, 0xF3B2, 0xFBD3, 0xF3B3, 0xF3B2, 0xFBB3, 0xF3B2, 0xFBD3, 0xFBB3, 0xF3B2,
    0xFBB3, 0xFBB2, 0xF392, 0xFBB2, 0xF3B2, 0xFBB3, 0xFBB2, 0xF392, 0xFBB2, 0xFBB2, 0xF392, 0xFBB2,
    0xF3B2, 0xFBB3, 0xFBB2, 0xF3B2, 0xFBB2, 0xF392, 0xF391, 0xFBB2, 0xF391, 0xFBB2, 0xFB92, 0xF391,
    0xFB92, 0xF391, 0xF391, 0xFB92, 0xF391, 0xFB92, 0xFB91, 0xF391, 0xFB92, 0xF391, 0xF391, 0xFB91,
    0xF391, 0xFBB2, 0xFBB1, 0xF391, 0xFBB2, 0xFB91, 0xF391, 0xFBB1, 0xF391, 0xFBB2, 0xFB91, 0xF391,
    0xFBB2, 0xFB91, 0xF391, 0xFB92, 0xF391, 0xFBB2, 0xFBB1, 0xF391, 0xFBB2, 0xF391, 0xF391, 0xFBB2,
    0xF391, 0xFBB2, 0xFBB2, 0xF391, 0xFBB2, 0xFB92, 0xF391, 0xFB92, 0xF391, 0xFB92, 0xFB92, 0xF391,
    0xFB92, 0xF392, 0xF391, 0xFB92, 0xF392, 0xFBB2, 0xF3B2, 0xF392, 0xFBB2, 0xF3B2, 0xF392, 0xFBB2,
    0xF3B2, 0xFBB3, 0xFBB2, 0xF3B2, 0xFBB3, 0xF3B2, 0xF3B2, 0xFBB3, 0xF3B2, 0xFBB3, 0xFBB3, 0xF3B2,
    0xFBD3, 0xF3B3, 0xF3B3, 0xFBD3, 0xF3B3, 0xFBD4, 0xFBD3, 0xF3B3, 0xFBD4, 0xF3D3, 0xF3D3, 0xFBD4,
    0xF3D3, 0xFBD4, 0xF3D4, 0xF3D3, 0xFBF4, 0xF3D4, 0xF3D3, 0xFBF4, 0xF3D4, 0xFBF5, 0xF3F4, 0xF3D4,
    0xFBF4, 0xF3D4, 0xF3D4, 0xFBF4, 0xF3F4, 0xFBF5, 0xF3F5, 0xF3F4, 0xFC15, 0xF3F5, 0xF3F4, 0xFC15,
    0xF3F5, 0xFC15, 0xF415, 0xF3F5, 0xFC15, 0xF3F5, 0xF3F5, 0xF416, 0xF415, 0xFC16, 0xF416, 0xF415,
    0xF436, 0xF416, 0xF416, 0xF436, 0xF436, 0xFC57, 0xF457, 0xF436, 0xF457, 0xF437, 0xF436, 0xF457,
    0xF457, 0xFC57, 0xF457, 0xF437, 0xF457, 0xF457, 0xF457, 0xF3D7, 0xF4D9, 0xFFFF, 0xF6DC, 0xFC7A,
    0xDBD5, 0x0000, 0x0000, 0x61C9, 0xF436, 0xC392, 0xC392, 0xC371, 0xC372, 0xBB51, 0xBB51, 0xBB51,
    0xB331, 0xBB31, 0xB330, 0xAB10, 0xAB10, 0xA2EF, 0xA2EF, 0xA2EF, 0x9ACE, 0x9ACF, 0x9ACE, 0x92AD,
    0x92AE, 0x8A8D, 0x8A6C, 0x8A8D, 0x826C, 0x8A6D, 0x826C, 0x7A4C, 0x7A4C, 0x826C, 0x7A6C, 0x7A6C,
    0x828D, 0x828D, 0x8AAE, 0x8AAD, 0x8AAD, 0x92CE, 0x92CE, 0x92CE, 0x9AEF, 0x9B0F, 0xA330, 0xA330,
    0xA32F, 0xAB50, 0xA350, 0xA350, 0xAB71, 0xAB71, 0xB392, 0xB391, 0xB391, 0xBBB2, 0xB3B2, 0xDC75,
    0x59E9, 0x0000, 0x0000, 0x18A3, 0xFCBC, 0xFC39, 0xFF9E, 0xFF5E, 0xF498, 0xF3F6, 0xF478, 0xF478,
    0xF457, 0xF478, 0xF457, 0xF457, 0xF457, 0xF457, 0xFC58, 0xF457, 0xF457, 0xF457, 0xF457, 0xF436,
    0xF457, 0xF456, 0xFC57, 0xF457, 0xF436, 0xFC37, 0xF436, 0xF416, 0xF436, 0xF416, 0xFC36, 0xF416,
    0xF415, 0xFC16, 0xF415, 0xF3F5, 0xFC16, 0xF3F5, 0xFC16, 0xF415, 0xF3F5, 0xFC16, 0xF3F5, 0xF3F5,
    0xFBF5, 0xF3F5, 0xFC15, 0xFC15, 0xF3F4, 0xFBF5, 0xFBF4, 0xF3D4, 0xFBF5, 0xF3F4, 0xFBF5, 0xFBF4,
    0xF3D4, 0xFBF4, 0xF3D4, 0xF3D4, 0xFBD4, 0xF3D4, 0xFBD4, 0xFBD4, 0xF3D3, 0xFBD4, 0xFBD4, 0xF3D3,
    0xFBD4, 0xF3D3, 0xFBD4, 0xFBD3, 0xF3B3, 0xFBD4, 0xF3D3, 0xF3B3, 0xFBD3, 0xF3B3, 0xFBD3, 0xFBB3,
    0xF3B2, 0xFBB3, 0xFBB3, 0xF3B2, 0xFBB3, 0xF3B2, 0xFBD3, 0xFBB3, 0xF3B2, 0xFBB3, 0xFBB2, 0xF3B2,
    0xFBB3, 0xF3B2, 0xFBB3, 0xFBB2, 0xF392, 0xFBB3, 0xFBB2, 0xF392, 0xFBB2, 0xF3B2, 0xFBB3, 0xFBB2,
    0xF392, 0xFBB2, 0xFBB2, 0xF391, 0xFB92, 0xF391, 0xFBB2, 0xFBB2, 0xF391, 0xFB92, 0xFB91, 0xF391,
    0xFB92, 0xF391, 0xFBB2, 0xFB91, 0xF391, 0xFBB2, 0xF391, 0xF391, 0xFB92, 0xF391, 0xFBB2, 0xFBB1,
    0xF391, 0xFBB2, 0xFBB1, 0xF391, 0xFBB2, 0xF391, 0xFBB2, 0xFBB1, 0xF391, 0xFBB2, 0xFB91, 0xF391,
    0xFBB2, 0xF391, 0xFBB2, 0xFBB2, 0xF391, 0xFBB2, 0xFB92, 0xF391, 0xFBB2, 0xF391, 0xFBB2, 0xFBB2,
    0xF391, 0xFBB2, 0xFB92, 0xF391, 0xFB92, 0xF392, 0xFBB2, 0xFB92, 0xF392, 0xFBB2, 0xF392, 0xF392,
    0xFBB2, 0xF392, 0xFBB3, 0xFBB2, 0xF392, 0xFBB3, 0xF3B2, 0xF3B2, 0xFBB3, 0xF3B2, 0xFBB3, 0xFBB3,
    0xF3B2, 0xFBD3, 0xF3B3, 0xF3B2, 0xFBB3, 0xF3B2, 0xFBB3, 0xFBB3, 0xF3B3, 0xFBD3, 0xF3B3, 0xF3B3,
    0xFBB3, 0xF3B3, 0xFBD4, 0xFBD3, 0xF3D3, 0xFBD4, 0xF3D4, 0xF3D3, 0xFBD4, 0xF3D4, 0xFBD4, 0xFBD4,
    0xF3D4, 0xFBF4, 0xF3D4, 0xF3D4, 0xFBF4, 0xF3D4, 0xFBF5, 0xF3F4, 0xF3D4, 0xFBF5, 0xF3F4, 0xF3D4,
    0xFBF5, 0xF3F4, 0xFBF5, 0xF3F5, 0xF3F5, 0xFC15, 0xF3F5, 0xF3F5, 0xFC15, 0xF3F5, 0xFC16, 0xF415,
    0xF3F5, 0xFC16, 0xF415, 0xF3F5, 0xF416, 0xF416, 0xFC36, 0xF436, 0xF416, 0xF436, 0xF416, 0xF416,
    0xF437, 0xF436, 0xFC57, 0xF457, 0xF436, 0xF457, 0xF437, 0xF437, 0xF457, 0xF457, 0xFC58, 0xF457,
    0xF457, 0xF458, 0xF396, 0xF4B8, 0xFFDF, 0xFF3D, 0xFC99, 0xFCFC, 0x0000, 0x0000, 0x0000, 0x61A8,
    0xF436, 0xC372, 0xCB92, 0xC372, 0xBB51, 0xC372, 0xBB51, 0xB330, 0xB331, 0xB330, 0xB330, 0xAB10,
    0xA2EF, 0xAB0F, 0xA2EF, 0x9ACE, 0x9ACE, 0x92AE, 0x9AAE, 0x92AE, 0x8A8D, 0x8A8D, 0x8A6D, 0x826C,
    0x826C, 0x824C, 0x826C, 0x7A4C, 0x7A4C, 0x7A4C, 0x826C, 0x7A6C, 0x7A6C, 0x828D, 0x828D, 0x8AAE,
    0x8AAE, 0x8AAD, 0x92CE, 0x92CE, 0x92EE, 0x9AEF, 0x9B0F, 0xA330, 0xA330, 0xA330, 0xAB50, 0xAB50,
    0xAB50, 0xAB71, 0xAB71, 0xB392, 0xB392, 0xB391, 0xB3B2, 0xDC76, 0x59C8, 0x0000, 0x0000, 0x0000,
    0x5168, 0xFC7C, 0xFCD9, 0xFFFE, 0xFFFF, 0xFD9A, 0xF3B6, 0xF3F7, 0xF458, 0xF457, 0xF478, 0xF478,
    0xF457, 0xF478, 0xF457, 0xFC78, 0xF477, 0xF457, 0xFC77, 0xF457, 0xF457, 0xF457, 0xF457, 0xFC57,
    0xF457, 0xF436, 0xFC57, 0xF436, 0xF436, 0xFC36, 0xF436, 0xFC36, 0xF436, 0xF415, 0xFC16, 0xF416,
    0xF415, 0xFC16, 0xF415, 0xFC36, 0xFC15, 0xF415, 0xFC16, 0xF415, 0xF3F5, 0xFC15, 0xF415, 0xFC15,
    0xFC15, 0xF3F5, 0xFC15, 0xFBF5, 0xF3F4, 0xFBF5, 0xF3F4, 0xFBF5, 0xFBF5, 0xF3F4, 0xFBF5, 0xFBF4,
    0xF3D4, 0xFBF4, 0xF3D4, 0xFBF4, 0xFBF4, 0xF3D4, 0xFBF4, 0xFBD4, 0xF3D3, 0xFBD4, 0xF3D4, 0xFBF4,
    0xFBD4, 0xF3D3, 0xFBF4, 0xFBD3, 0xF3D3, 0xFBD3, 0xF3D3, 0xFBD4, 0xFBD3, 0xF3B3, 0xFBD3, 0xFBD3,
    0xF3B2, 0xFBD3, 0xF3D3, 0xFBD3, 0xFBD3, 0xF3B2, 0xFBD3, 0xFBB3, 0xF3B2, 0xFBD3, 0xF3B2, 0xFBD3,
    0xFBD3, 0xF3B2, 0xFBD3, 0xFBB2, 0xF3B2, 0xFBD3, 0xFBB2, 0xFBD3, 0xFBD2, 0xF3B2, 0xFBD2, 0xFBB2,
    0xF3B2, 0xFBB2, 0xF3B2, 0xFBB2, 0xFBB2, 0xF392, 0xFBB2, 0xFBB2, 0xF3B1, 0xFBB2, 0xF3B2, 0xFBB2,
    0xFBB2, 0xF3B1, 0xFBB2, 0xFBB1, 0xF391, 0xFBB2, 0xF3B1, 0xFBB2, 0xFBB2, 0xF3B1, 0xFBD2, 0xFBB2,
    0xF3B1, 0xFBB2, 0xF3B1, 0xFBB2, 0xFBB2, 0xF391, 0xFBB2, 0xFBB2, 0xF3B1, 0xFBB2, 0xFBB2, 0xFBD2,
    0xFBB2, 0xF3B2, 0xFBB2, 0xFBB2, 0xF391, 0xFBB2, 0xF3B2, 0xFBB2, 0xFBB2, 0xF392, 0xFBB2, 0xFBB2,
    0xF392, 0xFBB2, 0xF3B2, 0xFBB3, 0xFBB2, 0xF392, 0xFBB2, 0xFBB2, 0xF3B2, 0xFBB3, 0xF3B2, 0xFBB3,
    0xFBB2, 0xF3B2, 0xFBD3, 0xF3B2, 0xF3B2, 0xFBD3, 0xF3D3, 0xFBD3, 0xFBD3, 0xF3B2, 0xFBD3, 0xF3B3,
    0xF3B2, 0xFBD3, 0xF3B3, 0xFBD4, 0xFBD3, 0xF3B3, 0xFBD4, 0xF3D3, 0xF3B3, 0xFBD4, 0xF3D3, 0xFBD4,
    0xFBD4, 0xF3D3, 0xFBF4, 0xF3D4, 0xF3D3, 0xFBF4, 0xF3D4, 0xFBF4, 0xFBF4, 0xF3D4, 0xFBF5, 0xF3F4,
    0xF3F4, 0xFBF5, 0xF3F4, 0xFC15, 0xFBF5, 0xF3F4, 0xFC15, 0xF3F5, 0xF3F4, 0xFBF5, 0xF3F5, 0xFC15,
    0xFC15, 0xF415, 0xFC15, 0xF415, 0xF415, 0xFC15, 0xF415, 0xFC36, 0xF416, 0xF415, 0xFC36, 0xF416,
    0xF415, 0xF436, 0xF436, 0xFC57, 0xF436, 0xF436, 0xFC57, 0xF436, 0xF436, 0xF457, 0xF457, 0xFC57,
    0xF457, 0xF457, 0xF457, 0xF457, 0xF457, 0xF457, 0xF457, 0xFC58, 0xF3D6, 0xF3F7, 0xFDDB, 0xFFFF,
    0xF6DC, 0xF3F7, 0xFD1D, 0x4147, 0x0000, 0x0000, 0x0000, 0x61A9, 0xEC15, 0xC372, 0xC372, 0xC372,
    0xBB71, 0xBB51, 0xBB51, 0xB331, 0xB330, 0xB330, 0xAB10, 0xAB10, 0xA30F, 0xA2EF, 0xA2EF, 0x9ACE,
    0x92AE, 0x92AE, 0x92AD, 0x92AE, 0x8A8D, 0x826C, 0x8A8D, 0x826C, 0x7A4C, 0x824C, 0x7A4B, 0x7A4C,
    0x7A4C, 0x7A4C, 0x7A4C, 0x826C, 0x7A6C, 0x7A6C, 0x828D, 0x828D, 0x8AAE, 0x8AAE, 0x8AAD, 0x92CE,
    0x92EE, 0x92EE, 0x9B0F, 0x9B0F, 0xA330, 0xA330, 0xA330, 0xAB51, 0xAB50, 0xAB50, 0xB371, 0xAB71,
    0xB392, 0xB392, 0xB391, 0xDC76, 0x59C9, 0x0000, 0x0000, 0x0000, 0x0000, 0x6A0B, 0xFD7E, 0xFD1A,
    0xF71D, 0xFFFF, 0xFEBC, 0xF498, 0xF3B7, 0xF3B6, 0xF3F6, 0xF417, 0xF3F7, 0xF3D6, 0xF3F7, 0xF3D6,
    0xFBF7, 0xF3F6, 0xF3F6, 0xFBF7, 0xF3D6, 0xF3D6, 0xF3D6, 0xF3D6, 0xFBD6, 0xF3D6, 0xF3B5, 0xFBD6,
    0xF3B5, 0xF3B5, 0xFBB5, 0xF3B5, 0xFBB5, 0xF3B5, 0xF394, 0xFBB5, 0xF394, 0xF394, 0xFB95, 0xF394,
    0xFB95, 0xFB94, 0xF394, 0xFB94, 0xF394, 0xF374, 0xFB94, 0xF394, 0xFB94, 0xFB94, 0xF373, 0xFB94,
    0xF373, 0xF373, 0xFB74, 0xF373, 0xFB74, 0xFB73, 0xF353, 0xFB73, 0xFB73, 0xF352, 0xFB73, 0xF352,
    0xFB73, 0xFB73, 0xF352, 0xFB73, 0xFB52, 0xF352, 0xFB52, 0xF352, 0xFB73, 0xFB52, 0xF352, 0xFB52,
    0xFB52, 0xF331, 0xFB52, 0xFB52, 0xFB52, 0xFB52, 0xF331, 0xFB52, 0xFB31, 0xF331, 0xFB52, 0xF331,
    0xFB52, 0xFB51, 0xF331, 0xFB51, 0xFB31, 0xF331, 0xFB51, 0xFB31, 0xFB52, 0xFB31, 0xF331, 0xFB51,
    0xFB31, 0xF330, 0xFB51, 0xFB31, 0xFB51, 0xFB31, 0xF330, 0xFB31, 0xFB30, 0xF330, 0xFB31, 0xFB30,
    0xFB31, 0xFB30, 0xF310, 0xFB31, 0xFB30, 0xF310, 0xFB30, 0xFB30, 0xFB31, 0xFB30, 0xF310, 0xFB30,
    0xFB10, 0xF310, 0xFB30, 0xF310, 0xFB31, 0xFB30, 0xF330, 0xFB30, 0xFB30, 0xF32F, 0xFB30, 0xF330,
    0xFB30, 0xFB30, 0xF330, 0xFB30, 0xFB30, 0xF330, 0xFB31, 0xF330, 0xFB31, 0xFB30, 0xF330, 0xFB31,
    0xFB30, 0xF330, 0xFB31, 0xF330, 0xFB31, 0xFB31, 0xF330, 0xFB31, 0xFB30, 0xF310, 0xFB31, 0xF310,
    0xFB31, 0xFB31, 0xF310, 0xFB31, 0xFB31, 0xF330, 0xFB31, 0xF331, 0xFB31, 0xFB31, 0xF331, 0xFB31,
    0xFB31, 0xF331, 0xFB51, 0xF331, 0xFB52, 0xFB52, 0xF331, 0xFB52, 0xF331, 0xF331, 0xFB52, 0xF332,
    0xFB52, 0xFB52, 0xF352, 0xFB52, 0xFB52, 0xF352, 0xFB52, 0xF352, 0xFB53, 0xFB52, 0xF352, 0xFB73,
    0xFB53, 0xF352, 0xFB73, 0xF373, 0xFB73, 0xFB73, 0xF373, 0xFB73, 0xF373, 0xF373, 0xFB73, 0xF373,
    0xFB94, 0xFB74, 0xF373, 0xFB94, 0xFB73, 0xF373, 0xFB94, 0xF393, 0xFB94, 0xFB94, 0xF393, 0xFB94,
    0xF394, 0xF394, 0xFB94, 0xF394, 0xFBB5, 0xF3B5, 0xF394, 0xFBB5, 0xF3B5, 0xF395, 0xF3B5, 0xF3B5,
    0xFBD6, 0xF3B5, 0xF3B5, 0xFBD6, 0xF3D6, 0xF3D5, 0xF3D6, 0xF3D6, 0xFBF7, 0xF3D6, 0xF3D6, 0xF3F7,
    0xF3D6, 0xF3B6, 0xF3B6, 0xF3F6, 0xFD5A, 0xFF5E, 0xFFFF, 0xFEBC, 0xFC18, 0xFC9C, 0x5188, 0x0000,
    0x0000, 0x0000, 0x0000, 0x61C9, 0xEC36, 0xBB51, 0xC372, 0xBB51, 0xC372, 0xBB51, 0xB331, 0xB351,
    0xB330, 0xAB10, 0xAB10, 0xA2EF, 0xA310, 0xA2EF, 0x9ACE, 0x9ACF, 0x92AE, 0x92AD, 0x92AE, 0x8A8D,
    0x8A8D, 0x8A6D, 0x826C, 0x826C, 0x7A4C, 0x7A4B, 0x7A4C, 0x722B, 0x722B, 0x7A4C, 0x7A4C, 0x7A4C,
    0x826C, 0x826C, 0x7A6C, 0x828D, 0x828D, 0x8AAE, 0x8AAE, 0x8AAE, 0x92EE, 0x92EE, 0x92EE, 0x9B0F,
    0x9B0F, 0xA330, 0xA330, 0xA330, 0xAB51, 0xAB51, 0xAB70, 0xB371, 0xB371, 0xB392, 0xB391, 0xDC55,
    0x59E9, 0x0000, 0x0000, 0x0000, 0x0000, 0x0000, 0x51A8, 0xFCDC, 0xFC3A, 0xF539, 0xF73C, 0xFFFF,
    0xFF5D, 0xFE7C, 0xFDBA, 0xF559, 0xFD5A, 0xFD59, 0xF539, 0xFD5A, 0xF539, 0xFD5A, 0xFD59, 0xF539,
    0xFD5A, 0xFD39, 0xF539, 0xFD39, 0xF539, 0xFD39, 0xFD39, 0xF539, 0xFD39, 0xFD19, 0xF518, 0xFD39,
    0xF518, 0xFD19, 0xFD18, 0xF518, 0xFD39, 0xFD18, 0xF518, 0xFD18, 0xFD18, 0xFD18, 0xFD18, 0xF4F8,
    0xFD18, 0xFD18, 0xF4F7, 0xFD18, 0xFD18, 0xFD18, 0xFD18, 0xFCF7, 0xFD18, 0xFCF7, 0xF4F7, 0xFCF7,
    0xFCF7, 0xFCF8, 0xFCF7, 0xFCF7, 0xFCF7, 0xFCF7, 0xF4D7, 0xFCF7, 0xFCF7, 0xFCF7, 0xFCF7, 0xFCD7,
    0xFCF7, 0xFCF7, 0xFCD6, 0xFCF7, 0xFCD6, 0xFCF7, 0xFCF7, 0xFCD6, 0xFCF7, 0xFCD6, 0xF4D6, 0xFCD7,
    0xFCD6, 0xFCF7, 0xFCD6, 0xFCD6, 0xFCF7, 0xFCD6, 0xF4D5, 0xFCD6, 0xFCD6, 0xFCD6, 0xFCD6, 0xFCB5,
    0xFCD6, 0xFCD6, 0xF4D6, 0xFCD6, 0xFCD5, 0xFCD6, 0xFCD6, 0xFCD5, 0xFCD6, 0xFCD5, 0xFCD5, 0xFCD6,
    0xFCD5, 0xFCD6, 0xFCB5, 0xFCB5, 0xFCD6, 0xFCD5, 0xFCD5, 0xFCD6, 0xFCD5, 0xFCD6, 0xFCD6, 0xFCB5,
    0xFCD5, 0xFCB5, 0xF4B5, 0xFCD5, 0xFCD5, 0xFCD5, 0xFCD5, 0xFCB5, 0xFCB5, 0xFCB5, 0xF4B5, 0xFCD5,
    0xFCD5, 0xFCD5, 0xFCD5, 0xFCB5, 0xFCD5, 0xFCD5, 0xF4B5, 0xFCD5, 0xFCB5, 0xFCD5, 0xFCD5, 0xFCB5,
    0xFCD5, 0xFCD5, 0xF4B5, 0xFCD5, 0xFCB5, 0xFCD6, 0xFCD5, 0xFCB5, 0xFCD6, 0xFCD6, 0xFCD5, 0xFCD6,
    0xFCD5, 0xFCD6, 0xFCD5, 0xFCB5, 0xFCD6, 0xFCB5, 0xF4B5, 0xFCB6, 0xFCB5, 0xFCD6, 0xFCD5, 0xFCB5,
    0xFCD6, 0xFCB5, 0xF4B5, 0xFCD6, 0xFCB6, 0xFCD6, 0xFCD6, 0xFCB6, 0xFCD6, 0xFCD6, 0xF4D5, 0xFCD6,
    0xFCD6, 0xFCD6, 0xFCD6, 0xFCB5, 0xFCD6, 0xFCD6, 0xF4B5, 0xFCD6, 0xFCD6, 0xFCF7, 0xFCF7, 0xFCD6,
    0xFCF7, 0xFCD7, 0xF4D6, 0xFCF7, 0xFCD7, 0xFCF7, 0xFCF7, 0xFCD6, 0xFCF7, 0xFCF7, 0xF4D7, 0xFCF7,
    0xFCF7, 0xFCF8, 0xFCF7, 0xFCF7, 0xFCF8, 0xFCF7, 0xF4F7, 0xFCF8, 0xFCF7, 0xFD18, 0xFD18, 0xFD17,
    0xFD18, 0xFD18, 0xF517, 0xFD18, 0xFD18, 0xFD18, 0xFD18, 0xF4F7, 0xFD18, 0xFCF8, 0xF4F7, 0xFD18,
    0xFD18, 0xFD39, 0xFD18, 0xF518, 0xFD39, 0xFD18, 0xF518, 0xFD39, 0xFD39, 0xFD39, 0xFD39, 0xF539,
    0xFD39, 0xF539, 0xF539, 0xFD59, 0xF539, 0xFD5A, 0xFD39, 0xF519, 0xFD5A, 0xFD9A, 0xF65B, 0xFF5E,
    0xFFFF, 0xFF5E, 0xF55A, 0xFCDB, 0xFD3C, 0x3905, 0x0000, 0x0000, 0x0000, 0x0000, 0x0000, 0x61A8,
    0xEC36, 0xBB51, 0xBB51, 0xC372, 0xBB51, 0xBB51, 0xB351, 0xB330, 0xB330, 0xAB10, 0xA2EF, 0xA2F0,
    0xA2EF, 0xA2EF, 0x9ACF, 0x92AE, 0x92AE, 0x92AE, 0x8A8D, 0x8A8D, 0x826C, 0x8A6D, 0x826C, 0x7A4C,
    0x824C, 0x7A4B, 0x722B, 0x7A2B, 0x722B, 0x722B, 0x7A4C, 0x7A4C, 0x7A4C, 0x826D, 0x826C, 0x826C,
    0x8A8D, 0x82AD, 0x8AAE, 0x8ACE, 0x8ACE, 0x92EF, 0x92EF, 0x92EE, 0x9B0F, 0x9B0F, 0xA330, 0xA350,
    0xA330, 0xAB71, 0xAB51, 0xAB71, 0xB371, 0xB391, 0xB392, 0xDC55, 0x59C8, 0x0000, 0x0000, 0x0000,
    0x0000, 0x0000, 0x0000, 0x0841, 0xD374, 0xFC9D, 0xFCDB, 0xFDBA, 0xFEDD, 0xFFBE, 0xFFFF, 0xFFDE,
    0xFFBE, 0xFFFF, 0xFFFE, 0xFFDE, 0xFFFF, 0xFFDE, 0xFFFF, 0xFFFF, 0xFFFE, 0xFFFF, 0xFFFF, 0xFFDE,
    0xFFFF, 0xFFFE, 0xFFFF, 0xFFFF, 0xFFDE, 0xFFFF, 0xFFDF, 0xFFFE, 0xFFFF, 0xFFDE, 0xFFFF, 0xFFFF,
    0xFFFF, 0xFFFF, 0xFFFF, 0xFFFE, 0xFFFF, 0xFFDE, 0xFFFF, 0xFFFF, 0xFFDF, 0xFFFF, 0xFFFF, 0xFFFE,
    0xFFFF, 0xFFFF, 0xFFFF, 0xFFFF, 0xFFFF, 0xFFFF, 0xFFFF, 0xFFDE, 0xFFDF, 0xFFFF, 0xFFFF, 0xFFFF,
    0xFFFF, 0xFFFF, 0xFFFF, 0xFFDE, 0xFFFF, 0xFFFF, 0xFFFF, 0xFFFF, 0xFFDF, 0xFFFF, 0xFFFF, 0xFFFE,
    0xFFFF, 0xFFDE, 0xFFFF, 0xFFFF, 0xFFDE, 0xFFFF, 0xFFDE, 0xFFDE, 0xFFFF, 0xFFDF, 0xFFFF, 0xFFFF,
    0xFFDE, 0xFFFF, 0xFFFF, 0xFFDE, 0xFFDF, 0xFFDE, 0xFFFF, 0xFFDF, 0xFFDE, 0xFFDF, 0xFFDE, 0xFFDE,
    0xFFDF, 0xFFDE, 0xFFFF, 0xFFDF, 0xFFDE, 0xFFFF, 0xFFDE, 0xFFDE, 0xFFDF, 0xFFDE, 0xFFFF, 0xFFFF,
    0xFFDF, 0xFFFF, 0xFFDF, 0xFFDE, 0xFFDF, 0xFFDF, 0xFFFF, 0xFFFF, 0xFFDE, 0xFFFF, 0xFFDF, 0xFFDE,
    0xFFFF, 0xFFDF, 0xFFFF, 0xFFFF, 0xFFDF, 0xFFFF, 0xFFDF, 0xFFDE, 0xFFDF, 0xFFDE, 0xFFFF, 0xFFDF,
    0xFFDE, 0xFFFF, 0xFFDF, 0xFFDE, 0xFFDF, 0xFFDF, 0xFFFF, 0xFFDF, 0xFFDE, 0xFFDF, 0xFFDF, 0xFFDE,
    0xFFDF, 0xFFDF, 0xFFFF, 0xFFFF, 0xFFDF, 0xFFFF, 0xFFDF, 0xFFDE, 0xFFFF, 0xFFFF, 0xFFFF, 0xFFDF,
    0xFFDE, 0xFFFF, 0xFFDF, 0xFFDE, 0xFFFF, 0xFFDF, 0xFFDF, 0xFFDF, 0xFFDE, 0xFFDF, 0xFFDE, 0xFFBE,
    0xFFDF, 0xFFDE, 0xFFDF, 0xFFDF, 0xFFDE, 0xFFFF, 0xFFDF, 0xFFDE, 0xFFDF, 0xFFDE, 0xFFDF, 0xFFDF,
    0xFFDE, 0xFFFF, 0xFFDF, 0xFFDE, 0xFFDF, 0xFFDE, 0xFFFF, 0xFFDF, 0xFFDE, 0xFFFF, 0xFFDF, 0xFFDE,
    0xFFFF, 0xFFDE, 0xFFFF, 0xFFDF, 0xFFDE, 0xFFDF, 0xFFDF, 0xFFDE, 0xFFDF, 0xFFDE, 0xFFFF, 0xFFDF,
    0xFFDE, 0xFFFF, 0xFFDF, 0xFFDE, 0xFFFF, 0xFFFF, 0xFFFF, 0xFFFF, 0xFFFF, 0xFFFF, 0xFFFF, 0xFFFF,
    0xFFFF, 0xFFFF, 0xFFFF, 0xFFFF, 0xFFDE, 0xFFFF, 0xFFFF, 0xFFDE, 0xFFFF, 0xFFFE, 0xFFFF, 0xFFFF,
    0xFFDE, 0xFFFF, 0xFFDF, 0xFFDE, 0xFFFF, 0xFFFF, 0xFFFF, 0xFFFE, 0xFFDE, 0xFFFF, 0xFFFE, 0xFFFE,
    0xFFFF, 0xFFFE, 0xFFFF, 0xFFDF, 0xFFBE, 0xFFDF, 0xFF7E, 0xF63A, 0xFCD9, 0xFC5A, 0xFCDD, 0xCBB4,
    0x0000, 0x0000, 0x0000, 0x0000, 0x0000, 0x0000, 0x0000, 0x61C9, 0xEC15, 0xC372, 0xBB51, 0xBB51,
    0xBB51, 0xB351, 0xBB51, 0xB330, 0xAB10, 0xAB10, 0xA30F, 0xA2EF, 0xA2EF, 0x9ACE, 0x9ACF, 0x92AE,
    0x92AD, 0x92AE, 0x8A8D, 0x826C, 0x8A6D, 0x826C, 0x826C, 0x7A4C, 0x7A2B, 0x7A4C, 0x722B, 0x720A,
    0x6A0A, 0x722B, 0x722B, 0x7A4C, 0x7A4C, 0x7A4C, 0x826C, 0x826C, 0x828C, 0x8A8D, 0x8AAD, 0x92CE,
    0x92CE, 0x92CE, 0x9AEF, 0x9AEF, 0x9AEF, 0xA310, 0xA30F, 0xAB30, 0xAB30, 0xA330, 0xAB71, 0xAB51,
    0xAB71, 0xB371, 0xB371, 0xDC55, 0x59C9, 0x0000, 0x0000, 0x0000, 0x0000, 0x0000, 0x0000, 0x0000,
    0x0000, 0x4147, 0xDC16, 0xFCDC, 0xFCFC, 0xFCBB, 0xFC59, 0xFC99, 0xF4D9, 0xF4D9, 0xFCFA, 0xFCD9,
    0xF4D9, 0xFCD9, 0xFCB9, 0xFCB9, 0xFCB9, 0xF498, 0xFC99, 0xFC99, 0xF498, 0xFCB9, 0xFCB8, 0xFC99,
    0xFCB8, 0xFC98, 0xFC98, 0xFC77, 0xF457, 0xFC78, 0xFC77, 0xFC78, 0xFC78, 0xFC57, 0xFC77, 0xFC57,
    0xFC57, 0xFC77, 0xFC57, 0xFC77, 0xFC57, 0xFC56, 0xFC77, 0xFC57, 0xFC56, 0xFC57, 0xFC56, 0xFC57,
    0xFC56, 0xFC36, 0xFC56, 0xFC36, 0xFC36, 0xFC56, 0xFC56, 0xFC57, 0xFC56, 0xFC36, 0xFC56, 0xFC36,
    0xFC35, 0xFC36, 0xFC35, 0xFC56, 0xFC56, 0xFC35, 0xFC56, 0xFC35, 0xFC35, 0xFC35, 0xFC15, 0xFC35,
    0xFC35, 0xFC14, 0xFC35, 0xFC35, 0xFC14, 0xFC35, 0xFC34, 0xFC35, 0xFC35, 0xFC14, 0xFC35, 0xFC14,
    0xFC14, 0xFC14, 0xFC14, 0xFC35, 0xFC14, 0xFC14, 0xFC14, 0xFC14, 0xFBF3, 0xFBF4, 0xFBF4, 0xFC14,
    0xFC14, 0xFBF3, 0xFC14, 0xFC14, 0xFBF3, 0xFC14, 0xFC14, 0xFC14, 0xFC14, 0xFBF3, 0xFC14, 0xFBF3,
    0xFBF3, 0xFC14, 0xFC13, 0xFC14, 0xFC13, 0xFBF3, 0xFC14, 0xFBF3, 0xFBF3, 0xFBF3, 0xFBF3, 0xFC13,
    0xFBF3, 0xFBF3, 0xFBF3, 0xFBF3, 0xFBF2, 0xFBF3, 0xFBF2, 0xFBF3, 0xFBF3, 0xFC13, 0xFC34, 0xFC13,
    0xFBF3, 0xFBF3, 0xFBF3, 0xFC14, 0xFC13, 0xFBF3, 0xFC14, 0xFBF3, 0xFBF3, 0xFBF3, 0xFBF3, 0xFBF4,
    0xFBF3, 0xFBF3, 0xFC14, 0xFBF3, 0xFBF3, 0xFC14, 0xFBF3, 0xFC14, 0xFC14, 0xFBF3, 0xFC14, 0xFC14,
    0xFC13, 0xFC14, 0xFC14, 0xFC14, 0xFC14, 0xFBF4, 0xFC14, 0xFC14, 0xFBF4, 0xFC14, 0xFBF4, 0xFC14,
    0xFC14, 0xFC14, 0xFC15, 0xFC14, 0xFBF4, 0xFC15, 0xFC14, 0xFC35, 0xFC14, 0xFC14, 0xFC35, 0xFC35,
    0xFC14, 0xFC35, 0xFC35, 0xFC35, 0xFC35, 0xFC35, 0xFC55, 0xFC35, 0xFC35, 0xFC36, 0xFC35, 0xFC56,
    0xFC56, 0xFC36, 0xFC56, 0xFC36, 0xFC36, 0xFC56, 0xFC56, 0xFC56, 0xFC56, 0xFC36, 0xFC56, 0xFC56,
    0xFC56, 0xFC56, 0xFC56, 0xFC77, 0xFC56, 0xFC56, 0xFC77, 0xFC56, 0xFC56, 0xFC57, 0xFC56, 0xFC77,
    0xFC77, 0xFC57, 0xFC77, 0xF477, 0xF477, 0xFC78, 0xFC97, 0xFC98, 0xFC98, 0xF497, 0xFCB8, 0xFC98,
    0xF498, 0xFC98, 0xF498, 0xFCB9, 0xFCB9, 0xF4B8, 0xFCB9, 0xF4B9, 0xF4B8, 0xFCB9, 0xF4B9, 0xFCB9,
    0xFCB9, 0xFC98, 0xFCBA, 0xFCBB, 0xFC3A, 0xCB54, 0x3906, 0x0000, 0x0000, 0x0000, 0x0000, 0x0000,
    0x0000, 0x0000, 0x0000, 0x61C9, 0xEC15, 0xBB51, 0xC372, 0xBB51, 0xB351, 0xB351, 0xB330, 0xB331,
    0xAB10, 0xA30F, 0xAB10, 0xA2EF, 0x9ACE, 0x9ACF, 0x92AE, 0x9ACE, 0x92AE, 0x8A8D, 0x8A8D, 0x826D,
    0x826C, 0x826C, 0x7A4C, 0x824C, 0x7A4B, 0x722B, 0x722B, 0x720B, 0x6A0B, 0x6A0A, 0x722B, 0x722B,
    0x7A4C, 0x7A4C, 0x7A4C, 0x828D, 0x826D, 0x828C, 0x8AAD, 0x8AAD, 0x92CE, 0x92CE, 0x92CE, 0x9AEF,
    0x9AEF, 0x9AEF, 0xA310, 0xA330, 0xAB30, 0xAB50, 0xAB50, 0xB371, 0xB371, 0xAB71, 0xB371, 0xDC35,
    0x59C9, 0x0000, 0x0000, 0x0000, 0x0000, 0x0000, 0x0000, 0x0000, 0x0000, 0x0000, 0x0000, 0x1882,
    0x69EA, 0xA2D0, 0xCB54, 0xE3D6, 0xE417, 0xE3F6, 0xDBD6, 0xE3F7, 0xE3F6, 0xE3D6, 0xE3D6, 0xE3B5,
    0xE3D6, 0xE3B6, 0xE3B5, 0xE3B6, 0xE3B5, 0xE3B5, 0xE3B5, 0xE3B5, 0xEBB5, 0xE395, 0xE374, 0xE395,
    0xE374, 0xDB74, 0xE395, 0xE374, 0xEB75, 0xE374, 0xE354, 0xEB74, 0xE374, 0xE374, 0xE374, 0xE354,
    0xEB54, 0xE354, 0xE353, 0xE354, 0xE353, 0xE373, 0xE374, 0xE373, 0xEB54, 0xE353, 0xE333, 0xEB73,
    0xE373, 0xE353, 0xE373, 0xE373, 0xEB73, 0xE353, 0xE332, 0xEB53, 0xE332, 0xE332, 0xE352, 0xE332,
    0xEB53, 0xE352, 0xE332, 0xE352, 0xE332, 0xE331, 0xE332, 0xE311, 0xEB32, 0xE332, 0xE331, 0xEB52,
    0xE331, 0xE311, 0xE332, 0xE331, 0xEB52, 0xE331, 0xE311, 0xE311, 0xE311, 0xE311, 0xE331, 0xE331,
    0xEB52, 0xE331, 0xE311, 0xEB11, 0xE311, 0xE310, 0xEB11, 0xE310, 0xEB31, 0xE331, 0xE310, 0xEB31,
    0xE330, 0xE310, 0xEB31, 0xE330, 0xEB11, 0xE310, 0xE310, 0xEB31, 0xE330, 0xE310, 0xEB30, 0xE330,
    0xEB31, 0xEB30, 0xE310, 0xEB30, 0xE310, 0xE30F, 0xEB10, 0xE30F, 0xEB10, 0xE310, 0xE2EF, 0xEB10,
    0xE2EF, 0xE2EF, 0xEB0F, 0xE2EF, 0xEB10, 0xE310, 0xE310, 0xEB30, 0xE310, 0xE2EF, 0xE310, 0xE310,
    0xEB31, 0xEB30, 0xE310, 0xEB31, 0xE310, 0xE2F0, 0xEB10, 0xE2F0, 0xEB10, 0xE310, 0xE2F0, 0xEB10,
    0xE310, 0xE2F0, 0xEB11, 0xE310, 0xEB11, 0xEB11, 0xE310, 0xEB31, 0xE311, 0xE330, 0xEB31, 0xE331,
    0xEB31, 0xEB31, 0xE311, 0xEB31, 0xE311, 0xE311, 0xEB31, 0xE331, 0xEB52, 0xEB31, 0xE331, 0xEB32,
    0xE331, 0xE331, 0xEB52, 0xE331, 0xEB52, 0xEB32, 0xE331, 0xEB52, 0xE332, 0xE331, 0xEB52, 0xE352,
    0xEB53, 0xE352, 0xE352, 0xEB53, 0xE352, 0xE352, 0xEB73, 0xE352, 0xEB73, 0xEB73, 0xE353, 0xEB73,
    0xE373, 0xE353, 0xEB73, 0xE373, 0xEB74, 0xEB73, 0xE353, 0xEB74, 0xE373, 0xE373, 0xEB94, 0xE373,
    0xEB74, 0xE374, 0xE373, 0xEB74, 0xE374, 0xE373, 0xEB94, 0xE394, 0xEBB5, 0xE394, 0xE394, 0xEB95,
    0xE394, 0xE3B4, 0xEBB5, 0xE3B5, 0xEBD6, 0xE3D6, 0xE3B5, 0xEBD6, 0xE3D6, 0xE3D6, 0xEBD6, 0xE3D6,
    0xEBF7, 0xE3F6, 0xE3D6, 0xE3F7, 0xE3D6, 0xE3D6, 0xE3F6, 0xE3D6, 0xE3D6, 0xD394, 0xAAD0, 0x61EA,
    0x0841, 0x0000, 0x0000, 0x0000, 0x0000, 0x0000, 0x0000, 0x0000, 0x0000, 0x0000, 0x0000, 0x59A9,
    0xEC36, 0xBB51, 0xBB51, 0xBB51, 0xB351, 0xB330, 0xB331, 0xAB30, 0xAB30, 0xAB10, 0xA2EF, 0xA2EF,
    0x9ACF, 0x92CE, 0x9ACE, 0x92AE, 0x92AE, 0x8A8D, 0x826C, 0x8A8D, 0x826C, 0x7A4C, 0x7A4C, 0x7A4B,
    0x7A4C, 0x722B, 0x720A, 0x722B,
};
