/* generated by tools/png_to_rgb565.py from plain.320.png (dither: bayer) — do not edit.
 * 108800 byte, .rodata → flash. Never memcpy this to RAM. */
#include "plate_plain.h"

const uint16_t plate_plain[320 * 170] = {
    0x61EA, 0x6A0A, 0x6A0A, 0x722B, 0x722B, 0x6A0B, 0x722B, 0x722B, 0x722B, 0x7A4C, 0x7A4C, 0x826D,
    0x826C, 0x826C, 0x8A8D, 0x8A8D, 0x828D, 0x8AAE, 0x8AAD, 0x92AE, 0x92AE, 0x92AE, 0x9ACE, 0x9ACE,
    0x92CE, 0x9ACF, 0x9ACE, 0xC393, 0x5167, 0x0000, 0x0000, 0x0000, 0x0000, 0x0000, 0x0000, 0x0000,
    0x0000, 0x0000, 0x0000, 0x0000, 0x0861, 0x4988, 0x7A6D, 0xA311, 0x9B10, 0x9B10, 0xA310, 0x9B10,
    0x9B10, 0xA310, 0x9B10, 0xA311, 0xA310, 0x9B10, 0xA310, 0xA310, 0x9B10, 0xA310, 0xA310, 0xA310,
    0xA2F0, 0x9AEF, 0xA2F0, 0xA2F0, 0x9ACF, 0xA2CF, 0xA2CF, 0xA2F0, 0xA2D0, 0xA2CF, 0xA2F0, 0xA2CF,
    0xA2CF, 0xA2EF, 0xA2CF, 0xA2CF, 0xA2CF, 0xA2AF, 0xA2CF, 0xA2CF, 0xA2CE, 0xA2CF, 0xA2CF, 0xAACF,
    0xA2CF, 0xA2AE, 0xA2CF, 0xA2AE, 0xA2AE, 0xA2AE, 0xA2AE, 0xAACF, 0xA2AF, 0xA2AE, 0xA2CE, 0xA2AE,
    0xA28E, 0xA2AE, 0xA2AE, 0xAACF, 0xA2AE, 0xA28D, 0xA2AE, 0xA28E, 0xA28D, 0xA28E, 0xA28D, 0xAAAE,
    0xA28E, 0xA28D, 0xAAAE, 0xA28E, 0xA28D, 0xA28E, 0xA28D, 0xAAAE, 0xA28D, 0xA28D, 0xA28D, 0xA26D,
    0xA26D, 0xA28D, 0xA28D, 0xAA8E, 0xA28D, 0xA26D, 0xA28D, 0xA26D, 0xA26C, 0xA28D, 0xA28D, 0xAAAD,
    0xA28D, 0xA26C, 0xA28D, 0xA26D, 0xA26C, 0xA26D, 0xA26C, 0xA28D, 0xA26D, 0xA26C, 0xAA8D, 0xA26C,
    0xA26C, 0xA26D, 0xA26C, 0xAA8D, 0xA26C, 0xA26C, 0xAA6D, 0xA26C, 0xA26C, 0xA26D, 0xA26C, 0xAA8D,
    0xA28C, 0xA26C, 0xAA8D, 0xA26C, 0xA26C, 0xA26C, 0xA26C, 0xAA8D, 0xA26C, 0xA26C, 0xA26C, 0xA26C,
    0x9A4B, 0xA26C, 0xA26C, 0xA26D, 0xA26C, 0xA26C, 0xAA8D, 0xA28C, 0xA26C, 0xA26C, 0xA26C, 0xAA6D,
    0xA26C, 0xA26C, 0xAA8D, 0xA26C, 0xA26C, 0xA28D, 0xA28C, 0xAA8D, 0xA28D, 0xA28D, 0xAA8D, 0xA28D,
    0xA28C, 0xA28D, 0xA26C, 0xAA8D, 0xA26D, 0xA26C, 0xA28D, 0xA26D, 0xA26C, 0xA28D, 0xA28D, 0xAA8D,
    0xA28D, 0xA28D, 0xAAAE, 0xA28D, 0xA28D, 0xA28D, 0xA28D, 0xA28D, 0xA28D, 0xA26D, 0xA28D, 0xA26D,
    0xA26D, 0xA28D, 0xA28D, 0xAAAE, 0xA2AE, 0xA28D, 0xA2AE, 0xA28E, 0xA28D, 0xA2AE, 0xA2AE, 0xAACE,
    0xA2AE, 0xA2AE, 0xA2CE, 0xA2AE, 0xA2AE, 0xA2AE, 0xA2AE, 0xA2AF, 0xA2CE, 0xA2AE, 0xA2CF, 0xA2AE,
    0x9AAE, 0xA2CF, 0xA2AE, 0xA2CF, 0xA2CE, 0xA2AE, 0xA2CF, 0xA2CF, 0x9ACE, 0xA2CF, 0xA2CF, 0xAAF0,
    0xA2EF, 0xA2CF, 0xA2F0, 0xA2EF, 0x9ACF, 0xA2F0, 0xA2EF, 0xA2F0, 0xA310, 0x9AF0, 0xA310, 0xA310,
    0x9AEF, 0xA310, 0xA310, 0xA311, 0xA310, 0xA310, 0xA310, 0xA310, 0x9AEF, 0xA310, 0x9AEF, 0xA310,
    0x9B10, 0x7A6C, 0x4967, 0x0841, 0x0000, 0x0000, 0x0000, 0x0000, 0x0000, 0x0000, 0x0000, 0x0000,
    0x0000, 0x0000, 0x0000, 0x4987, 0xABB1, 0x8AED, 0x8B0E, 0x8AEE, 0x82ED, 0x8AEE, 0x82CD, 0x8AEE,
    0x82CD, 0x82AD, 0x82CD, 0x82AC, 0x7A8C, 0x7A8C, 0x7A6C, 0x7A8C, 0x7A6C, 0x724B, 0x726C, 0x724B,
    0x6A2A, 0x722B, 0x6A2A, 0x6A2B, 0x6A0A, 0x61EA, 0x6A0A, 0x61EA, 0x6A0A, 0x6A0A, 0x720B, 0x6A0B,
    0x722B, 0x722B, 0x722B, 0x7A4C, 0x7A4C, 0x7A4B, 0x826C, 0x7A6C, 0x828D, 0x828D, 0x826D, 0x8A8D,
    0x8A8D, 0x8A8D, 0x92AE, 0x92AE, 0x9ACE, 0x92CE, 0x92CE, 0x9AEF, 0x9ACF, 0x9ACE, 0x9AEF, 0xC392,
    0x5188, 0x0000, 0x0000, 0x0000, 0x0000, 0x0000, 0x0000, 0x0000, 0x0000, 0x0000, 0x720C, 0xEBD7,
    0xFCBC, 0xFCDC, 0xFC9B, 0xFC7A, 0xFC7B, 0xFC7A, 0xFC5A, 0xFC7B, 0xFC7A, 0xFC7A, 0xFC7A, 0xFC5A,
    0xFC7A, 0xFC7A, 0xFC59, 0xFC7A, 0xFC5A, 0xFC59, 0xFC5A, 0xFC59, 0xFC39, 0xFC39, 0xFC18, 0xFC19,
    0xFBF8, 0xFBF8, 0xFC18, 0xFBF8, 0xFBF8, 0xFBF8, 0xFBF7, 0xFBF8, 0xFBF8, 0xFC17, 0xFC18, 0xFBD7,
    0xFBD8, 0xFBD7, 0xFBB6, 0xFBF7, 0xFBF7, 0xFBD6, 0xFBD7, 0xFBD6, 0xFBD7, 0xFBD6, 0xFBB6, 0xFBD6,
    0xFBB6, 0xFB95, 0xFBB6, 0xFBB6, 0xFBD6, 0xFBB6, 0xFB95, 0xFBB6, 0xFB95, 0xFB95, 0xFBB6, 0xFB95,
    0xFBB6, 0xFB95, 0xFB75, 0xFB95, 0xFB54, 0xFB54, 0xFB75, 0xFB74, 0xFB95, 0xFB75, 0xFB75, 0xFB95,
    0xFB94, 0xFB74, 0xFB95, 0xFB74, 0xFB75, 0xFB74, 0xFB54, 0xFB74, 0xFB74, 0xFB54, 0xFB74, 0xFB74,
    0xFB74, 0xFB54, 0xFB33, 0xFB54, 0xFB34, 0xFB53, 0xFB94, 0xFB74, 0xFB54, 0xFB54, 0xFB53, 0xFB54,
    0xFB73, 0xFB73, 0xFB74, 0xFB73, 0xFB73, 0xFB53, 0xFB32, 0xFB33, 0xFB32, 0xFB32, 0xFB33, 0xFB12,
    0xFB32, 0xFB32, 0xFB12, 0xFB32, 0xFB32, 0xFB11, 0xFB32, 0xFB32, 0xFB52, 0xFB32, 0xFB32, 0xFB32,
    0xFB32, 0xFB31, 0xFB32, 0xFB32, 0xFB32, 0xFB32, 0xFB11, 0xFB32, 0xFB32, 0xFB31, 0xFB32, 0xFB32,
    0xFB32, 0xFB32, 0xFB32, 0xFB52, 0xFB32, 0xFB11, 0xFB32, 0xFB31, 0xFB32, 0xFB32, 0xFB32, 0xFB52,
    0xFB52, 0xFB32, 0xFB53, 0xFB52, 0xFB73, 0xFB53, 0xFB53, 0xFB53, 0xFB32, 0xFB32, 0xFB32, 0xFB32,
    0xFB53, 0xFB33, 0xFB32, 0xFB53, 0xFB53, 0xFB53, 0xFB74, 0xFB53, 0xFB74, 0xFB74, 0xFB73, 0xFB74,
    0xFB74, 0xFB53, 0xFB74, 0xFB54, 0xFB74, 0xFB74, 0xFB54, 0xFB74, 0xFB74, 0xFB74, 0xFB75, 0xFB94,
    0xFBB5, 0xFB95, 0xFB94, 0xFBB5, 0xFB95, 0xFBB5, 0xFBB6, 0xFBB5, 0xFBB6, 0xFBB6, 0xFBB5, 0xFBD6,
    0xFBD6, 0xFBB5, 0xFBB6, 0xFBB5, 0xFBB6, 0xFBB6, 0xFBB6, 0xFBD6, 0xFBB6, 0xFBB6, 0xFBD6, 0xFBB6,
    0xFBD6, 0xFBD6, 0xFBD6, 0xFBD7, 0xFBD7, 0xFBD7, 0xFBF8, 0xFBF7, 0xFC18, 0xFBF8, 0xFBF8, 0xFC18,
    0xFC18, 0xFC18, 0xFC18, 0xFC18, 0xFC39, 0xFC39, 0xFC39, 0xFC59, 0xFC59, 0xFC59, 0xFC5A, 0xFC59,
    0xFC5A, 0xFC59, 0xFC59, 0xFC5A, 0xFC39, 0xFC39, 0xFC5A, 0xFC59, 0xFC7A, 0xFC7B, 0xFC7B, 0xFC5B,
    0xDB55, 0x61A9, 0x0000, 0x0000, 0x0000, 0x0000, 0x0000, 0x0000, 0x0000, 0x0000, 0x0000, 0x4187,
    0xB3D2, 0x8B0E, 0x8AEE, 0x930E, 0x8AEE, 0x8AED, 0x8AEE, 0x82CD, 0x8ACE, 0x82CD, 0x82AD, 0x82AD,
    0x82AC, 0x7A8C, 0x7A8C, 0x7A6C, 0x7A6C, 0x7A6C, 0x724B, 0x724B, 0x724B, 0x6A2A, 0x722B, 0x6A2A,
    0x722B, 0x6A0A, 0x61EA, 0x6A0A, 0x722B, 0x6A0B, 0x6A0A, 0x722B, 0x722B, 0x7A4C, 0x7A4C, 0x7A4B,
    0x7A6C, 0x7A4C, 0x7A4C, 0x826D, 0x826D, 0x8A8D, 0x8A8D, 0x8A8D, 0x92AE, 0x92AE, 0x92AE, 0x92CE,
    0x92CE, 0x9ACF, 0x9ACF, 0x9ACE, 0xA2EF, 0xA2EF, 0x9ACE, 0xCBB3, 0x5167, 0x0000, 0x0000, 0x0000,
    0x0000, 0x0000, 0x0000, 0x0000, 0x7A6D, 0xFD1C, 0xFCBD, 0xFC39, 0xFD1A, 0xF67B, 0xF71C, 0xFF3D,
    0xF71D, 0xFF5D, 0xFF5D, 0xF75D, 0xFF5D, 0xFF3D, 0xF73C, 0xFF3D, 0xFF3D, 0xFF3D, 0xFF5D, 0xF73D,
    0xFF5D, 0xFF3D, 0xF73D, 0xFF5D, 0xFF3D, 0xFF5D, 0xFF3D, 0xF73D, 0xFF3D, 0xFF3D, 0xF71C, 0xFF3D,
    0xFF3D, 0xFF3D, 0xFF3D, 0xF71C, 0xFF3D, 0xFF3D, 0xF71C, 0xFF1D, 0xFF1C, 0xFF1D, 0xFF1C, 0xF71C,
    0xFF3D, 0xFF1D, 0xF71C, 0xFF3D, 0xFF1C, 0xFF3D, 0xFF3D, 0xF73D, 0xFF5D, 0xFF1D, 0xF71C, 0xFF1D,
    0xFF1C, 0xFF3D, 0xFF1D, 0xF6FC, 0xFF1D, 0xFF1C, 0xF71C, 0xFF1D, 0xFF1C, 0xFF3D, 0xFF3D, 0xF71C,
    0xFF1D, 0xFF3C, 0xF71C, 0xFEFC, 0xFF1C, 0xFF3D, 0xFF1D, 0xF6FC, 0xFF1D, 0xFEFC, 0xF6FC, 0xFEFC,
    0xF6FC, 0xFF1C, 0xFF1C, 0xF71C, 0xFF1D, 0xFF1C, 0xF6FC, 0xFEFC, 0xFF1C, 0xFF1D, 0xFF3C, 0xFF1C,
    0xFF3C, 0xFEFC, 0xF6DB, 0xFEFC, 0xFF1C, 0xFF1C, 0xFF1C, 0xF6FB, 0xFEFC, 0xFEFC, 0xF6FB, 0xFF1C,
    0xFF1C, 0xFF1D, 0xFF1C, 0xF71C, 0xFF1C, 0xFF1C, 0xF6FC, 0xFF1C, 0xFF1C, 0xFF1C, 0xFF1C, 0xFF1C,
    0xFF1C, 0xFF1C, 0xF6FB, 0xFF1C, 0xFF1C, 0xFF3C, 0xFF1C, 0xF71C, 0xFF1C, 0xFF1C, 0xF71C, 0xFF1C,
    0xFF1C, 0xFF1C, 0xFF1C, 0xF71C, 0xFF1C, 0xFF1C, 0xF71C, 0xFF1C, 0xFF1C, 0xFF1D, 0xFF1C, 0xF6FB,
    0xFF1C, 0xFF1C, 0xF71C, 0xFF1C, 0xFF1C, 0xFF3D, 0xFF3C, 0xF71C, 0xFF1C, 0xFF1C, 0xF71C, 0xFF1C,
    0xFF1C, 0xFF1D, 0xFF1C, 0xF6FC, 0xFF1C, 0xFF1C, 0xF6FC, 0xFF1C, 0xFF1C, 0xFF3D, 0xFF1C, 0xF71C,
    0xFF1C, 0xFF1C, 0xF6FC, 0xFF1C, 0xFF1C, 0xFF1D, 0xFEFC, 0xF6FC, 0xFF1C, 0xFEFC, 0xF6FC, 0xFF1C,
    0xFF1C, 0xFF1D, 0xFEFC, 0xFF1C, 0xFF3D, 0xFF3C, 0xF71C, 0xFEFC, 0xFEFC, 0xFF1D, 0xFF1C, 0xF71C,
    0xFF1D, 0xFEFC, 0xF6FC, 0xFF1C, 0xFEFC, 0xFF1D, 0xFF1C, 0xF6FC, 0xFF1D, 0xFEFC, 0xF6FC, 0xFF1D,
    0xFF1C, 0xFF1D, 0xFF1C, 0xFF1C, 0xFF1D, 0xFF1C, 0xF6FC, 0xFF1D, 0xFEFC, 0xFF1D, 0xFF1D, 0xF71C,
    0xFF3D, 0xFF3C, 0xF71C, 0xFF3D, 0xFF1C, 0xFF1D, 0xFF1D, 0xF71C, 0xFF3D, 0xFF1D, 0xF71C, 0xFF3D,
    0xFF3C, 0xFF3D, 0xFF1D, 0xF71C, 0xFF3D, 0xFF3D, 0xF73C, 0xFF3D, 0xFF3D, 0xFF5D, 0xFF3D, 0xF73C,
    0xFF3D, 0xFF3D, 0xF73C, 0xFF5D, 0xFF3C, 0xFEFD, 0xF61B, 0xF4D9, 0xFC39, 0xFCBC, 0xFCFB, 0x6A0B,
    0x0000, 0x0000, 0x0000, 0x0000, 0x0000, 0x0000, 0x0000, 0x4987, 0xB3D1, 0x930E, 0x930E, 0x8B0E,
    0x930E, 0x8AEE, 0x8AED, 0x8AEE, 0x8ACD, 0x8AEE, 0x82CD, 0x82AD, 0x82AD, 0x82AC, 0x7A8C, 0x7A8C,
    0x7A6C, 0x7A6C, 0x7A6C, 0x724B, 0x7A4C, 0x724B, 0x6A2A, 0x722B, 0x6A2A, 0x722B, 0x6A0A, 0x61EA,
    0x6A0A, 0x722B, 0x722B, 0x722B, 0x7A4C, 0x724B, 0x7A4C, 0x7A4C, 0x7A4C, 0x826D, 0x826C, 0x826C,
    0x8A8D, 0x8A8D, 0x92AE, 0x8AAE, 0x8AAD, 0x92CE, 0x92CE, 0x92CE, 0x9ACF, 0x9ACE, 0xA2EF, 0xA2EF,
    0x9AEF, 0xA30F, 0xA2EF, 0xC3B2, 0x5188, 0x0000, 0x0000, 0x0000, 0x0000, 0x0000, 0x0000, 0xEC99,
    0xFD7F, 0xFCDA, 0xFEDC, 0xFFFF, 0xFFFF, 0xFF7E, 0xFEFD, 0xF6DC, 0xFEDD, 0xFEDC, 0xFEFD, 0xFEDD,
    0xFEDC, 0xFEDD, 0xFEDC, 0xF6DC, 0xFEDD, 0xFEDC, 0xFEFD, 0xFEDD, 0xFEDC, 0xFEFD, 0xFEDC, 0xF6DC,
    0xFEFD, 0xFEFC, 0xFEFD, 0xFEDC, 0xFEDC, 0xFEDC, 0xFEDC, 0xF6DC, 0xFEDC, 0xFEDC, 0xFEDC, 0xFEDC,
    0xFEDC, 0xFEDD, 0xFEDC, 0xF6BC, 0xFEDC, 0xFEBC, 0xFEDC, 0xFEBC, 0xFEBC, 0xFEDC, 0xFEBC, 0xF6BC,
    0xFEBC, 0xFEBC, 0xFEDD, 0xFEDC, 0xFEBC, 0xFEDC, 0xFEBC, 0xFEBB, 0xFEBC, 0xFEBC, 0xFEBC, 0xFEBC,
    0xFEBB, 0xFEDC, 0xFEBC, 0xF6BB, 0xFEBC, 0xFEBB, 0xFEDC, 0xFEDC, 0xFEBB, 0xFEBC, 0xFEBC, 0xF6BB,
    0xFEBC, 0xFEBB, 0xFEBC, 0xFEBC, 0xFE9B, 0xFE9C, 0xFE9B, 0xF69B, 0xFE9B, 0xFE9B, 0xFEBC, 0xFEBC,
    0xFE9B, 0xFEBC, 0xFE9B, 0xF69B, 0xFE9B, 0xFE9B, 0xFEBC, 0xFEBB, 0xFE9B, 0xFE9B, 0xFE9B, 0xF69B,
    0xFEBB, 0xFE9B, 0xFE9B, 0xFE9B, 0xFE7B, 0xFE9B, 0xFE9B, 0xF67A, 0xFE9B, 0xFE9B, 0xFEBC, 0xFE9B,
    0xFE9B, 0xFEBB, 0xFE9B, 0xF69A, 0xFE9B, 0xFE9B, 0xFE9B, 0xFE9B, 0xFE7B, 0xFEBB, 0xFE9B, 0xF69A,
    0xFE9B, 0xFE9B, 0xFEBB, 0xFEBB, 0xFE9B, 0xFEBB, 0xFE9B, 0xFE9B, 0xFEBB, 0xFE9B, 0xFEBC, 0xFE9B,
    0xFE9B, 0xFEBB, 0xFE9B, 0xF69A, 0xFE9B, 0xFE9B, 0xFE9B, 0xFE9B, 0xFE9A, 0xFEBB, 0xFE9B, 0xFE9B,
    0xFEBB, 0xFE9B, 0xFE9B, 0xFE9B, 0xFE9B, 0xFEBB, 0xFE9B, 0xFE9B, 0xFEBB, 0xFE9B, 0xFEBC, 0xFEBB,
    0xFE9B, 0xFEBB, 0xFE9B, 0xFE9B, 0xFE9B, 0xFEBB, 0xFEBC, 0xFEBB, 0xFE9B, 0xFEBC, 0xFE9B, 0xF69B,
    0xFE9B, 0xFE9B, 0xFEBC, 0xFE9B, 0xFE9B, 0xFEBC, 0xFE9B, 0xF69B, 0xFE9B, 0xFE9B, 0xFEBC, 0xFEBC,
    0xFEBB, 0xFEDC, 0xFEBC, 0xFE9B, 0xFEBC, 0xFEBB, 0xFEBC, 0xFEBC, 0xFEBB, 0xFEBC, 0xFE9B, 0xF69B,
    0xFEBC, 0xFE9B, 0xFEBC, 0xFEBC, 0xFE9B, 0xFEBC, 0xFEBC, 0xF6BB, 0xFEBC, 0xFEBC, 0xFEDC, 0xFEBC,
    0xFEBC, 0xFEBC, 0xFEBC, 0xFEBB, 0xFEBC, 0xFEBC, 0xFEDC, 0xFEDC, 0xFEDB, 0xFEDC, 0xFEDC, 0xF6DB,
    0xFEDC, 0xFEDC, 0xFEDC, 0xFEDC, 0xFEDC, 0xFEDC, 0xFEDC, 0xF6DC, 0xFEDC, 0xFEDC, 0xFEDD, 0xFEDC,
    0xFEDC, 0xFEFD, 0xFEDC, 0xF6DC, 0xFEDD, 0xFEDC, 0xFEDD, 0xFEDC, 0xFEBC, 0xFEDD, 0xFEDC, 0xF6BC,
    0xFEDD, 0xFEFC, 0xFF9E, 0xFFFF, 0xFFFE, 0xF6BC, 0xFCFA, 0xFD3E, 0xD3D5, 0x0000, 0x0000, 0x0000,
    0x0000, 0x0000, 0x0000, 0x4187, 0xB3F2, 0x8B0E, 0x932F, 0x932E, 0x8B0E, 0x930E, 0x8AEE, 0x8AED,
    0x8AEE, 0x8ACD, 0x8AEE, 0x82CD, 0x82AD, 0x82AD, 0x828C, 0x7A8C, 0x7A8C, 0x7A6C, 0x7A6C, 0x7A6C,
    0x724B, 0x7A4C, 0x724B, 0x6A2A, 0x722B, 0x6A2A, 0x722B, 0x6A0A, 0x722B, 0x722B, 0x7A4C, 0x722B,
    0x722B, 0x7A4C, 0x7A4C, 0x826D, 0x826C, 0x826C, 0x8A8D, 0x828D, 0x828D, 0x8AAE, 0x8AAD, 0x92AE,
    0x92CE, 0x92AE, 0x9ACF, 0x9ACE, 0x9ACE, 0xA2EF, 0x9AEF, 0xA310, 0xA30F, 0xA2EF, 0xA310, 0xCBB3,
    0x5167, 0x0000, 0x0000, 0x0000, 0x0000, 0x1062, 0xFCBD, 0xFCBC, 0xF63B, 0xFFFF, 0xFFDE, 0xFE3C,
    0xF4B8, 0xF3D7, 0xF3B7, 0xF3B7, 0xEBB6, 0xF3D7, 0xF3B6, 0xF3B7, 0xF3B7, 0xF396, 0xF3B7, 0xF3B6,
    0xF396, 0xF3B6, 0xF3B6, 0xFBB6, 0xF3B6, 0xF395, 0xF3B6, 0xF395, 0xF375, 0xF395, 0xF375, 0xFB95,
    0xF375, 0xF354, 0xF375, 0xF354, 0xF354, 0xF354, 0xF354, 0xFB75, 0xF354, 0xF354, 0xFB54, 0xF354,
    0xF333, 0xF354, 0xF333, 0xFB54, 0xFB54, 0xF333, 0xFB54, 0xF333, 0xF333, 0xF333, 0xF313, 0xFB33,
    0xF313, 0xF312, 0xFB33, 0xF313, 0xF312, 0xFB33, 0xF312, 0xFB33, 0xF333, 0xF312, 0xFB33, 0xF312,
    0xF312, 0xFB12, 0xF2F2, 0xFB12, 0xF312, 0xF2F2, 0xFB33, 0xF312, 0xF2F2, 0xFB12, 0xF2F1, 0xFB12,
    0xF2F2, 0xF2F1, 0xFB12, 0xF2F1, 0xF2F1, 0xFB12, 0xF311, 0xFB12, 0xFB12, 0xF2F1, 0xFB12, 0xF311,
    0xF2F1, 0xFAF1, 0xF2F1, 0xFAF1, 0xFAF1, 0xF2D0, 0xFAD1, 0xF2D0, 0xF2D0, 0xFAF1, 0xF2D0, 0xFAF1,
    0xFAF1, 0xF2D0, 0xFAD1, 0xF2D0, 0xF2B0, 0xFAD1, 0xF2D0, 0xFAF1, 0xFAD0, 0xF2D0, 0xFAD0, 0xF2B0,
    0xF2AF, 0xFAD0, 0xF2D0, 0xFAD0, 0xFAD0, 0xF2B0, 0xFAD0, 0xF2D0, 0xF2AF, 0xFAD0, 0xF2CF, 0xFAD0,
    0xFAD0, 0xF2AF, 0xFAD0, 0xF2AF, 0xF2AF, 0xFAD0, 0xF2CF, 0xFAD0, 0xFACF, 0xF2AF, 0xFAD0, 0xF2D0,
    0xF2AF, 0xFAD0, 0xF2AF, 0xFAD0, 0xFACF, 0xF2AF, 0xFAD0, 0xF2CF, 0xF2AF, 0xFAD0, 0xF2D0, 0xFAD0,
    0xFAD0, 0xF2D0, 0xFAF0, 0xFAD0, 0xF2D0, 0xFAD0, 0xF2D0, 0xFAD1, 0xFAD0, 0xF2D0, 0xFAF0, 0xF2D0,
    0xF2D0, 0xFAD1, 0xF2D0, 0xFAF1, 0xFAF1, 0xF2D0, 0xFAF1, 0xF2F0, 0xF2D0, 0xFAF1, 0xF2F1, 0xFAF1,
    0xFAF1, 0xF2F1, 0xFB11, 0xF2F1, 0xF2F1, 0xFB12, 0xF311, 0xFB12, 0xFB11, 0xF2F1, 0xFB12, 0xF311,
    0xF311, 0xFB12, 0xF311, 0xFB12, 0xF312, 0xF312, 0xFB32, 0xF312, 0xF312, 0xFB12, 0xF312, 0xFB33,
    0xF333, 0xF312, 0xFB33, 0xF333, 0xF312, 0xFB33, 0xF332, 0xFB33, 0xF333, 0xF332, 0xFB53, 0xF333,
    0xF333, 0xFB54, 0xF353, 0xFB54, 0xF354, 0xF353, 0xFB54, 0xF354, 0xF353, 0xFB74, 0xF374, 0xFB95,
    0xF395, 0xF374, 0xFB95, 0xF375, 0xF374, 0xF375, 0xF375, 0xFB96, 0xF3B5, 0xF395, 0xF3B6, 0xF3B6,
    0xF395, 0xF3B6, 0xF3B6, 0xFBB7, 0xF3D6, 0xF3B6, 0xF3B6, 0xF3B6, 0xF3B6, 0xF3D7, 0xF3F7, 0xFCF9,
    0xFE7C, 0xFFFF, 0xFFFF, 0xF59A, 0xFBFA, 0xFC39, 0x0000, 0x0000, 0x0000, 0x0000, 0x0000, 0x4987,
    0xB3F2, 0x932F, 0x932E, 0x932F, 0x932E, 0x8B0E, 0x930E, 0x8AEE, 0x8AED, 0x8AEE, 0x8ACD, 0x8ACE,
    0x82CD, 0x82AD, 0x82AD, 0x828D, 0x7A8C, 0x828C, 0x7A6C, 0x7A6C, 0x7A6C, 0x724B, 0x7A4C, 0x724B,
    0x6A2B, 0x722B, 0x6A2A, 0x722B, 0x7A4C, 0x722B, 0x722B, 0x7A4C, 0x7A4C, 0x7A4C, 0x826C, 0x826C,
    0x828D, 0x828D, 0x828D, 0x8AAD, 0x8A8D, 0x8A8D, 0x92AE, 0x92AE, 0x9ACF, 0x9ACF, 0x9ACE, 0x9AEF,
    0x9AEF, 0x9AEF, 0xA30F, 0xA2EF, 0xAB10, 0xAB10, 0xA2EF, 0xD3D4, 0x5188, 0x0000, 0x0000, 0x0000,
    0x1082, 0xFD3E, 0xFC19, 0xFEBC, 0xFFFF, 0xF61B, 0xF418, 0xF3B7, 0xF438, 0xF478, 0xF457, 0xF478,
    0xF478, 0xF457, 0xF478, 0xF457, 0xF478, 0xF477, 0xF457, 0xF477, 0xF457, 0xF457, 0xF457, 0xF457,
    0xF457, 0xF457, 0xF436, 0xF457, 0xF436, 0xF436, 0xF436, 0xF436, 0xFC36, 0xF416, 0xF415, 0xFC36,
    0xF416, 0xF415, 0xF416, 0xF415, 0xFC36, 0xF415, 0xF3F5, 0xFC15, 0xF3F5, 0xF3F4, 0xFBF5, 0xF3F5,
    0xFC15, 0xF3F5, 0xF3F4, 0xFBF5, 0xF3D4, 0xF3D4, 0xF3F5, 0xF3D4, 0xFBF5, 0xF3F4, 0xF3D4, 0xFBF5,
    0xF3D4, 0xF3D4, 0xFBD4, 0xF3D4, 0xFBF4, 0xFBD4, 0xF3D4, 0xFBD4, 0xF3D4, 0xF3B3, 0xFBD4, 0xF3B3,
    0xFBD4, 0xF3D4, 0xF3D3, 0xFBD4, 0xF3B3, 0xF3B3, 0xFBB3, 0xF3B3, 0xFBD4, 0xF3B3, 0xF3B3, 0xFBD3,
    0xF3B3, 0xF3B3, 0xFBB3, 0xF3B3, 0xFBD3, 0xF3D3, 0xF3B3, 0xFBD3, 0xF3B3, 0xF3B2, 0xFBB3, 0xF3B3,
    0xFBB3, 0xFBB3, 0xF392, 0xFBB3, 0xF392, 0xF392, 0xFBB3, 0xF3B2, 0xFBB3, 0xF3B2, 0xF392, 0xFBB2,
    0xF392, 0xF392, 0xFB92, 0xF392, 0xFBB2, 0xFB92, 0xF392, 0xFBB2, 0xF392, 0xF391, 0xFB92, 0xF392,
    0xFBB2, 0xFBB2, 0xF392, 0xFBB2, 0xF392, 0xF391, 0xFB92, 0xF391, 0xFB92, 0xFB91, 0xF391, 0xFB92,
    0xF391, 0xF391, 0xFB92, 0xF391, 0xFB92, 0xFB92, 0xF391, 0xFBB2, 0xF392, 0xF391, 0xFB92, 0xF391,
    0xFB92, 0xFB92, 0xF391, 0xFB92, 0xF392, 0xF391, 0xFB92, 0xF392, 0xFBB2, 0xFBB2, 0xF392, 0xFBB2,
    0xF392, 0xF392, 0xFBB2, 0xF392, 0xFBB2, 0xFBB2, 0xF392, 0xFBB2, 0xF392, 0xF392, 0xFBB2, 0xF3B2,
    0xFBB3, 0xFBB2, 0xF3B2, 0xFBB3, 0xF3B2, 0xF3B2, 0xFBB3, 0xF3B2, 0xFBB3, 0xFBB3, 0xF3B2, 0xFBD3,
    0xF3B3, 0xF3B3, 0xFBD3, 0xF3B3, 0xFBD4, 0xFBD3, 0xF3B3, 0xFBD4, 0xF3D3, 0xF3D3, 0xFBD4, 0xF3D3,
    0xFBF4, 0xF3D4, 0xF3D3, 0xFBF4, 0xF3D4, 0xF3D4, 0xFBF4, 0xF3D4, 0xFBF5, 0xFBF4, 0xF3F4, 0xFBF4,
    0xF3F4, 0xF3D4, 0xFBF4, 0xF3D4, 0xFBF5, 0xFBF4, 0xF3F4, 0xFC15, 0xF3F5, 0xF3F4, 0xFC15, 0xF415,
    0xFC15, 0xF415, 0xF415, 0xFC15, 0xF415, 0xF415, 0xF415, 0xF415, 0xFC36, 0xF436, 0xF415, 0xFC36,
    0xF436, 0xF415, 0xF436, 0xF436, 0xFC57, 0xF457, 0xF456, 0xF457, 0xF457, 0xF456, 0xF477, 0xF477,
    0xF477, 0xF477, 0xF457, 0xF477, 0xF457, 0xF457, 0xF457, 0xF3F6, 0xF3D7, 0xF457, 0xF65B, 0xFFFF,
    0xF63A, 0xFBF9, 0xFD3C, 0x0000, 0x0000, 0x0000, 0x0000, 0x49A8, 0xBC12, 0x932E, 0x932F, 0x932F,
    0x932F, 0x932F, 0x8B0E, 0x930F, 0x8AEE, 0x8AED, 0x8AEE, 0x8ACD, 0x8ACE, 0x8ACD, 0x82AD, 0x82AD,
    0x828D, 0x7A8C, 0x828C, 0x7A6C, 0x7A6C, 0x7A6C, 0x724B, 0x7A4C, 0x724B, 0x722B, 0x722B, 0x6A2A,
    0x722B, 0x7A4C, 0x7A4C, 0x7A4C, 0x826C, 0x7A6C, 0x7A6C, 0x826D, 0x828D, 0x8A8D, 0x8A8D, 0x8A8D,
    0x92AE, 0x92AE, 0x92AE, 0x9ACE, 0x9ACE, 0x9AEF, 0x9AEF, 0x9AEF, 0xA310, 0xA2EF, 0xA2EF, 0xAB10,
    0xAB10, 0xAB30, 0xAB10, 0xD3D3, 0x59A8, 0x0000, 0x0000, 0x0000, 0xFCFC, 0xFD1C, 0xF71C, 0xFF7D,
    0xFD9B, 0xF397, 0xEC37, 0xF478, 0xF478, 0xF478, 0xF478, 0xF477, 0xF478, 0xF457, 0xEC57, 0xF457,
    0xF457, 0xF478, 0xF457, 0xF457, 0xF457, 0xF457, 0xF436, 0xF457, 0xF436, 0xF457, 0xF437, 0xF436,
    0xF457, 0xF436, 0xF416, 0xF436, 0xF416, 0xFC36, 0xF416, 0xF415, 0xFC36, 0xF415, 0xF415, 0xF416,
    0xF415, 0xFC16, 0xF415, 0xF3F5, 0xFC15, 0xF3F5, 0xF3F4, 0xFBF5, 0xF3F5, 0xFC15, 0xF3F5, 0xF3D4,
    0xFBF5, 0xF3D4, 0xF3D4, 0xFBF4, 0xF3D4, 0xFBF5, 0xF3D4, 0xF3D4, 0xFBD4, 0xF3D4, 0xF3D4, 0xFBD4,
    0xF3D4, 0xFBF4, 0xF3D4, 0xF3D3, 0xFBD4, 0xF3D4, 0xF3B3, 0xFBD4, 0xF3B3, 0xFBD4, 0xF3D4, 0xF3B3,
    0xFBD4, 0xF3B3, 0xF3B3, 0xFBB3, 0xF3B3, 0xFBD4, 0xF3B3, 0xF3B3, 0xFBD3, 0xF3B3, 0xF3B3, 0xFBB3,
    0xF3B3, 0xFBD3, 0xF3B3, 0xF3B3, 0xFBD3, 0xF3B3, 0xF3B2, 0xFBB3, 0xF3B2, 0xFBB3, 0xF3B2, 0xF392,
    0xFBB3, 0xF392, 0xF392, 0xFBB2, 0xF392, 0xFBB3, 0xF392, 0xF392, 0xFBB2, 0xF392, 0xF391, 0xFB92,
    0xF392, 0xFBB2, 0xFB92, 0xF392, 0xFB92, 0xF392, 0xF391, 0xFB92, 0xF392, 0xFBB2, 0xFBB2, 0xF391,
    0xFBB2, 0xF391, 0xF391, 0xFB92, 0xF391, 0xFB92, 0xFB91, 0xF391, 0xFBB2, 0xF391, 0xF391, 0xFB92,
    0xF391, 0xFB92, 0xFB91, 0xF391, 0xFB92, 0xF391, 0xF391, 0xFB92, 0xF391, 0xFB92, 0xFB92, 0xF391,
    0xFBB2, 0xF392, 0xF391, 0xFBB2, 0xF392, 0xFBB2, 0xFBB2, 0xF392, 0xFBB2, 0xF392, 0xF391, 0xFBB2,
    0xF392, 0xFBB2, 0xFB92, 0xF392, 0xFBB2, 0xF3B2, 0xF392, 0xFBB2, 0xF3B2, 0xFBB3, 0xFBB2, 0xF392,
    0xFBB3, 0xF3B2, 0xF392, 0xFBB3, 0xF3B2, 0xFBD3, 0xFBB3, 0xF3B2, 0xFBD3, 0xF3B3, 0xF3B2, 0xFBB3,
    0xF3B3, 0xFBD4, 0xFBD3, 0xF3B3, 0xFBD4, 0xF3D3, 0xF3B3, 0xFBD4, 0xF3D3, 0xFBD4, 0xF3D4, 0xF3D3,
    0xFBF4, 0xF3D4, 0xF3D3, 0xFBF4, 0xF3D4, 0xFBF5, 0xF3F4, 0xF3D4, 0xFBF4, 0xF3F4, 0xF3D4, 0xFBF4,
    0xF3F4, 0xFBF5, 0xF3F4, 0xF3F4, 0xFC15, 0xF3F5, 0xF3F4, 0xFC15, 0xF415, 0xFC15, 0xF415, 0xF415,
    0xFC15, 0xF415, 0xF415, 0xF416, 0xF415, 0xFC36, 0xF436, 0xF415, 0xFC36, 0xF436, 0xF436, 0xF436,
    0xF456, 0xFC57, 0xF456, 0xF436, 0xF457, 0xF457, 0xF456, 0xF477, 0xF457, 0xF477, 0xF457, 0xF457,
    0xF477, 0xF457, 0xF457, 0xF478, 0xF477, 0xF3F7, 0xF3B6, 0xF5FB, 0xFFDF, 0xF69C, 0xFCDB, 0xFCBA,
    0x0000, 0x0000, 0x0000, 0x49A7, 0xBC33, 0x932F, 0x932F, 0x9B4F, 0x932F, 0x9B2F, 0x932F, 0x930E,
    0x930F, 0x930E, 0x8AEE, 0x8AEE, 0x8ACD, 0x8AEE, 0x8ACD, 0x82AD, 0x82AD, 0x828D, 0x7A8C, 0x828C,
    0x7A6C, 0x826C, 0x7A6C, 0x724B, 0x7A4C, 0x724B, 0x722B, 0x722B, 0x7A4C, 0x7A4C, 0x826C, 0x7A6C,
    0x7A6C, 0x828D, 0x826D, 0x826C, 0x8A8D, 0x8A8D, 0x92AE, 0x92AE, 0x92AE, 0x92CE, 0x92CE, 0x92CE,
    0x9AEF, 0x9AEF, 0xA310, 0xA30F, 0xA2EF, 0xAB10, 0xAB10, 0xA30F, 0xAB30, 0xAB30, 0xAB30, 0xDBF4,
    0x5188, 0x0000, 0x0000, 0xB333, 0xFCFD, 0xF71C, 0xFFDF, 0xFE1B, 0xF57A, 0xFD1A, 0xF4D9, 0xEC98,
    0xF498, 0xF498, 0xF498, 0xF498, 0xF477, 0xF498, 0xF477, 0xEC77, 0xF478, 0xF477, 0xF478, 0xF477,
    0xF457, 0xF477, 0xF457, 0xF456, 0xF457, 0xF457, 0xF457, 0xF457, 0xF436, 0xF457, 0xF436, 0xF436,
    0xF436, 0xF436, 0xF436, 0xF436, 0xF415, 0xF436, 0xF416, 0xF415, 0xF436, 0xF415, 0xFC16, 0xF415,
    0xF3F5, 0xFC15, 0xF415, 0xF3F5, 0xF415, 0xF3F5, 0xFC15, 0xF3F5, 0xF3F4, 0xFBF5, 0xF3F4, 0xF3D4,
    0xF3F5, 0xF3F4, 0xFBF5, 0xF3F4, 0xF3D4, 0xFBF4, 0xF3D4, 0xF3D4, 0xFBF4, 0xF3D4, 0xFBF4, 0xF3D4,
    0xF3D4, 0xFBD4, 0xF3D4, 0xF3D3, 0xFBD4, 0xF3D4, 0xFBD4, 0xF3D4, 0xF3B3, 0xFBD4, 0xF3B3, 0xF3B3,
    0xFBD4, 0xF3B3, 0xFBD4, 0xF3D3, 0xF3B3, 0xFBD4, 0xF3B3, 0xF3B3, 0xFBD3, 0xF3D3, 0xFBD3, 0xF3D3,
    0xF3B3, 0xFBD3, 0xF3B3, 0xF3B2, 0xFBB3, 0xF3B2, 0xFBB3, 0xF3B3, 0xF3B2, 0xFBB3, 0xF3B2, 0xF3B2,
    0xFBB3, 0xF3B2, 0xFBB3, 0xF3B2, 0xF392, 0xFBB2, 0xF3B2, 0xF392, 0xFBB2, 0xF392, 0xFBB2, 0xFBB2,
    0xF392, 0xFBB2, 0xF392, 0xF391, 0xFBB2, 0xF3B2, 0xFBB2, 0xFBB2, 0xF391, 0xFBB2, 0xF392, 0xF391,
    0xFB92, 0xF391, 0xFBB2, 0xFBB2, 0xF391, 0xFBB2, 0xF392, 0xF391, 0xFB92, 0xF391, 0xFBB2, 0xFBB2,
    0xF391, 0xFBB2, 0xF392, 0xF391, 0xFB92, 0xF391, 0xFBB2, 0xFBB2, 0xF391, 0xFBB2, 0xF3B2, 0xF391,
    0xFBB2, 0xF3B2, 0xFBB2, 0xFBB2, 0xF392, 0xFBB2, 0xF3B2, 0xF392, 0xFBB2, 0xF3B2, 0xFBB2, 0xFBB2,
    0xF392, 0xFBB3, 0xF3B2, 0xF3B2, 0xFBB3, 0xF3B2, 0xFBD3, 0xFBB2, 0xF3B2, 0xFBB3, 0xF3B3, 0xF3B2,
    0xFBB3, 0xF3B3, 0xFBD3, 0xF3D3, 0xF3B3, 0xFBD3, 0xF3B3, 0xF3B3, 0xFBD3, 0xF3D3, 0xFBD4, 0xFBD3,
    0xF3D3, 0xFBF4, 0xF3D3, 0xF3D3, 0xFBD4, 0xF3D4, 0xFBF4, 0xF3F4, 0xF3D4, 0xFBF4, 0xF3F4, 0xF3F4,
    0xFBF4, 0xF3F4, 0xFBF5, 0xF3F4, 0xF3F4, 0xFBF5, 0xF3F4, 0xF3F4, 0xFBF5, 0xF3F4, 0xFC15, 0xF415,
    0xF3F4, 0xFC15, 0xF415, 0xF415, 0xFC15, 0xF415, 0xFC36, 0xF415, 0xF415, 0xFC36, 0xF415, 0xF415,
    0xF436, 0xF436, 0xFC36, 0xF436, 0xF436, 0xFC56, 0xF436, 0xF436, 0xF457, 0xF456, 0xFC57, 0xF457,
    0xF456, 0xF477, 0xF477, 0xF457, 0xF477, 0xF477, 0xF478, 0xF477, 0xF477, 0xF498, 0xF477, 0xF477,
    0xF4B8, 0xF4D8, 0xFD19, 0xFD9A, 0xF63B, 0xFFFF, 0xF65B, 0xFCBC, 0x9AAF, 0x0000, 0x0000, 0x49A8,
    0xBC12, 0x9B4F, 0x9B4F, 0x934F, 0x9B4F, 0x932F, 0x9B2F, 0x932F, 0x930E, 0x930F, 0x930E, 0x8AEE,
    0x8AEE, 0x8ACD, 0x8ACE, 0x8ACD, 0x82AD, 0x8AAD, 0x828D, 0x7A8C, 0x828C, 0x7A6C, 0x826C, 0x7A6C,
    0x7A4B, 0x7A6C, 0x724B, 0x722B, 0x7A4B, 0x7A6C, 0x7A6C, 0x826D, 0x826D, 0x826C, 0x8A8D, 0x8A8D,
    0x8A8D, 0x8AAE, 0x8AAE, 0x92CE, 0x92CE, 0x92CE, 0x9AEF, 0x9ACF, 0x9AEF, 0xA2EF, 0xA2EF, 0xAB10,
    0xAB10, 0xA30F, 0xAB30, 0xAB30, 0xAB30, 0xB331, 0xAB30, 0xDBF5, 0x59A8, 0x0000, 0x3126, 0xFCDE,
    0xF5BA, 0xFFFF, 0xF5FB, 0xFD9B, 0xF55A, 0xF519, 0xF4F9, 0xF4B8, 0xECB8, 0xF4B8, 0xF498, 0xF498,
    0xF498, 0xF477, 0xF498, 0xF478, 0xEC77, 0xF478, 0xF477, 0xF478, 0xF477, 0xF457, 0xF477, 0xF457,
    0xEC56, 0xF457, 0xF457, 0xF457, 0xF457, 0xF436, 0xF457, 0xF436, 0xF436, 0xF436, 0xF436, 0xF436,
    0xF436, 0xF435, 0xF436, 0xF436, 0xF415, 0xF436, 0xF415, 0xFC36, 0xF415, 0xF415, 0xF415, 0xF415,
    0xF415, 0xF415, 0xF415, 0xFC15, 0xF3F5, 0xF3F4, 0xF415, 0xF3F4, 0xF3F4, 0xF3F5, 0xF3F4, 0xFBF5,
    0xF3F4, 0xF3F4, 0xFBF5, 0xF3F4, 0xF3D4, 0xF3F4, 0xF3F4, 0xFBF5, 0xF3F4, 0xF3D4, 0xFBF4, 0xF3D4,
    0xF3D3, 0xF3F4, 0xF3D4, 0xFBF4, 0xF3D4, 0xF3D3, 0xFBD4, 0xF3D3, 0xF3B3, 0xF3D4, 0xF3D3, 0xFBD4,
    0xF3D3, 0xF3D3, 0xFBD4, 0xF3D3, 0xF3D3, 0xFBD3, 0xF3D3, 0xFBD4, 0xF3D3, 0xF3D3, 0xFBD3, 0xF3D3,
    0xF3B2, 0xFBD3, 0xF3B2, 0xFBD3, 0xF3B3, 0xF3B2, 0xFBD3, 0xF3B3, 0xF3B2, 0xFBB3, 0xF3B2, 0xFBB3,
    0xF3B2, 0xF3B2, 0xFBB3, 0xF3B2, 0xF392, 0xFBB2, 0xF3B2, 0xFBB3, 0xF3B2, 0xF392, 0xFBB2, 0xF3B2,
    0xF3B2, 0xFBB2, 0xF3B2, 0xFBB2, 0xF3B2, 0xF3B2, 0xFBB2, 0xF3B2, 0xF391, 0xFBB2, 0xF3B1, 0xFBB2,
    0xF3B2, 0xF391, 0xFBB2, 0xF3B2, 0xF391, 0xFBB2, 0xF3B2, 0xFBB2, 0xF3B2, 0xF391, 0xFBB2, 0xF3B2,
    0xF391, 0xFBB2, 0xF3B2, 0xFBB2, 0xF3B2, 0xF3B2, 0xFBB2, 0xF3B2, 0xF3B2, 0xFBB2, 0xF3B2, 0xFBD3,
    0xF3B2, 0xF3B2, 0xFBB3, 0xF3B2, 0xF3B2, 0xFBB2, 0xF3B2, 0xFBB3, 0xF3B2, 0xF3B2, 0xFBD3, 0xF3B2,
    0xF3B2, 0xFBD3, 0xF3B2, 0xFBD3, 0xF3D3, 0xF3B2, 0xFBD3, 0xF3D3, 0xF3B2, 0xFBD3, 0xF3D3, 0xFBD3,
    0xF3D3, 0xF3D3, 0xFBD4, 0xF3D3, 0xF3D3, 0xFBD4, 0xF3D3, 0xFBF4, 0xF3F4, 0xF3D3, 0xFBF4, 0xF3D4,
    0xF3D3, 0xFBF4, 0xF3F4, 0xFBF4, 0xF3F4, 0xF3F4, 0xFBF4, 0xF3F4, 0xF3F4, 0xF415, 0xF3F4, 0xFC15,
    0xF3F4, 0xF3F4, 0xFC15, 0xF3F4, 0xF3F4, 0xF415, 0xF415, 0xFC15, 0xF415, 0xF415, 0xFC35, 0xF415,
    0xF415, 0xF435, 0xF415, 0xFC36, 0xF435, 0xF415, 0xF436, 0xF436, 0xF435, 0xF436, 0xF436, 0xFC56,
    0xF456, 0xF436, 0xF457, 0xF456, 0xF456, 0xF477, 0xF456, 0xF477, 0xF477, 0xF457, 0xF477, 0xF477,
    0xF477, 0xF477, 0xF477, 0xF498, 0xF498, 0xF477, 0xF4B8, 0xF498, 0xF4B8, 0xF4F9, 0xF519, 0xFD7A,
    0xF55A, 0xF61B, 0xFFFF, 0xF4D9, 0xFCBC, 0x1082, 0x0000, 0x51C8, 0xC433, 0x9B4F, 0x9B70, 0x9B4F,
    0x934F, 0x9B4F, 0x932F, 0x9B4F, 0x932F, 0x930E, 0x930F, 0x930E, 0x8AEE, 0x92EE, 0x8ACE, 0x8ACE,
    0x8ACD, 0x82AD, 0x8AAD, 0x828D, 0x828C, 0x828D, 0x7A6C, 0x826C, 0x7A6C, 0x7A4B, 0x7A4C, 0x7A4B,
    0x7A6C, 0x7A4C, 0x826D, 0x826C, 0x8A8D, 0x8A8D, 0x8A8D, 0x8AAE, 0x8AAE, 0x8AAD, 0x92AE, 0x92CE,
    0x9ACF, 0x9ACF, 0x9ACF, 0xA2EF, 0xA2EF, 0xA2EF, 0xAB10, 0xA310, 0xAB30, 0xAB30, 0xAB30, 0xB331,
    0xB330, 0xB330, 0xB331, 0xDC14, 0x5988, 0x0000, 0xE3D7, 0xFCFC, 0xFFFE, 0xF65B, 0xF3D7, 0xF519,
    0xFD3A, 0xF519, 0xF4D8, 0xF4D9, 0xF4B8, 0xECB8, 0xF4B8, 0xF498, 0xF498, 0xF498, 0xEC77, 0xF498,
    0xF477, 0xEC77, 0xF478, 0xF477, 0xF478, 0xF477, 0xF457, 0xF477, 0xF477, 0xEC56, 0xF457, 0xF456,
    0xF477, 0xF457, 0xF456, 0xF457, 0xF436, 0xEC36, 0xF436, 0xF436, 0xF456, 0xF436, 0xF435, 0xF456,
    0xF436, 0xF415, 0xF436, 0xF415, 0xFC36, 0xF415, 0xF415, 0xF435, 0xF415, 0xF415, 0xF415, 0xF415,
    0xFC15, 0xF415, 0xF3F4, 0xF415, 0xF3F5, 0xF3F4, 0xF3F5, 0xF3F4, 0xFC15, 0xF3F4, 0xF3F4, 0xF3F5,
    0xF3F4, 0xF3F4, 0xF3F4, 0xF3F4, 0xFBF5, 0xF3F4, 0xF3D4, 0xFBF4, 0xF3D4, 0xF3D3, 0xF3F4, 0xF3D4,
    0xFBF4, 0xF3D4, 0xF3D3, 0xFBD4, 0xF3D3, 0xF3D3, 0xF3D4, 0xF3D3, 0xFBF4, 0xF3D3, 0xF3D3, 0xFBF4,
    0xF3D3, 0xF3D3, 0xF3D3, 0xF3D3, 0xFBF4, 0xF3D3, 0xF3D3, 0xFBD3, 0xF3D3, 0xF3B2, 0xFBD3, 0xF3B3,
    0xFBD3, 0xF3D3, 0xF3B2, 0xFBD3, 0xF3B2, 0xF3B2, 0xF3B3, 0xF3B2, 0xFBB3, 0xF3B2, 0xF3B2, 0xFBB3,
    0xF3B2, 0xF3B2, 0xFBB2, 0xF3B2, 0xFBB3, 0xF3B2, 0xF3B2, 0xFBD2, 0xF3B2, 0xF3B2, 0xFBB2, 0xF3B2,
    0xFBD2, 0xF3B2, 0xF3B2, 0xFBB2, 0xF3B2, 0xF3B1, 0xFBB2, 0xF3B2, 0xFBB2, 0xF3B2, 0xF3B2, 0xFBB2,
    0xF3B2, 0xF3B1, 0xFBB2, 0xF3B2, 0xFBB2, 0xF3B2, 0xF3B2, 0xFBB2, 0xF3B2, 0xF3B2, 0xFBB2, 0xF3B2,
    0xFBB2, 0xF3B2, 0xF3B2, 0xFBD2, 0xF3B2, 0xF3B2, 0xFBD2, 0xF3B2, 0xFBD3, 0xF3B2, 0xF3B2, 0xFBD3,
    0xF3B2, 0xF3B2, 0xFBB3, 0xF3B2, 0xFBD3, 0xF3D3, 0xF3B2, 0xFBD3, 0xF3D3, 0xF3B2, 0xFBD3, 0xF3D2,
    0xFBD3, 0xF3D3, 0xF3B3, 0xFBD3, 0xF3D3, 0xF3D3, 0xFBD3, 0xF3D3, 0xFBF4, 0xF3D3, 0xF3D3, 0xFBF4,
    0xF3D3, 0xF3D3, 0xFBF4, 0xF3F3, 0xFBF4, 0xF3F4, 0xF3D3, 0xFBF4, 0xF3F4, 0xF3F3, 0xF3F4, 0xF3F4,
    0xFBF4, 0xF3F4, 0xF3F4, 0xFC15, 0xF3F4, 0xF3F4, 0xF415, 0xF3F4, 0xFC15, 0xF415, 0xF3F4, 0xFC15,
    0xF415, 0xF3F4, 0xF415, 0xF415, 0xFC15, 0xF415, 0xF415, 0xF435, 0xF435, 0xF415, 0xF435, 0xF435,
    0xFC36, 0xF436, 0xF435, 0xF456, 0xF436, 0xF435, 0xF456, 0xF436, 0xF457, 0xF456, 0xF456, 0xF477,
    0xF456, 0xF456, 0xF477, 0xF477, 0xF477, 0xF477, 0xF477, 0xF497, 0xF477, 0xEC77, 0xF497, 0xF497,
    0xF498, 0xF498, 0xF497, 0xF4B8, 0xF4D8, 0xECD8, 0xF4F9, 0xF4F9, 0xFCB9, 0xF396, 0xFF1D, 0xFF3D,
    0xFC7B, 0xC393, 0x0000, 0x49C7, 0xC454, 0x9B70, 0x9B6F, 0xA370, 0x9B4F, 0x9B4F, 0x9B4F, 0x9B2F,
    0x9B4F, 0x9B2F, 0x930E, 0x930F, 0x930E, 0x8AEE, 0x92EE, 0x8ACE, 0x92CE, 0x8ACD, 0x82AD, 0x8AAD,
    0x828D, 0x828C, 0x828D, 0x7A6C, 0x828D, 0x7A6C, 0x7A4B, 0x7A6C, 0x826D, 0x826D, 0x826C, 0x8A8D,
    0x8A8D, 0x8AAE, 0x8AAE, 0x8AAD, 0x92CE, 0x92AE, 0x92AE, 0x9ACF, 0x9ACF, 0xA2EF, 0xA2EF, 0xA2EF,
    0xAB10, 0xA310, 0xA30F, 0xAB30, 0xAB30, 0xB331, 0xB331, 0xB330, 0xB351, 0xB351, 0xAB30, 0xEC36,
    0x30E4, 0x0020, 0xFCDE, 0xF61B, 0xFFFF, 0xF438, 0xEC17, 0xF4D9, 0xF4F9, 0xF4F9, 0xF4F9, 0xECD8,
    0xF4D9, 0xF4B8, 0xECB8, 0xF4B8, 0xEC98, 0xF4B8, 0xF498, 0xEC77, 0xF498, 0xF477, 0xEC77, 0xF477,
    0xF477, 0xF498, 0xF477, 0xEC77, 0xF477, 0xF477, 0xEC56, 0xF477, 0xF456, 0xF477, 0xF456, 0xEC56,
    0xF457, 0xF456, 0xEC36, 0xF456, 0xF436, 0xF456, 0xF436, 0xF435, 0xF456, 0xF435, 0xF435, 0xF436,
    0xF415, 0xF436, 0xF435, 0xF415, 0xF435, 0xF415, 0xF415, 0xF415, 0xF415, 0xF415, 0xF415, 0xF3F4,
    0xF415, 0xF3F5, 0xF3F4, 0xF415, 0xF3F4, 0xFC15, 0xF414, 0xF3F4, 0xF415, 0xF3F4, 0xF3F4, 0xF3F4,
    0xF3F4, 0xFBF4, 0xF3F4, 0xF3D4, 0xF3F4, 0xF3F4, 0xF3F3, 0xF3F4, 0xF3D3, 0xFBF4, 0xF3D4, 0xF3D3,
    0xF3F4, 0xF3D3, 0xF3D3, 0xF3F4, 0xF3D3, 0xFBF4, 0xF3F3, 0xF3D3, 0xFBF3, 0xF3D3, 0xF3D3, 0xF3F3,
    0xF3D3, 0xFBF3, 0xF3D3, 0xF3D3, 0xFBD3, 0xF3D3, 0xF3B2, 0xF3D3, 0xF3D2, 0xFBD3, 0xF3D3, 0xF3B2,
    0xFBD3, 0xF3B2, 0xF3B2, 0xF3B3, 0xF3B2, 0xFBD3, 0xF3D2, 0xF3B2, 0xFBD3, 0xF3B2, 0xF3B2, 0xF3B2,
    0xF3B2, 0xFBD3, 0xF3D2, 0xF3B2, 0xFBD2, 0xF3B2, 0xF3B2, 0xF3D2, 0xF3B2, 0xFBD2, 0xF3B2, 0xF3B2,
    0xFBD2, 0xF3B2, 0xF3B1, 0xF3B2, 0xF3B2, 0xFBD2, 0xF3B2, 0xF3B2, 0xFBD2, 0xF3B2, 0xF3B1, 0xF3B2,
    0xF3B2, 0xFBD2, 0xF3B2, 0xF3B2, 0xFBD2, 0xF3B2, 0xF3B2, 0xF3B2, 0xF3B2, 0xFBD3, 0xF3D2, 0xF3B2,
    0xFBD2, 0xF3B2, 0xF3B2, 0xFBD2, 0xF3B2, 0xFBD3, 0xF3D2, 0xF3B2, 0xFBD3, 0xF3B2, 0xF3B2, 0xF3D3,
    0xF3B2, 0xFBD3, 0xF3D3, 0xF3D2, 0xFBD3, 0xF3D3, 0xF3D2, 0xF3D3, 0xF3D3, 0xFBD3, 0xF3D3, 0xF3D3,
    0xFBF3, 0xF3D3, 0xF3D3, 0xF3F3, 0xF3D3, 0xFBF4, 0xF3F3, 0xF3D3, 0xFBF4, 0xF3F3, 0xF3D3, 0xF3F4,
    0xF3F3, 0xFBF4, 0xF3F4, 0xF3F3, 0xFC14, 0xF3F4, 0xF3F3, 0xF3F4, 0xF3F4, 0xFC14, 0xF414, 0xF3F4,
    0xF415, 0xF414, 0xF3F4, 0xF415, 0xF414, 0xFC15, 0xF415, 0xF414, 0xF415, 0xF415, 0xF414, 0xF415,
    0xF415, 0xFC35, 0xF435, 0xF415, 0xF435, 0xF435, 0xF435, 0xF435, 0xF435, 0xF456, 0xF456, 0xF435,
    0xF456, 0xF456, 0xF435, 0xF456, 0xF456, 0xF457, 0xF456, 0xF456, 0xF477, 0xF476, 0xEC76, 0xF477,
    0xF477, 0xF497, 0xF497, 0xF477, 0xF497, 0xF497, 0xEC77, 0xF497, 0xF497, 0xF4B8, 0xF4B8, 0xECB7,
    0xF4D8, 0xF4D8, 0xECD8, 0xF4D8, 0xF498, 0xF3B7, 0xF4D8, 0xFFFF, 0xFD7A, 0xFCFC, 0x0000, 0x3145,
    0xCC54, 0xA390, 0xA390, 0x9B70, 0xA370, 0x9B70, 0x9B4F, 0x9B50, 0x9B4F, 0x9B50, 0x9B2F, 0x930E,
    0x9B0F, 0x930E, 0x8AEE, 0x92EE, 0x8ACE, 0x92CE, 0x8ACD, 0x8AAD, 0x8AAD, 0x828D, 0x828C, 0x828D,
    0x826C, 0x828D, 0x826C, 0x7A4C, 0x826C, 0x8A8D, 0x8A8D, 0x828D, 0x8AAE, 0x8AAD, 0x92AE, 0x92AE,
    0x92AE, 0x9ACF, 0x9ACE, 0x9ACE, 0x9AEF, 0x9AEF, 0xA310, 0xA310, 0xA30F, 0xAB30, 0xAB30, 0xAB30,
    0xB331, 0xB330, 0xBB51, 0xB351, 0xB351, 0xBB71, 0xBB51, 0xE435, 0x28C3, 0x7A2C, 0xFCFD, 0xFF9E,
    0xF65C, 0xF3B7, 0xF478, 0xEC98, 0xF4D9, 0xF4D8, 0xF4D9, 0xF4D8, 0xECB8, 0xF4D8, 0xF4B8, 0xEC97,
    0xF4B8, 0xEC97, 0xF4B8, 0xF498, 0xEC97, 0xF498, 0xF497, 0xEC77, 0xF497, 0xEC77, 0xF497, 0xF477,
    0xEC76, 0xF477, 0xF477, 0xEC56, 0xF477, 0xEC56, 0xF477, 0xF456, 0xEC56, 0xF456, 0xF456, 0xEC35,
    0xF456, 0xF436, 0xF456, 0xF456, 0xF435, 0xF456, 0xF435, 0xEC35, 0xF435, 0xF435, 0xF436, 0xF435,
    0xF415, 0xF435, 0xF415, 0xF414, 0xF415, 0xF415, 0xF415, 0xF415, 0xF3F4, 0xF415, 0xF414, 0xF3F4,
    0xF415, 0xF414, 0xFC15, 0xF414, 0xF3F4, 0xF414, 0xF3F4, 0xF3F4, 0xF3F4, 0xF3F4, 0xFBF4, 0xF3F4,
    0xF3F3, 0xF3F4, 0xF3F4, 0xF3F3, 0xF3F4, 0xF3F3, 0xFBF4, 0xF3F4, 0xF3D3, 0xF3F4, 0xF3D3, 0xF3D3,
    0xF3F3, 0xF3D3, 0xFBF4, 0xF3F3, 0xF3D3, 0xF3F3, 0xF3D3, 0xF3D3, 0xF3F3, 0xF3D3, 0xFBF3, 0xF3D3,
    0xF3D2, 0xFBD3, 0xF3D3, 0xF3D2, 0xF3D3, 0xF3D2, 0xFBD3, 0xF3D3, 0xF3B2, 0xF3D3, 0xF3B2, 0xF3B2,
    0xF3D2, 0xF3B2, 0xFBD3, 0xF3D2, 0xF3B2, 0xFBD2, 0xF3B2, 0xF3B2, 0xF3D2, 0xF3B2, 0xFBD2, 0xF3D2,
    0xF3B2, 0xFBD2, 0xF3D2, 0xF3B2, 0xF3D2, 0xF3B2, 0xFBD2, 0xF3D2, 0xF3B2, 0xFBD2, 0xF3B2, 0xF3B1,
    0xF3D2, 0xF3B2, 0xFBD2, 0xF3D2, 0xF3B2, 0xFBD2, 0xF3B2, 0xF3B1, 0xF3D2, 0xF3B2, 0xFBD2, 0xF3D2,
    0xF3B2, 0xFBD2, 0xF3B2, 0xF3B2, 0xF3D2, 0xF3B2, 0xFBD2, 0xF3D2, 0xF3B2, 0xFBD2, 0xF3D2, 0xF3B2,
    0xF3D2, 0xF3D2, 0xFBD3, 0xF3D2, 0xF3B2, 0xFBD3, 0xF3D2, 0xF3B2, 0xF3D3, 0xF3D2, 0xFBD3, 0xF3D3,
    0xF3D2, 0xFBF3, 0xF3D3, 0xF3D2, 0xF3D3, 0xF3D3, 0xFBF3, 0xF3F3, 0xF3D3, 0xFBF3, 0xF3D3, 0xF3D3,
    0xF3F3, 0xF3F3, 0xFBF4, 0xF3F3, 0xF3D3, 0xFBF4, 0xF3F3, 0xF3F3, 0xF3F4, 0xF3F3, 0xFC14, 0xF3F4,
    0xF3F3, 0xF414, 0xF3F4, 0xF3F3, 0xF414, 0xF3F4, 0xFC14, 0xF414, 0xF3F4, 0xF414, 0xF414, 0xF414,
    0xF415, 0xF414, 0xFC15, 0xF415, 0xF414, 0xF435, 0xF415, 0xF414, 0xF435, 0xF435, 0xFC35, 0xF435,
    0xF435, 0xF455, 0xF435, 0xF435, 0xF456, 0xF435, 0xF456, 0xF456, 0xF455, 0xF456, 0xF456, 0xEC55,
    0xF456, 0xF456, 0xF477, 0xF476, 0xF456, 0xF477, 0xF476, 0xEC76, 0xF477, 0xF477, 0xF497, 0xF497,
    0xEC77, 0xF497, 0xF497, 0xEC97, 0xF4B7, 0xECB7, 0xF4B8, 0xF4B8, 0xECB7, 0xF4D8, 0xF4B8, 0xEC97,
    0xF498, 0xF457, 0xF3B7, 0xFF3D, 0xF71C, 0xFCDD, 0x6189, 0x18C2, 0xD475, 0xA390, 0xA391, 0xA390,
    0xA370, 0xA370, 0xA370, 0x9B4F, 0xA350, 0x9B4F, 0x9B50, 0x9B2F, 0x930E, 0x9B0F, 0x930E, 0x92EE,
    0x92EE, 0x8ACE, 0x92CE, 0x8ACE, 0x8AAD, 0x8AAD, 0x8AAD, 0x828C, 0x828D, 0x826C, 0x828D, 0x826C,
    0x8A8D, 0x828D, 0x8AAE, 0x8A8D, 0x8A8D, 0x92AE, 0x92AE, 0x9ACF, 0x9ACE, 0x9ACE, 0x9AEF, 0x9AEF,
    0x9AEF, 0xA310, 0xA30F, 0xAB30, 0xAB30, 0xAB10, 0xB331, 0xB331, 0xB330, 0xB351, 0xB351, 0xBB72,
    0xBB71, 0xBB51, 0xBB72, 0xE415, 0x3904, 0xCB14, 0xFD5C, 0xFFFF, 0xF4D9, 0xF3F7, 0xF498, 0xF498,
    0xEC98, 0xF4B9, 0xECB8, 0xF4D9, 0xF4D8, 0xECB8, 0xF4B8, 0xECB8, 0xEC97, 0xF4B8, 0xEC97, 0xF4B8,
    0xF497, 0xEC97, 0xF497, 0xF497, 0xEC77, 0xF497, 0xEC77, 0xF497, 0xF477, 0xEC76, 0xF477, 0xF476,
    0xEC56, 0xF476, 0xEC56, 0xF477, 0xF456, 0xEC56, 0xF456, 0xF456, 0xEC35, 0xF456, 0xF455, 0xF456,
    0xF456, 0xEC35, 0xF456, 0xF435, 0xEC35, 0xF435, 0xF435, 0xF435, 0xF435, 0xF415, 0xF435, 0xF415,
    0xEC14, 0xF415, 0xF414, 0xF415, 0xF415, 0xF414, 0xF415, 0xF414, 0xF3F4, 0xF414, 0xF414, 0xF415,
    0xF414, 0xF3F4, 0xF414, 0xF3F4, 0xF3F3, 0xF3F4, 0xF3F4, 0xF3F4, 0xF3F4, 0xF3F3, 0xF3F4, 0xF3F4,
    0xF3D3, 0xF3F4, 0xF3D3, 0xFBF4, 0xF3F3, 0xF3D3, 0xF3F4, 0xF3D3, 0xF3D3, 0xF3F3, 0xF3D3, 0xFBF4,
    0xF3F3, 0xF3D3, 0xF3F3, 0xF3D3, 0xF3D2, 0xF3D3, 0xF3D3, 0xFBF3, 0xF3D3, 0xF3D2, 0xF3D3, 0xF3D2,
    0xF3B2, 0xF3D3, 0xF3D2, 0xFBD3, 0xF3D2, 0xF3B2, 0xF3D3, 0xF3B2, 0xF3B2, 0xF3D2, 0xF3B2, 0xFBD3,
    0xF3D2, 0xF3B2, 0xF3D2, 0xF3B2, 0xF3B2, 0xF3D2, 0xF3B2, 0xFBD2, 0xF3D2, 0xF3B2, 0xF3D2, 0xF3D2,
    0xF3B1, 0xF3D2, 0xF3B2, 0xFBD2, 0xF3D2, 0xF3B1, 0xFBD2, 0xF3B2, 0xF3B1, 0xF3D2, 0xF3B2, 0xFBD2,
    0xF3D2, 0xF3B1, 0xFBD2, 0xF3B2, 0xF3B1, 0xF3D2, 0xF3B2, 0xFBD2, 0xF3D2, 0xF3B2, 0xF3D2, 0xF3B2,
    0xF3B1, 0xF3D2, 0xF3D2, 0xFBD2, 0xF3D2, 0xF3B2, 0xFBD2, 0xF3D2, 0xF3B2, 0xF3D2, 0xF3D2, 0xFBD3,
    0xF3D2, 0xF3B2, 0xFBD3, 0xF3D2, 0xF3B2, 0xF3D3, 0xF3D2, 0xFBF3, 0xF3D3, 0xF3D2, 0xF3F3, 0xF3D2,
    0xF3D2, 0xF3D3, 0xF3D3, 0xFBF3, 0xF3F3, 0xF3D3, 0xF3F3, 0xF3D3, 0xF3D3, 0xF3F3, 0xF3F3, 0xFBF4,
    0xF3F3, 0xF3D3, 0xF3F4, 0xF3F3, 0xF3F3, 0xF3F4, 0xF3F3, 0xFC14, 0xF3F4, 0xF3F3, 0xF414, 0xF3F4,
    0xF3F3, 0xF414, 0xF414, 0xFC14, 0xF414, 0xF414, 0xF415, 0xF414, 0xF414, 0xF414, 0xF414, 0xF435,
    0xF414, 0xF414, 0xF435, 0xF415, 0xF414, 0xF435, 0xF435, 0xF435, 0xF435, 0xF435, 0xF455, 0xF435,
    0xF435, 0xF455, 0xF455, 0xF456, 0xF456, 0xF455, 0xF476, 0xF456, 0xEC55, 0xF476, 0xF456, 0xF477,
    0xF476, 0xEC76, 0xF477, 0xF476, 0xEC76, 0xF497, 0xF477, 0xF497, 0xF497, 0xEC97, 0xF497, 0xF497,
    0xEC97, 0xF4B7, 0xECB7, 0xF4B8, 0xF4B8, 0xEC97, 0xF4B8, 0xF498, 0xEC77, 0xF477, 0xF3D6, 0xFDBA,
    0xFFFF, 0xFCDA, 0xBAF2, 0x2904, 0xC453, 0xA390, 0xA390, 0xAB91, 0xA390, 0xA370, 0xA390, 0xA370,
    0x9B4F, 0xA350, 0x9B4F, 0xA350, 0x9B2F, 0x930F, 0x9B0F, 0x930E, 0x92EE, 0x92EE, 0x92CE, 0x92CE,
    0x92CE, 0x8AAD, 0x8AAE, 0x8AAD, 0x828C, 0x8A8D, 0x828C, 0x828D, 0x8AAE, 0x8AAD, 0x8A8D, 0x92AE,
    0x92AE, 0x92AE, 0x9ACE, 0x92CE, 0x9AEF, 0x9AEF, 0x9AEF, 0xA310, 0xA30F, 0xA30F, 0xAB10, 0xAB10,
    0xB331, 0xB331, 0xB330, 0xBB51, 0xB351, 0xB351, 0xBB71, 0xBB71, 0xC372, 0xC372, 0xBB71, 0xDBD3,
    0x6A0A, 0xEBD8, 0xFE7D, 0xFFBE, 0xF3F8, 0xF437, 0xEC57, 0xF498, 0xF498, 0xEC98, 0xF4B8, 0xECB8,
    0xF4D8, 0xF4B8, 0xECB7, 0xF4B8, 0xECB7, 0xEC97, 0xF498, 0xEC97, 0xF498, 0xF497, 0xEC97, 0xF497,
    0xF497, 0xEC76, 0xF497, 0xEC77, 0xF497, 0xF477, 0xEC76, 0xF477, 0xEC76, 0xEC56, 0xF476, 0xEC56,
    0xF476, 0xF456, 0xEC56, 0xF456, 0xF456, 0xEC35, 0xF456, 0xEC35, 0xF456, 0xF455, 0xEC35, 0xF456,
    0xF435, 0xEC35, 0xF435, 0xF435, 0xF435, 0xF435, 0xF414, 0xF435, 0xF415, 0xEC14, 0xF415, 0xF414,
    0xF415, 0xF414, 0xF3F4, 0xF415, 0xF414, 0xF3F4, 0xF414, 0xF3F4, 0xF415, 0xF414, 0xF3F4, 0xF414,
    0xF3F4, 0xF3F3, 0xF3F4, 0xF3F4, 0xF3F4, 0xF3F4, 0xF3D3, 0xF3F4, 0xF3F3, 0xF3D3, 0xF3F4, 0xF3D3,
    0xF3F4, 0xF3D3, 0xF3D3, 0xF3F3, 0xF3D3, 0xF3D3, 0xF3D3, 0xF3D3, 0xF3F3, 0xF3D3, 0xF3D3, 0xF3F3,
    0xF3D3, 0xF3D2, 0xF3D3, 0xF3D2, 0xFBD3, 0xF3D3, 0xF3B2, 0xF3D3, 0xF3D2, 0xF3B2, 0xF3D3, 0xF3B2,
    0xF3D3, 0xF3D2, 0xF3B2, 0xF3D2, 0xF3B2, 0xF3B2, 0xF3D2, 0xF3B2, 0xFBD2, 0xF3D2, 0xF3B2, 0xF3D2,
    0xF3B2, 0xF3B2, 0xF3D2, 0xF3B2, 0xFBD2, 0xF3D2, 0xF3B1, 0xF3D2, 0xF3B2, 0xF3B1, 0xF3D2, 0xF3B2,
    0xFBD2, 0xF3D2, 0xF3B1, 0xF3D2, 0xF3B2, 0xF3B1, 0xF3D2, 0xF3B2, 0xFBD2, 0xF3D2, 0xF3B1, 0xF3D2,
    0xF3B2, 0xF3B1, 0xF3D2, 0xF3B2, 0xFBD2, 0xF3D2, 0xF3B2, 0xF3D2, 0xF3B2, 0xF3B1, 0xF3D2, 0xF3B2,
    0xFBD2, 0xF3D2, 0xF3B2, 0xF3D2, 0xF3D2, 0xF3B2, 0xF3D2, 0xF3D2, 0xFBD3, 0xF3D2, 0xF3B2, 0xF3D3,
    0xF3D2, 0xF3B2, 0xF3D3, 0xF3D2, 0xFBD3, 0xF3D3, 0xF3D2, 0xF3D3, 0xF3D2, 0xF3D2, 0xF3D3, 0xF3D3,
    0xFBF3, 0xF3F3, 0xF3D3, 0xF3F3, 0xF3D3, 0xF3D3, 0xF3F3, 0xF3F3, 0xFBF4, 0xF3F3, 0xF3D3, 0xF3F4,
    0xF3F3, 0xF3F3, 0xF3F4, 0xF3F3, 0xF414, 0xF3F4, 0xF3F3, 0xF414, 0xF3F4, 0xF3F3, 0xF414, 0xF414,
    0xF414, 0xF414, 0xF3F4, 0xF414, 0xF414, 0xF414, 0xF414, 0xF414, 0xF435, 0xF415, 0xF414, 0xF435,
    0xF415, 0xF414, 0xF435, 0xF435, 0xF435, 0xF435, 0xF435, 0xF455, 0xF435, 0xEC35, 0xF456, 0xF455,
    0xF456, 0xF456, 0xEC55, 0xF456, 0xF456, 0xEC55, 0xF476, 0xF456, 0xF477, 0xF476, 0xEC76, 0xF477,
    0xF476, 0xEC76, 0xF497, 0xEC77, 0xF497, 0xF497, 0xEC97, 0xF4B7, 0xF497, 0xEC97, 0xF4B7, 0xECB7,
    0xF4B8, 0xF4B8, 0xEC97, 0xF498, 0xF477, 0xEC57, 0xF417, 0xF478, 0xFFFF, 0xFD5B, 0xEB96, 0x51E8,
    0xBC33, 0xA390, 0xABB1, 0xA390, 0xABB1, 0xA390, 0xA370, 0xA390, 0xA370, 0x9B4F, 0xA350, 0x9B4F,
    0xA350, 0x9B2F, 0x9B0F, 0x9B0F, 0x930E, 0x92EE, 0x92EE, 0x92CE, 0x92CE, 0x92CE, 0x8AAD, 0x8AAE,
    0x8AAD, 0x828D, 0x8A8D, 0x828C, 0x8AAD, 0x92AE, 0x92AE, 0x92AE, 0x9ACF, 0x92CE, 0x92CE, 0x9AEF,
    0x9AEF, 0xA310, 0xA30F, 0xA2EF, 0xAB10, 0xAB10, 0xAB10, 0xB331, 0xB330, 0xBB51, 0xB351, 0xB351,
    0xBB72, 0xBB71, 0xBB51, 0xC372, 0xC372, 0xC392, 0xC392, 0xCB72, 0x9B0F, 0xFC7A, 0xFEFD, 0xFF1D,
    0xF3B6, 0xF478, 0xF478, 0xEC77, 0xF498, 0xF498, 0xEC98, 0xF4B8, 0xECB8, 0xF4B8, 0xECB8, 0xEC97,
    0xF4B8, 0xEC97, 0xEC97, 0xF497, 0xEC97, 0xF498, 0xF497, 0xEC77, 0xF497, 0xEC77, 0xEC76, 0xF477,
    0xEC76, 0xF477, 0xF476, 0xEC56, 0xF477, 0xEC56, 0xEC56, 0xF456, 0xEC56, 0xF456, 0xF456, 0xEC55,
    0xF456, 0xF455, 0xEC35, 0xF456, 0xEC35, 0xF456, 0xF435, 0xEC35, 0xF435, 0xF435, 0xEC15, 0xF435,
    0xF415, 0xF435, 0xF435, 0xEC14, 0xF435, 0xF414, 0xEC14, 0xF415, 0xF414, 0xF415, 0xF414, 0xF3F4,
    0xF414, 0xF3F4, 0xEBF4, 0xF414, 0xF3F4, 0xF414, 0xF3F4, 0xF3F4, 0xF3F4, 0xF3F4, 0xF3F3, 0xF3F4,
    0xF3F3, 0xF3F4, 0xF3F4, 0xF3D3, 0xF3F4, 0xF3D3, 0xF3D3, 0xF3D3, 0xF3D3, 0xF3F4, 0xF3D3, 0xF3D3,
    0xF3F3, 0xF3D3, 0xF3D3, 0xF3D3, 0xF3D3, 0xF3F3, 0xF3D3, 0xF3D2, 0xF3D3, 0xF3D3, 0xF3D2, 0xF3D3,
    0xF3D2, 0xF3D3, 0xF3D2, 0xF3B2, 0xF3D3, 0xF3B2, 0xF3B2, 0xF3D2, 0xF3B2, 0xF3D3, 0xF3B2, 0xF3B2,
    0xF3D2, 0xF3B2, 0xF3B2, 0xF3B2, 0xF3B2, 0xF3D2, 0xF3B2, 0xF3B2, 0xF3D2, 0xF3B2, 0xF3B1, 0xF3B2,
    0xF3B2, 0xFBD2, 0xF3D2, 0xF3B1, 0xF3D2, 0xF3B2, 0xF3B1, 0xF3B2, 0xF3B1, 0xFBD2, 0xF3B2, 0xF3B1,
    0xF3D2, 0xF3B2, 0xF3B1, 0xF3D2, 0xF3B1, 0xFBD2, 0xF3B2, 0xF3B1, 0xF3D2, 0xF3B2, 0xF3B1, 0xF3B2,
    0xF3B2, 0xFBD2, 0xF3B2, 0xF3B1, 0xF3D2, 0xF3B2, 0xF3B1, 0xF3D2, 0xF3B2, 0xFBD2, 0xF3D2, 0xF3B2,
    0xF3D2, 0xF3B2, 0xF3B2, 0xF3D2, 0xF3B2, 0xFBD2, 0xF3D2, 0xF3B2, 0xF3D2, 0xF3D2, 0xF3B2, 0xF3D2,
    0xF3D2, 0xFBD3, 0xF3D2, 0xF3D2, 0xF3D3, 0xF3D2, 0xF3D2, 0xF3D3, 0xF3D2, 0xF3F3, 0xF3D3, 0xF3D2,
    0xF3F3, 0xF3D3, 0xF3D3, 0xF3F3, 0xF3D3, 0xF3F4, 0xF3F3, 0xF3D3, 0xF3F4, 0xF3F3, 0xF3F3, 0xF3F4,
    0xF3F3, 0xF414, 0xF3F4, 0xF3F3, 0xF414, 0xF3F4, 0xF3F3, 0xF414, 0xF414, 0xF414, 0xF414, 0xF3F4,
    0xF414, 0xF414, 0xEC14, 0xF414, 0xF414, 0xF435, 0xF414, 0xF414, 0xF435, 0xF435, 0xEC14, 0xF435,
    0xF435, 0xF435, 0xF435, 0xF435, 0xF455, 0xF435, 0xEC35, 0xF456, 0xF455, 0xF456, 0xF456, 0xEC55,
    0xF476, 0xF456, 0xEC55, 0xF476, 0xEC76, 0xF477, 0xF476, 0xEC76, 0xF477, 0xF476, 0xEC76, 0xF497,
    0xEC77, 0xF497, 0xF497, 0xEC97, 0xF497, 0xEC97, 0xEC97, 0xF4B7, 0xEC97, 0xF498, 0xF498, 0xF477,
    0xF478, 0xF457, 0xEC37, 0xF3F7, 0xFF9E, 0xFE1C, 0xFBF9, 0x7AAC, 0xB3F2, 0xABB1, 0xABB0, 0xABB1,
    0xABB1, 0xABB1, 0xAB91, 0xA370, 0xAB91, 0xA370, 0xA350, 0xA350, 0x9B4F, 0xA350, 0x9B2F, 0x9B0F,
    0x9B0F, 0x9B0F, 0x92EE, 0x92EE, 0x92CE, 0x92EE, 0x92CE, 0x8AAD, 0x92AE, 0x8AAD, 0x8A8D, 0x8A8D,
    0x92AE, 0x92AE, 0x9ACF, 0x92CE, 0x92CE, 0x9AEF, 0x9AEF, 0x9AEF, 0xA2EF, 0xA2EF, 0xAB10, 0xAB10,
    0xAB10, 0xB331, 0xAB30, 0xAB30, 0xB351, 0xB351, 0xBB72, 0xBB72, 0xBB71, 0xC372, 0xC372, 0xC372,
    0xC392, 0xC392, 0xCB93, 0xCB92, 0xBB92, 0xFC3A, 0xFF3D, 0xF69C, 0xF3B7, 0xF477, 0xF478, 0xF478,
    0xEC78, 0xF4B8, 0xF498, 0xEC97, 0xF4B8, 0xECB7, 0xF4B8, 0xECB8, 0xEC97, 0xF4B8, 0xEC97, 0xEC97,
    0xF497, 0xEC97, 0xF497, 0xF497, 0xEC76, 0xF497, 0xEC77, 0xEC76, 0xF477, 0xEC76, 0xF477, 0xEC76,
    0xEC56, 0xF476, 0xEC56, 0xEC55, 0xF456, 0xEC56, 0xF456, 0xF456, 0xEC35, 0xF456, 0xEC35, 0xEC35,
    0xF435, 0xEC35, 0xF436, 0xF435, 0xEC35, 0xF435, 0xF435, 0xEC14, 0xF435, 0xF415, 0xF435, 0xF415,
    0xEC14, 0xF415, 0xF414, 0xEBF4, 0xF414, 0xF414, 0xF415, 0xF414, 0xF3F4, 0xF414, 0xF3F4, 0xEBF3,
    0xF3F4, 0xF3F4, 0xF3F4, 0xF3F4, 0xF3F3, 0xF3F4, 0xF3F4, 0xEBD3, 0xF3F4, 0xF3D3, 0xF3F4, 0xF3F3,
    0xF3D3, 0xF3F4, 0xF3D3, 0xEBD3, 0xF3D3, 0xF3D3, 0xF3D3, 0xF3D3, 0xF3D3, 0xF3D3, 0xF3D3, 0xEBD2,
    0xF3D3, 0xF3D3, 0xF3D3, 0xF3D3, 0xF3D2, 0xF3D3, 0xF3D2, 0xF3B2, 0xF3D3, 0xF3B2, 0xF3D3, 0xF3D2,
    0xF3B2, 0xF3D3, 0xF3B2, 0xF3B2, 0xF3B2, 0xF3B2, 0xF3D2, 0xF3B2, 0xF3B2, 0xF3D2, 0xF3B2, 0xF3B1,
    0xF3B2, 0xF3B2, 0xF3D2, 0xF3B2, 0xF3B1, 0xF3D2, 0xF3B2, 0xF3B1, 0xF3B2, 0xF3B1, 0xF3D2, 0xF3B2,
    0xF3B1, 0xF3D2, 0xF3B2, 0xF3B1, 0xF3B2, 0xF3B1, 0xF3D2, 0xF3B2, 0xF3B1, 0xF3D2, 0xF3B1, 0xF3B1,
    0xF3B2, 0xF3B1, 0xF3D2, 0xF3B2, 0xF3B1, 0xF3D2, 0xF3B2, 0xF3B1, 0xF3B2, 0xF3B1, 0xF3D2, 0xF3B2,
    0xF3B1, 0xF3D2, 0xF3B2, 0xF3B1, 0xF3B2, 0xF3B2, 0xF3D2, 0xF3D2, 0xF3B2, 0xF3D2, 0xF3B2, 0xF3B1,
    0xF3D2, 0xF3B2, 0xF3D2, 0xF3D2, 0xF3B2, 0xF3D2, 0xF3D2, 0xF3B2, 0xF3D2, 0xF3D2, 0xF3D3, 0xF3D2,
    0xF3B2, 0xF3D3, 0xF3D2, 0xF3D2, 0xF3D3, 0xF3D2, 0xF3F3, 0xF3D3, 0xF3D2, 0xF3F3, 0xF3D3, 0xF3D2,
    0xF3F3, 0xF3D3, 0xF3F4, 0xF3F3, 0xF3D3, 0xF3F4, 0xF3F3, 0xEBD3, 0xF3F4, 0xF3F3, 0xF3F4, 0xF3F4,
    0xF3F3, 0xF414, 0xF3F4, 0xEBF3, 0xF414, 0xF3F4, 0xF414, 0xF414, 0xF3F4, 0xF414, 0xF414, 0xEC14,
    0xF414, 0xF414, 0xF435, 0xF414, 0xF414, 0xF435, 0xF435, 0xEC14, 0xF435, 0xF435, 0xF435, 0xF435,
    0xEC35, 0xF455, 0xF435, 0xEC35, 0xF456, 0xF455, 0xF456, 0xF456, 0xEC55, 0xF456, 0xF456, 0xEC55,
    0xF476, 0xEC76, 0xF477, 0xF476, 0xEC76, 0xF497, 0xF476, 0xEC76, 0xF497, 0xEC77, 0xF497, 0xF497,
    0xEC97, 0xF497, 0xEC97, 0xEC97, 0xF497, 0xF497, 0xF498, 0xF477, 0xF457, 0xF457, 0xF457, 0xEBB6,
    0xFF5E, 0xF67C, 0xFBF8, 0xA370, 0xABD1, 0xB3D2, 0xABB1, 0xABB1, 0xABB1, 0xABB1, 0xABB1, 0xAB91,
    0xA370, 0xAB91, 0xA370, 0xA350, 0xA350, 0xA34F, 0xA350, 0xA32F, 0x9B0F, 0x9B0F, 0x9B0F, 0x92EE,
    0x9AEF, 0x92CE, 0x9AEE, 0x92CE, 0x8AAD, 0x92CE, 0x8AAD, 0x8A8D, 0x92AE, 0x92CE, 0x92CE, 0x9AEF,
    0x9AEF, 0x9ACF, 0xA2EF, 0xA2EF, 0xA2EF, 0xAB10, 0xA310, 0xAB31, 0xAB30, 0xAB30, 0xB351, 0xB351,
    0xB351, 0xBB72, 0xBB71, 0xC372, 0xC372, 0xC372, 0xC392, 0xC392, 0xC392, 0xCB93, 0xCB92, 0xCBB2,
    0xBB73, 0xF419, 0xFF7E, 0xFEBC, 0xEB96, 0xF478, 0xF477, 0xF498, 0xF498, 0xEC98, 0xF4B8, 0xF498,
    0xEC97, 0xF4B8, 0xEC97, 0xF4B8, 0xEC97, 0xEC97, 0xF497, 0xEC97, 0xEC77, 0xF497, 0xEC77, 0xF497,
    0xEC77, 0xEC76, 0xF477, 0xEC76, 0xEC56, 0xF477, 0xEC56, 0xF477, 0xEC76, 0xEC56, 0xF476, 0xEC56,
    0xEC55, 0xF456, 0xEC55, 0xF456, 0xF456, 0xEC35, 0xF456, 0xEC35, 0xEC35, 0xF435, 0xEC35, 0xF435,
    0xF435, 0xEC15, 0xF435, 0xF415, 0xEC14, 0xF415, 0xF414, 0xF415, 0xF415, 0xEC14, 0xF415, 0xF414,
    0xEBF4, 0xF414, 0xF3F4, 0xF414, 0xF3F4, 0xEBF4, 0xF414, 0xF3F4, 0xEBF3, 0xF3F4, 0xF3F4, 0xF3F4,
    0xF3F4, 0xF3D3, 0xF3F4, 0xF3D3, 0xEBD3, 0xF3F4, 0xF3D3, 0xF3F4, 0xF3D3, 0xF3D3, 0xF3D3, 0xF3D3,
    0xEBD3, 0xF3D3, 0xF3D3, 0xF3D3, 0xF3D3, 0xF3B2, 0xF3D3, 0xF3D3, 0xEBB2, 0xF3D3, 0xF3D2, 0xF3D3,
    0xF3D3, 0xF3B2, 0xF3D3, 0xF3B2, 0xF3B2, 0xF3D2, 0xF3B2, 0xF3D3, 0xF3B2, 0xF3B2, 0xF3D2, 0xF3B2,
    0xEBB2, 0xF3B2, 0xF3B2, 0xF3B2, 0xF3B2, 0xF3B2, 0xF3B2, 0xF3B2, 0xEBB1, 0xF3B2, 0xF3B2, 0xF3B2,
    0xF3B2, 0xF3B1, 0xF3B2, 0xF3B2, 0xF3B1, 0xF3B2, 0xF3B1, 0xF3B2, 0xF3B2, 0xF3B1, 0xF3B2, 0xF3B1,
    0xF3B1, 0xF3B2, 0xF3B1, 0xF3B2, 0xF3B1, 0xF3B1, 0xF3D2, 0xF3B1, 0xF3B1, 0xF3B2, 0xF3B1, 0xF3B2,
    0xF3B2, 0xF3B1, 0xF3B2, 0xF3B1, 0xF3B1, 0xF3B2, 0xF3B1, 0xF3D2, 0xF3B2, 0xF3B1, 0xF3D2, 0xF3B2,
    0xF3B1, 0xF3B2, 0xF3B2, 0xF3D2, 0xF3B2, 0xF3B1, 0xF3D2, 0xF3B2, 0xF3B1, 0xF3B2, 0xF3B2, 0xF3D2,
    0xF3D2, 0xF3B2, 0xF3D2, 0xF3B2, 0xF3B2, 0xF3D2, 0xF3D2, 0xF3D3, 0xF3D2, 0xF3B2, 0xF3D3, 0xF3D2,
    0xEBD2, 0xF3D3, 0xF3D2, 0xF3F3, 0xF3D3, 0xF3D2, 0xF3F3, 0xF3D3, 0xF3D2, 0xF3D3, 0xF3D3, 0xF3F3,
    0xF3F3, 0xF3D3, 0xF3F4, 0xF3F3, 0xEBD3, 0xF3F4, 0xF3F3, 0xF3F4, 0xF3F4, 0xF3F3, 0xF414, 0xF3F4,
    0xEBF3, 0xF414, 0xF3F4, 0xF414, 0xF414, 0xEBF4, 0xF414, 0xF414, 0xEC14, 0xF414, 0xF414, 0xF435,
    0xF414, 0xEC14, 0xF435, 0xF415, 0xEC14, 0xF435, 0xF435, 0xF435, 0xF435, 0xEC35, 0xF455, 0xF435,
    0xEC35, 0xF455, 0xEC55, 0xF456, 0xF456, 0xEC55, 0xF476, 0xEC56, 0xEC55, 0xF476, 0xEC76, 0xF477,
    0xF476, 0xEC76, 0xF477, 0xEC76, 0xEC76, 0xF497, 0xEC77, 0xF497, 0xF497, 0xEC97, 0xF497, 0xF497,
    0xEC77, 0xF497, 0xF477, 0xF478, 0xF477, 0xF457, 0xF478, 0xF3D6, 0xFF3D, 0xFE9C, 0xFBD8, 0xAB91,
    0xABD1, 0xB3D1, 0xB3D2, 0xB3D1, 0xABB1, 0xB3B1, 0xABB1, 0xB3B1, 0xAB91, 0xAB70, 0xAB91, 0xAB70,
    0xA350, 0xAB50, 0xA350, 0xA350, 0xA32F, 0x9B0F, 0xA30F, 0x9B0F, 0x9AEE, 0x9AEF, 0x92CE, 0x9AEF,
    0x92CE, 0x92AD, 0x92CE, 0x92AD, 0x92CE, 0x92CE, 0x9AEF, 0x9AEF, 0xA2F0, 0xA2EF, 0xA2EF, 0xAB10,
    0xA310, 0xA310, 0xAB30, 0xAB30, 0xB351, 0xB351, 0xB351, 0xBB72, 0xBB51, 0xBB51, 0xC372, 0xC372,
    0xC393, 0xC392, 0xC392, 0xCBB3, 0xCB93, 0xCB92, 0xD3B3, 0xCB92, 0xBB93, 0xFC39, 0xFF5D, 0xFEBD,
    0xF396, 0xEC57, 0xF478, 0xF477, 0xF498, 0xF498, 0xEC97, 0xF4B8, 0xF498, 0xEC97, 0xF4B8, 0xEC97,
    0xF4B8, 0xEC97, 0xEC97, 0xF497, 0xEC97, 0xEC76, 0xF497, 0xEC77, 0xF497, 0xEC77, 0xEC76, 0xF477,
    0xEC76, 0xEC56, 0xF476, 0xEC56, 0xF476, 0xEC56, 0xEC56, 0xF456, 0xEC56, 0xEC35, 0xF456, 0xEC35,
    0xF456, 0xEC35, 0xEC35, 0xF455, 0xEC35, 0xEC35, 0xF435, 0xEC35, 0xF435, 0xF435, 0xEC14, 0xF435,
    0xF415, 0xEC14, 0xF415, 0xEC14, 0xF415, 0xF414, 0xEBF4, 0xF415, 0xF3F4, 0xEBF4, 0xF414, 0xF3F4,
    0xF414, 0xF3F4, 0xEBF3, 0xF3F4, 0xF3F4, 0xEBD3, 0xF3F4, 0xF3F3, 0xF3F4, 0xF3F3, 0xEBD3, 0xF3F4,
    0xF3D3, 0xEBD3, 0xF3D3, 0xF3D3, 0xF3D4, 0xF3D3, 0xF3D3, 0xF3D3, 0xF3D3, 0xEBB2, 0xF3D3, 0xF3D3,
    0xF3D3, 0xF3D3, 0xF3B2, 0xF3D3, 0xF3D2, 0xEBB2, 0xF3D3, 0xF3D2, 0xF3D3, 0xF3D2, 0xF3B2, 0xF3D3,
    0xF3B2, 0xF3B2, 0xF3B2, 0xF3B2, 0xF3D2, 0xF3B2, 0xF3B2, 0xF3B2, 0xF3B2, 0xEBB1, 0xF3B2, 0xF3B2,
    0xF3B2, 0xF3B2, 0xF3B1, 0xF3B2, 0xF3B2, 0xEBB1, 0xF3B2, 0xF3B1, 0xF3B2, 0xF3B2, 0xF3B1, 0xF3B2,
    0xF3B1, 0xF3B1, 0xF3B2, 0xF3B1, 0xF3B2, 0xF3B1, 0xF3B1, 0xF3B2, 0xF3B1, 0xF3B1, 0xF3B2, 0xF3B1,
    0xF3B2, 0xF3B1, 0xF3B1, 0xF3B2, 0xF3B1, 0xF3B1, 0xF3B2, 0xF3B1, 0xF3B2, 0xF3B1, 0xF3B1, 0xF3B2,
    0xF3B1, 0xF3B1, 0xF3B2, 0xF3B1, 0xF3B2, 0xF3B2, 0xF3B1, 0xF3B2, 0xF3B1, 0xF3B1, 0xF3B2, 0xF3B1,
    0xF3D2, 0xF3B2, 0xF3B1, 0xF3D2, 0xF3B2, 0xF3B1, 0xF3B2, 0xF3B2, 0xF3D2, 0xF3B2, 0xF3B2, 0xF3D2,
    0xF3B2, 0xF3B2, 0xF3D2, 0xF3B2, 0xF3D3, 0xF3D2, 0xF3B2, 0xF3D3, 0xF3D2, 0xEBD2, 0xF3D3, 0xF3D2,
    0xF3D3, 0xF3D3, 0xF3D2, 0xF3F3, 0xF3D3, 0xEBD2, 0xF3D3, 0xF3D3, 0xF3F3, 0xF3F3, 0xF3D3, 0xF3F3,
    0xF3F3, 0xEBD3, 0xF3F3, 0xF3F3, 0xF3F4, 0xF3F4, 0xF3F3, 0xF414, 0xF3F4, 0xEBF3, 0xF3F4, 0xF3F4,
    0xF414, 0xF414, 0xEBF4, 0xF414, 0xF414, 0xEC14, 0xF414, 0xF414, 0xF435, 0xF414, 0xEC14, 0xF435,
    0xF414, 0xEC14, 0xF435, 0xF435, 0xF435, 0xF435, 0xEC35, 0xF455, 0xF435, 0xEC35, 0xF455, 0xEC55,
    0xF456, 0xF456, 0xEC55, 0xF476, 0xEC56, 0xEC55, 0xF476, 0xEC56, 0xF477, 0xF476, 0xEC76, 0xF477,
    0xEC76, 0xEC76, 0xF497, 0xEC77, 0xF497, 0xF497, 0xEC77, 0xF497, 0xF477, 0xEC77, 0xF477, 0xF477,
    0xF478, 0xF457, 0xF457, 0xF3F7, 0xFF3D, 0xF69B, 0xFBD8, 0xAB91, 0xB3F1, 0xB3F2, 0xB3D1, 0xB3D2,
    0xB3D1, 0xABB1, 0xB3B1, 0xABB1, 0xB3B1, 0xAB91, 0xAB70, 0xAB91, 0xAB70, 0xA350, 0xAB50, 0xA350,
    0xA350, 0xA32F, 0x9B0F, 0xA30F, 0x9B0F, 0x9AEE, 0x9AEF, 0x9AEE, 0x9AEF, 0x92CE, 0x92AE, 0x92CE,
    0x9AEF, 0x9ACF, 0x9ACF, 0xA2EF, 0xA2EF, 0xA310, 0xA310, 0xA310, 0xAB30, 0xAB30, 0xAB30, 0xB331,
    0xB351, 0xBB52, 0xBB51, 0xBB51, 0xC372, 0xBB72, 0xBB72, 0xC392, 0xC392, 0xCBB3, 0xCBB3, 0xCB92,
    0xD3B3, 0xCBB3, 0xCBB3, 0xD3B3, 0xBB72, 0xFC39, 0xFF7E, 0xFE9C, 0xF3B7, 0xF477, 0xEC57, 0xF478,
    0xF477, 0xF498, 0xF498, 0xEC97, 0xF4B8, 0xEC97, 0xEC97, 0xF497, 0xEC97, 0xF498, 0xEC97, 0xEC77,
    0xF497, 0xEC77, 0xEC76, 0xEC77, 0xEC76, 0xF477, 0xEC76, 0xEC56, 0xF477, 0xEC56, 0xEC56, 0xEC56,
    0xEC56, 0xF456, 0xEC56, 0xEC35, 0xF456, 0xEC35, 0xEC35, 0xEC56, 0xEC35, 0xF456, 0xEC35, 0xEC35,
    0xF435, 0xEC35, 0xEC14, 0xF435, 0xEC15, 0xF435, 0xF415, 0xEC14, 0xF435, 0xF414, 0xEC14, 0xF415,
    0xEC14, 0xF415, 0xF414, 0xEBF4, 0xF414, 0xF3F4, 0xEBF3, 0xF3F4, 0xF3F4, 0xF3F4, 0xF3F4, 0xEBF3,
    0xF3F4, 0xF3F3, 0xEBD3, 0xF3F4, 0xF3D3, 0xF3F4, 0xF3D3, 0xEBD3, 0xF3F3, 0xF3D3, 0xEBD3, 0xF3D3,
    0xF3D3, 0xF3D3, 0xF3D3, 0xF3B2, 0xF3D3, 0xF3B3, 0xEBB2, 0xF3D3, 0xF3B2, 0xF3D3, 0xF3D3, 0xF3B2,
    0xF3D3, 0xF3B2, 0xEBB2, 0xF3D2, 0xF3B2, 0xF3D3, 0xF3B2, 0xF3B2, 0xF3D2, 0xF3B2, 0xF3B2, 0xF3B2,
    0xF3B2, 0xF3B2, 0xF3B2, 0xF3B1, 0xF3B2, 0xF3B2, 0xEB91, 0xF3B2, 0xF3B1, 0xF3B2, 0xF3B2, 0xF391,
    0xF3B2, 0xF3B1, 0xEB91, 0xF3B2, 0xF3B1, 0xF3B2, 0xF3B1, 0xF391, 0xF3B2, 0xF3B1, 0xF391, 0xF3B1,
    0xF3B1, 0xF3B2, 0xF3B1, 0xF391, 0xF3B2, 0xF3B1, 0xF391, 0xF3B1, 0xF3B1, 0xF3B2, 0xF3B1, 0xF391,
    0xF3B2, 0xF3B1, 0xF391, 0xF3B1, 0xF3B1, 0xF3B2, 0xF3B1, 0xF391, 0xF3B2, 0xF3B1, 0xF391, 0xF3B2,
    0xF3B1, 0xF3B2, 0xF3B1, 0xF3B1, 0xF3B2, 0xF3B1, 0xF3B1, 0xF3B2, 0xF3B1, 0xF3B2, 0xF3B2, 0xF3B1,
    0xF3B2, 0xF3B2, 0xF3B1, 0xF3B2, 0xF3B2, 0xF3B2, 0xF3B2, 0xF3B2, 0xF3D2, 0xF3B2, 0xF3B2, 0xF3D2,
    0xF3B2, 0xF3D3, 0xF3D2, 0xF3B2, 0xF3D3, 0xF3D2, 0xEBB2, 0xF3D3, 0xF3D2, 0xF3D3, 0xF3D3, 0xF3D2,
    0xF3D3, 0xF3D3, 0xEBD2, 0xF3D3, 0xF3D3, 0xF3F3, 0xF3D3, 0xF3D3, 0xF3F3, 0xF3D3, 0xEBD3, 0xF3F3,
    0xF3F3, 0xF3F4, 0xF3F3, 0xEBF3, 0xF3F4, 0xF3F3, 0xEBF3, 0xF3F4, 0xF3F4, 0xF414, 0xF414, 0xEBF4,
    0xF414, 0xF414, 0xEBF4, 0xF414, 0xF414, 0xF435, 0xF414, 0xEC14, 0xF435, 0xF414, 0xEC14, 0xF435,
    0xEC35, 0xF435, 0xF435, 0xEC35, 0xF455, 0xEC35, 0xEC35, 0xF455, 0xEC55, 0xF456, 0xF456, 0xEC55,
    0xF476, 0xEC56, 0xEC55, 0xF476, 0xEC56, 0xF477, 0xEC76, 0xEC76, 0xF477, 0xEC76, 0xEC76, 0xF497,
    0xEC76, 0xF497, 0xF497, 0xEC77, 0xF497, 0xF477, 0xEC77, 0xF477, 0xF457, 0xF457, 0xF457, 0xF3D6,
    0xFF5E, 0xFE9C, 0xFBD8, 0xAB91, 0xB3F1, 0xBBF2, 0xB3F2, 0xB3D1, 0xBBD2, 0xB3D1, 0xB3B1, 0xB3B1,
    0xB3B1, 0xB3B1, 0xB391, 0xAB70, 0xAB91, 0xAB70, 0xA350, 0xAB50, 0xA330, 0xAB50, 0xA32F, 0xA30F,
    0xA30F, 0x9B0F, 0x9AEE, 0x9AEF, 0x9AEE, 0x9AEF, 0x9ACE, 0x92AE, 0x9ACF, 0xA2EF, 0xA2EF, 0x9AEF,
    0xA310, 0xA310, 0xAB30, 0xAB30, 0xAB10, 0xB331, 0xB331, 0xB330, 0xBB51, 0xB351, 0xBB72, 0xBB72,
    0xBB72, 0xC392, 0xC392, 0xC392, 0xCB93, 0xCB92, 0xD3B3, 0xCBB3, 0xCBB3, 0xD3D3, 0xD3B3, 0xD3B3,
    0xBB72, 0xF439, 0xFF7E, 0xFEBC, 0xF396, 0xF478, 0xF457, 0xEC77, 0xF478, 0xF477, 0xF498, 0xF498,
    0xEC97, 0xF4B8, 0xEC97, 0xEC97, 0xF497, 0xEC97, 0xF497, 0xEC97, 0xEC76, 0xF497, 0xEC77, 0xEC76,
    0xEC77, 0xEC76, 0xF477, 0xEC76, 0xEC56, 0xF476, 0xEC56, 0xEC55, 0xEC56, 0xEC56, 0xF456, 0xEC56,
    0xEC35, 0xF456, 0xEC35, 0xEC35, 0xEC35, 0xEC35, 0xF435, 0xEC35, 0xEC15, 0xF435, 0xEC15, 0xEC14,
    0xF435, 0xEC14, 0xF435, 0xF415, 0xEC14, 0xF415, 0xEC14, 0xEBF4, 0xF414, 0xEBF4, 0xF414, 0xF3F4,
    0xEBF4, 0xF414, 0xF3F4, 0xEBF3, 0xF3F4, 0xEBF3, 0xF3F4, 0xF3F4, 0xEBD3, 0xF3F4, 0xF3D3, 0xEBD3,
    0xF3D3, 0xF3D3, 0xF3F4, 0xF3D3, 0xF3D3, 0xF3D3, 0xF3D3, 0xEBB2, 0xF3D3, 0xF3D3, 0xF3D3, 0xF3D3,
    0xF3B2, 0xF3D3, 0xF3B2, 0xEBB2, 0xF3B3, 0xF3B2, 0xF3D3, 0xF3B2, 0xF3B2, 0xF3D3, 0xF3B2, 0xF3B2,
    0xF3B2, 0xF3B2, 0xF3D2, 0xF3B2, 0xF3B2, 0xF3B2, 0xF3B2, 0xF391, 0xF3B2, 0xF3B2, 0xF3B2, 0xF3B2,
    0xF391, 0xF3B2, 0xF391, 0xF391, 0xF3B2, 0xF391, 0xF3B2, 0xF3B2, 0xF391, 0xF3B2, 0xF391, 0xF391,
    0xF3B2, 0xF391, 0xF3B2, 0xF3B1, 0xF391, 0xF3B2, 0xF391, 0xF391, 0xF3B1, 0xF391, 0xF3B2, 0xF3B1,
    0xF391, 0xF3B1, 0xF3B1, 0xF391, 0xF3B1, 0xF3B1, 0xF3B2, 0xF3B1, 0xF391, 0xF3B1, 0xF391, 0xF391,
    0xF3B1, 0xF391, 0xF3B2, 0xF3B1, 0xF391, 0xF3B2, 0xF3B1, 0xF391, 0xF3B1, 0xF3B1, 0xF3B2, 0xF3B1,
    0xF391, 0xF3B2, 0xF3B1, 0xF391, 0xF3B2, 0xF3B1, 0xF3B2, 0xF3B2, 0xF391, 0xF3B2, 0xF3B2, 0xF391,
    0xF3B2, 0xF3B1, 0xF3B2, 0xF3B2, 0xF3B1, 0xF3D2, 0xF3B2, 0xF3B1, 0xF3B2, 0xF3B2, 0xF3D2, 0xF3D2,
    0xF3B2, 0xF3D2, 0xF3B2, 0xEBB2, 0xF3D3, 0xF3D2, 0xF3D3, 0xF3D3, 0xF3B2, 0xF3D3, 0xF3D3, 0xEBD2,
    0xF3D3, 0xF3D3, 0xF3F3, 0xF3D3, 0xF3D3, 0xF3F3, 0xF3D3, 0xEBD3, 0xF3F3, 0xF3F3, 0xF3F4, 0xF3F3,
    0xEBF3, 0xF3F4, 0xF3F3, 0xEBF3, 0xF3F4, 0xEBF3, 0xF414, 0xF414, 0xEBF4, 0xF414, 0xF414, 0xEBF4,
    0xF414, 0xEC14, 0xF415, 0xF414, 0xEC14, 0xF435, 0xF414, 0xEC14, 0xF435, 0xEC34, 0xF435, 0xF435,
    0xEC35, 0xF455, 0xEC35, 0xEC35, 0xF455, 0xEC35, 0xF456, 0xEC56, 0xEC55, 0xF456, 0xEC56, 0xEC55,
    0xF476, 0xEC56, 0xF477, 0xEC76, 0xEC76, 0xF477, 0xEC76, 0xEC76, 0xF477, 0xEC77, 0xF497, 0xF497,
    0xEC77, 0xF477, 0xF477, 0xF457, 0xF457, 0xF457, 0xF457, 0xF3D6, 0xFF3D, 0xFE9C, 0xFBD8, 0xAB91,
    0xBBF2, 0xBBF2, 0xBBF2, 0xBBF2, 0xB3D1, 0xBBF2, 0xB3D2, 0xB3B1, 0xB3B2, 0xB3B1, 0xB3B2, 0xB391,
    0xAB70, 0xB371, 0xAB70, 0xAB50, 0xAB50, 0xA330, 0xAB30, 0xA330, 0xA30F, 0xA30F, 0xA30F, 0x9AEE,
    0x9AEF, 0x9AEE, 0x9AEF, 0x9ACE, 0xA2EF, 0x9AEF, 0xA310, 0xA310, 0xA30F, 0xAB10, 0xAB10, 0xB331,
    0xB331, 0xB330, 0xB351, 0xB351, 0xB351, 0xBB72, 0xBB72, 0xC392, 0xC392, 0xC392, 0xCBB3, 0xCB93,
    0xCB92, 0xCBB3, 0xCBB3, 0xD3D4, 0xD3D3, 0xD3B3, 0xDBD4, 0xD3B3, 0xBB72, 0xFC39, 0xFF5E, 0xFEBD,
    0xF3B6, 0xF457, 0xF478, 0xF477, 0xEC77, 0xF498, 0xF497, 0xF498, 0xF497, 0xEC97, 0xF498, 0xEC97,
    0xEC97, 0xF497, 0xEC97, 0xF497, 0xEC97, 0xEC76, 0xF497, 0xEC76, 0xEC76, 0xEC76, 0xEC76, 0xF477,
    0xEC76, 0xEC56, 0xEC76, 0xEC56, 0xEC55, 0xEC56, 0xEC55, 0xF456, 0xEC55, 0xEC35, 0xEC56, 0xEC35,
    0xEC35, 0xEC35, 0xEC35, 0xF435, 0xEC35, 0xEC14, 0xF435, 0xEC15, 0xEC14, 0xF415, 0xEC14, 0xF415,
    0xF414, 0xEBF4, 0xF415, 0xEBF4, 0xEBF4, 0xF3F4, 0xEBF4, 0xF414, 0xF3F4, 0xEBF3, 0xF3F4, 0xF3F4,
    0xEBD3, 0xF3F4, 0xEBD3, 0xF3F4, 0xF3F3, 0xEBD3, 0xF3F4, 0xF3D3, 0xEBD3, 0xF3D3, 0xF3D3, 0xF3D3,
    0xF3D3, 0xF3B3, 0xF3D3, 0xF3D3, 0xEBB2, 0xF3D3, 0xF3B2, 0xF3D3, 0xF3B3, 0xF3B2, 0xF3D3, 0xF3B2,
    0xF3B2, 0xF3B2, 0xF3B2, 0xF3B3, 0xF3B2, 0xF3B2, 0xF3B2, 0xF3B2, 0xF3B2, 0xF3B2, 0xF3B2, 0xF3B2,
    0xF3B2, 0xF391, 0xF3B2, 0xF392, 0xF391, 0xF3B2, 0xF391, 0xF3B2, 0xF3B2, 0xF391, 0xF3B2, 0xF391,
    0xF391, 0xF392, 0xF391, 0xF3B2, 0xF3B1, 0xF391, 0xF3B2, 0xF391, 0xF391, 0xF3B1, 0xF391, 0xF3B2,
    0xF3B1, 0xF391, 0xF3B1, 0xF391, 0xF391, 0xF3B1, 0xF391, 0xF3B1, 0xF3B1, 0xF391, 0xF3B1, 0xF391,
    0xF391, 0xF3B1, 0xF391, 0xF3B1, 0xF3B1, 0xF391, 0xF3B1, 0xF391, 0xF391, 0xF3B1, 0xF391, 0xF3B2,
    0xF3B1, 0xF391, 0xF3B1, 0xF391, 0xF391, 0xF3B1, 0xF391, 0xF3B2, 0xF3B1, 0xF391, 0xF3B2, 0xF391,
    0xF391, 0xF3B1, 0xF3B1, 0xF3B2, 0xF3B1, 0xF391, 0xF3B2, 0xF3B1, 0xF391, 0xF3B2, 0xF3B1, 0xF3B2,
    0xF3B2, 0xF3B1, 0xF3B2, 0xF3B2, 0xF3B1, 0xF3B2, 0xF3B2, 0xF3D2, 0xF3B2, 0xF3B2, 0xF3D2, 0xF3B2,
    0xEBB2, 0xF3D2, 0xF3B2, 0xF3D3, 0xF3D2, 0xF3B2, 0xF3D3, 0xF3D2, 0xEBB2, 0xF3D3, 0xF3D3, 0xF3D3,
    0xF3D3, 0xF3D3, 0xF3F3, 0xF3D3, 0xEBD3, 0xF3F3, 0xF3D3, 0xF3F4, 0xF3F3, 0xEBD3, 0xF3F4, 0xF3F3,
    0xEBF3, 0xF3F4, 0xEBF3, 0xF414, 0xF414, 0xEBF3, 0xF414, 0xF414, 0xEBF4, 0xF414, 0xEC14, 0xF415,
    0xF414, 0xEC14, 0xF435, 0xEC14, 0xEC14, 0xF435, 0xEC35, 0xF435, 0xF435, 0xEC35, 0xF455, 0xEC35,
    0xEC35, 0xF455, 0xEC35, 0xF456, 0xEC56, 0xEC55, 0xF456, 0xEC56, 0xEC55, 0xF476, 0xEC56, 0xF477,
    0xEC76, 0xEC76, 0xF477, 0xEC76, 0xEC76, 0xF477, 0xEC77, 0xF497, 0xF477, 0xF477, 0xF477, 0xF457,
    0xF457, 0xF457, 0xF457, 0xFBD7, 0xFF5D, 0xF67B, 0xFBD8, 0xAB91, 0xB3F2, 0xBBF2, 0xBBF2, 0xBBF2,
    0xBBF2, 0xB3D2, 0xBBD2, 0xB3D2, 0xB3B1, 0xBBB2, 0xB3B1, 0xB3B2, 0xB391, 0xAB70, 0xB371, 0xAB50,
    0xAB50, 0xAB50, 0xA330, 0xAB30, 0xA330, 0xA30F, 0xA310, 0xA30F, 0x9AEE, 0xA2EF, 0x9ACE, 0x9AEF,
    0xA310, 0xA310, 0xA30F, 0xAB10, 0xAB10, 0xAB10, 0xAB31, 0xAB30, 0xB351, 0xB351, 0xB351, 0xBB72,
    0xBB71, 0xBB71, 0xC372, 0xC372, 0xCB93, 0xCB93, 0xCB92, 0xCBB3, 0xCBB3, 0xCBB3, 0xD3B3, 0xD3B3,
    0xDBD4, 0xD3D4, 0xD3D3, 0xDBD4, 0xC393, 0xF419, 0xFF5E, 0xFEBC, 0xF3B7, 0xF478, 0xF457, 0xF478,
    0xF477, 0xEC77, 0xF498, 0xF497, 0xF498, 0xF497, 0xEC97, 0xF497, 0xEC97, 0xEC76, 0xF497, 0xEC77,
    0xF497, 0xEC77, 0xEC76, 0xEC77, 0xEC76, 0xEC56, 0xEC76, 0xEC56, 0xF476, 0xEC56, 0xEC55, 0xEC56,
    0xEC56, 0xEC35, 0xEC56, 0xEC35, 0xF456, 0xEC35, 0xEC35, 0xEC35, 0xEC35, 0xEC15, 0xEC35, 0xEC15,
    0xF435, 0xEC35, 0xEC14, 0xF435, 0xEC14, 0xEC14, 0xF415, 0xEC14, 0xF415, 0xEC14, 0xEBF4, 0xF414,
    0xEBF4, 0xEBF3, 0xF3F4, 0xEBF4, 0xF3F4, 0xF3F4, 0xEBD3, 0xF3F4, 0xF3F3, 0xEBD3, 0xF3F4, 0xEBD3,
    0xF3F4, 0xF3D3, 0xEBD3, 0xF3D3, 0xF3D3, 0xEBB3, 0xF3D3, 0xF3D3, 0xF3D3, 0xF3D3, 0xF3B2, 0xF3D3,
    0xF3B3, 0xF3B2, 0xF3B3, 0xF3B2, 0xF3B3, 0xF3B2, 0xF3B2, 0xF3B3, 0xF3B2, 0xF392, 0xF3B2, 0xF3B2,
    0xF3B2, 0xF3B2, 0xF392, 0xF3B2, 0xF3B2, 0xF391, 0xF3B2, 0xF3B2, 0xF3B2, 0xF3B2, 0xF391, 0xF3B2,
    0xF391, 0xF391, 0xF392, 0xF391, 0xF3B2, 0xF391, 0xF391, 0xF3B2, 0xF391, 0xF391, 0xF391, 0xF391,
    0xF3B2, 0xF391, 0xF391, 0xF3B1, 0xF391, 0xF391, 0xF391, 0xF391, 0xF3B1, 0xF391, 0xF391, 0xF3B1,
    0xF391, 0xF390, 0xF391, 0xF391, 0xF3B1, 0xF391, 0xF391, 0xF3B1, 0xF391, 0xF390, 0xF391, 0xF391,
    0xF3B1, 0xF391, 0xF391, 0xF3B1, 0xF391, 0xF391, 0xF391, 0xF391, 0xFBB1, 0xF391, 0xF391, 0xF3B1,
    0xF391, 0xF391, 0xF391, 0xF391, 0xFBB2, 0xF3B1, 0xF391, 0xF3B1, 0xF391, 0xF391, 0xF3B1, 0xF391,
    0xF3B2, 0xF3B1, 0xF391, 0xF3B2, 0xF391, 0xF391, 0xF3B2, 0xF3B1, 0xF3B2, 0xF3B2, 0xF391, 0xF3B2,
    0xF3B2, 0xF3B1, 0xF3B2, 0xF3B2, 0xF3D2, 0xF3B2, 0xF3B2, 0xF3D2, 0xF3B2, 0xF3B2, 0xF3D2, 0xF3B2,
    0xF3D3, 0xF3D2, 0xF3B2, 0xF3D3, 0xF3D2, 0xF3B2, 0xF3D3, 0xF3D2, 0xF3D3, 0xF3D3, 0xF3D3, 0xF3F3,
    0xF3D3, 0xEBD3, 0xF3D3, 0xF3D3, 0xF3F4, 0xF3F3, 0xEBD3, 0xF3F4, 0xF3F3, 0xEBF3, 0xF3F4, 0xEBF3,
    0xF414, 0xF3F4, 0xEBF3, 0xF414, 0xF3F4, 0xEBF4, 0xF414, 0xEC14, 0xF415, 0xF414, 0xEC14, 0xF435,
    0xEC14, 0xEC14, 0xF435, 0xEC34, 0xF435, 0xEC35, 0xEC35, 0xF435, 0xEC35, 0xEC35, 0xF455, 0xEC35,
    0xF456, 0xEC56, 0xEC55, 0xF456, 0xEC56, 0xEC55, 0xF476, 0xEC56, 0xF477, 0xF476, 0xEC56, 0xF477,
    0xF476, 0xEC76, 0xF477, 0xF477, 0xF477, 0xF477, 0xF457, 0xF477, 0xF457, 0xF436, 0xF457, 0xF3D6,
    0xFF5E, 0xFE9C, 0xFBB7, 0xB391, 0xBC12, 0xBBF2, 0xC412, 0xBBF2, 0xC3F3, 0xBBF2, 0xBBD2, 0xBBD2,
    0xBBD2, 0xB3B1, 0xBBB2, 0xB391, 0xBB92, 0xB391, 0xAB70, 0xB371, 0xAB50, 0xAB50, 0xAB50, 0xAB30,
    0xAB30, 0xA330, 0xA30F, 0xA310, 0xA2EF, 0x9AEE, 0xA2EF, 0x9AEE, 0xA30F, 0xAB10, 0xAB10, 0xAB10,
    0xAB31, 0xAB30, 0xAB30, 0xB351, 0xB351, 0xBB52, 0xBB71, 0xBB51, 0xC372, 0xC372, 0xC372, 0xC392,
    0xC392, 0xCBB3, 0xCBB3, 0xCBB3, 0xD3D3, 0xD3B3, 0xD3B3, 0xD3D4, 0xD3D3, 0xDBD4, 0xDBD4, 0xDBD3,
    0xC393, 0xF439, 0xFF5D, 0xFEBC, 0xF396, 0xF478, 0xF457, 0xF457, 0xF478, 0xF477, 0xEC77, 0xF498,
    0xEC97, 0xF498, 0xF497, 0xEC77, 0xF497, 0xEC77, 0xEC76, 0xEC77, 0xEC76, 0xF477, 0xEC76, 0xEC56,
    0xEC77, 0xEC56, 0xEC56, 0xEC56, 0xEC56, 0xF456, 0xEC56, 0xEC35, 0xEC56, 0xEC35, 0xEC35, 0xEC36,
    0xEC35, 0xEC36, 0xEC35, 0xEC35, 0xEC35, 0xEC35, 0xEC14, 0xEC35, 0xEC14, 0xF435, 0xEC15, 0xEC14,
    0xF415, 0xEC14, 0xEBF4, 0xF414, 0xEBF4, 0xF415, 0xEBF4, 0xEBF4, 0xF414, 0xEBF4, 0xEBF3, 0xF3F4,
    0xEBF3, 0xF3F4, 0xF3F4, 0xEBD3, 0xF3F4, 0xF3D3, 0xEBD3, 0xF3D3, 0xF3D3, 0xF3D4, 0xF3D3, 0xF3B3,
    0xF3D3, 0xF3D3, 0xEBB2, 0xF3D3, 0xF3B3, 0xF3D3, 0xF3B3, 0xF3B2, 0xF3D3, 0xF3B2, 0xF3B2, 0xF3B3,
    0xF3B2, 0xF3B3, 0xF3B2, 0xF392, 0xF3B2, 0xF3B2, 0xF392, 0xF3B2, 0xF3B2, 0xFBB2, 0xF3B2, 0xF391,
    0xF3B2, 0xF392, 0xF391, 0xF3B2, 0xF391, 0xFBB2, 0xF392, 0xF391, 0xF3B2, 0xF391, 0xF391, 0xF391,
    0xF391, 0xFB92, 0xF391, 0xF391, 0xF391, 0xF391, 0xF391, 0xF391, 0xF391, 0xF391, 0xF391, 0xF391,
    0xF391, 0xF391, 0xF390, 0xF391, 0xF391, 0xFB91, 0xF391, 0xF390, 0xF391, 0xF391, 0xF390, 0xF391,
    0xF391, 0xF391, 0xF391, 0xF390, 0xF3B1, 0xF391, 0xF390, 0xF391, 0xF391, 0xFB91, 0xF391, 0xF391,
    0xF391, 0xF391, 0xF390, 0xF391, 0xF391, 0xFBB1, 0xF391, 0xF391, 0xF3B1, 0xF391, 0xF391, 0xF391,
    0xF391, 0xFBB1, 0xF391, 0xF391, 0xF3B1, 0xF391, 0xF391, 0xF391, 0xF391, 0xFBB2, 0xF391, 0xF391,
    0xF3B2, 0xF391, 0xF391, 0xF3B2, 0xF391, 0xFBB2, 0xF3B2, 0xF391, 0xF3B2, 0xF3B2, 0xF3B1, 0xF3B2,
    0xF3B2, 0xF3B2, 0xF3B2, 0xF3B2, 0xF3D2, 0xF3B2, 0xF3B2, 0xF3B2, 0xF3B2, 0xF3D3, 0xF3B2, 0xF3B2,
    0xF3D3, 0xF3B2, 0xF3B2, 0xF3D3, 0xF3D2, 0xF3D3, 0xF3D3, 0xF3D2, 0xF3D3, 0xF3D3, 0xEBD2, 0xF3D3,
    0xF3D3, 0xF3F4, 0xF3F3, 0xEBD3, 0xF3F4, 0xF3F3, 0xEBD3, 0xF3F4, 0xEBF3, 0xF3F4, 0xF3F4, 0xEBF3,
    0xF414, 0xF3F4, 0xEBF3, 0xF414, 0xEC14, 0xF415, 0xF414, 0xEC14, 0xF435, 0xEC14, 0xEC14, 0xF435,
    0xEC14, 0xF435, 0xEC35, 0xEC35, 0xF435, 0xEC35, 0xEC35, 0xEC35, 0xEC35, 0xF456, 0xEC56, 0xEC35,
    0xF456, 0xEC56, 0xEC55, 0xF476, 0xEC56, 0xF477, 0xF476, 0xEC56, 0xF477, 0xF476, 0xEC76, 0xF477,
    0xF477, 0xF477, 0xF477, 0xF457, 0xF457, 0xF457, 0xF436, 0xF3D6, 0xFF5D, 0xFE9C, 0xFBB7, 0xAB91,
    0xC413, 0xC412, 0xBBF2, 0xC413, 0xBBF2, 0xC3F3, 0xBBF2, 0xBBD2, 0xBBD2, 0xBBB2, 0xB3B1, 0xBBB2,
    0xB391, 0xBB92, 0xB391, 0xB370, 0xB371, 0xAB50, 0xAB50, 0xAB50, 0xAB30, 0xAB30, 0xAB30, 0xA30F,
    0xAB10, 0xA2EF, 0x9AEE, 0xA2EF, 0xAB10, 0xA310, 0xAB31, 0xAB30, 0xAB30, 0xB351, 0xB331, 0xB331,
    0xBB51, 0xBB51, 0xBB72, 0xBB72, 0xBB72, 0xC392, 0xC392, 0xC392, 0xCBB3, 0xCBB3, 0xD3B3, 0xD3B3,
    0xD3B3, 0xD3D4, 0xD3D3, 0xD3D3, 0xDBD4, 0xDBD4, 0xDBF4, 0xE3F4, 0xBB72, 0xFC39, 0xFF5E, 0xF69C,
    0xF396, 0xF457, 0xF478, 0xF477, 0xF457, 0xF478, 0xF477, 0xEC77, 0xF497, 0xEC97, 0xF498, 0xF497,
    0xEC77, 0xF497, 0xEC77, 0xEC76, 0xEC77, 0xEC76, 0xF477, 0xEC76, 0xEC56, 0xEC76, 0xEC56, 0xEC55,
    0xEC56, 0xEC56, 0xEC56, 0xEC56, 0xEC35, 0xEC56, 0xEC35, 0xEC35, 0xEC35, 0xEC35, 0xEC35, 0xEC35,
    0xEC15, 0xEC35, 0xEC15, 0xEC14, 0xEC15, 0xEC14, 0xF415, 0xEC14, 0xEBF4, 0xF415, 0xEBF4, 0xEBF4,
    0xF414, 0xEBF4, 0xF414, 0xEBF4, 0xEBF3, 0xF3F4, 0xEBF4, 0xEBD3, 0xF3F4, 0xEBD3, 0xF3F4, 0xF3D3,
    0xEBD3, 0xF3F4, 0xF3D3, 0xEBD3, 0xF3D3, 0xF3D3, 0xF3D3, 0xF3D3, 0xF3B3, 0xF3D3, 0xF3B3, 0xF3B2,
    0xF3B3, 0xF3B2, 0xF3B3, 0xF3B3, 0xF3B2, 0xF3B3, 0xF3B2, 0xF392, 0xF3B2, 0xF392, 0xFBB3, 0xF3B2,
    0xF392, 0xF3B2, 0xF392, 0xF391, 0xF3B2, 0xF392, 0xFBB2, 0xF3B2, 0xF391, 0xF3B2, 0xF391, 0xF391,
    0xF392, 0xF391, 0xFB92, 0xF391, 0xF391, 0xF392, 0xF391, 0xF371, 0xF391, 0xF391, 0xFB92, 0xF391,
    0xF371, 0xF391, 0xF391, 0xF371, 0xF391, 0xF391, 0xFB91, 0xF391, 0xF391, 0xF391, 0xF391, 0xF390,
    0xF391, 0xF391, 0xFB91, 0xF391, 0xF370, 0xF391, 0xF391, 0xF370, 0xF391, 0xF391, 0xFB91, 0xF391,
    0xF390, 0xF391, 0xF391, 0xF390, 0xF391, 0xF391, 0xFB91, 0xF391, 0xF390, 0xF391, 0xF391, 0xF390,
    0xF391, 0xF391, 0xFB91, 0xF391, 0xF391, 0xF391, 0xF391, 0xF390, 0xF391, 0xF391, 0xFB91, 0xF391,
    0xF391, 0xF391, 0xF391, 0xF391, 0xF391, 0xF391, 0xFB92, 0xF391, 0xF391, 0xF3B2, 0xF391, 0xF391,
    0xF391, 0xF391, 0xFBB2, 0xF3B2, 0xF391, 0xF3B2, 0xF3B2, 0xF391, 0xF3B2, 0xF3B2, 0xF3B2, 0xF3B2,
    0xF3B2, 0xF3B2, 0xF3B2, 0xF3B2, 0xF3B2, 0xF3B2, 0xF3D3, 0xF3B2, 0xF3B2, 0xF3D3, 0xF3B2, 0xF3B2,
    0xF3D3, 0xF3D2, 0xF3D3, 0xF3D3, 0xF3D2, 0xF3D3, 0xF3D3, 0xEBD2, 0xF3D3, 0xF3D3, 0xF3F3, 0xF3F3,
    0xEBD3, 0xF3F4, 0xF3F3, 0xEBD3, 0xF3F4, 0xEBF3, 0xF3F4, 0xF3F4, 0xEBF3, 0xF414, 0xF3F4, 0xEBF3,
    0xF414, 0xEC14, 0xF415, 0xF414, 0xEC14, 0xF415, 0xEC14, 0xEC14, 0xF435, 0xEC14, 0xF435, 0xEC35,
    0xEC15, 0xF435, 0xEC35, 0xEC35, 0xEC35, 0xEC35, 0xF456, 0xEC56, 0xEC35, 0xF456, 0xEC56, 0xEC55,
    0xF456, 0xEC56, 0xF477, 0xF476, 0xEC56, 0xF477, 0xF476, 0xEC76, 0xF477, 0xF476, 0xF477, 0xF457,
    0xF436, 0xF457, 0xF437, 0xF3B6, 0xFF5E, 0xF67B, 0xFBB7, 0xB391, 0xC412, 0xC413, 0xC413, 0xBBF2,
    0xC3F3, 0xC3F2, 0xC3F3, 0xC3F2, 0xBBD2, 0xC3D2, 0xBBB2, 0xBBB1, 0xBBB2, 0xB391, 0xBB92, 0xB391,
    0xB370, 0xB371, 0xB350, 0xAB30, 0xAB50, 0xAB30, 0xAB30, 0xAB30, 0xA30F, 0xAB10, 0xA2EF, 0xA2EF,
    0xA310, 0xAB30, 0xAB30, 0xB331, 0xB331, 0xB330, 0xB351, 0xB351, 0xB351, 0xBB72, 0xBB72, 0xC392,
    0xC392, 0xC372, 0xCB93, 0xCB93, 0xCB92, 0xCBB3, 0xCBB3, 0xD3D4, 0xD3D3, 0xD3D3, 0xDBF4, 0xDBD4,
    0xD3D3, 0xDBF4, 0xDBF4, 0xE3F4, 0xBB72, 0xF3F8, 0xFF7E, 0xFE9C, 0xF396, 0xF457, 0xF457, 0xF478,
    0xF477, 0xF477, 0xF498, 0xF477, 0xEC77, 0xF497, 0xEC97, 0xF497, 0xF497, 0xEC76, 0xF497, 0xEC76,
    0xEC76, 0xEC77, 0xEC76, 0xF477, 0xEC76, 0xEC56, 0xEC76, 0xEC56, 0xEC55, 0xEC56, 0xEC55, 0xEC56,
    0xEC55, 0xEC35, 0xEC56, 0xEC35, 0xEC35, 0xEC35, 0xEC35, 0xEC35, 0xEC35, 0xEC14, 0xEC35, 0xEC15,
    0xEC14, 0xEC15, 0xEC14, 0xF415, 0xEC14, 0xEBF4, 0xF414, 0xEBF4, 0xEBF4, 0xEBF4, 0xEBF4, 0xF3F4,
    0xEBF4, 0xEBD3, 0xF3F4, 0xEBD3, 0xEBD3, 0xF3F4, 0xEBD3, 0xF3F4, 0xF3D3, 0xEBD3, 0xF3D3, 0xF3D3,
    0xEBB3, 0xF3D3, 0xF3B3, 0xF3D3, 0xF3D3, 0xF3B2, 0xF3D3, 0xF3B2, 0xF3B2, 0xF3B3, 0xF3B2, 0xF3B3,
    0xF3B2, 0xF392, 0xF3B3, 0xF392, 0xF392, 0xF3B2, 0xF392, 0xFBB2, 0xF392, 0xF392, 0xF3B2, 0xF392,
    0xF391, 0xF392, 0xF391, 0xFBB2, 0xF392, 0xF391, 0xF392, 0xF391, 0xF391, 0xF391, 0xF391, 0xFB92,
    0xF391, 0xF371, 0xF391, 0xF391, 0xF371, 0xF391, 0xF371, 0xFB91, 0xF391, 0xF371, 0xF391, 0xF371,
    0xF370, 0xF391, 0xF391, 0xFB91, 0xF391, 0xF370, 0xF391, 0xF391, 0xF370, 0xF391, 0xF390, 0xFB91,
    0xF391, 0xF370, 0xF391, 0xF391, 0xF370, 0xF391, 0xF390, 0xFB91, 0xF391, 0xF370, 0xF391, 0xF391,
    0xF370, 0xF391, 0xF390, 0xFB91, 0xF391, 0xF370, 0xF391, 0xF391, 0xF370, 0xF391, 0xF390, 0xFB91,
    0xF391, 0xF370, 0xFB91, 0xF391, 0xF370, 0xF391, 0xF391, 0xFB91, 0xF391, 0xF391, 0xF391, 0xF391,
    0xF390, 0xF391, 0xF391, 0xFB91, 0xF391, 0xF391, 0xF391, 0xF391, 0xF391, 0xF391, 0xF391, 0xFBB2,
    0xF391, 0xF391, 0xF3B2, 0xF391, 0xF391, 0xF3B2, 0xF3B1, 0xFBB2, 0xF3B2, 0xF391, 0xF3B2, 0xF3B2,
    0xF3B2, 0xF3B2, 0xF3B2, 0xFBB3, 0xF3B2, 0xF3B2, 0xF3D3, 0xF3B2, 0xF3B2, 0xF3D3, 0xF3B2, 0xF3D3,
    0xF3D3, 0xF3B2, 0xF3D3, 0xF3D3, 0xEBD2, 0xF3D3, 0xF3D3, 0xF3F3, 0xF3D3, 0xEBD3, 0xF3F4, 0xF3D3,
    0xEBD3, 0xF3F4, 0xEBF3, 0xF3F4, 0xF3F4, 0xEBF3, 0xF414, 0xF3F4, 0xEBF3, 0xF414, 0xEBF4, 0xF415,
    0xF414, 0xEC14, 0xF415, 0xEC14, 0xEC14, 0xF415, 0xEC14, 0xF435, 0xEC35, 0xEC15, 0xF435, 0xEC35,
    0xEC35, 0xEC35, 0xEC35, 0xF456, 0xEC56, 0xEC35, 0xF456, 0xEC56, 0xEC55, 0xF476, 0xEC56, 0xF477,
    0xF476, 0xEC56, 0xF477, 0xF476, 0xEC56, 0xF477, 0xF457, 0xF457, 0xF457, 0xF436, 0xFC57, 0xF3B6,
    0xFF3D, 0xFE7C, 0xFB97, 0xB392, 0xC433, 0xC412, 0xCC13, 0xC413, 0xC3F2, 0xC3F3, 0xC3F2, 0xC3F3,
    0xC3D2, 0xBBD2, 0xC3D2, 0xBBB2, 0xBB91, 0xBBB2, 0xB391, 0xBB92, 0xB371, 0xB350, 0xB371, 0xB350,
    0xAB30, 0xB330, 0xAB30, 0xAB30, 0xAB10, 0xA30F, 0xAB10, 0xA2EF, 0xAB10, 0xAB10, 0xB331, 0xAB30,
    0xB351, 0xB351, 0xB351, 0xBB72, 0xBB51, 0xBB71, 0xC372, 0xC372, 0xC393, 0xC392, 0xC392, 0xCBB3,
    0xCBB3, 0xCBB3, 0xD3D3, 0xD3D3, 0xDBD4, 0xDBD4, 0xD3D3, 0xDBF4, 0xDBF4, 0xDBF4, 0xE3F4, 0xE3F4,
    0xC393, 0xFC19, 0xFF5D, 0xFEBC, 0xF396, 0xF457, 0xF457, 0xF457, 0xF478, 0xF477, 0xEC77, 0xF497,
    0xF497, 0xEC77, 0xF497, 0xEC77, 0xF497, 0xEC77, 0xEC76, 0xF477, 0xEC76, 0xEC56, 0xEC76, 0xEC56,
    0xEC76, 0xEC56, 0xEC56, 0xEC56, 0xEC56, 0xE435, 0xEC56, 0xEC35, 0xEC56, 0xEC35, 0xEC35, 0xEC35,
    0xEC35, 0xE414, 0xEC35, 0xEC15, 0xEC35, 0xEC15, 0xEC14, 0xEC15, 0xEC14, 0xEBF4, 0xEC14, 0xEC14,
    0xF415, 0xEC14, 0xEBF4, 0xF414, 0xEBF4, 0xEBF3, 0xF3F4, 0xEBF4, 0xF3F4, 0xEBF4, 0xEBD3, 0xF3F4,
    0xF3D3, 0xEBD3, 0xF3D3, 0xF3D3, 0xF3D4, 0xF3D3, 0xF3B3, 0xF3D3, 0xF3B3, 0xF3B2, 0xF3B3, 0xF3B2,
    0xF3D3, 0xF3B3, 0xF3B2, 0xF3B3, 0xF3B2, 0xF392, 0xF3B2, 0xF3B2, 0xFBB3, 0xF3B2, 0xF392, 0xF3B2,
    0xF392, 0xF391, 0xF392, 0xF392, 0xFB92, 0xF392, 0xF391, 0xF392, 0xF392, 0xF391, 0xF392, 0xF391,
    0xFB92, 0xF391, 0xF371, 0xFB92, 0xF391, 0xF371, 0xF391, 0xF371, 0xFB91, 0xF391, 0xF371, 0xFB91,
    0xF371, 0xF370, 0xF391, 0xF371, 0xFB91, 0xF391, 0xF370, 0xF391, 0xF371, 0xF370, 0xF391, 0xF370,
    0xFB91, 0xF391, 0xF370, 0xFB91, 0xF370, 0xF370, 0xF391, 0xF370, 0xFB91, 0xF391, 0xF370, 0xF391,
    0xF370, 0xF370, 0xF391, 0xF370, 0xFB91, 0xF391, 0xF370, 0xFB91, 0xF370, 0xF370, 0xF391, 0xF370,
    0xFB91, 0xF391, 0xF370, 0xFB91, 0xF391, 0xF370, 0xF391, 0xF390, 0xFB91, 0xF391, 0xF370, 0xFB91,
    0xF391, 0xF370, 0xF391, 0xF391, 0xFB91, 0xF391, 0xF370, 0xFB91, 0xF391, 0xF370, 0xF391, 0xF391,
    0xFB91, 0xF391, 0xF371, 0xFB91, 0xF391, 0xF391, 0xF391, 0xF391, 0xFBB2, 0xF391, 0xF391, 0xF3B2,
    0xF391, 0xF391, 0xF3B2, 0xF391, 0xFBB2, 0xF3B2, 0xF391, 0xF3B2, 0xF3B2, 0xF391, 0xF3B2, 0xF3B2,
    0xFBB2, 0xF3B2, 0xF3B2, 0xF3D3, 0xF3B2, 0xF3B2, 0xF3D3, 0xF3B2, 0xF3D3, 0xF3D3, 0xF3B2, 0xF3D3,
    0xF3D3, 0xEBD2, 0xF3D3, 0xF3D3, 0xF3F3, 0xF3D3, 0xEBD3, 0xF3F4, 0xF3D3, 0xEBD3, 0xF3F4, 0xF3F3,
    0xF3F4, 0xF3F4, 0xEBF3, 0xF414, 0xF3F4, 0xEBF3, 0xF414, 0xEBF4, 0xF415, 0xF414, 0xEBF4, 0xF415,
    0xEC14, 0xEC14, 0xF415, 0xEC14, 0xF435, 0xEC35, 0xEC15, 0xF435, 0xEC35, 0xEC35, 0xEC35, 0xEC35,
    0xF456, 0xEC56, 0xEC55, 0xF456, 0xEC56, 0xEC55, 0xF456, 0xEC56, 0xF477, 0xF476, 0xEC56, 0xF477,
    0xF456, 0xF456, 0xF457, 0xF456, 0xFC57, 0xF457, 0xF436, 0xF3B6, 0xFF3D, 0xF67B, 0xFBB7, 0xB391,
    0xCC33, 0xCC13, 0xC413, 0xCC13, 0xC413, 0xC3F2, 0xC3F3, 0xC3F2, 0xC3F3, 0xC3D2, 0xBBB2, 0xC3D2,
    0xBBB2, 0xBB91, 0xBB92, 0xBB91, 0xBB92, 0xB371, 0xB350, 0xB371, 0xB350, 0xAB30, 0xB330, 0xAB30,
    0xAB30, 0xAB10, 0xA30F, 0xAB10, 0xB331, 0xAB30, 0xAB30, 0xB351, 0xB351, 0xBB52, 0xBB51, 0xBB51,
    0xBB72, 0xBB72, 0xBB72, 0xC392, 0xC392, 0xCBB3, 0xCBB3, 0xCBB3, 0xD3D3, 0xD3B3, 0xD3B3, 0xD3D4,
    0xD3D3, 0xDBF4, 0xDBF4, 0xDBD4, 0xE3F4, 0xDBF4, 0xDBF4, 0xE414, 0xC393, 0xFC19, 0xFF5E, 0xFE9C,
    0xF396, 0xF457, 0xF437, 0xF457, 0xF457, 0xF478, 0xF477, 0xEC77, 0xF497, 0xF477, 0xEC76, 0xF477,
    0xEC77, 0xF477, 0xEC77, 0xEC76, 0xF477, 0xEC76, 0xEC56, 0xEC76, 0xEC56, 0xEC76, 0xEC56, 0xEC55,
    0xEC56, 0xEC35, 0xE435, 0xEC36, 0xEC35, 0xEC56, 0xEC35, 0xEC35, 0xEC35, 0xEC35, 0xE414, 0xEC35,
    0xEC14, 0xEC35, 0xEC15, 0xEC14, 0xEC15, 0xEC14, 0xEBF4, 0xEC14, 0xEBF4, 0xF414, 0xEBF4, 0xEBF4,
    0xF3F4, 0xEBF4, 0xEBD3, 0xF3F4, 0xEBD3, 0xF3F4, 0xF3D3, 0xEBD3, 0xF3F4, 0xF3D3, 0xEBD3, 0xF3D3,
    0xF3D3, 0xF3D3, 0xF3D3, 0xF3B2, 0xF3D3, 0xF3B3, 0xF3B2, 0xF3B3, 0xF3B2, 0xF3B3, 0xF3B2, 0xF392,
    0xF3B3, 0xF3B2, 0xF392, 0xF3B2, 0xF392, 0xFBB2, 0xF392, 0xF392, 0xF392, 0xF392, 0xF391, 0xF392,
    0xF391, 0xFB92, 0xF392, 0xF371, 0xFB92, 0xF391, 0xF371, 0xF392, 0xF391, 0xFB92, 0xF391, 0xF371,
    0xFB91, 0xF371, 0xF371, 0xF371, 0xF371, 0xFB91, 0xF371, 0xF371, 0xFB91, 0xF371, 0xF370, 0xF371,
    0xF370, 0xFB91, 0xF371, 0xF370, 0xFB91, 0xF371, 0xF370, 0xF371, 0xF370, 0xFB91, 0xF371, 0xF370,
    0xFB91, 0xF370, 0xF370, 0xF371, 0xF370, 0xFB91, 0xF370, 0xF370, 0xFB91, 0xF370, 0xF370, 0xF391,
    0xF370, 0xFB91, 0xF390, 0xF370, 0xFB91, 0xF370, 0xF370, 0xF371, 0xF370, 0xFB91, 0xF371, 0xF370,
    0xFB91, 0xF370, 0xF370, 0xF391, 0xF370, 0xFB91, 0xF391, 0xF370, 0xFB91, 0xF370, 0xF370, 0xF391,
    0xF370, 0xFB91, 0xF391, 0xF370, 0xFB91, 0xF371, 0xF370, 0xF391, 0xF371, 0xFB91, 0xF391, 0xF371,
    0xFB91, 0xF391, 0xF391, 0xF391, 0xF391, 0xFB92, 0xF391, 0xF391, 0xF3B2, 0xF391, 0xF391, 0xF3B2,
    0xF391, 0xFBB2, 0xF3B2, 0xF391, 0xF3B2, 0xF3B2, 0xF391, 0xF3B2, 0xF3B2, 0xFBB2, 0xF3B2, 0xF3B2,
    0xF3B2, 0xF3B2, 0xF3B2, 0xF3B3, 0xF3B2, 0xF3D3, 0xF3D3, 0xF3B2, 0xF3D3, 0xF3D3, 0xEBB2, 0xF3D3,
    0xF3D3, 0xF3F3, 0xF3D3, 0xEBD3, 0xF3F3, 0xF3D3, 0xEBD3, 0xF3F4, 0xF3F3, 0xF3F4, 0xF3F4, 0xEBF3,
    0xF3F4, 0xF3F4, 0xEBF3, 0xF414, 0xEBF4, 0xF415, 0xF414, 0xEBF4, 0xF415, 0xEC14, 0xEC14, 0xF415,
    0xEC14, 0xF435, 0xEC35, 0xEC15, 0xF435, 0xEC35, 0xEC35, 0xF435, 0xEC35, 0xF456, 0xF456, 0xEC55,
    0xF456, 0xF456, 0xEC55, 0xF456, 0xF456, 0xF477, 0xF476, 0xF456, 0xF477, 0xF456, 0xF456, 0xF457,
    0xF436, 0xFC57, 0xF436, 0xF395, 0xFF5E, 0xFE7C, 0xF396, 0xBBB2, 0xCC33, 0xCC33, 0xCC13, 0xC413,
    0xCC13, 0xCBF3, 0xC3F2, 0xC3F3, 0xC3D2, 0xCBF3, 0xC3D2, 0xBBB2, 0xC3D2, 0xBBB2, 0xBB91, 0xBB92,
    0xBB71, 0xBB91, 0xB371, 0xB350, 0xB351, 0xB350, 0xAB30, 0xB330, 0xAB30, 0xB330, 0xAB10, 0xA30F,
    0xAB30, 0xB351, 0xB331, 0xB330, 0xBB51, 0xB351, 0xBB72, 0xBB72, 0xBB71, 0xC392, 0xC372, 0xC392,
    0xCB93, 0xCB92, 0xD3B3, 0xCBB3, 0xCBB3, 0xD3D4, 0xD3D3, 0xD3D3, 0xDBF4, 0xDBD4, 0xDBF4, 0xDBF4,
    0xDBF4, 0xE415, 0xE3F4, 0xE3F4, 0xC3B3, 0xF418, 0xFF5E, 0xFE9C, 0xF375, 0xF457, 0xF457, 0xF457,
    0xF477, 0xF477, 0xF478, 0xF477, 0xEC77, 0xF497, 0xF477, 0xEC76, 0xF477, 0xEC76, 0xF477, 0xEC76,
    0xEC56, 0xF477, 0xEC56, 0xEC56, 0xEC56, 0xEC56, 0xEC56, 0xEC56, 0xEC35, 0xEC56, 0xEC35, 0xE435,
    0xEC35, 0xEC35, 0xEC35, 0xEC35, 0xEC15, 0xEC35, 0xEC15, 0xE414, 0xEC15, 0xEC14, 0xEC15, 0xEC14,
    0xEBF4, 0xEC14, 0xEBF4, 0xEBF4, 0xEBF4, 0xEBF4, 0xF3F4, 0xEBF4, 0xEBD3, 0xF3F4, 0xEBD4, 0xEBD3,
    0xF3F4, 0xEBD3, 0xF3F4, 0xF3D3, 0xEBD3, 0xF3D3, 0xF3D3, 0xEBB3, 0xF3D3, 0xF3B3, 0xF3D3, 0xF3B3,
    0xF3B2, 0xF3B3, 0xF3B2, 0xF3B2, 0xF3B3, 0xF3B2, 0xFBB3, 0xF3B2, 0xF392, 0xF3B2, 0xF392, 0xF392,
    0xF392, 0xF392, 0xFB92, 0xF392, 0xF371, 0xFB92, 0xF392, 0xF371, 0xF392, 0xF371, 0xFB92, 0xF391,
    0xF371, 0xFB92, 0xF391, 0xF371, 0xF391, 0xF371, 0xFB92, 0xF391, 0xF371, 0xFB91, 0xF371, 0xF370,
    0xF371, 0xF371, 0xFB71, 0xF371, 0xF370, 0xFB71, 0xF371, 0xF370, 0xF371, 0xF370, 0xFB71, 0xF371,
    0xF370, 0xFB71, 0xF370, 0xF370, 0xF371, 0xF370, 0xFB91, 0xF370, 0xF370, 0xFB71, 0xF370, 0xF370,
    0xF370, 0xF370, 0xFB71, 0xF370, 0xF370, 0xFB91, 0xF370, 0xF370, 0xF370, 0xF370, 0xFB91, 0xF370,
    0xF370, 0xFB91, 0xF370, 0xF370, 0xFB71, 0xF370, 0xFB91, 0xF370, 0xF370, 0xFB91, 0xF370, 0xF370,
    0xFB71, 0xF370, 0xFB91, 0xF370, 0xF370, 0xFB91, 0xF370, 0xF370, 0xF371, 0xF370, 0xFB91, 0xF371,
    0xF370, 0xFB91, 0xF371, 0xF370, 0xFB71, 0xF371, 0xFB91, 0xF391, 0xF371, 0xFB91, 0xF391, 0xF371,
    0xF391, 0xF391, 0xFB92, 0xF391, 0xF391, 0xFBB2, 0xF391, 0xF391, 0xF392, 0xF391, 0xFBB2, 0xF3B2,
    0xF391, 0xFBB2, 0xF392, 0xF391, 0xF3B2, 0xF3B2, 0xFBB2, 0xF3B2, 0xF3B2, 0xF3B2, 0xF3B2, 0xF3B2,
    0xF3B2, 0xF3B2, 0xFBD3, 0xF3D3, 0xF3B2, 0xF3D3, 0xF3D3, 0xEBB2, 0xF3D3, 0xF3D3, 0xF3D3, 0xF3D3,
    0xEBD3, 0xF3F3, 0xF3D3, 0xEBD3, 0xF3F4, 0xF3F3, 0xF3F4, 0xF3F4, 0xEBF3, 0xF3F4, 0xF3F4, 0xEBF3,
    0xF3F4, 0xEBF4, 0xF415, 0xF414, 0xEBF4, 0xF415, 0xEC14, 0xEC14, 0xF415, 0xEC14, 0xF435, 0xEC35,
    0xEC15, 0xF435, 0xEC35, 0xEC35, 0xF455, 0xEC35, 0xF456, 0xF456, 0xEC55, 0xF456, 0xF456, 0xEC56,
    0xF456, 0xF456, 0xF477, 0xF476, 0xF456, 0xF457, 0xF456, 0xF436, 0xF437, 0xF436, 0xFC37, 0xF395,
    0xFF3D, 0xFE9C, 0xFB97, 0xB391, 0xCC33, 0xCC13, 0xCC33, 0xCC13, 0xCBF3, 0xCC13, 0xCBF3, 0xC3F2,
    0xCBF3, 0xC3D2, 0xCBD3, 0xC3D2, 0xC3B2, 0xC3B2, 0xBB92, 0xBB91, 0xBB92, 0xBB71, 0xBB71, 0xBB71,
    0xB350, 0xB351, 0xB330, 0xAB30, 0xB330, 0xAB30, 0xB330, 0xAB10, 0xB331, 0xB330, 0xB351, 0xB351,
    0xB351, 0xBB72, 0xBB71, 0xC372, 0xC372, 0xC372, 0xC393, 0xC392, 0xC392, 0xCBB3, 0xCBB3, 0xD3D4,
    0xD3D3, 0xD3D3, 0xDBF4, 0xD3D4, 0xD3D3, 0xDBF4, 0xDBF4, 0xE415, 0xE414, 0xDBF4, 0xE415, 0xE414,
    0xBB92, 0xFC19, 0xFF5E, 0xFE9C, 0xF396, 0xF437, 0xF457, 0xF457, 0xF457, 0xF477, 0xF477, 0xF477,
    0xF477, 0xEC77, 0xF497, 0xEC77, 0xEC76, 0xF477, 0xEC76, 0xF477, 0xEC76, 0xEC56, 0xEC76, 0xEC56,
    0xEC55, 0xEC56, 0xEC55, 0xEC56, 0xEC56, 0xEC35, 0xEC56, 0xEC35, 0xE435, 0xEC35, 0xEC35, 0xEC35,
    0xEC35, 0xE414, 0xEC35, 0xEC14, 0xE414, 0xEC15, 0xEC14, 0xEC15, 0xEC14, 0xEBF4, 0xEC14, 0xEBF4,
    0xEBF3, 0xEBF4, 0xEBF4, 0xF3F4, 0xEBF4, 0xEBD3, 0xF3F4, 0xEBD3, 0xEBD3, 0xF3D4, 0xEBD3, 0xF3D4,
    0xF3D3, 0xEBB3, 0xF3D3, 0xF3B3, 0xEBB2, 0xF3B3, 0xF3B3, 0xF3B3, 0xF3B3, 0xF392, 0xF3B3, 0xF3B2,
    0xF392, 0xF3B2, 0xF392, 0xFBB3, 0xF392, 0xF392, 0xFBB2, 0xF392, 0xF391, 0xF392, 0xF392, 0xFB92,
    0xF392, 0xF371, 0xFB92, 0xF371, 0xF371, 0xFB92, 0xF371, 0xFB92, 0xF391, 0xF371, 0xFB91, 0xF371,
    0xF371, 0xFB71, 0xF371, 0xFB91, 0xF371, 0xF371, 0xFB71, 0xF371, 0xF350, 0xFB71, 0xF370, 0xFB71,
    0xF371, 0xF350, 0xFB71, 0xF370, 0xF350, 0xFB71, 0xF370, 0xFB71, 0xF370, 0xF370, 0xFB71, 0xF370,
    0xF370, 0xF371, 0xF370, 0xFB71, 0xF370, 0xF350, 0xFB70, 0xF370, 0xF350, 0xF370, 0xF370, 0xFB71,
    0xF370, 0xF370, 0xFB70, 0xF370, 0xF370, 0xF370, 0xF370, 0xFB71, 0xF370, 0xF370, 0xFB71, 0xF370,
    0xF370, 0xFB70, 0xF370, 0xFB71, 0xF370, 0xF370, 0xFB71, 0xF370, 0xF370, 0xFB70, 0xF370, 0xFB71,
    0xF370, 0xF370, 0xFB71, 0xF370, 0xF370, 0xFB71, 0xF370, 0xFB91, 0xF371, 0xF370, 0xFB91, 0xF370,
    0xF370, 0xFB71, 0xF370, 0xFB91, 0xF391, 0xF370, 0xFB91, 0xF371, 0xF370, 0xF391, 0xF391, 0xFB92,
    0xF391, 0xF391, 0xFB92, 0xF391, 0xF391, 0xF392, 0xF391, 0xFBB2, 0xF392, 0xF391, 0xFBB2, 0xF392,
    0xF391, 0xF3B2, 0xF392, 0xFBB2, 0xF3B2, 0xF392, 0xFBB2, 0xF3B2, 0xF3B2, 0xF3B2, 0xF3B2, 0xF3D3,
    0xF3B3, 0xF3B2, 0xF3D3, 0xF3B3, 0xEBB2, 0xF3D3, 0xF3D3, 0xF3D3, 0xF3D3, 0xF3D3, 0xF3F3, 0xF3D3,
    0xEBD3, 0xF3F4, 0xF3D3, 0xF3F4, 0xF3F4, 0xEBF3, 0xF3F4, 0xF3F4, 0xEBF3, 0xF3F4, 0xEBF4, 0xF414,
    0xF414, 0xEBF4, 0xF415, 0xEC14, 0xEC14, 0xF415, 0xEC14, 0xF435, 0xEC35, 0xEC15, 0xF435, 0xEC35,
    0xEC35, 0xF455, 0xEC35, 0xF456, 0xF456, 0xEC55, 0xF456, 0xF456, 0xEC55, 0xF456, 0xF456, 0xF477,
    0xF456, 0xF436, 0xF457, 0xF436, 0xF436, 0xF436, 0xF416, 0xFBB6, 0xFF5D, 0xF67B, 0xFBB7, 0xBBB2,
    0xCC13, 0xD433, 0xCC13, 0xD413, 0xCC13, 0xCBF3, 0xCC13, 0xCBF3, 0xC3D2, 0xCBF3, 0xC3D2, 0xCBD3,
    0xC3B2, 0xC3B2, 0xC3B2, 0xBB92, 0xBB71, 0xBB91, 0xBB71, 0xBB71, 0xBB71, 0xB350, 0xB351, 0xB330,
    0xAB30, 0xB330, 0xAB10, 0xB330, 0xB351, 0xB351, 0xB331, 0xBB52, 0xBB51, 0xBB51, 0xBB72, 0xBB72,
    0xC392, 0xC392, 0xC392, 0xCBB3, 0xCB93, 0xCBB2, 0xD3B3, 0xCBB3, 0xD3D4, 0xD3D4, 0xD3D3, 0xDBF4,
    0xDBF4, 0xDBF4, 0xDBF4, 0xDBF4, 0xE415, 0xE415, 0xE414, 0xEC15, 0xC393, 0xF3F8, 0xFF7E, 0xFE9C,
    0xF376, 0xF457, 0xF436, 0xF457, 0xF457, 0xEC57, 0xF477, 0xF477, 0xF477, 0xF477, 0xEC76, 0xF477,
    0xEC77, 0xEC56, 0xF477, 0xEC56, 0xF477, 0xEC76, 0xEC56, 0xEC76, 0xEC56, 0xEC35, 0xEC56, 0xEC35,
    0xEC56, 0xEC35, 0xE435, 0xEC35, 0xEC35, 0xE415, 0xEC35, 0xEC15, 0xEC35, 0xEC15, 0xE414, 0xEC15,
    0xEC14, 0xE3F4, 0xEC14, 0xEC14, 0xEC15, 0xEBF4, 0xEBF4, 0xEC14, 0xEBF4, 0xEBF3, 0xEBF4, 0xEBF3,
    0xF3F4, 0xEBF4, 0xEBD3, 0xF3F4, 0xEBD3, 0xEBD3, 0xF3D3, 0xF3D3, 0xF3D3, 0xF3D3, 0xF3B3, 0xF3B3,
    0xF3B3, 0xF3B2, 0xF3B3, 0xF3B2, 0xFBB3, 0xF3B2, 0xF392, 0xF3B3, 0xF392, 0xF392, 0xF392, 0xF392,
    0xFBB2, 0xF392, 0xF392, 0xFB92, 0xF392, 0xF371, 0xF392, 0xF371, 0xFB92, 0xF391, 0xF371, 0xFB92,
    0xF371, 0xF371, 0xFB71, 0xF371, 0xFB92, 0xF371, 0xF371, 0xFB91, 0xF371, 0xF371, 0xFB71, 0xF371,
    0xFB71, 0xF371, 0xF350, 0xFB71, 0xF350, 0xF350, 0xFB71, 0xF370, 0xFB71, 0xF370, 0xF350, 0xFB71,
    0xF350, 0xF350, 0xFB70, 0xF350, 0xFB71, 0xF370, 0xF350, 0xFB71, 0xF370, 0xF350, 0xFB70, 0xF370,
    0xFB71, 0xF370, 0xF350, 0xFB70, 0xF350, 0xF350, 0xFB70, 0xF370, 0xFB70, 0xF370, 0xF350, 0xFB70,
    0xF370, 0xF370, 0xFB70, 0xF370, 0xFB71, 0xF370, 0xF350, 0xFB70, 0xF370, 0xF350, 0xFB70, 0xF370,
    0xFB71, 0xF370, 0xF370, 0xFB70, 0xF370, 0xF350, 0xFB70, 0xF370, 0xFB71, 0xF370, 0xF350, 0xFB71,
    0xF370, 0xF370, 0xFB70, 0xF370, 0xFB71, 0xF370, 0xF370, 0xFB71, 0xF370, 0xF370, 0xFB71, 0xF370,
    0xFB91, 0xF371, 0xF370, 0xFB91, 0xF371, 0xF370, 0xFB91, 0xF391, 0xFB91, 0xF391, 0xF391, 0xFB91,
    0xF391, 0xF391, 0xF392, 0xF391, 0xFB92, 0xF392, 0xF391, 0xFBB2, 0xF392, 0xF391, 0xFB92, 0xF392,
    0xFBB2, 0xF3B2, 0xF392, 0xFBB2, 0xF3B2, 0xF3B2, 0xF3B2, 0xF3B2, 0xFBD3, 0xF3B2, 0xF3B2, 0xF3D3,
    0xF3B3, 0xF3B2, 0xF3D3, 0xF3D3, 0xF3D3, 0xF3D3, 0xF3D3, 0xF3F3, 0xF3D3, 0xEBD3, 0xF3F3, 0xF3D3,
    0xF3F4, 0xF3F4, 0xEBD3, 0xF3F4, 0xF3F4, 0xEBF3, 0xF3F4, 0xEBF4, 0xF415, 0xF414, 0xEBF4, 0xF415,
    0xF414, 0xEC14, 0xF415, 0xEC14, 0xF435, 0xEC35, 0xEC15, 0xF435, 0xEC35, 0xEC35, 0xF455, 0xEC35,
    0xF456, 0xF456, 0xEC35, 0xF456, 0xF456, 0xEC56, 0xF456, 0xF456, 0xF457, 0xF456, 0xF436, 0xF457,
    0xF436, 0xF416, 0xFC36, 0xF395, 0xFF5E, 0xFE7C, 0xFB96, 0xBBB2, 0xCC33, 0xCC13, 0xD413, 0xCC13,
    0xD414, 0xCC13, 0xCBF3, 0xCBF3, 0xCBF3, 0xC3D2, 0xCBD3, 0xC3D2, 0xCBD3, 0xC3B2, 0xC392, 0xC3B2,
    0xBB91, 0xBB71, 0xBB71, 0xBB71, 0xBB71, 0xBB51, 0xB330, 0xB351, 0xB330, 0xAB30, 0xB330, 0xAB10,
    0xB331, 0xBB51, 0xB351, 0xB351, 0xBB72, 0xBB72, 0xBB71, 0xC372, 0xC372, 0xCB93, 0xC393, 0xC392,
    0xCBB3, 0xCBB3, 0xCBB3, 0xD3D4, 0xD3D3, 0xDBF4, 0xDBF4, 0xD3D4, 0xDBF4, 0xDBF4, 0xDBF4, 0xE415,
    0xDC14, 0xE415, 0xE415, 0xE414, 0xC3B3, 0xFBF8, 0xFF5E, 0xFEBC, 0xF375, 0xF457, 0xF437, 0xF437,
    0xF457, 0xF457, 0xEC57, 0xF477, 0xF477, 0xF477, 0xF477, 0xEC76, 0xF477, 0xEC76, 0xEC56, 0xF476,
    0xEC56, 0xF476, 0xEC56, 0xEC56, 0xEC56, 0xEC56, 0xEC35, 0xEC56, 0xEC35, 0xEC56, 0xEC35, 0xE435,
    0xEC35, 0xEC35, 0xE414, 0xEC35, 0xEC15, 0xEC35, 0xEC15, 0xE414, 0xEC15, 0xEC14, 0xE3F4, 0xEC14,
    0xEBF4, 0xEBF4, 0xEBF4, 0xEBF4, 0xEBF4, 0xEBF4, 0xEBD3, 0xEBF4, 0xEBD3, 0xF3F4, 0xF3D3, 0xEBD3,
    0xF3D4, 0xF3D3, 0xEBB3, 0xF3D3, 0xF3B3, 0xF3D3, 0xF3B3, 0xF392, 0xF3B3, 0xF3B3, 0xF392, 0xF3B3,
    0xF392, 0xFBB3, 0xF392, 0xF392, 0xFBB2, 0xF392, 0xF392, 0xF392, 0xF392, 0xFB92, 0xF392, 0xF371,
    0xFB92, 0xF372, 0xF371, 0xFB72, 0xF371, 0xFB72, 0xF371, 0xF371, 0xFB71, 0xF371, 0xF371, 0xFB71,
    0xF371, 0xFB71, 0xF371, 0xF371, 0xFB71, 0xF371, 0xF370, 0xFB71, 0xF370, 0xFB71, 0xF350, 0xF350,
    0xFB51, 0xF350, 0xF350, 0xFB51, 0xF350, 0xFB71, 0xF350, 0xF350, 0xFB71, 0xF350, 0xF350, 0xFB50,
    0xF350, 0xFB71, 0xF370, 0xF350, 0xFB70, 0xF350, 0xF350, 0xFB50, 0xF350, 0xFB70, 0xF350, 0xF34F,
    0xFB70, 0xF350, 0xF34F, 0xFB70, 0xF350, 0xFB70, 0xF350, 0xF350, 0xFB70, 0xF370, 0xF350, 0xFB70,
    0xF370, 0xFB70, 0xFB70, 0xF350, 0xFB70, 0xF350, 0xF350, 0xFB70, 0xF370, 0xFB71, 0xFB70, 0xF350,
    0xFB70, 0xF350, 0xF350, 0xFB70, 0xF350, 0xFB70, 0xF370, 0xF350, 0xFB70, 0xF370, 0xF350, 0xFB70,
    0xF370, 0xFB71, 0xFB70, 0xF350, 0xFB71, 0xF370, 0xF350, 0xFB70, 0xF370, 0xFB71, 0xF371, 0xF370,
    0xFB91, 0xF371, 0xF370, 0xFB91, 0xF391, 0xFB91, 0xF391, 0xF371, 0xFB91, 0xF391, 0xF371, 0xFB91,
    0xF391, 0xFB92, 0xF392, 0xF391, 0xFB92, 0xF392, 0xF391, 0xFB92, 0xF392, 0xFBB2, 0xF3B2, 0xF392,
    0xFBB2, 0xF3B2, 0xF392, 0xF3B2, 0xF3B2, 0xFBB3, 0xF3B2, 0xF3B2, 0xF3D3, 0xF3B3, 0xF3B2, 0xF3D3,
    0xF3D3, 0xF3D3, 0xF3D3, 0xF3D3, 0xF3D3, 0xF3D3, 0xEBD3, 0xF3F3, 0xF3D3, 0xF3F4, 0xF3F4, 0xEBD3,
    0xF3F4, 0xF3F4, 0xEBF3, 0xF3F4, 0xEBF4, 0xF415, 0xF414, 0xEBF4, 0xF415, 0xF414, 0xEC14, 0xF415,
    0xEC14, 0xF435, 0xF435, 0xEC15, 0xF435, 0xEC35, 0xEC35, 0xF456, 0xEC35, 0xF456, 0xF456, 0xEC55,
    0xF456, 0xF456, 0xEC56, 0xF456, 0xF456, 0xFC57, 0xF456, 0xF436, 0xF436, 0xF436, 0xF416, 0xF395,
    0xFF5D, 0xFE7C, 0xFB96, 0xB391, 0xD434, 0xD413, 0xCC13, 0xD413, 0xCC13, 0xD414, 0xCC13, 0xCBF3,
    0xCBF3, 0xCBD3, 0xC3D2, 0xCBD3, 0xC3B2, 0xCBB3, 0xC3B2, 0xC391, 0xC392, 0xBB91, 0xBB71, 0xBB71,
    0xBB71, 0xBB71, 0xBB51, 0xB330, 0xB351, 0xB330, 0xAB10, 0xB330, 0xB351, 0xB351, 0xBB72, 0xBB51,
    0xBB51, 0xC372, 0xBB72, 0xBB72, 0xC392, 0xC392, 0xCBB3, 0xCBB3, 0xCBB3, 0xD3D3, 0xD3B3, 0xCBB3,
    0xD3D4, 0xD3D4, 0xDBF4, 0xDBF4, 0xDBF4, 0xE415, 0xDBF4, 0xDBF4, 0xE415, 0xE414, 0xE435, 0xEC15,
    0xC3B3, 0xFC19, 0xFF7E, 0xFE9C, 0xF376, 0xF437, 0xF457, 0xF457, 0xF457, 0xF477, 0xF457, 0xEC56,
    0xF477, 0xEC77, 0xF477, 0xF477, 0xEC56, 0xF477, 0xEC56, 0xEC56, 0xEC56, 0xEC56, 0xF456, 0xEC56,
    0xEC35, 0xEC56, 0xEC35, 0xEC35, 0xEC35, 0xEC35, 0xEC36, 0xEC35, 0xE415, 0xEC35, 0xEC15, 0xE414,
    0xEC15, 0xEC14, 0xEC15, 0xEC14, 0xEBF4, 0xEC14, 0xEBF4, 0xEBF4, 0xEBF4, 0xEBF4, 0xF3F4, 0xEBF4,
    0xEBD3, 0xF3F4, 0xEBD4, 0xEBD3, 0xF3D4, 0xEBD3, 0xF3D4, 0xF3D3, 0xEBB3, 0xF3D3, 0xF3B3, 0xEBB2,
    0xF3B3, 0xF3B3, 0xFBB3, 0xF3B3, 0xF392, 0xF3B3, 0xF392, 0xF392, 0xF392, 0xF392, 0xFB93, 0xF392,
    0xF392, 0xFB92, 0xF392, 0xF391, 0xFB92, 0xF392, 0xFB92, 0xF392, 0xF371, 0xFB92, 0xF371, 0xF371,
    0xFB71, 0xF371, 0xFB71, 0xF371, 0xF351, 0xFB71, 0xF371, 0xF350, 0xFB71, 0xF351, 0xFB71, 0xFB71,
    0xF350, 0xFB71, 0xF371, 0xF350, 0xFB71, 0xF350, 0xFB51, 0xFB50, 0xF350, 0xFB51, 0xF350, 0xF350,
    0xFB50, 0xF350, 0xFB71, 0xFB50, 0xF350, 0xFB50, 0xF350, 0xF34F, 0xFB50, 0xF350, 0xFB70, 0xFB70,
    0xF350, 0xFB70, 0xF350, 0xF34F, 0xFB50, 0xF350, 0xFB50, 0xFB50, 0xF34F, 0xFB70, 0xF350, 0xF34F,
    0xFB70, 0xF350, 0xFB50, 0xFB50, 0xF350, 0xFB70, 0xF350, 0xF34F, 0xFB70, 0xF350, 0xFB70, 0xFB50,
    0xF34F, 0xFB70, 0xF350, 0xF350, 0xFB70, 0xF370, 0xFB70, 0xFB70, 0xF350, 0xFB70, 0xF350, 0xF34F,
    0xFB50, 0xF350, 0xFB70, 0xFB50, 0xF350, 0xFB70, 0xF350, 0xF350, 0xFB70, 0xF350, 0xFB71, 0xFB50,
    0xF350, 0xFB70, 0xFB50, 0xF350, 0xFB70, 0xF370, 0xFB71, 0xFB71, 0xF370, 0xFB91, 0xF371, 0xF370,
    0xFB91, 0xF371, 0xFB91, 0xF391, 0xF371, 0xFB91, 0xF391, 0xF371, 0xFB91, 0xF391, 0xFB92, 0xF391,
    0xF391, 0xFB92, 0xF392, 0xF391, 0xFB92, 0xF392, 0xFBB2, 0xF392, 0xF392, 0xFBB2, 0xF392, 0xF392,
    0xF3B2, 0xF3B2, 0xFBB3, 0xF3B2, 0xF3B2, 0xF3D3, 0xF3B3, 0xF3B2, 0xF3D3, 0xF3D3, 0xF3D3, 0xF3D3,
    0xF3D3, 0xF3D3, 0xF3D3, 0xEBD3, 0xF3D3, 0xF3D3, 0xF3F4, 0xF3F4, 0xEBD3, 0xF3F4, 0xF3F4, 0xEBF3,
    0xF3F4, 0xF3F4, 0xF414, 0xF414, 0xEBF4, 0xF415, 0xF414, 0xEC14, 0xF415, 0xEC15, 0xF435, 0xF435,
    0xEC35, 0xF435, 0xEC35, 0xEC35, 0xF456, 0xEC35, 0xF456, 0xF456, 0xF435, 0xF456, 0xF456, 0xF456,
    0xF456, 0xF456, 0xFC57, 0xF436, 0xF416, 0xF436, 0xF416, 0xF395, 0xFF5D, 0xFE7B, 0xFB97, 0xBBB2,
    0xD413, 0xD434, 0xD413, 0xCC13, 0xD413, 0xD413, 0xD414, 0xD3F3, 0xCBD3, 0xD3F3, 0xCBD3, 0xC3D2,
    0xCBD3, 0xC3B2, 0xCBB2, 0xC3B2, 0xC391, 0xC392, 0xBB71, 0xBB71, 0xBB71, 0xBB51, 0xBB51, 0xBB51,
    0xB330, 0xB351, 0xB330, 0xAB10, 0xB331, 0xBB51, 0xBB51, 0xBB72, 0xBB72, 0xBB71, 0xC392, 0xC372,
    0xC372, 0xCB93, 0xC392, 0xCBB3, 0xCBB3, 0xCBB3, 0xD3D4, 0xD3D3, 0xD3D3, 0xDBF4, 0xD3F4, 0xDBF4,
    0xDBF4, 0xDBF4, 0xE415, 0xE414, 0xDC14, 0xE415, 0xE414, 0xEC35, 0xC3B3, 0xF3F8, 0xFF7E, 0xFE9C,
    0xF375, 0xF437, 0xF437, 0xF457, 0xF457, 0xF457, 0xF477, 0xF477, 0xEC56, 0xF477, 0xEC76, 0xF477,
    0xF476, 0xEC56, 0xF477, 0xEC56, 0xEC56, 0xEC56, 0xEC56, 0xF456, 0xEC56, 0xEC35, 0xEC56, 0xEC35,
    0xEC35, 0xEC35, 0xEC35, 0xEC35, 0xEC35, 0xE414, 0xEC35, 0xEC15, 0xE414, 0xEC15, 0xEC14, 0xEC15,
    0xEC14, 0xEBF4, 0xEC14, 0xEBF4, 0xEBF3, 0xEBF4, 0xEBD4, 0xF3F4, 0xEBF4, 0xEBD3, 0xF3F4, 0xEBD3,
    0xEBD3, 0xF3D4, 0xEBD3, 0xF3D4, 0xF3D3, 0xEBB3, 0xF3D3, 0xF3B3, 0xF392, 0xF393, 0xF392, 0xFBB3,
    0xF393, 0xF392, 0xFB93, 0xF372, 0xF372, 0xFB92, 0xF392, 0xFB92, 0xF392, 0xF372, 0xFB92, 0xF392,
    0xF371, 0xFB92, 0xF371, 0xFB92, 0xF372, 0xF371, 0xFB72, 0xF371, 0xF351, 0xFB71, 0xF351, 0xFB71,
    0xFB71, 0xF350, 0xFB71, 0xF351, 0xF350, 0xFB71, 0xF350, 0xFB71, 0xFB71, 0xF350, 0xFB71, 0xF371,
    0xF350, 0xFB51, 0xF350, 0xFB51, 0xFB50, 0xF350, 0xFB70, 0xF350, 0xF350, 0xFB50, 0xF350, 0xFB50,
    0xFB50, 0xF350, 0xFB50, 0xF350, 0xF34F, 0xFB50, 0xF350, 0xFB70, 0xFB70, 0xF350, 0xFB70, 0xFB50,
    0xF32F, 0xFB50, 0xF34F, 0xFB50, 0xFB50, 0xF34F, 0xFB50, 0xF350, 0xF34F, 0xFB50, 0xF34F, 0xFB70,
    0xFB70, 0xF34F, 0xFB70, 0xF350, 0xF34F, 0xFB50, 0xF350, 0xFB50, 0xFB50, 0xF34F, 0xFB70, 0xF350,
    0xF34F, 0xFB70, 0xF350, 0xFB70, 0xFB50, 0xF34F, 0xFB70, 0xF350, 0xF34F, 0xFB50, 0xF350, 0xFB70,
    0xFB50, 0xF350, 0xFB70, 0xF350, 0xF34F, 0xFB50, 0xF350, 0xFB70, 0xFB50, 0xF350, 0xFB70, 0xF350,
    0xF350, 0xFB70, 0xF370, 0xFB71, 0xFB71, 0xF370, 0xFB71, 0xF370, 0xF370, 0xFB91, 0xF371, 0xFB91,
    0xFB71, 0xF371, 0xFB91, 0xF371, 0xF371, 0xFB91, 0xF391, 0xFB92, 0xFB91, 0xF371, 0xFB92, 0xF391,
    0xF391, 0xFB92, 0xF392, 0xFBB2, 0xF392, 0xF392, 0xFBB2, 0xF392, 0xF392, 0xF3B2, 0xF3B2, 0xFBB3,
    0xF3B2, 0xF3B2, 0xF3D3, 0xF3B3, 0xF3B2, 0xF3D3, 0xF3D3, 0xF3D3, 0xF3D3, 0xF3D3, 0xF3D3, 0xF3D3,
    0xEBD3, 0xF3D3, 0xF3D3, 0xF3F4, 0xF3F4, 0xEBD3, 0xF3F4, 0xF3F4, 0xEBF3, 0xF3F4, 0xF3F4, 0xF415,
    0xF414, 0xEBF4, 0xF415, 0xF414, 0xEC14, 0xF415, 0xEC15, 0xF435, 0xF435, 0xEC35, 0xF435, 0xF435,
    0xEC35, 0xF456, 0xF435, 0xF456, 0xF456, 0xF435, 0xF456, 0xF456, 0xF436, 0xF456, 0xF436, 0xFC37,
    0xF436, 0xF416, 0xFC36, 0xF395, 0xFF5D, 0xFE7C, 0xF376, 0xC3B2, 0xD453, 0xD413, 0xDC34, 0xD413,
    0xD3F3, 0xD413, 0xD3F3, 0xD413, 0xD3F3, 0xCBD2, 0xD3F3, 0xCBD2, 0xC3B2, 0xCBB2, 0xC3B2, 0xCBB2,
    0xC392, 0xC371, 0xC392, 0xBB71, 0xBB51, 0xBB71, 0xBB51, 0xBB51, 0xBB51, 0xB330, 0xB331, 0xB330,
    0xB351, 0xB351, 0xBB72, 0xBB71, 0xC372, 0xC372, 0xBB72, 0xC392, 0xC392, 0xC392, 0xCBB3, 0xCBB3,
    0xD3D3, 0xD3D3, 0xCBB3, 0xD3F4, 0xD3D4, 0xD3D3, 0xDBF4, 0xDBF4, 0xE415, 0xDC14, 0xDC14, 0xE415,
    0xE414, 0xDC14, 0xE435, 0xE434, 0xCBB3, 0xFBF8, 0xFF5E, 0xFEBC, 0xF375, 0xF436, 0xF437, 0xF437,
    0xF457, 0xF457, 0xF457, 0xF477, 0xF477, 0xEC76, 0xF477, 0xEC76, 0xF477, 0xF476, 0xEC56, 0xF476,
    0xEC56, 0xEC55, 0xEC56, 0xEC55, 0xF456, 0xEC56, 0xEC35, 0xEC56, 0xEC35, 0xE435, 0xEC35, 0xEC35,
    0xEC35, 0xEC15, 0xE414, 0xEC15, 0xEC14, 0xE3F4, 0xEC14, 0xEBF4, 0xEC15, 0xEBF4, 0xEBF4, 0xEBF4,
    0xEBD4, 0xEBD3, 0xF3D4, 0xEBD3, 0xF3D4, 0xEBD3, 0xEBD3, 0xF3F4, 0xEBD3, 0xEBD3, 0xF3D3, 0xEBD3,
    0xF3D3, 0xF3B3, 0xF3B3, 0xF3B3, 0xF393, 0xF372, 0xFB93, 0xF392, 0xFB93, 0xF392, 0xF372, 0xFB92,
    0xF372, 0xF372, 0xFB92, 0xF392, 0xFB92, 0xF392, 0xF371, 0xFB92, 0xF372, 0xF371, 0xFB72, 0xF371,
    0xFB72, 0xFB71, 0xF351, 0xFB71, 0xF371, 0xF351, 0xFB71, 0xF351, 0xFB71, 0xFB71, 0xF350, 0xFB71,
    0xF351, 0xF350, 0xFB71, 0xF350, 0xFB71, 0xFB71, 0xF350, 0xFB71, 0xF350, 0xF350, 0xFB50, 0xF350,
    0xFB51, 0xFB50, 0xF350, 0xFB50, 0xF350, 0xF350, 0xFB50, 0xF350, 0xFB50, 0xFB50, 0xF350, 0xFB50,
    0xF350, 0xF350, 0xFB70, 0xF350, 0xFB70, 0xFB50, 0xF350, 0xFB50, 0xF350, 0xF34F, 0xFB50, 0xF34F,
    0xFB50, 0xFB50, 0xF34F, 0xFB50, 0xF350, 0xF34F, 0xFB50, 0xF34F, 0xFB70, 0xFB70, 0xF34F, 0xFB50,
    0xF350, 0xF34F, 0xFB50, 0xF34F, 0xFB50, 0xFB50, 0xF34F, 0xFB70, 0xF350, 0xF34F, 0xFB70, 0xF350,
    0xFB70, 0xFB50, 0xF350, 0xFB70, 0xFB50, 0xF34F, 0xFB50, 0xF350, 0xFB70, 0xFB50, 0xF34F, 0xFB70,
    0xF350, 0xF34F, 0xFB50, 0xF350, 0xFB70, 0xFB50, 0xF350, 0xFB70, 0xFB50, 0xF350, 0xFB70, 0xF370,
    0xFB91, 0xFB71, 0xF370, 0xFB71, 0xF371, 0xF370, 0xFB71, 0xF370, 0xFB91, 0xFB71, 0xF371, 0xFB91,
    0xF371, 0xF371, 0xFB91, 0xF371, 0xFB92, 0xFB91, 0xF371, 0xFB92, 0xF391, 0xF371, 0xFB92, 0xF392,
    0xFB92, 0xF392, 0xF392, 0xFBB2, 0xF392, 0xF392, 0xF3B2, 0xF3B2, 0xFBB3, 0xF3B2, 0xF3B2, 0xF3D3,
    0xF3B3, 0xF3B2, 0xF3D3, 0xF3B3, 0xF3D3, 0xF3D3, 0xF3D3, 0xF3D3, 0xF3D3, 0xEBD3, 0xF3D3, 0xF3D3,
    0xF3F4, 0xF3F4, 0xEBD3, 0xF3F4, 0xF3F4, 0xEBF3, 0xF3F4, 0xF3F4, 0xF415, 0xF414, 0xEBF4, 0xF415,
    0xF414, 0xEC14, 0xF415, 0xEC15, 0xF435, 0xF435, 0xEC35, 0xF435, 0xF435, 0xEC35, 0xF456, 0xF435,
    0xF456, 0xF456, 0xF435, 0xF456, 0xF456, 0xF436, 0xF436, 0xF436, 0xFC36, 0xF436, 0xF416, 0xFB95,
    0xFF5D, 0xF65B, 0xFB76, 0xBB91, 0xDC54, 0xDC13, 0xD413, 0xDC14, 0xD413, 0xD3F3, 0xD3F3, 0xD3F3,
    0xD3F3, 0xD3F3, 0xCBD2, 0xD3D3, 0xCBB2, 0xC3B2, 0xCBB2, 0xC392, 0xCB92, 0xC392, 0xC371, 0xC372,
    0xBB71, 0xBB51, 0xBB51, 0xBB50, 0xBB51, 0xBB30, 0xB330, 0xB330, 0xBB51, 0xBB51, 0xB351, 0xBB72,
    0xBB72, 0xC392, 0xC392, 0xC372, 0xCB93, 0xC392, 0xC392, 0xCBB3, 0xCBB3, 0xD3D4, 0xD3D3, 0xD3D3,
    0xDBF4, 0xD3F4, 0xD3F4, 0xDBF4, 0xDBF4, 0xE415, 0xDC14, 0xDC14, 0xE435, 0xE415, 0xDC14, 0xEC35,
    0xC3B3, 0xFBF9, 0xFF7E, 0xFE9C, 0xF376, 0xF437, 0xF436, 0xF457, 0xF457, 0xF457, 0xF457, 0xEC56,
    0xF477, 0xF477, 0xEC56, 0xF477, 0xEC56, 0xF477, 0xEC56, 0xEC56, 0xF456, 0xEC56, 0xEC35, 0xEC56,
    0xEC35, 0xF456, 0xEC35, 0xEC35, 0xEC35, 0xEC35, 0xE414, 0xEC35, 0xEC15, 0xEC35, 0xEC15, 0xE3F4,
    0xEC15, 0xEBF4, 0xEBD4, 0xEBF4, 0xEBF4, 0xEBF4, 0xEBF4, 0xEBD3, 0xF3D4, 0xF3B3, 0xEBB3, 0xF3B3,
    0xF3B3, 0xF3D4, 0xEBD3, 0xEBD3, 0xF3D4, 0xEBD3, 0xEBB3, 0xF3D3, 0xF3B3, 0xF3B3, 0xF3B3, 0xF392,
    0xFBB3, 0xF392, 0xF372, 0xFB92, 0xF372, 0xFB93, 0xF392, 0xF372, 0xFB92, 0xF372, 0xF371, 0xFB92,
    0xF372, 0xFB92, 0xFB72, 0xF371, 0xFB92, 0xFB71, 0xF371, 0xFB71, 0xF371, 0xFB72, 0xFB71, 0xF351,
    0xFB71, 0xF371, 0xF350, 0xFB71, 0xF350, 0xFB71, 0xFB71, 0xF350, 0xFB71, 0xF351, 0xF350, 0xFB51,
    0xF350, 0xFB71, 0xFB51, 0xF350, 0xFB71, 0xFB50, 0xF350, 0xFB50, 0xF350, 0xFB71, 0xFB50, 0xF350,
    0xFB50, 0xF350, 0xF32F, 0xFB50, 0xF350, 0xFB50, 0xFB50, 0xF350, 0xFB50, 0xF350, 0xF34F, 0xFB50,
    0xF350, 0xFB70, 0xFB50, 0xF34F, 0xFB50, 0xF34F, 0xF34F, 0xFB50, 0xF34F, 0xFB50, 0xFB50, 0xF34F,
    0xFB50, 0xF350, 0xF34F, 0xFB50, 0xF34F, 0xFB70, 0xFB50, 0xF34F, 0xFB50, 0xF350, 0xF34F, 0xFB50,
    0xF34F, 0xFB50, 0xFB50, 0xF34F, 0xFB50, 0xFB50, 0xF34F, 0xFB50, 0xF350, 0xFB70, 0xFB50, 0xF34F,
    0xFB70, 0xF350, 0xF34F, 0xFB70, 0xF350, 0xFB70, 0xFB50, 0xF350, 0xFB70, 0xFB50, 0xF34F, 0xFB50,
    0xF350, 0xFB70, 0xFB50, 0xF350, 0xFB70, 0xF350, 0xF350, 0xFB70, 0xF370, 0xFB71, 0xFB70, 0xF370,
    0xFB71, 0xF371, 0xF370, 0xFB71, 0xF371, 0xFB71, 0xFB71, 0xF371, 0xFB91, 0xF371, 0xF371, 0xFB71,
    0xF371, 0xFB92, 0xFB91, 0xF371, 0xFB92, 0xF371, 0xF371, 0xFB92, 0xF391, 0xFB92, 0xF392, 0xF391,
    0xFBB2, 0xF392, 0xF392, 0xF3B2, 0xF3B2, 0xFBB3, 0xF3B2, 0xF3B2, 0xF3D3, 0xF3B2, 0xF3B2, 0xF3D3,
    0xF3B3, 0xFBD3, 0xF3D3, 0xF3B3, 0xF3D3, 0xF3D3, 0xEBD3, 0xF3D3, 0xF3D3, 0xF3F4, 0xF3F4, 0xF3D3,
    0xF3F4, 0xF3F4, 0xEBF3, 0xF3F4, 0xF3F4, 0xF415, 0xF414, 0xEBF4, 0xF415, 0xF414, 0xEC14, 0xF415,
    0xEC15, 0xF435, 0xF435, 0xEC35, 0xF435, 0xF435, 0xEC35, 0xF456, 0xF435, 0xF456, 0xF456, 0xF435,
    0xF456, 0xF436, 0xF436, 0xF436, 0xF436, 0xFC36, 0xF436, 0xF394, 0xFF7E, 0xFE7B, 0xF376, 0xC3B2,
    0xDC33, 0xDC34, 0xDC13, 0xD413, 0xDC14, 0xD3F3, 0xD3F3, 0xD3F3, 0xD3F3, 0xD3F3, 0xD3D3, 0xCBB2,
    0xD3D3, 0xCBB2, 0xC392, 0xCBB2, 0xC392, 0xCB92, 0xC392, 0xC371, 0xC372, 0xBB51, 0xBB50, 0xBB51,
    0xBB50, 0xBB51, 0xB330, 0xB310, 0xB351, 0xBB72, 0xBB71, 0xBB51, 0xC372, 0xBB72, 0xC392, 0xC392,
    0xC392, 0xCBB3, 0xCBB3, 0xCBB2, 0xCBD3, 0xCBD3, 0xD3D4, 0xD3D4, 0xD3D3, 0xDBF4, 0xDBF4, 0xD3F4,
    0xDC14, 0xDC14, 0xE435, 0xE415, 0xDC14, 0xE435, 0xE435, 0xE434, 0xCBB3, 0xF3D8, 0xFF7E, 0xFEBC,
    0xF355, 0xF437, 0xF437, 0xF436, 0xF457, 0xF457, 0xF477, 0xF477, 0xEC56, 0xF477, 0xF476, 0xEC56,
    0xF476, 0xEC56, 0xF476, 0xEC56, 0xEC56, 0xF456, 0xEC56, 0xEC35, 0xEC56, 0xEC35, 0xEC56, 0xEC35,
    0xEC15, 0xEC35, 0xEC15, 0xE414, 0xEC15, 0xEC14, 0xEC15, 0xEC14, 0xE3F4, 0xEC15, 0xEBF4, 0xE3F4,
    0xEBF4, 0xEBF4, 0xF3F4, 0xEBF4, 0xEBB3, 0xF3D4, 0xF3B3, 0xF3B3, 0xF3D3, 0xEBD3, 0xF3D4, 0xEBD3,
    0xEBB3, 0xF3D3, 0xF3B3, 0xEBB3, 0xF3B3, 0xF3B3, 0xF3B3, 0xF393, 0xF372, 0xFB92, 0xF372, 0xF372,
    0xFB92, 0xF372, 0xFB92, 0xFB72, 0xF372, 0xFB92, 0xF372, 0xF371, 0xFB72, 0xF371, 0xFB92, 0xFB72,
    0xF371, 0xFB72, 0xFB71, 0xF371, 0xFB71, 0xF371, 0xFB71, 0xFB71, 0xF351, 0xFB71, 0xF351, 0xF350,
    0xFB71, 0xF350, 0xFB71, 0xFB51, 0xF350, 0xFB71, 0xFB50, 0xF350, 0xFB51, 0xF350, 0xFB71, 0xFB51,
    0xF350, 0xFB71, 0xF350, 0xF350, 0xFB50, 0xF350, 0xFB50, 0xFB50, 0xF330, 0xFB50, 0xF350, 0xF32F,
    0xFB50, 0xF350, 0xFB50, 0xFB50, 0xF34F, 0xFB70, 0xF350, 0xF34F, 0xFB70, 0xF350, 0xFB70, 0xFB50,
    0xF34F, 0xFB50, 0xFB50, 0xF34F, 0xFB50, 0xF34F, 0xFB50, 0xFB50, 0xF34F, 0xFB50, 0xF34F, 0xF34F,
    0xFB50, 0xF34F, 0xFB50, 0xFB50, 0xF34F, 0xFB50, 0xFB50, 0xF34F, 0xFB50, 0xF34F, 0xFB70, 0xFB50,
    0xF34F, 0xFB50, 0xFB50, 0xF34F, 0xFB50, 0xF34F, 0xFB70, 0xFB50, 0xF34F, 0xFB70, 0xFB50, 0xF34F,
    0xFB50, 0xF350, 0xFB70, 0xFB50, 0xF34F, 0xFB50, 0xFB50, 0xF34F, 0xFB50, 0xF350, 0xFB70, 0xFB50,
    0xF350, 0xFB70, 0xF350, 0xF350, 0xFB70, 0xF370, 0xFB71, 0xFB70, 0xF350, 0xFB71, 0xFB70, 0xF370,
    0xFB71, 0xF370, 0xFB71, 0xFB71, 0xF371, 0xFB91, 0xFB71, 0xF371, 0xFB71, 0xF371, 0xFB92, 0xFB71,
    0xF371, 0xFB92, 0xFB71, 0xF371, 0xFB72, 0xF391, 0xFB92, 0xF392, 0xF391, 0xFBB2, 0xF392, 0xF392,
    0xF3B2, 0xF3B2, 0xFBB3, 0xF3B2, 0xF3B2, 0xF3B3, 0xF3B2, 0xF3B2, 0xF3B3, 0xF3B3, 0xFBD3, 0xF3D3,
    0xF3B3, 0xF3D3, 0xF3D3, 0xF3D3, 0xF3D3, 0xF3D3, 0xF3F4, 0xF3F4, 0xF3D3, 0xF3F4, 0xF3F4, 0xEBF3,
    0xF3F4, 0xF3F4, 0xF415, 0xF414, 0xEBF4, 0xF415, 0xF414, 0xEC14, 0xF435, 0xEC15, 0xF435, 0xF435,
    0xEC35, 0xF436, 0xF435, 0xEC35, 0xF456, 0xF435, 0xF456, 0xF456, 0xF435, 0xF456, 0xF436, 0xF435,
    0xF436, 0xF416, 0xFC36, 0xF395, 0xFF5D, 0xFE7C, 0xFB75, 0xBB91, 0xDC34, 0xDC13, 0xDC14, 0xDC13,
    0xD3F3, 0xDC14, 0xD3F3, 0xD3F3, 0xD3F3, 0xD3D3, 0xD3D3, 0xD3D3, 0xCBB2, 0xD3D3, 0xCBB2, 0xC392,
    0xCB92, 0xC392, 0xCB92, 0xC371, 0xBB51, 0xC371, 0xBB51, 0xBB50, 0xBB51, 0xBB30, 0xBB51, 0xB330,
    0xBB51, 0xBB51, 0xBB72, 0xBB72, 0xBB71, 0xC392, 0xC392, 0xCB93, 0xC392, 0xC392, 0xCBB3, 0xCBB3,
    0xCBB3, 0xD3D3, 0xD3D3, 0xD3F4, 0xD3F4, 0xD3F4, 0xDC14, 0xDBF4, 0xDBF4, 0xDC14, 0xDC14, 0xE435,
    0xE435, 0xDC14, 0xE435, 0xE435, 0xC3B2, 0xFBF8, 0xFF5E, 0xFE9C, 0xF375, 0xF436, 0xF437, 0xF437,
    0xF436, 0xF457, 0xF456, 0xF477, 0xF477, 0xEC56, 0xF477, 0xF456, 0xEC56, 0xF456, 0xEC56, 0xF456,
    0xEC56, 0xEC35, 0xF456, 0xEC35, 0xEC35, 0xEC35, 0xEC35, 0xEC36, 0xEC35, 0xEC15, 0xEC35, 0xEC15,
    0xE3F4, 0xEC15, 0xEC14, 0xEC15, 0xEC14, 0xE3F4, 0xEC14, 0xEBF4, 0xE3F4, 0xEBF4, 0xEBF4, 0xF3F4,
    0xEBF4, 0xEBD3, 0xF3D4, 0xF3D3, 0xEBD3, 0xF3D4, 0xEBD3, 0xF3D4, 0xF3D3, 0xEBB3, 0xF3D3, 0xF3B3,
    0xEBB2, 0xF3B3, 0xF3B2, 0xF3B3, 0xF392, 0xF372, 0xFB92, 0xF372, 0xF372, 0xFB72, 0xF372, 0xFB92,
    0xFB72, 0xF371, 0xFB92, 0xF372, 0xF371, 0xFB72, 0xF371, 0xFB72, 0xFB71, 0xF371, 0xFB72, 0xFB71,
    0xF351, 0xFB71, 0xF351, 0xFB71, 0xFB71, 0xF350, 0xFB71, 0xF351, 0xF350, 0xFB51, 0xF350, 0xFB51,
    0xFB51, 0xF350, 0xFB51, 0xFB50, 0xF350, 0xFB51, 0xF350, 0xFB71, 0xFB50, 0xF350, 0xFB50, 0xF350,
    0xF350, 0xFB50, 0xF350, 0xFB50, 0xFB50, 0xF330, 0xFB50, 0xFB50, 0xF34F, 0xFB50, 0xF34F, 0xFB50,
    0xFB50, 0xF34F, 0xFB70, 0xF350, 0xF34F, 0xFB50, 0xF34F, 0xFB50, 0xFB50, 0xF34F, 0xFB50, 0xF34F,
    0xF34F, 0xFB50, 0xF34F, 0xFB70, 0xFB50, 0xF34F, 0xFB50, 0xF34F, 0xF34F, 0xFB50, 0xF34F, 0xFB50,
    0xFB50, 0xF34F, 0xFB70, 0xFB50, 0xF34F, 0xFB50, 0xF34F, 0xFB50, 0xFB50, 0xF34F, 0xFB50, 0xFB50,
    0xF34F, 0xFB50, 0xF34F, 0xFB50, 0xFB50, 0xF34F, 0xFB70, 0xF350, 0xF34F, 0xFB50, 0xF350, 0xFB50,
    0xFB50, 0xF34F, 0xFB50, 0xF350, 0xF34F, 0xFB50, 0xF350, 0xFB70, 0xFB50, 0xF350, 0xFB70, 0xF370,
    0xF350, 0xFB70, 0xF350, 0xFB71, 0xFB70, 0xF350, 0xFB71, 0xF370, 0xF370, 0xFB71, 0xF371, 0xFB71,
    0xFB71, 0xF371, 0xFB91, 0xFB71, 0xF371, 0xFB71, 0xF371, 0xFB72, 0xFB71, 0xF371, 0xFB92, 0xF371,
    0xF371, 0xFB72, 0xF391, 0xFB92, 0xFB92, 0xF391, 0xFBB2, 0xF392, 0xF392, 0xF3B2, 0xF3B2, 0xFBB3,
    0xF3B2, 0xF3B2, 0xFBB3, 0xF3B3, 0xF3B2, 0xF3B3, 0xF3B3, 0xFBD3, 0xF3D3, 0xF3B3, 0xF3D3, 0xF3D3,
    0xF3D3, 0xF3D3, 0xF3D3, 0xF3F4, 0xF3F4, 0xF3D3, 0xF3F4, 0xF3F4, 0xEBF3, 0xF3F4, 0xF3F4, 0xF415,
    0xF414, 0xEBF4, 0xF415, 0xF414, 0xEC14, 0xF435, 0xF415, 0xF435, 0xF435, 0xEC35, 0xF436, 0xF435,
    0xEC35, 0xF456, 0xF435, 0xF456, 0xF456, 0xF435, 0xFC36, 0xF436, 0xF415, 0xF416, 0xF415, 0xFB95,
    0xFF7D, 0xF65B, 0xFB76, 0xBB71, 0xDC33, 0xDC14, 0xDC13, 0xDC14, 0xDC13, 0xD3F3, 0xDBF4, 0xD3F3,
    0xD3D3, 0xD3D3, 0xD3D3, 0xD3D3, 0xD3D3, 0xCBB2, 0xCBB3, 0xCB92, 0xC391, 0xCB92, 0xC371, 0xCB92,
    0xC371, 0xBB51, 0xC371, 0xBB51, 0xBB30, 0xBB51, 0xB330, 0xBB31, 0xBB72, 0xBB71, 0xBB51, 0xC372,
    0xBB72, 0xBB72, 0xC392, 0xC392, 0xCBB3, 0xCBB3, 0xCBB2, 0xCBD3, 0xCBB3, 0xCBD3, 0xD3D4, 0xD3D3,
    0xDBF4, 0xD3F4, 0xD3F4, 0xDC14, 0xDC14, 0xDC14, 0xDC35, 0xDC14, 0xE435, 0xE435, 0xDC34, 0xE455,
    0xC3B3, 0xF3D8, 0xFF7E, 0xFE9C, 0xFB76, 0xF437, 0xF416, 0xF457, 0xF437, 0xEC36, 0xF457, 0xF456,
    0xF477, 0xF476, 0xEC56, 0xF477, 0xEC56, 0xEC56, 0xF456, 0xEC56, 0xF456, 0xEC56, 0xEC35, 0xEC56,
    0xEC35, 0xEC35, 0xEC35, 0xEC35, 0xEC35, 0xEC35, 0xEC14, 0xEC15, 0xEBF4, 0xEBF4, 0xEC15, 0xEC14,
    0xEC15, 0xEC14, 0xE3F4, 0xEC14, 0xEBF4, 0xE3F3, 0xEBF4, 0xEBF4, 0xF3F4, 0xEBF4, 0xEBD3, 0xF3F4,
    0xEBD3, 0xEBD3, 0xF3D3, 0xEBD3, 0xF3D4, 0xF3D3, 0xEBB3, 0xF3D3, 0xF3B3, 0xEB92, 0xF3B3, 0xF392,
    0xFBB3, 0xF392, 0xF372, 0xFB92, 0xF372, 0xF371, 0xFB72, 0xF372, 0xFB92, 0xF372, 0xF371, 0xFB92,
    0xF372, 0xF371, 0xFB72, 0xF371, 0xFB72, 0xFB71, 0xF351, 0xFB72, 0xFB71, 0xF351, 0xFB71, 0xF351,
    0xFB71, 0xFB51, 0xF350, 0xFB71, 0xFB51, 0xF350, 0xFB51, 0xF350, 0xFB51, 0xFB50, 0xF350, 0xFB51,
    0xF350, 0xF350, 0xFB51, 0xF350, 0xFB51, 0xFB50, 0xF350, 0xFB50, 0xF350, 0xF34F, 0xFB50, 0xF350,
    0xFB50, 0xFB50, 0xF350, 0xFB50, 0xF350, 0xF34F, 0xFB50, 0xF34F, 0xFB50, 0xFB50, 0xF34F, 0xFB50,
    0xFB50, 0xF34F, 0xFB50, 0xF34F, 0xFB50, 0xFB50, 0xF34F, 0xFB70, 0xF350, 0xF34F, 0xFB50, 0xF34F,
    0xFB50, 0xFB4F, 0xF32F, 0xFB70, 0xF34F, 0xF34F, 0xFB50, 0xF34F, 0xFB50, 0xFB50, 0xF34F, 0xFB70,
    0xFB4F, 0xF34F, 0xFB50, 0xF34F, 0xFB70, 0xFB50, 0xF34F, 0xFB70, 0xFB50, 0xF34F, 0xFB50, 0xF34F,
    0xFB50, 0xFB50, 0xF34F, 0xFB70, 0xF350, 0xF34F, 0xFB50, 0xF350, 0xFB70, 0xFB50, 0xF34F, 0xFB50,
    0xF350, 0xF34F, 0xFB50, 0xF350, 0xFB70, 0xFB50, 0xF350, 0xFB70, 0xF370, 0xF350, 0xFB70, 0xF350,
    0xFB71, 0xFB70, 0xF370, 0xFB71, 0xF370, 0xF350, 0xFB71, 0xF371, 0xFB71, 0xFB71, 0xF371, 0xFB71,
    0xF371, 0xF371, 0xFB71, 0xF371, 0xFB72, 0xFB71, 0xF371, 0xFB92, 0xF371, 0xF371, 0xFB72, 0xF371,
    0xFB92, 0xFB92, 0xF391, 0xFB92, 0xF392, 0xF392, 0xF3B2, 0xF3B2, 0xFBB3, 0xF3B2, 0xF3B2, 0xFBB3,
    0xF3B2, 0xF3B2, 0xF3B3, 0xF3B3, 0xFBD3, 0xF3D3, 0xF3B3, 0xF3D3, 0xF3D3, 0xF3D3, 0xF3D3, 0xF3D3,
    0xF3F4, 0xF3F4, 0xF3D3, 0xF3F4, 0xF3F4, 0xEBF3, 0xF3F4, 0xF3F4, 0xF415, 0xF414, 0xEBF4, 0xF415,
    0xF415, 0xEC14, 0xF415, 0xF415, 0xF435, 0xF435, 0xF435, 0xF436, 0xF435, 0xF435, 0xF456, 0xF435,
    0xFC56, 0xF436, 0xF435, 0xFC36, 0xF416, 0xF415, 0xFC16, 0xF374, 0xFF7E, 0xFE7B, 0xF335, 0xC371,
    0xE433, 0xDBF3, 0xDC14, 0xDBF3, 0xDC14, 0xDBF3, 0xD3F3, 0xDBF3, 0xD3D3, 0xD3D2, 0xD3D3, 0xD3D2,
    0xD3D3, 0xD3B2, 0xCB92, 0xCBB2, 0xCB92, 0xC371, 0xCB92, 0xC371, 0xC372, 0xC371, 0xBB51, 0xC351,
    0xBB51, 0xB330, 0xBB31, 0xB330, 0xBB51, 0xBB72, 0xBB72, 0xBB71, 0xC392, 0xC372, 0xC372, 0xC392,
    0xC392, 0xCBB3, 0xCBB3, 0xCBB3, 0xD3D3, 0xCBD3, 0xCBD3, 0xD3F4, 0xD3F3, 0xDC14, 0xDC14, 0xD3F4,
    0xDC15, 0xDC14, 0xDC14, 0xDC35, 0xDC34, 0xE435, 0xE435, 0xE454, 0xC3B3, 0xFBD8, 0xFF5D, 0xFE9C,
    0xF355, 0xFC37, 0xF436, 0xF436, 0xF457, 0xF457, 0xEC56, 0xF457, 0xF456, 0xF477, 0xF476, 0xEC56,
    0xF476, 0xEC56, 0xEC55, 0xF456, 0xEC56, 0xF456, 0xEC56, 0xEC35, 0xEC56, 0xEC35, 0xEC35, 0xEC35,
    0xEC15, 0xEC35, 0xEC15, 0xEBF4, 0xF3F4, 0xEBF4, 0xE3F4, 0xEC14, 0xEBF4, 0xEC15, 0xEBF4, 0xE3F4,
    0xEBF4, 0xEBF4, 0xE3F3, 0xEBF4, 0xEBF3, 0xF3F4, 0xEBF4, 0xEBD3, 0xF3F4, 0xEBD3, 0xEBD3, 0xEBD3,
    0xEBD3, 0xF3D3, 0xF3D3, 0xEBB3, 0xF3B3, 0xF3B3, 0xEB92, 0xF3B3, 0xF392, 0xFB93, 0xF392, 0xF372,
    0xFB92, 0xF372, 0xF371, 0xFB72, 0xF372, 0xFB92, 0xF372, 0xF371, 0xFB92, 0xF371, 0xF371, 0xFB72,
    0xF371, 0xFB72, 0xFB71, 0xF351, 0xFB71, 0xFB51, 0xF350, 0xFB51, 0xF351, 0xFB71, 0xFB51, 0xF350,
    0xFB71, 0xF351, 0xF350, 0xFB51, 0xF350, 0xFB51, 0xFB50, 0xF330, 0xFB51, 0xFB50, 0xF350, 0xFB50,
    0xF350, 0xFB51, 0xFB50, 0xF350, 0xFB50, 0xF350, 0xF34F, 0xFB50, 0xF350, 0xFB50, 0xFB50, 0xF34F,
    0xFB50, 0xF350, 0xF34F, 0xFB50, 0xF34F, 0xFB50, 0xFB50, 0xF34F, 0xFB50, 0xF34F, 0xF34F, 0xFB50,
    0xF34F, 0xFB50, 0xFB50, 0xF34F, 0xFB70, 0xF34F, 0xF34F, 0xFB50, 0xF34F, 0xFB50, 0xFB4F, 0xF34F,
    0xFB70, 0xF34F, 0xF34F, 0xFB50, 0xF34F, 0xFB50, 0xFB50, 0xF34F, 0xFB50, 0xF350, 0xF34F, 0xFB50,
    0xF34F, 0xFB70, 0xFB50, 0xF34F, 0xFB70, 0xFB50, 0xF34F, 0xFB50, 0xF34F, 0xFB50, 0xFB50, 0xF34F,
    0xFB70, 0xFB50, 0xF34F, 0xFB50, 0xF350, 0xFB70, 0xFB50, 0xF34F, 0xFB50, 0xFB50, 0xF34F, 0xFB50,
    0xF350, 0xFB70, 0xFB50, 0xF350, 0xFB70, 0xF370, 0xF350, 0xFB70, 0xF370, 0xFB71, 0xFB70, 0xF370,
    0xFB71, 0xF370, 0xF350, 0xFB71, 0xF371, 0xFB71, 0xFB71, 0xF371, 0xFB71, 0xF371, 0xF371, 0xFB71,
    0xF371, 0xFB72, 0xFB71, 0xF371, 0xFB72, 0xF371, 0xF371, 0xFB92, 0xF371, 0xFB92, 0xFB92, 0xF391,
    0xFB92, 0xF392, 0xF392, 0xFBB2, 0xF3B2, 0xFBB3, 0xF3B2, 0xF392, 0xFBB3, 0xF3B2, 0xF3B2, 0xF3B3,
    0xF3B3, 0xFBD3, 0xF3D3, 0xF3B3, 0xF3D3, 0xF3D3, 0xF3D3, 0xF3D3, 0xF3D3, 0xF3F4, 0xF3F4, 0xF3D3,
    0xF3F4, 0xF3F4, 0xEBF3, 0xF3F4, 0xF3F4, 0xF415, 0xF414, 0xEBF4, 0xF415, 0xF415, 0xEC14, 0xF435,
    0xF415, 0xF435, 0xF435, 0xF435, 0xF436, 0xF435, 0xF435, 0xF436, 0xF435, 0xFC36, 0xF436, 0xF415,
    0xFC36, 0xF416, 0xF415, 0xF395, 0xFF5D, 0xFE7B, 0xF355, 0xBB51, 0xE434, 0xDC13, 0xDBF3, 0xDC14,
    0xDBF3, 0xE3F4, 0xDBF3, 0xD3D3, 0xDBF3, 0xD3D3, 0xD3B2, 0xD3D3, 0xD3B2, 0xD3B3, 0xCBB2, 0xCB92,
    0xCB92, 0xCB92, 0xC371, 0xC372, 0xC371, 0xC372, 0xC351, 0xBB51, 0xC351, 0xBB31, 0xB330, 0xBB30,
    0xBB51, 0xBB51, 0xC372, 0xBB72, 0xBB71, 0xC392, 0xC392, 0xC392, 0xCBB3, 0xC3B2, 0xCBB3, 0xCBD3,
    0xCBB3, 0xD3D4, 0xD3D3, 0xD3D3, 0xD3F4, 0xD3F4, 0xDC14, 0xDC14, 0xD414, 0xDC35, 0xDC34, 0xDC34,
    0xDC35, 0xDC34, 0xE455, 0xE455, 0xBBB2, 0xFBD8, 0xFF5E, 0xF69C, 0xF375, 0xF436, 0xF437, 0xF437,
    0xF436, 0xF457, 0xF456, 0xEC56, 0xF477, 0xEC56, 0xF477, 0xF456, 0xEC56, 0xF456, 0xEC56, 0xEC35,
    0xEC56, 0xEC35, 0xF456, 0xEC35, 0xEC35, 0xEC35, 0xEC35, 0xEC15, 0xEC35, 0xEC15, 0xEC35, 0xEC15,
    0xEBF4, 0xEC15, 0xEC14, 0xE3F4, 0xEC14, 0xEBF4, 0xEC14, 0xEBF4, 0xE3F4, 0xEBF4, 0xEBF4, 0xE3D3,
    0xEBF4, 0xEBD3, 0xF3F4, 0xEBD3, 0xEBD3, 0xEBD4, 0xEBD3, 0xEBB3, 0xF3D3, 0xEBB3, 0xF3D3, 0xF3B3,
    0xEBB2, 0xF3B3, 0xF3B2, 0xEB92, 0xF393, 0xF392, 0xFB93, 0xF392, 0xF371, 0xFB72, 0xF372, 0xF371,
    0xFB72, 0xF371, 0xFB92, 0xF372, 0xF371, 0xFB92, 0xF371, 0xF371, 0xFB71, 0xF371, 0xFB72, 0xFB71,
    0xF351, 0xFB71, 0xF351, 0xF350, 0xFB51, 0xF351, 0xFB71, 0xFB71, 0xF350, 0xFB71, 0xF350, 0xF350,
    0xFB51, 0xF350, 0xFB71, 0xFB50, 0xF350, 0xFB71, 0xFB50, 0xF350, 0xFB50, 0xF350, 0xFB50, 0xFB50,
    0xF330, 0xFB50, 0xF350, 0xF34F, 0xFB50, 0xF350, 0xFB50, 0xFB50, 0xF32F, 0xFB50, 0xF350, 0xF34F,
    0xFB50, 0xF350, 0xFB50, 0xFB50, 0xF34F, 0xFB50, 0xF34F, 0xF34F, 0xFB50, 0xF34F, 0xFB50, 0xFB50,
    0xF34F, 0xFB70, 0xFB50, 0xF34F, 0xFB50, 0xF34F, 0xFB50, 0xFB4F, 0xF34F, 0xFB50, 0xFB4F, 0xF34F,
    0xFB50, 0xF34F, 0xFB50, 0xFB50, 0xF34F, 0xFB70, 0xFB50, 0xF34F, 0xFB50, 0xF34F, 0xFB70, 0xFB70,
    0xF34F, 0xFB70, 0xF350, 0xF34F, 0xFB50, 0xF34F, 0xFB70, 0xFB50, 0xF34F, 0xFB50, 0xF350, 0xF34F,
    0xFB50, 0xF350, 0xFB70, 0xFB50, 0xF34F, 0xFB70, 0xFB50, 0xF34F, 0xFB50, 0xF350, 0xFB70, 0xFB70,
    0xF350, 0xFB70, 0xF350, 0xF350, 0xFB70, 0xF370, 0xFB71, 0xFB71, 0xF370, 0xFB71, 0xF371, 0xF370,
    0xFB71, 0xF371, 0xFB71, 0xFB71, 0xF371, 0xFB71, 0xF371, 0xF371, 0xFB71, 0xF371, 0xFB72, 0xF371,
    0xF371, 0xFB72, 0xF371, 0xF371, 0xFB72, 0xF371, 0xFB92, 0xF392, 0xF392, 0xFBB2, 0xF392, 0xF392,
    0xFBB2, 0xF392, 0xFBB3, 0xF3B2, 0xF392, 0xFBB3, 0xF3B2, 0xF3B2, 0xF3B3, 0xF3B3, 0xFBD3, 0xF3D3,
    0xF3B3, 0xF3D3, 0xF3D3, 0xF3D3, 0xF3D4, 0xF3D3, 0xFBF4, 0xF3F4, 0xF3D3, 0xF3F4, 0xF3F4, 0xF3F4,
    0xF3F4, 0xF3F4, 0xF415, 0xF414, 0xF3F4, 0xF415, 0xF415, 0xEC14, 0xF415, 0xF415, 0xF436, 0xF435,
    0xF435, 0xF436, 0xF435, 0xF435, 0xF436, 0xF435, 0xFC36, 0xF436, 0xF415, 0xFC16, 0xF415, 0xF374,
    0xFF5D, 0xFE5B, 0xFB55, 0xC391, 0xE413, 0xE414, 0xE3F3, 0xDBF3, 0xE3F4, 0xDBF3, 0xE3F4, 0xDBF3,
    0xD3D3, 0xDBD3, 0xD3D3, 0xD3B2, 0xD3B3, 0xD3B2, 0xD3B3, 0xCB92, 0xCB92, 0xCB92, 0xCB72, 0xC371,
    0xC371, 0xC351, 0xC371, 0xC351, 0xBB30, 0xBB51, 0xBB30, 0xB330, 0xB351, 0xBB72, 0xBB71, 0xC372,
    0xC372, 0xBB72, 0xC392, 0xC392, 0xC392, 0xCBB3, 0xCBB3, 0xCBD3, 0xCBD3, 0xCBD3, 0xD3F4, 0xD3F3,
    0xD3F3, 0xD414, 0xD414, 0xDC14, 0xDC14, 0xDC14, 0xDC35, 0xDC34, 0xDC34, 0xDC55, 0xDC54, 0xE475,
    0xBBB3, 0xFBB8, 0xFF7E, 0xFE9C, 0xF375, 0xF437, 0xF436, 0xFC57, 0xF457, 0xF436, 0xF457, 0xF456,
    0xEC56, 0xF477, 0xEC56, 0xF477, 0xF456, 0xEC56, 0xF456, 0xEC56, 0xEC35, 0xEC56, 0xEC35, 0xF456,
    0xEC35, 0xEC35, 0xEC35, 0xEC35, 0xEC14, 0xEC15, 0xEC14, 0xEC15, 0xEC15, 0xE3F4, 0xEC15, 0xEBF4,
    0xE3F4, 0xEBF4, 0xE3F4, 0xEBF4, 0xEBF4, 0xE3F3, 0xEBF4, 0xEBF4, 0xE3D3, 0xEBF4, 0xEBD3, 0xEBF4,
    0xEBD3, 0xEBD3, 0xEBD3, 0xEBD3, 0xEBB3, 0xF3D3, 0xEBB3, 0xF3D3, 0xF3B3, 0xEB92, 0xF3B3, 0xF392,
    0xEB92, 0xF392, 0xF392, 0xFB92, 0xF372, 0xF371, 0xFB72, 0xF372, 0xF371, 0xFB72, 0xF371, 0xFB92,
    0xF392, 0xF371, 0xFB92, 0xF371, 0xF371, 0xFB71, 0xF371, 0xFB72, 0xFB71, 0xF351, 0xFB71, 0xF351,
    0xF350, 0xFB51, 0xF351, 0xFB71, 0xFB71, 0xF350, 0xFB71, 0xF350, 0xF350, 0xFB51, 0xF350, 0xFB71,
    0xFB50, 0xF350, 0xFB71, 0xF350, 0xF350, 0xFB50, 0xF350, 0xFB50, 0xFB50, 0xF350, 0xFB50, 0xF350,
    0xF34F, 0xFB50, 0xF350, 0xFB50, 0xFB50, 0xF34F, 0xFB50, 0xFB50, 0xF34F, 0xFB50, 0xF34F, 0xFB50,
    0xFB50, 0xF34F, 0xFB50, 0xF34F, 0xF34F, 0xFB50, 0xF34F, 0xFB50, 0xFB50, 0xF34F, 0xFB70, 0xF34F,
    0xF34F, 0xFB50, 0xF34F, 0xFB70, 0xFB4F, 0xF34F, 0xFB70, 0xFB4F, 0xF34F, 0xFB50, 0xF34F, 0xFB50,
    0xFB50, 0xF34F, 0xFB70, 0xFB50, 0xF34F, 0xFB50, 0xF34F, 0xFB70, 0xFB50, 0xF34F, 0xFB70, 0xFB50,
    0xF34F, 0xFB50, 0xF34F, 0xFB70, 0xFB50, 0xF34F, 0xFB50, 0xFB50, 0xF34F, 0xFB50, 0xF350, 0xFB70,
    0xFB50, 0xF34F, 0xFB70, 0xF350, 0xF34F, 0xFB50, 0xF350, 0xFB70, 0xFB70, 0xF350, 0xFB70, 0xF350,
    0xF350, 0xFB70, 0xF370, 0xFB71, 0xFB71, 0xF370, 0xFB71, 0xF371, 0xF370, 0xFB71, 0xF371, 0xFB71,
    0xFB71, 0xF371, 0xFB71, 0xFB71, 0xF371, 0xFB71, 0xF371, 0xFB71, 0xFB71, 0xF371, 0xFB92, 0xFB71,
    0xF371, 0xFB92, 0xF371, 0xFB92, 0xFB92, 0xF392, 0xFBB2, 0xF392, 0xF392, 0xFB92, 0xF392, 0xFBB3,
    0xFBB2, 0xF392, 0xFBB3, 0xF3B2, 0xF3B2, 0xF3B3, 0xF3B3, 0xFBD3, 0xF3D3, 0xF3B3, 0xF3D3, 0xF3D3,
    0xF3D3, 0xF3D4, 0xF3D3, 0xFBF4, 0xF3F4, 0xF3D3, 0xF3F4, 0xF3F4, 0xF3F4, 0xF3F4, 0xF3F4, 0xF415,
    0xF414, 0xF3F4, 0xF415, 0xF415, 0xEC14, 0xF415, 0xF415, 0xF436, 0xF435, 0xF435, 0xF436, 0xF435,
    0xF435, 0xF436, 0xF435, 0xFC36, 0xF416, 0xF415, 0xFC16, 0xF374, 0xFF5D, 0xFE5B, 0xF355, 0xC392,
    0xEC34, 0xE3F3, 0xE414, 0xE3F3, 0xDBF3, 0xE3F3, 0xDBD3, 0xDBF4, 0xDBD3, 0xD3D3, 0xDBD3, 0xD3B3,
    0xD3B2, 0xD3B3, 0xCB92, 0xD3B2, 0xCB92, 0xCB71, 0xCB92, 0xC371, 0xC351, 0xC371, 0xC351, 0xC351,
    0xBB51, 0xBB30, 0xBB51, 0xBB30, 0xBB51, 0xBB51, 0xBB72, 0xBB71, 0xC392, 0xC392, 0xC392, 0xC3B3,
    0xC392, 0xC392, 0xCBB3, 0xCBB3, 0xD3D3, 0xCBD3, 0xCBD3, 0xD3F4, 0xD3F4, 0xD3F3, 0xD414, 0xD414,
    0xDC35, 0xDC34, 0xD434, 0xDC55, 0xDC34, 0xDC34, 0xDC55, 0xDC74, 0xC3B3, 0xFBD8, 0xFF7D, 0xFEBC,
    0xF375, 0xF436, 0xF437, 0xF436, 0xF457, 0xF457, 0xF456, 0xF477, 0xF456, 0xEC56, 0xF456, 0xEC56,
    0xF456, 0xF456, 0xEC35, 0xF456, 0xEC35, 0xEC35, 0xEC36, 0xEC35, 0xF436, 0xEC35, 0xEC15, 0xEC35,
    0xEC15, 0xE414, 0xEC15, 0xEC14, 0xEC15, 0xEC14, 0xE3F4, 0xEC14, 0xEBF4, 0xE3F4, 0xEBF4, 0xE3F4,
    0xEBF4, 0xEBF4, 0xE3D3, 0xEBF4, 0xEBD3, 0xE3D3, 0xEBD4, 0xEBD3, 0xEBD4, 0xEBD3, 0xEBB3, 0xEBD3,
    0xEBB3, 0xEBB2, 0xF3B3, 0xEBB3, 0xF3B3, 0xF3B3, 0xEB92, 0xF3B3, 0xF392, 0xEB92, 0xF392, 0xF392,
    0xFB92, 0xF392, 0xF372, 0xF392, 0xF372, 0xF371, 0xF392, 0xF371, 0xFB92, 0xF371, 0xF371, 0xFB92,
    0xF371, 0xF371, 0xFB71, 0xF371, 0xFB71, 0xFB71, 0xF351, 0xFB71, 0xF351, 0xF350, 0xFB71, 0xF350,
    0xFB71, 0xFB71, 0xF350, 0xFB71, 0xF350, 0xF350, 0xFB51, 0xF350, 0xFB71, 0xFB50, 0xF350, 0xFB70,
    0xF350, 0xF350, 0xFB50, 0xF350, 0xFB50, 0xFB50, 0xF350, 0xFB50, 0xF350, 0xF34F, 0xFB50, 0xF350,
    0xFB50, 0xFB50, 0xF34F, 0xFB50, 0xF350, 0xF34F, 0xFB50, 0xF34F, 0xFB50, 0xFB50, 0xF32F, 0xFB50,
    0xF34F, 0xF34F, 0xFB50, 0xF34F, 0xFB70, 0xFB50, 0xF34F, 0xFB70, 0xF34F, 0xF34F, 0xFB50, 0xF34F,
    0xFB50, 0xFB4F, 0xF34F, 0xFB50, 0xFB4F, 0xF34F, 0xFB50, 0xF34F, 0xFB50, 0xFB50, 0xF34F, 0xFB70,
    0xFB50, 0xF34F, 0xFB50, 0xF34F, 0xFB70, 0xFB70, 0xF34F, 0xFB50, 0xFB50, 0xF34F, 0xFB50, 0xF34F,
    0xFB70, 0xFB50, 0xF34F, 0xFB50, 0xFB50, 0xF34F, 0xFB50, 0xF350, 0xFB70, 0xFB50, 0xF34F, 0xFB70,
    0xF350, 0xF34F, 0xFB50, 0xF350, 0xFB70, 0xFB70, 0xF350, 0xFB70, 0xF350, 0xF350, 0xFB70, 0xF370,
    0xFB71, 0xFB70, 0xF350, 0xFB71, 0xF370, 0xF370, 0xFB71, 0xF371, 0xFB71, 0xFB71, 0xF371, 0xFB71,
    0xFB71, 0xF371, 0xFB71, 0xF371, 0xFB92, 0xFB91, 0xF371, 0xFB72, 0xF371, 0xF371, 0xFB92, 0xF391,
    0xFB92, 0xFB92, 0xF392, 0xFBB2, 0xF392, 0xF392, 0xFBB2, 0xF392, 0xFBB3, 0xFBB2, 0xF392, 0xFBB3,
    0xF3B2, 0xF3B2, 0xF3B3, 0xF3B3, 0xFBD3, 0xF3D3, 0xF3B3, 0xFBD3, 0xF3D3, 0xF3D3, 0xF3D4, 0xF3D3,
    0xFBF4, 0xF3D4, 0xF3D3, 0xF3F4, 0xF3F4, 0xF3F4, 0xF3F4, 0xF3F4, 0xF415, 0xF414, 0xF3F4, 0xF415,
    0xF415, 0xEC14, 0xF435, 0xF415, 0xF436, 0xF435, 0xF435, 0xF436, 0xF435, 0xF435, 0xF436, 0xF415,
    0xFC36, 0xF415, 0xF415, 0xFB95, 0xFF5D, 0xF65A, 0xF355, 0xC371, 0xEC34, 0xE3F3, 0xE3F3, 0xE3F4,
    0xE3F3, 0xDBD3, 0xE3F3, 0xDBD3, 0xDBD3, 0xDBD3, 0xD3B2, 0xDBD3, 0xD3B2, 0xD392, 0xD3B2, 0xCB92,
    0xD392, 0xCB92, 0xC371, 0xCB72, 0xC371, 0xC351, 0xC351, 0xBB51, 0xC351, 0xBB51, 0xBB30, 0xBB31,
    0xBB72, 0xBB71, 0xBB71, 0xC372, 0xBB72, 0xC392, 0xC392, 0xC392, 0xCBB3, 0xC3B2, 0xC3B2, 0xCBD3,
    0xCBD3, 0xD3F4, 0xD3F3, 0xCBF3, 0xD414, 0xD414, 0xD413, 0xD414, 0xD414, 0xDC35, 0xDC34, 0xD434,
    0xDC55, 0xDC54, 0xD454, 0xDC75, 0xBBB2, 0xFBD8, 0xFF7E, 0xFE9C, 0xF375, 0xF436, 0xF416, 0xF437,
    0xF436, 0xF457, 0xF456, 0xEC56, 0xF477, 0xF456, 0xEC56, 0xF456, 0xEC56, 0xF456, 0xEC56, 0xEC35,
    0xF456, 0xEC35, 0xEC35, 0xEC35, 0xEC35, 0xEC35, 0xEC35, 0xEC15, 0xEC35, 0xEC15, 0xE414, 0xEC15,
    0xEC14, 0xEC15, 0xEC14, 0xE3F4, 0xEC14, 0xEBF4, 0xE3F3, 0xEBF4, 0xE3F4, 0xEBF4, 0xEBF4, 0xE3D3,
    0xEBF4, 0xEBD3, 0xE3D3, 0xEBD3, 0xEBD3, 0xEBD4, 0xEBD3, 0xEBB3, 0xEBD3, 0xEBB3, 0xEBB2, 0xF3B3,
    0xEBB2, 0xF3B3, 0xF3B2, 0xEB92, 0xF3B3, 0xF392, 0xEB92, 0xF392, 0xF392, 0xF392, 0xF392, 0xF371,
    0xF392, 0xF372, 0xF371, 0xF392, 0xF371, 0xFB92, 0xF371, 0xF371, 0xFB92, 0xF371, 0xF371, 0xFB71,
    0xF371, 0xFB71, 0xF371, 0xF351, 0xFB71, 0xF351, 0xF350, 0xFB71, 0xF350, 0xFB71, 0xFB51, 0xF350,
    0xFB71, 0xF350, 0xF350, 0xFB50, 0xF350, 0xFB71, 0xFB50, 0xF350, 0xFB70, 0xF350, 0xF350, 0xFB50,
    0xF350, 0xFB50, 0xFB50, 0xF34F, 0xFB50, 0xF350, 0xF34F, 0xFB50, 0xF34F, 0xFB50, 0xFB50, 0xF34F,
    0xFB50, 0xF34F, 0xF34F, 0xFB50, 0xF34F, 0xFB50, 0xFB50, 0xF34F, 0xFB50, 0xF34F, 0xF34F, 0xFB50,
    0xF34F, 0xFB70, 0xFB4F, 0xF34F, 0xFB70, 0xF34F, 0xF34F, 0xFB50, 0xF34F, 0xFB70, 0xFB4F, 0xF34F,
    0xFB50, 0xFB4F, 0xF34F, 0xFB50, 0xF34F, 0xFB70, 0xFB4F, 0xF34F, 0xFB70, 0xFB4F, 0xF34F, 0xFB50,
    0xF34F, 0xFB70, 0xFB50, 0xF34F, 0xFB70, 0xFB4F, 0xF34F, 0xFB50, 0xF34F, 0xFB70, 0xFB50, 0xF34F,
    0xFB70, 0xFB50, 0xF34F, 0xFB50, 0xF350, 0xFB70, 0xFB70, 0xF350, 0xFB70, 0xFB50, 0xF34F, 0xFB50,
    0xF350, 0xFB70, 0xFB70, 0xF350, 0xFB70, 0xF350, 0xF350, 0xFB71, 0xF370, 0xFB71, 0xFB70, 0xF350,
    0xFB71, 0xF370, 0xF370, 0xFB71, 0xF371, 0xFB71, 0xFB71, 0xF371, 0xFB91, 0xFB71, 0xF371, 0xFB71,
    0xF371, 0xFB92, 0xFB71, 0xF371, 0xFB92, 0xF371, 0xF371, 0xFB92, 0xF391, 0xFB92, 0xFB92, 0xF392,
    0xFB92, 0xFB92, 0xF392, 0xFBB2, 0xF392, 0xFBB3, 0xFBB2, 0xF392, 0xFBB3, 0xF3B2, 0xF392, 0xFBB3,
    0xF3B3, 0xFBD3, 0xF3D3, 0xF3B3, 0xFBD3, 0xF3D3, 0xF3B3, 0xF3D3, 0xF3D3, 0xFBD4, 0xF3D4, 0xF3D3,
    0xF3F4, 0xF3F4, 0xF3F4, 0xF3F4, 0xF3F4, 0xF415, 0xF415, 0xF3F4, 0xF415, 0xF415, 0xF414, 0xF435,
    0xF415, 0xF436, 0xF435, 0xF435, 0xF436, 0xF435, 0xF415, 0xF436, 0xF415, 0xFC16, 0xF415, 0xF374,
    0xFF7E, 0xFE5B, 0xF334, 0xC371, 0xEC13, 0xEBF4, 0xE3F3, 0xE3D3, 0xE3F4, 0xE3D3, 0xDBD3, 0xDBD3,
    0xDBD3, 0xDBD3, 0xDBD3, 0xD3B2, 0xDBB3, 0xD3B2, 0xCB92, 0xD392, 0xCB92, 0xD392, 0xCB72, 0xC371,
    0xCB72, 0xC351, 0xBB51, 0xC351, 0xBB51, 0xC351, 0xBB30, 0xBB30, 0xBB51, 0xBB72, 0xBB71, 0xBB71,
    0xC392, 0xC392, 0xC393, 0xC392, 0xC392, 0xCBB3, 0xCBB3, 0xC3B2, 0xCBD3, 0xCBD3, 0xD3F4, 0xD3F3,
    0xCBF3, 0xD414, 0xD414, 0xD413, 0xD434, 0xD434, 0xDC55, 0xDC54, 0xD434, 0xDC55, 0xDC54, 0xD474,
    0xBBB3, 0xFBB7, 0xFF9E, 0xFE9C, 0xF354, 0xF437, 0xF436, 0xF436, 0xF437, 0xF436, 0xF457, 0xF456,
    0xEC56, 0xF476, 0xF456, 0xEC56, 0xF456, 0xEC56, 0xF456, 0xEC56, 0xEC35, 0xF456, 0xEC35, 0xEC35,
    0xEC35, 0xEC35, 0xEC35, 0xEC35, 0xEC14, 0xEC35, 0xEC14, 0xE3F4, 0xEC15, 0xE3F4, 0xEC15, 0xEBF4,
    0xE3F4, 0xEBF4, 0xEBF4, 0xE3F3, 0xEBF4, 0xE3F3, 0xEBF4, 0xEBF4, 0xE3D3, 0xEBF4, 0xEBD3, 0xE3D3,
    0xEBD3, 0xEBD3, 0xEBD3, 0xEBD3, 0xEBB3, 0xEBD3, 0xEBB3, 0xEBB2, 0xF3B3, 0xEBB2, 0xF3B3, 0xF3B2,
    0xEB92, 0xF3B2, 0xF392, 0xEB92, 0xF392, 0xF392, 0xF392, 0xF392, 0xF371, 0xF392, 0xF371, 0xF371,
    0xF392, 0xF371, 0xFB92, 0xF371, 0xF371, 0xFB71, 0xF371, 0xF371, 0xFB71, 0xF371, 0xFB71, 0xF371,
    0xF350, 0xFB71, 0xF351, 0xF350, 0xFB71, 0xF350, 0xFB71, 0xFB50, 0xF350, 0xFB71, 0xF350, 0xF350,
    0xFB50, 0xF350, 0xFB71, 0xFB50, 0xF350, 0xFB70, 0xF350, 0xF34F, 0xFB50, 0xF350, 0xFB50, 0xFB50,
    0xF34F, 0xFB50, 0xFB50, 0xF32F, 0xFB50, 0xF34F, 0xFB50, 0xFB50, 0xF34F, 0xFB50, 0xFB4F, 0xF34F,
    0xFB50, 0xF34F, 0xFB50, 0xFB4F, 0xF34F, 0xFB50, 0xF34F, 0xF34F, 0xFB50, 0xF34F, 0xFB70, 0xFB4F,
    0xF34F, 0xFB70, 0xF34F, 0xF34F, 0xFB50, 0xF34F, 0xFB50, 0xFB4F, 0xF34F, 0xFB50, 0xFB4F, 0xF34F,
    0xFB50, 0xF34F, 0xFB70, 0xFB50, 0xF34F, 0xFB70, 0xFB4F, 0xF34F, 0xFB50, 0xF34F, 0xFB70, 0xFB50,
    0xF34F, 0xFB70, 0xFB4F, 0xF34F, 0xFB50, 0xF350, 0xFB70, 0xFB50, 0xF34F, 0xFB70, 0xF350, 0xF34F,
    0xFB50, 0xF350, 0xFB70, 0xFB70, 0xF34F, 0xFB70, 0xFB50, 0xF34F, 0xFB70, 0xF350, 0xFB70, 0xFB50,
    0xF350, 0xFB70, 0xF370, 0xF350, 0xFB71, 0xF370, 0xFB71, 0xFB70, 0xF350, 0xFB71, 0xFB71, 0xF370,
    0xFB71, 0xF371, 0xFB71, 0xFB71, 0xF371, 0xFB91, 0xF371, 0xF371, 0xFB71, 0xF371, 0xFB92, 0xFB71,
    0xF371, 0xFB92, 0xFB71, 0xF371, 0xFB92, 0xF392, 0xFB92, 0xFB92, 0xF392, 0xFB92, 0xFB92, 0xF392,
    0xFB92, 0xF392, 0xFBB3, 0xFBB2, 0xF392, 0xFBB3, 0xF392, 0xF392, 0xFBB3, 0xF3B3, 0xFBD3, 0xF3B3,
    0xF3B3, 0xFBD3, 0xF3D3, 0xF3B3, 0xF3D4, 0xF3D3, 0xFBD4, 0xF3D4, 0xF3D3, 0xF3F4, 0xF3F4, 0xF3F4,
    0xF3F4, 0xF3F4, 0xF415, 0xF415, 0xF3F4, 0xF415, 0xF415, 0xF414, 0xF415, 0xF415, 0xFC36, 0xF435,
    0xF435, 0xFC36, 0xF435, 0xF415, 0xF416, 0xF415, 0xFC16, 0xF394, 0xFF5D, 0xFE7B, 0xF334, 0xBB51,
    0xEC14, 0xE3F3, 0xEBF4, 0xE3F3, 0xE3D3, 0xE3F3, 0xE3D3, 0xDBD3, 0xDBD3, 0xDBB3, 0xDBD3, 0xDBB3,
    0xD392, 0xD3B3, 0xD392, 0xCB92, 0xD392, 0xCB72, 0xCB72, 0xCB71, 0xC351, 0xCB71, 0xC351, 0xBB30,
    0xC351, 0xBB30, 0xC331, 0xBB30, 0xBB71, 0xBB51, 0xC372, 0xBB72, 0xBB71, 0xC392, 0xC392, 0xCBB3,
    0xC3B2, 0xC3B2, 0xCBD3, 0xCBD3, 0xCBD2, 0xCBF3, 0xCBF3, 0xD414, 0xD414, 0xCBF3, 0xD434, 0xD414,
    0xD434, 0xD434, 0xD434, 0xDC55, 0xD454, 0xD454, 0xDC75, 0xD494, 0xBBB2, 0xFBB8, 0xFF7E, 0xFE9C,
    0xF355, 0xF416, 0xF436, 0xF436, 0xF436, 0xF457, 0xF456, 0xF457, 0xF456, 0xEC56, 0xF456, 0xEC56,
    0xEC35, 0xF456, 0xEC35, 0xF456, 0xEC55, 0xEC35, 0xEC36, 0xEC35, 0xEC15, 0xEC35, 0xEC15, 0xEC35,
    0xEC15, 0xEC14, 0xEC15, 0xEC14, 0xE3F4, 0xEC14, 0xE3F4, 0xEC14, 0xEBF4, 0xE3F4, 0xEBF4, 0xE3F4,
    0xE3D3, 0xEBF4, 0xE3D3, 0xEBF4, 0xEBD3, 0xE3D3, 0xEBD4, 0xEBD3, 0xE3B3, 0xEBD3, 0xEBB3, 0xEBD3,
    0xEBB3, 0xEBB2, 0xEBB3, 0xEBB3, 0xEB92, 0xEBB3, 0xEBB2, 0xF3B3, 0xF3B2, 0xEB92, 0xF3B2, 0xF392,
    0xEB91, 0xF392, 0xF392, 0xF392, 0xF392, 0xF371, 0xF392, 0xF371, 0xF371, 0xF372, 0xF371, 0xFB92,
    0xF371, 0xF371, 0xFB71, 0xF371, 0xF350, 0xFB71, 0xF371, 0xFB71, 0xF371, 0xF350, 0xFB71, 0xF350,
    0xF350, 0xFB51, 0xF350, 0xFB71, 0xFB50, 0xF350, 0xFB71, 0xF350, 0xF350, 0xFB50, 0xF350, 0xFB70,
    0xFB50, 0xF350, 0xFB70, 0xF350, 0xF34F, 0xFB50, 0xF350, 0xFB50, 0xFB50, 0xF34F, 0xFB50, 0xF34F,
    0xF32F, 0xFB50, 0xF34F, 0xFB50, 0xFB50, 0xF34F, 0xFB50, 0xF34F, 0xF34F, 0xFB50, 0xF34F, 0xFB50,
    0xFB4F, 0xF34F, 0xFB50, 0xF34F, 0xF34F, 0xFB50, 0xF34F, 0xFB70, 0xFB4F, 0xF34F, 0xFB70, 0xF34F,
    0xF34F, 0xFB4F, 0xF34F, 0xFB70, 0xFB4F, 0xF34F, 0xFB50, 0xF34F, 0xF34F, 0xFB50, 0xF34F, 0xFB70,
    0xFB50, 0xF34F, 0xFB50, 0xFB4F, 0xF34F, 0xFB50, 0xF34F, 0xFB70, 0xFB50, 0xF34F, 0xFB70, 0xF350,
    0xF34F, 0xFB50, 0xF34F, 0xFB70, 0xFB50, 0xF34F, 0xFB70, 0xFB50, 0xF34F, 0xFB50, 0xF350, 0xFB70,
    0xFB70, 0xF34F, 0xFB70, 0xFB50, 0xF34F, 0xFB70, 0xF350, 0xFB70, 0xFB70, 0xF350, 0xFB70, 0xF350,
    0xF350, 0xFB71, 0xF370, 0xFB71, 0xFB70, 0xF350, 0xFB71, 0xFB71, 0xF350, 0xFB71, 0xF371, 0xFB71,
    0xFB71, 0xF371, 0xFB71, 0xFB71, 0xF371, 0xFB71, 0xF371, 0xFB92, 0xFB91, 0xF371, 0xFB92, 0xF371,
    0xF371, 0xFB92, 0xF391, 0xFB92, 0xFB92, 0xF392, 0xFB92, 0xFB92, 0xF392, 0xFB92, 0xF392, 0xFBB3,
    0xFBB2, 0xF392, 0xFBB3, 0xF3B2, 0xF392, 0xFBB3, 0xF3B3, 0xFBD3, 0xF3B3, 0xF3B3, 0xFBD3, 0xF3B3,
    0xF3B3, 0xFBD3, 0xF3D3, 0xFBD4, 0xF3D4, 0xF3D3, 0xF3F4, 0xF3F4, 0xF3F4, 0xF3F4, 0xF3F4, 0xF415,
    0xF415, 0xF3F4, 0xF415, 0xF415, 0xF415, 0xF415, 0xF415, 0xFC36, 0xF435, 0xF415, 0xFC36, 0xF415,
    0xF415, 0xF416, 0xF415, 0xFB95, 0xFF5D, 0xF65B, 0xFB35, 0xC351, 0xEBF3, 0xEBF4, 0xE3D3, 0xEBF4,
    0xE3D3, 0xE3D3, 0xE3D3, 0xDBD3, 0xDBB2, 0xDBD3, 0xDBB2, 0xDBB3, 0xDBB2, 0xD392, 0xD3B2, 0xD392,
    0xCB71, 0xCB72, 0xCB71, 0xCB72, 0xCB71, 0xC351, 0xC351, 0xC351, 0xBB30, 0xC331, 0xBB30, 0xBB31,
    0xBB72, 0xBB71, 0xBB71, 0xC392, 0xBB72, 0xBB71, 0xC392, 0xC392, 0xCBB3, 0xC3B2, 0xC3B2, 0xCBD3,
    0xCBD3, 0xCBD3, 0xCBF3, 0xCBF3, 0xD414, 0xD414, 0xCC13, 0xD434, 0xD434, 0xD434, 0xD454, 0xD454,
    0xDC75, 0xD474, 0xD454, 0xD4B5, 0xBBB2, 0xFB97, 0xFF7E, 0xFE9C, 0xFB75, 0xF436, 0xF416, 0xF437,
    0xF436, 0xEC36, 0xF456, 0xF456, 0xF457, 0xF456, 0xEC56, 0xF456, 0xEC56, 0xEC35, 0xF456, 0xEC35,
    0xF456, 0xEC35, 0xEC35, 0xEC35, 0xEC35, 0xEC14, 0xEC35, 0xEC15, 0xEC15, 0xEC15, 0xE3F4, 0xEC15,
    0xEBF4, 0xE3F4, 0xEBF4, 0xE3F4, 0xEBF4, 0xEBF4, 0xE3D3, 0xEBF4, 0xE3D4, 0xE3D3, 0xEBD4, 0xE3D3,
    0xEBD4, 0xEBD3, 0xE3D3, 0xEBD3, 0xEBD3, 0xE3B3, 0xEBD3, 0xEBB3, 0xEBD3, 0xEBB3, 0xEBB2, 0xEBB3,
    0xEBB2, 0xEB92, 0xEBB2, 0xEB92, 0xF3B3, 0xF392, 0xEB92, 0xF3B2, 0xF392, 0xEB91, 0xF392, 0xF391,
    0xF392, 0xF392, 0xF371, 0xF392, 0xF371, 0xF371, 0xF371, 0xF371, 0xFB72, 0xF371, 0xF371, 0xFB71,
    0xF371, 0xF350, 0xFB71, 0xF350, 0xFB71, 0xF351, 0xF350, 0xFB71, 0xF350, 0xF350, 0xFB51, 0xF350,
    0xFB71, 0xFB50, 0xF350, 0xFB70, 0xF350, 0xF350, 0xFB50, 0xF350, 0xFB70, 0xFB50, 0xF350, 0xFB70,
    0xF350, 0xF34F, 0xFB50, 0xF350, 0xFB50, 0xFB50, 0xF34F, 0xFB50, 0xF350, 0xF32F, 0xFB50, 0xF34F,
    0xFB50, 0xFB50, 0xF34F, 0xFB50, 0xFB4F, 0xF34F, 0xFB50, 0xF34F, 0xFB50, 0xFB4F, 0xF34F, 0xFB70,
    0xFB4F, 0xF34F, 0xFB4F, 0xF34F, 0xFB70, 0xFB4F, 0xF34F, 0xFB70, 0xF34F, 0xF34F, 0xFB4F, 0xF34F,
    0xFB50, 0xFB4F, 0xF34F, 0xFB50, 0xFB4F, 0xF34F, 0xFB50, 0xF34F, 0xFB70, 0xFB50, 0xF34F, 0xFB50,
    0xFB4F, 0xF34F, 0xFB50, 0xF34F, 0xFB70, 0xFB50, 0xF34F, 0xFB70, 0xFB50, 0xF34F, 0xFB70, 0xF34F,
    0xFB70, 0xFB50, 0xF34F, 0xFB70, 0xFB50, 0xF34F, 0xFB50, 0xF350, 0xFB70, 0xFB50, 0xF34F, 0xFB70,
    0xFB50, 0xF34F, 0xFB50, 0xF350, 0xFB70, 0xFB70, 0xF350, 0xFB70, 0xFB50, 0xF350, 0xFB70, 0xF350,
    0xFB71, 0xFB71, 0xF350, 0xFB71, 0xFB71, 0xF370, 0xFB71, 0xF371, 0xFB71, 0xFB71, 0xF371, 0xFB71,
    0xFB71, 0xF371, 0xFB71, 0xF371, 0xFB92, 0xF391, 0xF371, 0xFB92, 0xF371, 0xF371, 0xFB92, 0xF391,
    0xFB92, 0xFB92, 0xF392, 0xFBB2, 0xF392, 0xF392, 0xFB92, 0xF392, 0xFBB3, 0xFBB2, 0xF392, 0xFBB3,
    0xF3B3, 0xF392, 0xFBB3, 0xF3B3, 0xFBB3, 0xFBB3, 0xF3B3, 0xFBD3, 0xF3B3, 0xF3B3, 0xFBD3, 0xF3D3,
    0xFBD4, 0xF3D4, 0xF3D3, 0xF3F4, 0xF3F4, 0xF3F4, 0xF3F4, 0xF3F4, 0xFC15, 0xF415, 0xF3F4, 0xF415,
    0xF415, 0xF415, 0xF415, 0xF415, 0xFC36, 0xF435, 0xF415, 0xFC36, 0xF415, 0xF415, 0xFC16, 0xF374,
    0xFF5E, 0xFE5B, 0xF334, 0xC371, 0xEBF3, 0xE3D3, 0xEBF3, 0xE3D3, 0xE3F4, 0xE3D3, 0xDBD3, 0xE3D3,
    0xDBB3, 0xDBB2, 0xDBB3, 0xDBB2, 0xDBB3, 0xD3B2, 0xD392, 0xD392, 0xCB72, 0xCB71, 0xCB72, 0xCB71,
    0xCB72, 0xC351, 0xC351, 0xC351, 0xC331, 0xBB30, 0xBB31, 0xBB30, 0xBB51, 0xBB72, 0xBB72, 0xBB71,
    0xC392, 0xC392, 0xBB92, 0xC3B2, 0xC3B2, 0xCBB3, 0xCBD3, 0xC3B2, 0xCBF3, 0xCBD3, 0xCBF3, 0xCBF3,
    0xCC13, 0xD414, 0xD434, 0xCC13, 0xD454, 0xD434, 0xCC34, 0xD454, 0xD454, 0xD475, 0xD474, 0xCC94,
    0xC3D3, 0xFBB7, 0xFF7D, 0xFE9C, 0xF354, 0xFC36, 0xF436, 0xF416, 0xF437, 0xF436, 0xEC36, 0xF456,
    0xEC56, 0xF456, 0xF456, 0xEC36, 0xF456, 0xEC36, 0xEC35, 0xEC36, 0xEC35, 0xF436, 0xEC35, 0xEC15,
    0xEC35, 0xEC15, 0xE414, 0xEC15, 0xEC14, 0xEC15, 0xEC14, 0xE3F4, 0xEC15, 0xEBF4, 0xE3F4, 0xEBF4,
    0xE3F4, 0xEBF4, 0xEBF4, 0xE3D3, 0xEBF4, 0xE3D3, 0xE3D3, 0xEBD4, 0xE3D3, 0xEBD4, 0xEBD3, 0xE3B3,
    0xEBD3, 0xEBB3, 0xE3B2, 0xEBB3, 0xEBB3, 0xEBB3, 0xEBB3, 0xEBB2, 0xEBB3, 0xEBB2, 0xEB92, 0xEBB2,
    0xEB92, 0xF3B2, 0xF392, 0xEB92, 0xF392, 0xF392, 0xEB91, 0xF392, 0xF391, 0xF392, 0xF392, 0xF371,
    0xF392, 0xF371, 0xF371, 0xF371, 0xF371, 0xFB71, 0xF371, 0xF351, 0xFB71, 0xF351, 0xF350, 0xFB51,
    0xF350, 0xFB71, 0xF351, 0xF350, 0xFB71, 0xF350, 0xF350, 0xFB50, 0xF350, 0xFB71, 0xFB50, 0xF350,
    0xFB70, 0xF350, 0xF350, 0xFB50, 0xF350, 0xFB70, 0xFB50, 0xF350, 0xFB70, 0xF350, 0xF34F, 0xFB50,
    0xF350, 0xFB50, 0xFB50, 0xF34F, 0xFB50, 0xFB50, 0xF34F, 0xFB50, 0xF34F, 0xFB50, 0xFB50, 0xF34F,
    0xFB50, 0xFB4F, 0xF34F, 0xFB50, 0xF34F, 0xFB50, 0xFB4F, 0xF34F, 0xFB70, 0xFB4F, 0xF34F, 0xFB6F,
    0xF34F, 0xFB50, 0xFB4F, 0xF34F, 0xFB70, 0xF34F, 0xF34F, 0xFB4F, 0xF34F, 0xFB70, 0xFB4F, 0xF34F,
    0xFB50, 0xF34F, 0xF34F, 0xFB50, 0xF34F, 0xFB70, 0xFB4F, 0xF34F, 0xFB70, 0xF34F, 0xF34F, 0xFB70,
    0xF34F, 0xFB70, 0xFB50, 0xF34F, 0xFB70, 0xF350, 0xF34F, 0xFB70, 0xF350, 0xFB70, 0xFB50, 0xF34F,
    0xFB70, 0xFB50, 0xF34F, 0xFB50, 0xF34F, 0xFB70, 0xFB50, 0xF350, 0xFB70, 0xF350, 0xF34F, 0xFB70,
    0xF350, 0xFB70, 0xFB70, 0xF350, 0xFB70, 0xF370, 0xF350, 0xFB70, 0xF350, 0xFB71, 0xFB71, 0xF350,
    0xFB71, 0xFB71, 0xF370, 0xFB71, 0xF370, 0xFB71, 0xFB71, 0xF370, 0xFB71, 0xF371, 0xF370, 0xFB71,
    0xF371, 0xFB92, 0xFB71, 0xF371, 0xFB92, 0xFB71, 0xF371, 0xFB92, 0xF391, 0xFB92, 0xFB92, 0xF372,
    0xFB92, 0xF392, 0xF392, 0xFB92, 0xF392, 0xFBB3, 0xFBB2, 0xF392, 0xFBB3, 0xF393, 0xF392, 0xFBB3,
    0xF3B3, 0xFBB3, 0xFBB3, 0xF3B3, 0xFBB3, 0xF3B3, 0xF3B3, 0xFBB3, 0xF3D3, 0xFBD4, 0xF3D4, 0xF3D3,
    0xF3F4, 0xF3F4, 0xF3F4, 0xF3F4, 0xF3F4, 0xFC15, 0xF415, 0xF3F4, 0xF415, 0xF415, 0xF415, 0xF415,
    0xF415, 0xFC36, 0xF435, 0xF415, 0xFC16, 0xF415, 0xF3F5, 0xFB74, 0xFF5D, 0xFE7B, 0xF355, 0xC351,
    0xF3F4, 0xE3D3, 0xE3D3, 0xE3D3, 0xE3D3, 0xE3D4, 0xE3D3, 0xDBB3, 0xE3D3, 0xDBB3, 0xDBB2, 0xDBB3,
    0xD392, 0xDBB3, 0xD392, 0xCB72, 0xD392, 0xCB72, 0xCB71, 0xCB72, 0xC351, 0xCB71, 0xC351, 0xC330,
    0xC351, 0xBB30, 0xBB30, 0xBB30, 0xBB71, 0xBB71, 0xC372, 0xBB72, 0xBB71, 0xC392, 0xC392, 0xBB92,
    0xC3B2, 0xC3B2, 0xCBD3, 0xCBD3, 0xC3D2, 0xCBF3, 0xCBF3, 0xCBF3, 0xCC14, 0xCC13, 0xD434, 0xD434,
    0xCC34, 0xD454, 0xD454, 0xCC54, 0xD474, 0xCC74, 0xD475, 0xCCB4, 0xBBB2, 0xFBB8, 0xFF5D, 0xF67B,
    0xF355, 0xF416, 0xFC36, 0xF436, 0xF436, 0xF437, 0xF436, 0xEC36, 0xF456, 0xEC56, 0xF456, 0xF456,
    0xEC35, 0xF456, 0xEC35, 0xEC35, 0xEC35, 0xEC35, 0xF436, 0xEC35, 0xEC15, 0xEC35, 0xEC15, 0xE414,
    0xEC15, 0xEC14, 0xEC15, 0xEC14, 0xE3F4, 0xEC14, 0xEBF4, 0xE3F3, 0xEBF4, 0xE3F4, 0xEBF4, 0xEBF4,
    0xE3D3, 0xEBF4, 0xE3D3, 0xE3D3, 0xEBD3, 0xE3D3, 0xEBD4, 0xEBD3, 0xE3B3, 0xEBD3, 0xEBB3, 0xE3B2,
    0xEBB3, 0xEBB2, 0xEBB3, 0xEBB3, 0xEB92, 0xEBB3, 0xEB92, 0xEB92, 0xEBB2, 0xEB92, 0xF3B2, 0xEB92,
    0xEB91, 0xF392, 0xF392, 0xEB71, 0xF392, 0xF391, 0xF392, 0xF391, 0xF371, 0xF392, 0xF371, 0xF371,
    0xF371, 0xF371, 0xFB71, 0xF371, 0xF350, 0xFB71, 0xF351, 0xF350, 0xFB51, 0xF350, 0xFB71, 0xFB50,
    0xF350, 0xFB71, 0xF350, 0xF350, 0xFB50, 0xF350, 0xFB71, 0xFB50, 0xF350, 0xFB70, 0xF350, 0xF350,
    0xFB50, 0xF350, 0xFB70, 0xFB50, 0xF350, 0xFB50, 0xF350, 0xF34F, 0xFB50, 0xF34F, 0xFB50, 0xFB50,
    0xF34F, 0xFB50, 0xFB4F, 0xF34F, 0xFB50, 0xF34F, 0xFB50, 0xFB4F, 0xF32F, 0xFB50, 0xF34F, 0xF32F,
    0xFB4F, 0xF34F, 0xFB70, 0xFB6F, 0xF34F, 0xFB70, 0xF34F, 0xF34F, 0xFB50, 0xF34F, 0xFB70, 0xFB4F,
    0xF34F, 0xFB70, 0xF34F, 0xF34F, 0xFB50, 0xF34F, 0xFB70, 0xFB4F, 0xF34F, 0xFB70, 0xF34F, 0xF34F,
    0xFB50, 0xF34F, 0xFB70, 0xFB50, 0xF34F, 0xFB70, 0xF350, 0xF34F, 0xFB70, 0xF34F, 0xFB70, 0xFB70,
    0xF34F, 0xFB70, 0xF350, 0xF34F, 0xFB70, 0xF350, 0xFB70, 0xFB50, 0xF34F, 0xFB70, 0xFB50, 0xF34F,
    0xFB50, 0xF34F, 0xFB70, 0xFB50, 0xF350, 0xFB70, 0xF350, 0xF350, 0xFB70, 0xF350, 0xFB70, 0xFB70,
    0xF350, 0xFB71, 0xF350, 0xF350, 0xFB70, 0xF350, 0xFB71, 0xFB70, 0xF350, 0xFB71, 0xF371, 0xF350,
    0xFB71, 0xF370, 0xFB71, 0xFB71, 0xF350, 0xFB71, 0xF371, 0xF371, 0xFB71, 0xF371, 0xFB92, 0xFB71,
    0xF371, 0xFB92, 0xF371, 0xF371, 0xFB92, 0xF391, 0xFB92, 0xFB92, 0xF392, 0xFBB2, 0xF392, 0xF392,
    0xFB92, 0xF392, 0xFBB3, 0xFBB2, 0xF392, 0xFBB3, 0xF393, 0xF392, 0xFBB3, 0xF3B3, 0xFBB3, 0xFBB3,
    0xF3B3, 0xFBB3, 0xF3B3, 0xF3B3, 0xFBD4, 0xF3D3, 0xFBD4, 0xF3D4, 0xF3D4, 0xFBF4, 0xF3F4, 0xF3D4,
    0xF3F4, 0xF3F4, 0xFC15, 0xF415, 0xF3F4, 0xF415, 0xF415, 0xF415, 0xF415, 0xF415, 0xFC36, 0xF415,
    0xF415, 0xFC16, 0xF415, 0xF374, 0xFF5D, 0xFE5B, 0xFB55, 0xC371, 0xEBD3, 0xEBF4, 0xE3D3, 0xE3D3,
    0xE3D3, 0xE3D3, 0xE3D3, 0xE3D3, 0xDBB2, 0xE3D3, 0xDBB3, 0xD392, 0xDBB3, 0xD392, 0xDB92, 0xD392,
    0xCB71, 0xD392, 0xCB71, 0xC351, 0xCB51, 0xC351, 0xCB51, 0xC351, 0xBB30, 0xC351, 0xBB30, 0xBB10,
    0xB351, 0xBB71, 0xBB71, 0xC392, 0xBB92, 0xBB71, 0xC3B2, 0xC392, 0xC392, 0xC3B3, 0xC3B2, 0xCBD3,
    0xCBD3, 0xC3D3, 0xCC13, 0xCBF3, 0xCC13, 0xCC34, 0xCC33, 0xD434, 0xCC54, 0xCC34, 0xD474, 0xCC54,
    0xCC54, 0xD474, 0xCC74, 0xD4B4, 0xBBD2, 0xFB77, 0xFF7E, 0xFE7B, 0xF334, 0xF416, 0xF416, 0xF436,
    0xF436, 0xF436, 0xF456, 0xF436, 0xEC36, 0xF456, 0xEC56, 0xF456, 0xEC56, 0xEC35, 0xF456, 0xEC35,
    0xEC35, 0xEC35, 0xEC35, 0xEC35, 0xEC35, 0xEC14, 0xEC35, 0xEC15, 0xE414, 0xEC15, 0xEBF4, 0xEC15,
    0xEBF4, 0xE3F4, 0xEBF4, 0xE3F4, 0xE3D3, 0xEBF4, 0xE3D3, 0xEBF4, 0xE3D4, 0xE3D3, 0xEBF4, 0xE3D3,
    0xE3D3, 0xEBD3, 0xE3D3, 0xEBD3, 0xEBD3, 0xE3B3, 0xEBD3, 0xEBB3, 0xE3B2, 0xEBB3, 0xEBB2, 0xEBB3,
    0xEBB2, 0xEB92, 0xEBB3, 0xEB92, 0xEB92, 0xEB92, 0xEB92, 0xF3B2, 0xEB92, 0xEB91, 0xF392, 0xEB91,
    0xEB71, 0xF392, 0xEB71, 0xF392, 0xF391, 0xF371, 0xF391, 0xF371, 0xF371, 0xF371, 0xF371, 0xFB71,
    0xFB71, 0xF350, 0xFB71, 0xF350, 0xF350, 0xFB51, 0xF350, 0xFB51, 0xFB50, 0xF350, 0xFB71, 0xF350,
    0xF350, 0xFB50, 0xF350, 0xFB50, 0xFB50, 0xF350, 0xFB70, 0xF350, 0xF34F, 0xFB50, 0xF350, 0xFB70,
    0xFB50, 0xF34F, 0xFB50, 0xF350, 0xF34F, 0xFB50, 0xF34F, 0xFB50, 0xFB50, 0xF34F, 0xFB50, 0xFB4F,
    0xF34F, 0xFB50, 0xF34F, 0xFB50, 0xFB4F, 0xF34F, 0xFB50, 0xF34F, 0xF34F, 0xFB4F, 0xF34F, 0xFB70,
    0xF36F, 0xF34F, 0xFB70, 0xF34F, 0xF34F, 0xFB50, 0xF34F, 0xFB70, 0xFB4F, 0xF34F, 0xFB70, 0xF34F,
    0xF34F, 0xFB50, 0xF34F, 0xFB70, 0xFB50, 0xF34F, 0xFB70, 0xF34F, 0xF34F, 0xFB70, 0xF34F, 0xFB70,
    0xF370, 0xF34F, 0xFB70, 0xF370, 0xF34F, 0xFB70, 0xF350, 0xFB70, 0xFB70, 0xF34F, 0xFB70, 0xF350,
    0xF34F, 0xFB70, 0xF350, 0xFB70, 0xFB70, 0xF34F, 0xFB70, 0xFB50, 0xF34F, 0xFB70, 0xF350, 0xFB70,
    0xFB70, 0xF350, 0xFB70, 0xF350, 0xF350, 0xFB70, 0xF350, 0xFB70, 0xF350, 0xF350, 0xFB71, 0xF350,
    0xF350, 0xFB70, 0xF350, 0xFB71, 0xFB71, 0xF350, 0xFB71, 0xFB71, 0xF370, 0xFB71, 0xF371, 0xFB71,
    0xFB71, 0xF351, 0xFB71, 0xFB71, 0xF371, 0xFB71, 0xF371, 0xFB92, 0xFB71, 0xF371, 0xFB92, 0xF371,
    0xF371, 0xFB92, 0xF392, 0xFB92, 0xFB92, 0xF372, 0xFB92, 0xF392, 0xF392, 0xFB92, 0xF392, 0xFBB3,
    0xFBB2, 0xF392, 0xFBB3, 0xF393, 0xF392, 0xFBB3, 0xF3B3, 0xFBB3, 0xFBB3, 0xF393, 0xFBB3, 0xF3B3,
    0xF3B3, 0xFBD4, 0xF3D3, 0xFBD4, 0xF3D4, 0xF3D4, 0xFBF4, 0xF3D4, 0xF3D4, 0xF3F4, 0xF3F4, 0xFC15,
    0xF415, 0xF3F4, 0xF415, 0xF415, 0xF415, 0xF415, 0xF415, 0xFC36, 0xF415, 0xF3F5, 0xFC15, 0xF374,
    0xFF5D, 0xFE5B, 0xF334, 0xCB71, 0xF3D3, 0xE3D3, 0xEBD3, 0xE3D3, 0xE3B3, 0xE3D3, 0xE3B3, 0xE3D3,
    0xE3B3, 0xDBB2, 0xE3B3, 0xDB92, 0xD392, 0xDB92, 0xD392, 0xD392, 0xD372, 0xCB71, 0xCB72, 0xCB51,
    0xC351, 0xCB51, 0xC351, 0xC351, 0xC331, 0xBB30, 0xC331, 0xBB30, 0xBB51, 0xB351, 0xBB72, 0xBB71,
    0xC392, 0xC392, 0xBB92, 0xC3B2, 0xC3B2, 0xC3B2, 0xC3D3, 0xC3D2, 0xCBF3, 0xCBF3, 0xC3F3, 0xCC13,
    0xCC13, 0xCC13, 0xCC34, 0xCC33, 0xD454, 0xCC54, 0xCC54, 0xCC74, 0xCC74, 0xCC74, 0xCC94, 0xCCB4,
    0xBBD3, 0xFB77, 0xFF5D, 0xFE9C, 0xF334, 0xF416, 0xF416, 0xF416, 0xF437, 0xF436, 0xEC36, 0xF456,
    0xF436, 0xEC35, 0xF456, 0xEC36, 0xF456, 0xEC36, 0xEC35, 0xF436, 0xEC35, 0xEC35, 0xEC35, 0xEC15,
    0xEC35, 0xEC15, 0xEC14, 0xEC15, 0xEC14, 0xE3F4, 0xEC14, 0xE3F4, 0xEC15, 0xEBF4, 0xE3F4, 0xEBF4,
    0xE3F4, 0xE3D3, 0xEBF4, 0xE3D3, 0xEBF4, 0xE3D3, 0xE3D3, 0xEBD4, 0xE3D3, 0xE3B3, 0xEBD3, 0xE3D3,
    0xEBD3, 0xEBD3, 0xE3B2, 0xEBD3, 0xEBB3, 0xE3B2, 0xEBB3, 0xEBB2, 0xEBB3, 0xEBB2, 0xEB92, 0xEBB2,
    0xEB92, 0xEB91, 0xEB92, 0xEB92, 0xF392, 0xEB92, 0xEB91, 0xF392, 0xEB91, 0xEB71, 0xF392, 0xEB71,
    0xF392, 0xF371, 0xF371, 0xF391, 0xF371, 0xF370, 0xF371, 0xF371, 0xFB71, 0xFB71, 0xF350, 0xFB71,
    0xFB50, 0xF350, 0xFB50, 0xF350, 0xFB51, 0xFB50, 0xF350, 0xFB70, 0xFB50, 0xF350, 0xFB50, 0xF350,
    0xFB70, 0xFB50, 0xF350, 0xFB50, 0xF350, 0xF34F, 0xFB50, 0xF350, 0xFB50, 0xFB50, 0xF34F, 0xFB50,
    0xF350, 0xF34F, 0xFB50, 0xF34F, 0xFB50, 0xFB50, 0xF34F, 0xFB70, 0xF34F, 0xF34F, 0xFB50, 0xF34F,
    0xFB50, 0xFB4F, 0xF34F, 0xFB70, 0xF34F, 0xF34F, 0xFB6F, 0xF34F, 0xFB70, 0xFB6F, 0xF34F, 0xFB70,
    0xF34F, 0xF34F, 0xFB50, 0xF34F, 0xFB70, 0xFB4F, 0xF34F, 0xFB70, 0xF34F, 0xF34F, 0xFB50, 0xF34F,
    0xFB70, 0xF370, 0xF34F, 0xFB70, 0xF34F, 0xF34F, 0xFB70, 0xF36F, 0xFB70, 0xF370, 0xF34F, 0xFB70,
    0xF370, 0xF34F, 0xFB70, 0xF370, 0xFB70, 0xFB70, 0xF34F, 0xFB70, 0xF350, 0xF34F, 0xFB70, 0xF350,
    0xFB70, 0xFB70, 0xF34F, 0xFB70, 0xFB50, 0xF34F, 0xFB50, 0xF34F, 0xFB70, 0xFB70, 0xF34F, 0xFB70,
    0xF350, 0xF350, 0xFB50, 0xF350, 0xFB71, 0xFB70, 0xF350, 0xFB71, 0xFB50, 0xF350, 0xFB70, 0xF350,
    0xFB71, 0xFB71, 0xF350, 0xFB71, 0xFB71, 0xF370, 0xFB71, 0xF371, 0xFB71, 0xFB71, 0xF351, 0xFB71,
    0xFB71, 0xF371, 0xFB71, 0xF371, 0xFB92, 0xFB71, 0xF371, 0xFB92, 0xFB72, 0xF371, 0xFB92, 0xF392,
    0xFB92, 0xFB92, 0xF372, 0xFB92, 0xF392, 0xF392, 0xFB92, 0xF392, 0xFBB3, 0xFBB3, 0xF392, 0xFBB3,
    0xF393, 0xF392, 0xFBB3, 0xF3B3, 0xFBB3, 0xFBB3, 0xF393, 0xFBB3, 0xF3B3, 0xF3B3, 0xFBD4, 0xF3D3,
    0xFBD4, 0xF3D4, 0xF3D3, 0xFBD4, 0xF3D4, 0xF3D4, 0xF3F4, 0xF3F4, 0xFC15, 0xF415, 0xF3F4, 0xF415,
    0xF415, 0xF415, 0xF415, 0xF415, 0xFC16, 0xF415, 0xF3F5, 0xFB74, 0xFF5D, 0xFE5B, 0xF354, 0xC351,
    0xF3F4, 0xEBD3, 0xE3D3, 0xEBD3, 0xE3D3, 0xE3B3, 0xE3D3, 0xE3B3, 0xE3D3, 0xE3B3, 0xDB92, 0xDBB3,
    0xDB92, 0xD392, 0xD392, 0xD372, 0xD392, 0xD372, 0xCB51, 0xCB72, 0xCB51, 0xC351, 0xC351, 0xC331,
    0xC351, 0xC330, 0xBB30, 0xBB30, 0xBB71, 0xBB71, 0xBB71, 0xBB72, 0xBB71, 0xC392, 0xC392, 0xBB92,
    0xC3B2, 0xC3B2, 0xC3B2, 0xC3D3, 0xC3D3, 0xCBF3, 0xCBF3, 0xC3F3, 0xCC34, 0xCC13, 0xC433, 0xCC54,
    0xCC53, 0xCC74, 0xCC74, 0xCC74, 0xCC94, 0xCC74, 0xC474, 0xCCD4, 0xB3B2, 0xFB77, 0xFF5D, 0xFE7B,
    0xF355, 0xF416, 0xF415, 0xF416, 0xF436, 0xF437, 0xF436, 0xEC36, 0xF456, 0xF456, 0xEC35, 0xF456,
    0xEC35, 0xF456, 0xEC35, 0xEC35, 0xEC35, 0xEC35, 0xEC15, 0xEC35, 0xEC15, 0xEC35, 0xEC15, 0xEC14,
    0xEC15, 0xEC14, 0xE3F4, 0xEBF4, 0xE3F4, 0xEBF4, 0xEBF4, 0xE3D3, 0xEBF4, 0xE3F4, 0xE3D3, 0xEBF4,
    0xE3D3, 0xEBF4, 0xE3D3, 0xE3D3, 0xEBD3, 0xE3D3, 0xE3B3, 0xEBD3, 0xE3B3, 0xEBD3, 0xEBB3, 0xE3B2,
    0xEBD3, 0xEBB2, 0xE3B2, 0xEBB3, 0xEBB2, 0xEBB3, 0xEBB2, 0xEB92, 0xEBB2, 0xEB92, 0xEB91, 0xEB92,
    0xEB91, 0xF392, 0xEB92, 0xEB91, 0xF392, 0xEB91, 0xEB71, 0xF391, 0xEB71, 0xF392, 0xF371, 0xF371,
    0xF371, 0xF371, 0xF370, 0xF371, 0xF371, 0xFB71, 0xFB71, 0xF350, 0xFB71, 0xFB50, 0xF350, 0xFB50,
    0xF350, 0xFB51, 0xFB50, 0xF350, 0xFB70, 0xF350, 0xF350, 0xFB50, 0xF350, 0xFB70, 0xFB50, 0xF350,
    0xFB50, 0xF350, 0xF34F, 0xFB50, 0xF350, 0xFB70, 0xFB50, 0xF34F, 0xFB50, 0xF34F, 0xF34F, 0xFB50,
    0xF34F, 0xFB50, 0xFB50, 0xF34F, 0xFB50, 0xF34F, 0xF34F, 0xFB50, 0xF34F, 0xFB70, 0xFB6F, 0xF34F,
    0xFB70, 0xF34F, 0xF34F, 0xFB70, 0xF36F, 0xFB70, 0xFB6F, 0xF34F, 0xFB70, 0xF34F, 0xF34F, 0xFB50,
    0xF34F, 0xFB70, 0xFB6F, 0xF34F, 0xFB70, 0xF34F, 0xF34F, 0xFB50, 0xF34F, 0xFB70, 0xF370, 0xF34F,
    0xFB70, 0xF370, 0xF34F, 0xF370, 0xF370, 0xFB70, 0xF370, 0xF350, 0xFB70, 0xF370, 0xF34F, 0xFB70,
    0xF350, 0xFB70, 0xFB70, 0xF34F, 0xFB70, 0xFB50, 0xF34F, 0xFB70, 0xF34F, 0xFB70, 0xFB70, 0xF34F,
    0xFB70, 0xFB50, 0xF34F, 0xFB50, 0xF350, 0xFB70, 0xFB70, 0xF350, 0xFB70, 0xFB70, 0xF350, 0xFB70,
    0xF350, 0xFB70, 0xFB50, 0xF350, 0xFB71, 0xF350, 0xF350, 0xFB70, 0xF370, 0xFB71, 0xFB71, 0xF370,
    0xFB71, 0xFB71, 0xF370, 0xFB71, 0xF371, 0xFB71, 0xFB71, 0xF371, 0xFB71, 0xF371, 0xF371, 0xFB71,
    0xF371, 0xFB92, 0xFB71, 0xF371, 0xFB92, 0xF392, 0xF371, 0xFB92, 0xF372, 0xFB92, 0xFB92, 0xF392,
    0xFB92, 0xF392, 0xF392, 0xFBB3, 0xF392, 0xFBB3, 0xFBB3, 0xF392, 0xFBB3, 0xF393, 0xF392, 0xFBB3,
    0xF393, 0xFBB3, 0xF3B3, 0xF3B3, 0xFBD3, 0xF3B3, 0xF3B3, 0xFBD4, 0xF3D3, 0xFBD4, 0xF3D4, 0xF3B3,
    0xFBD4, 0xF3D4, 0xF3D4, 0xF3F4, 0xF3F4, 0xFC15, 0xF415, 0xF3F4, 0xFC15, 0xF415, 0xF415, 0xF415,
    0xF3F5, 0xFC15, 0xF3F5, 0xF354, 0xFF7E, 0xFE5B, 0xF334, 0xC351, 0xF3D3, 0xEBD4, 0xEBD3, 0xE3B3,
    0xEBD3, 0xE3B3, 0xE3B2, 0xE3B3, 0xE3B3, 0xE3B3, 0xDBB3, 0xDB92, 0xDBB3, 0xD392, 0xD372, 0xD392,
    0xD371, 0xD372, 0xCB71, 0xCB51, 0xCB71, 0xC351, 0xC330, 0xC351, 0xC330, 0xC331, 0xBB30, 0xBB10,
    0xB351, 0xBB71, 0xBB71, 0xBB71, 0xBB92, 0xBB91, 0xC3B2, 0xC3B2, 0xBBB2, 0xC3D3, 0xC3D2, 0xC3D2,
    0xC3F3, 0xC3F3, 0xCC13, 0xCC13, 0xC413, 0xCC34, 0xCC33, 0xC433, 0xCC54, 0xCC54, 0xCC74, 0xCC74,
    0xC474, 0xCC94, 0xC494, 0xC4D3, 0xB3D2, 0xFB77, 0xFF7E, 0xFE9C, 0xF334, 0xF416, 0xF416, 0xF416,
    0xF436, 0xF436, 0xF436, 0xF436, 0xEC36, 0xF456, 0xEC36, 0xEC35, 0xF456, 0xEC35, 0xF456, 0xEC35,
    0xEC35, 0xEC35, 0xEC35, 0xEC14, 0xEC15, 0xEC14, 0xEC15, 0xEC15, 0xE3F4, 0xEC15, 0xEBF4, 0xE3F4,
    0xEBF4, 0xE3F4, 0xEBF4, 0xEBF4, 0xE3D3, 0xEBF4, 0xE3D3, 0xE3D3, 0xEBD4, 0xE3D3, 0xEBD4, 0xE3D3,
    0xE3D3, 0xEBD3, 0xE3D3, 0xE3B2, 0xEBD3, 0xE3B3, 0xEBD3, 0xEBB3, 0xE3B2, 0xEBB3, 0xEBB2, 0xE3B2,
    0xEBB2, 0xEBB2, 0xEBB3, 0xEBB2, 0xEB92, 0xEBB2, 0xEB92, 0xEB91, 0xEB92, 0xEB91, 0xF392, 0xEB92,
    0xEB91, 0xF392, 0xEB91, 0xEB71, 0xF391, 0xEB71, 0xF392, 0xF371, 0xF371, 0xF371, 0xF371, 0xF350,
    0xF371, 0xF370, 0xFB71, 0xFB71, 0xF350, 0xFB71, 0xF350, 0xF350, 0xFB50, 0xF350, 0xFB51, 0xFB50,
    0xF350, 0xFB70, 0xF350, 0xF350, 0xFB50, 0xF350, 0xFB50, 0xFB50, 0xF350, 0xFB70, 0xF350, 0xF34F,
    0xFB50, 0xF350, 0xFB50, 0xFB50, 0xF34F, 0xFB50, 0xF34F, 0xF34F, 0xFB50, 0xF34F, 0xFB50, 0xFB4F,
    0xF32F, 0xFB50, 0xFB4F, 0xF34F, 0xFB4F, 0xF34F, 0xFB70, 0xFB6F, 0xF34F, 0xFB70, 0xF34F, 0xF34F,
    0xFB70, 0xF34F, 0xFB70, 0xFB6F, 0xF34F, 0xFB70, 0xF34F, 0xF34F, 0xFB70, 0xF34F, 0xFB70, 0xFB4F,
    0xF34F, 0xFB70, 0xF34F, 0xF34F, 0xFB70, 0xF34F, 0xFB70, 0xF370, 0xF34F, 0xFB70, 0xF370, 0xF34F,
    0xF370, 0xF370, 0xFB70, 0xF370, 0xF370, 0xFB70, 0xF370, 0xF34F, 0xFB70, 0xF370, 0xFB70, 0xF370,
    0xF34F, 0xFB70, 0xF370, 0xF34F, 0xFB70, 0xF350, 0xFB70, 0xFB50, 0xF34F, 0xFB70, 0xFB50, 0xF34F,
    0xFB50, 0xF350, 0xFB70, 0xFB70, 0xF350, 0xFB70, 0xF370, 0xF350, 0xFB70, 0xF350, 0xFB71, 0xFB70,
    0xF350, 0xFB71, 0xFB70, 0xF350, 0xFB71, 0xF370, 0xFB71, 0xFB71, 0xF350, 0xFB71, 0xF371, 0xF370,
    0xFB71, 0xF371, 0xFB71, 0xFB71, 0xF371, 0xFB71, 0xF371, 0xF371, 0xFB71, 0xF371, 0xFB92, 0xFB71,
    0xF371, 0xFB92, 0xFB92, 0xF371, 0xFB92, 0xF392, 0xFB92, 0xFB92, 0xF392, 0xFB92, 0xF392, 0xF392,
    0xFBB3, 0xF392, 0xFBB3, 0xFBB2, 0xF392, 0xFBB3, 0xF393, 0xF392, 0xFBB3, 0xF3B3, 0xFBB3, 0xFBB3,
    0xF3B3, 0xFBD3, 0xF3B3, 0xF3B3, 0xFBD4, 0xF3D3, 0xFBD4, 0xF3D4, 0xF3D4, 0xFBF4, 0xF3F4, 0xF3D4,
    0xF3F5, 0xF3F4, 0xFC15, 0xF415, 0xF3F5, 0xFC15, 0xF415, 0xF3F5, 0xF415, 0xF3F5, 0xFC15, 0xF374,
    0xFF5D, 0xFE5B, 0xF334, 0xC350, 0xF3D3, 0xEBD3, 0xEBD4, 0xEBD3, 0xE3B3, 0xEBD3, 0xE3B3, 0xE3B2,
    0xE3B3, 0xDBB2, 0xE3B3, 0xDB92, 0xDB92, 0xDB92, 0xD392, 0xD371, 0xD372, 0xCB71, 0xD372, 0xCB51,
    0xC351, 0xCB51, 0xC351, 0xC330, 0xC331, 0xBB30, 0xC331, 0xBB30, 0xBB71, 0xBB51, 0xBB72, 0xBB71,
    0xBB71, 0xC392, 0xBB92, 0xC3B2, 0xC3B2, 0xC3B2, 0xC3D3, 0xC3D2, 0xC3D2, 0xC3F3, 0xC3F3, 0xCC13,
    0xCC33, 0xC433, 0xCC54, 0xC453, 0xC453, 0xCC74, 0xC474, 0xCC94, 0xC494, 0xC494, 0xCCB4, 0xC4D4,
    0xABB2, 0xFB77, 0xFF7D, 0xFE9C, 0xF354, 0xF3F6, 0xF416, 0xF416, 0xF416, 0xF436, 0xF436, 0xF456,
    0xF456, 0xEC35, 0xF456, 0xEC36, 0xEC35, 0xF436, 0xEC35, 0xF436, 0xEC35, 0xEC15, 0xEC35, 0xEC15,
    0xEC14, 0xEC15, 0xEC14, 0xEC15, 0xEC14, 0xE3F4, 0xEC14, 0xEBF4, 0xE3F4, 0xEBF4, 0xE3F4, 0xEBF4,
    0xE3F4, 0xE3D3, 0xEBF4, 0xE3D3, 0xE3D3, 0xEBD3, 0xE3D3, 0xEBD4, 0xE3D3, 0xE3B3, 0xEBD3, 0xE3D3,
    0xE3B2, 0xEBD3, 0xE3B2, 0xEBD3, 0xEBB3, 0xE3B2, 0xEBB3, 0xEBB2, 0xE3B2, 0xEBB2, 0xEBB2, 0xEBB2,
    0xEBB2, 0xEB92, 0xEBB2, 0xEB92, 0xEB91, 0xEB92, 0xEB91, 0xF392, 0xEB91, 0xEB91, 0xF392, 0xEB91,
    0xEB71, 0xF391, 0xEB71, 0xF391, 0xF371, 0xF371, 0xF371, 0xF371, 0xF350, 0xF371, 0xF350, 0xFB71,
    0xFB50, 0xF350, 0xFB51, 0xF350, 0xF350, 0xFB50, 0xF350, 0xFB50, 0xFB50, 0xF350, 0xFB70, 0xF350,
    0xF34F, 0xFB50, 0xF350, 0xFB50, 0xFB50, 0xF350, 0xFB50, 0xF350, 0xF32F, 0xFB50, 0xF34F, 0xFB50,
    0xFB50, 0xF34F, 0xFB50, 0xF34F, 0xF34F, 0xFB50, 0xF34F, 0xFB50, 0xFB4F, 0xF34F, 0xFB50, 0xFB4F,
    0xF34F, 0xFB4F, 0xF34F, 0xFB70, 0xFB4F, 0xF34F, 0xFB70, 0xF34F, 0xF34F, 0xFB70, 0xF34F, 0xFB70,
    0xFB6F, 0xF34F, 0xFB70, 0xFB4F, 0xF34F, 0xFB4F, 0xF34F, 0xFB70, 0xFB4F, 0xF34F, 0xFB70, 0xF34F,
    0xF34F, 0xF370, 0xF36F, 0xFB70, 0xF370, 0xF36F, 0xFB70, 0xF370, 0xF36F, 0xF370, 0xF370, 0xFB70,
    0xF370, 0xF370, 0xFB70, 0xF370, 0xF34F, 0xFB70, 0xF370, 0xFB70, 0xFB70, 0xF34F, 0xFB70, 0xF350,
    0xF34F, 0xFB70, 0xF34F, 0xFB70, 0xFB50, 0xF34F, 0xFB70, 0xF350, 0xF34F, 0xFB50, 0xF350, 0xFB70,
    0xFB70, 0xF350, 0xFB70, 0xF350, 0xF350, 0xFB50, 0xF350, 0xFB71, 0xFB70, 0xF350, 0xFB71, 0xFB70,
    0xF350, 0xFB71, 0xF370, 0xFB71, 0xFB71, 0xF350, 0xFB71, 0xF371, 0xF370, 0xFB71, 0xF371, 0xFB71,
    0xFB71, 0xF371, 0xFB71, 0xF371, 0xF371, 0xFB71, 0xF371, 0xFB92, 0xFB71, 0xF371, 0xFB92, 0xF392,
    0xF371, 0xFB92, 0xF392, 0xFB92, 0xFB92, 0xF392, 0xFBB2, 0xFB92, 0xF392, 0xFBB3, 0xF392, 0xFBB3,
    0xFB92, 0xF392, 0xFBB3, 0xF393, 0xF392, 0xFBB3, 0xF3B3, 0xFBB3, 0xF3B3, 0xF3B3, 0xFBD4, 0xF3B3,
    0xF3B3, 0xFBD4, 0xF3D3, 0xFBD4, 0xF3D4, 0xF3D4, 0xFBF4, 0xF3F4, 0xF3F4, 0xF3F5, 0xF3F4, 0xFC15,
    0xF415, 0xF3F5, 0xFC15, 0xF415, 0xF3F4, 0xF3F5, 0xF3F5, 0xFB74, 0xFF5D, 0xFE3A, 0xF334, 0xC351,
    0xF3B3, 0xEBD3, 0xEBD3, 0xEBD3, 0xEBD3, 0xE3B3, 0xEBD3, 0xE3B3, 0xDBB2, 0xE3B3, 0xDB92, 0xE3B3,
    0xDB92, 0xD372, 0xDB92, 0xD372, 0xCB71, 0xD372, 0xCB51, 0xCB72, 0xCB51, 0xC331, 0xCB51, 0xC331,
    0xBB30, 0xC331, 0xBB30, 0xC331, 0xBB71, 0xBB71, 0xBB71, 0xBB92, 0xBB71, 0xBB91, 0xC392, 0xBBB2,
    0xC3B2, 0xC3D2, 0xC3B2, 0xC3F3, 0xC3F3, 0xC3F2, 0xC413, 0xC413, 0xCC34, 0xC433, 0xC433, 0xCC54,
    0xC453, 0xC453, 0xC474, 0xC474, 0xCC94, 0xC494, 0xC494, 0xC4F4, 0xB3D2, 0xFB77, 0xFF7E, 0xFE9B,
    0xFB55, 0xF416, 0xF3F5, 0xF416, 0xF416, 0xEC16, 0xF436, 0xF436, 0xF456, 0xF456, 0xEC35, 0xF456,
    0xEC35, 0xEC35, 0xEC35, 0xEC35, 0xF436, 0xEC35, 0xEC15, 0xEC35, 0xEC15, 0xE414, 0xEC15, 0xEC14,
    0xEC15, 0xEC14, 0xE3F4, 0xEC14, 0xEBF4, 0xE3F3, 0xEBF4, 0xE3F3, 0xEBF4, 0xE3F4, 0xE3D3, 0xEBF4,
    0xE3D3, 0xE3D3, 0xE3D3, 0xE3D3, 0xEBD3, 0xE3D3, 0xE3B3, 0xEBD3, 0xE3B3, 0xE3B2, 0xEBD3, 0xE3B2,
    0xEBD3, 0xEBB2, 0xE3B2, 0xEBB3, 0xEBB2, 0xE392, 0xEBB2, 0xEBB2, 0xEBB2, 0xEBB2, 0xEB91, 0xEBB2,
    0xEB92, 0xEB91, 0xEB92, 0xEB91, 0xF392, 0xEB91, 0xEB71, 0xF392, 0xEB91, 0xEB71, 0xF391, 0xEB71,
    0xF391, 0xF371, 0xF371, 0xF371, 0xF371, 0xF350, 0xF371, 0xF350, 0xFB71, 0xFB50, 0xF350, 0xFB51,
    0xF350, 0xF330, 0xFB50, 0xF350, 0xFB50, 0xFB50, 0xF350, 0xFB50, 0xFB50, 0xF34F, 0xFB50, 0xF350,
    0xFB50, 0xFB50, 0xF32F, 0xFB50, 0xFB2F, 0xF32F, 0xFB50, 0xF32F, 0xFB50, 0xFB4F, 0xF32F, 0xFB50,
    0xF34F, 0xF34F, 0xFB50, 0xF34F, 0xFB50, 0xFB4F, 0xF32F, 0xFB50, 0xF34F, 0xF34F, 0xFB50, 0xF34F,
    0xFB50, 0xFB4F, 0xF34F, 0xFB70, 0xF34F, 0xF34F, 0xFB70, 0xF34F, 0xFB70, 0xFB6F, 0xF34F, 0xFB70,
    0xF34F, 0xF34F, 0xFB70, 0xF34F, 0xFB70, 0xF36F, 0xF34F, 0xFB70, 0xF370, 0xF34F, 0xF370, 0xF370,
    0xFB70, 0xF370, 0xF370, 0xF370, 0xF370, 0xF36F, 0xF370, 0xF370, 0xFB70, 0xF370, 0xF370, 0xFB70,
    0xF370, 0xF34F, 0xFB70, 0xF370, 0xFB70, 0xF370, 0xF34F, 0xFB70, 0xF350, 0xF34F, 0xFB70, 0xF350,
    0xFB70, 0xFB70, 0xF34F, 0xFB70, 0xF350, 0xF34F, 0xFB50, 0xF350, 0xFB70, 0xFB70, 0xF350, 0xFB70,
    0xF350, 0xF350, 0xFB70, 0xF350, 0xFB71, 0xFB70, 0xF350, 0xFB71, 0xFB70, 0xF350, 0xFB71, 0xF370,
    0xFB71, 0xFB71, 0xF350, 0xFB71, 0xFB71, 0xF370, 0xFB71, 0xF371, 0xFB71, 0xFB71, 0xF371, 0xFB91,
    0xF371, 0xF371, 0xFB71, 0xF371, 0xFB72, 0xFB71, 0xF371, 0xFB92, 0xF371, 0xF371, 0xFB92, 0xF392,
    0xFBB2, 0xFB92, 0xF392, 0xFBB3, 0xFB92, 0xF392, 0xFB93, 0xF392, 0xFBB3, 0xFB93, 0xF392, 0xFBB3,
    0xF393, 0xF392, 0xFBB3, 0xF3B3, 0xFBB4, 0xF3B3, 0xF3B3, 0xFBD4, 0xF3B3, 0xF3B3, 0xFBD4, 0xF3D3,
    0xFBD4, 0xF3D4, 0xF3D4, 0xFBF4, 0xF3F4, 0xF3F4, 0xF3F5, 0xF3F4, 0xFC15, 0xF415, 0xF3F5, 0xFC15,
    0xF3F5, 0xF3F4, 0xFBF5, 0xF354, 0xFF5E, 0xFE5B, 0xF333, 0xCB71, 0xF3D3, 0xEBB3, 0xEBD3, 0xEBB3,
    0xEBD3, 0xEBB3, 0xE3B3, 0xE3B3, 0xE3B3, 0xDB92, 0xE3B3, 0xDB92, 0xDB93, 0xDB92, 0xD372, 0xD392,
    0xD372, 0xCB51, 0xD371, 0xCB51, 0xCB51, 0xCB51, 0xC330, 0xC351, 0xC330, 0xBB30, 0xC330, 0xBB10,
    0xB351, 0xBB71, 0xBB71, 0xBB71, 0xBB92, 0xBB92, 0xBB91, 0xC3B2, 0xBBB2, 0xC3D3, 0xC3D2, 0xC3D2,
    0xC3F3, 0xC3F3, 0xC3F2, 0xC413, 0xC433, 0xCC34, 0xC453, 0xC453, 0xC474, 0xC474, 0xC473, 0xC494,
    0xC494, 0xC4B4, 0xC4B4, 0xBCF3, 0xB3F2, 0xFB97, 0xFF5D, 0xFE9C, 0xF334, 0xFC16, 0xF416, 0xF415,
    0xF436, 0xF416, 0xEC15, 0xF436, 0xEC36, 0xF456, 0xF456, 0xEC35, 0xF456, 0xEC35, 0xEC35, 0xEC35,
    0xEC35, 0xF435, 0xEC35, 0xEC14, 0xEC35, 0xEC14, 0xE414, 0xEC15, 0xEC14, 0xEC15, 0xEC14, 0xE3F4,
    0xEC14, 0xE3F4, 0xE3F3, 0xEBF4, 0xE3F3, 0xEBF4, 0xE3F3, 0xE3D3, 0xEBF4, 0xE3D3, 0xE3D3, 0xE3D3,
    0xE3D3, 0xEBD3, 0xE3D3, 0xE3B2, 0xEBD3, 0xE3B3, 0xE3B2, 0xEBD3, 0xE3B2, 0xEBD3, 0xEBB2, 0xE3B2,
    0xEBB2, 0xEBB2, 0xE392, 0xEBB2, 0xEBB2, 0xEBB2, 0xEBB2, 0xEB91, 0xEBB2, 0xEB92, 0xEB91, 0xEB92,
    0xEB91, 0xF392, 0xEB91, 0xEB71, 0xF392, 0xEB91, 0xEB71, 0xF391, 0xF371, 0xF391, 0xF371, 0xF370,
    0xF371, 0xF371, 0xF350, 0xF371, 0xF350, 0xFB71, 0xFB50, 0xF350, 0xFB50, 0xF350, 0xF350, 0xFB50,
    0xF350, 0xFB70, 0xFB50, 0xF350, 0xFB70, 0xF350, 0xF34F, 0xFB50, 0xF350, 0xFB50, 0xFB50, 0xF32F,
    0xFB50, 0xF34F, 0xF32F, 0xFB50, 0xF34F, 0xFB50, 0xF34F, 0xF32F, 0xFB50, 0xF34F, 0xF34F, 0xFB50,
    0xF34F, 0xFB70, 0xFB4F, 0xF34F, 0xFB4F, 0xF34F, 0xF34F, 0xFB4F, 0xF34F, 0xFB70, 0xFB4F, 0xF34F,
    0xFB70, 0xF34F, 0xF34F, 0xFB70, 0xF34F, 0xFB70, 0xFB6F, 0xF34F, 0xFB70, 0xFB4F, 0xF34F, 0xFB70,
    0xF34F, 0xFB70, 0xF370, 0xF34F, 0xFB70, 0xF370, 0xF36F, 0xF370, 0xF370, 0xFB70, 0xF370, 0xF370,
    0xF390, 0xF370, 0xF370, 0xF370, 0xF370, 0xFB90, 0xF370, 0xF370, 0xFB70, 0xF370, 0xF370, 0xF370,
    0xF370, 0xFB70, 0xF370, 0xF350, 0xFB70, 0xF370, 0xF34F, 0xFB70, 0xF350, 0xFB70, 0xFB70, 0xF34F,
    0xFB70, 0xF350, 0xF34F, 0xFB70, 0xF370, 0xFB70, 0xFB70, 0xF350, 0xFB70, 0xF370, 0xF350, 0xFB70,
    0xF350, 0xFB71, 0xFB70, 0xF350, 0xFB71, 0xF370, 0xF370, 0xFB71, 0xF370, 0xFB71, 0xFB71, 0xF370,
    0xFB71, 0xFB71, 0xF370, 0xFB71, 0xF371, 0xFB71, 0xFB71, 0xF371, 0xFB91, 0xF371, 0xF371, 0xFB71,
    0xF371, 0xFB92, 0xFB91, 0xF371, 0xFB92, 0xF392, 0xF391, 0xFB92, 0xF392, 0xFBB2, 0xFB92, 0xF392,
    0xFBB2, 0xF392, 0xF392, 0xFB93, 0xF392, 0xFBB3, 0xFBB3, 0xF392, 0xFBB3, 0xF393, 0xF392, 0xFBB3,
    0xF3B3, 0xFBB4, 0xF3B3, 0xF3B3, 0xFBD4, 0xF3D3, 0xF3D3, 0xFBD4, 0xF3D4, 0xFBD4, 0xF3D4, 0xF3D4,
    0xFBF5, 0xF3F4, 0xF3F4, 0xF3F5, 0xF3F4, 0xFC15, 0xF415, 0xF3F5, 0xFC15, 0xF3F5, 0xF3D4, 0xFB54,
    0xFF5D, 0xFE5B, 0xF334, 0xC351, 0xFBD3, 0xEBB3, 0xEBB3, 0xEBB3, 0xEBB3, 0xEBD3, 0xE3B3, 0xE3B2,
    0xE3B3, 0xE392, 0xDB92, 0xDB92, 0xDB92, 0xDB92, 0xDB92, 0xD371, 0xD372, 0xD371, 0xCB51, 0xCB51,
    0xCB51, 0xCB51, 0xC351, 0xC330, 0xC351, 0xC330, 0xBB10, 0xBB30, 0xBB71, 0xBB71, 0xBB72, 0xBB71,
    0xBB71, 0xBB92, 0xBB92, 0xBB91, 0xC3B2, 0xBBB2, 0xC3D3, 0xC3F2, 0xC3D2, 0xC413, 0xC413, 0xC412,
    0xC433, 0xC433, 0xC454, 0xC453, 0xC453, 0xC474, 0xC474, 0xBC93, 0xC494, 0xBCB4, 0xC4B4, 0xBCF4,
    0xABD2, 0xFB97, 0xFF7D, 0xF67B, 0xF334, 0xF416, 0xFC16, 0xF416, 0xF416, 0xF436, 0xF436, 0xEC35,
    0xF436, 0xEC35, 0xF456, 0xEC56, 0xEC35, 0xF456, 0xEC35, 0xEC35, 0xEC35, 0xEC35, 0xEC35, 0xEC35,
    0xEC14, 0xEC35, 0xEC14, 0xE414, 0xEC14, 0xE414, 0xEC14, 0xEC14, 0xE3F4, 0xEC14, 0xE3F4, 0xE3F3,
    0xEBF4, 0xE3F3, 0xEBF4, 0xE3F3, 0xE3D3, 0xEBF3, 0xE3D3, 0xE3D3, 0xE3D3, 0xE3D3, 0xEBD3, 0xE3D3,
    0xE3B2, 0xEBD3, 0xE3B2, 0xE3B2, 0xEBB3, 0xE3B2, 0xEBD3, 0xEBB2, 0xE3B2, 0xEBB2, 0xEBB2, 0xE391,
    0xEBB2, 0xEBB2, 0xEBB2, 0xEBB2, 0xEB91, 0xEBB2, 0xEB91, 0xEB91, 0xEB92, 0xEB91, 0xF392, 0xEB91,
    0xEB71, 0xF391, 0xEB91, 0xEB71, 0xF391, 0xEB71, 0xF391, 0xF371, 0xF370, 0xF371, 0xF371, 0xF350,
    0xF371, 0xF350, 0xFB71, 0xF350, 0xF350, 0xFB70, 0xF350, 0xF350, 0xFB50, 0xF350, 0xFB70, 0xFB50,
    0xF350, 0xFB70, 0xF350, 0xF34F, 0xFB50, 0xF350, 0xFB50, 0xFB50, 0xF32F, 0xFB50, 0xF34F, 0xF32F,
    0xFB50, 0xF34F, 0xFB50, 0xF34F, 0xF34F, 0xFB70, 0xF34F, 0xF34F, 0xFB50, 0xF34F, 0xFB70, 0xFB4F,
    0xF34F, 0xFB70, 0xF34F, 0xF34F, 0xFB4F, 0xF34F, 0xFB70, 0xF36F, 0xF34F, 0xFB70, 0xF36F, 0xF34F,
    0xFB70, 0xF36F, 0xFB70, 0xFB6F, 0xF34F, 0xFB70, 0xF34F, 0xF34F, 0xFB70, 0xF36F, 0xFB70, 0xF370,
    0xF36F, 0xF370, 0xF370, 0xF36F, 0xF370, 0xF370, 0xF390, 0xF370, 0xF370, 0xF390, 0xF370, 0xF370,
    0xF370, 0xF370, 0xFB90, 0xF370, 0xF370, 0xFB70, 0xF370, 0xF36F, 0xF370, 0xF370, 0xFB70, 0xF370,
    0xF350, 0xFB70, 0xF370, 0xF34F, 0xFB70, 0xF350, 0xFB70, 0xFB70, 0xF34F, 0xFB70, 0xFB50, 0xF34F,
    0xFB70, 0xF350, 0xFB70, 0xFB70, 0xF350, 0xFB70, 0xFB70, 0xF350, 0xFB70, 0xF350, 0xFB71, 0xFB70,
    0xF350, 0xFB71, 0xFB70, 0xF350, 0xFB71, 0xF370, 0xFB71, 0xFB71, 0xF370, 0xFB71, 0xFB71, 0xF370,
    0xFB71, 0xF371, 0xFB71, 0xFB71, 0xF371, 0xFB91, 0xF371, 0xF371, 0xFB71, 0xF371, 0xFB92, 0xFB92,
    0xF371, 0xFB92, 0xF392, 0xF391, 0xFB92, 0xF392, 0xFBB2, 0xFB92, 0xF392, 0xFBB2, 0xF392, 0xF392,
    0xFB93, 0xF392, 0xFBB3, 0xFB93, 0xF392, 0xFBB3, 0xF3B3, 0xF3B3, 0xFBB3, 0xF3B3, 0xFBD4, 0xFBD3,
    0xF3B3, 0xFBD4, 0xF3D4, 0xF3B3, 0xFBD4, 0xF3D4, 0xFBD4, 0xF3D4, 0xF3D4, 0xFBF5, 0xF3F4, 0xF3F4,
    0xF3F5, 0xF3F4, 0xFC15, 0xF415, 0xF3F4, 0xFBF5, 0xF3F5, 0xF353, 0xFF5D, 0xFE3B, 0xF354, 0xC351,
    0xF3B3, 0xF3D3, 0xEBB3, 0xEBB3, 0xEBB3, 0xE3B3, 0xEBB3, 0xE3B3, 0xE392, 0xE3B3, 0xDB92, 0xDB92,
    0xDB92, 0xDB92, 0xDB92, 0xD372, 0xD371, 0xD372, 0xCB51, 0xCB51, 0xCB51, 0xC351, 0xCB51, 0xC331,
    0xC330, 0xC331, 0xBB30, 0xBB10, 0xB350, 0xBB71, 0xBB71, 0xBB92, 0xBB91, 0xBB91, 0xC3B2, 0xBBB2,
    0xBBB1, 0xC3D2, 0xBBD2, 0xC3F3, 0xC3F3, 0xBBF2, 0xC413, 0xC413, 0xBC13, 0xC453, 0xC453, 0xC474,
    0xC473, 0xBC73, 0xC494, 0xBC94, 0xBC93, 0xBCB4, 0xBCB4, 0xBD14, 0xABF2, 0xFB77, 0xFF7E, 0xFE7B,
    0xF334, 0xF416, 0xF3F5, 0xF416, 0xF416, 0xF416, 0xF436, 0xF436, 0xEC35, 0xF456, 0xEC35, 0xF456,
    0xEC35, 0xEC35, 0xF435, 0xEC35, 0xEC35, 0xEC35, 0xEC35, 0xEC35, 0xEC15, 0xEC14, 0xEC15, 0xEC14,
    0xE3F4, 0xEC14, 0xE3F4, 0xEC14, 0xEBF4, 0xE3F3, 0xEBF4, 0xE3F4, 0xE3D3, 0xEBF4, 0xE3F3, 0xEBF4,
    0xE3F3, 0xE3D3, 0xEBF3, 0xE3D3, 0xE3D2, 0xE3D3, 0xE3D3, 0xEBD3, 0xE3D3, 0xE3B2, 0xEBD3, 0xE3B2,
    0xE3B2, 0xEBB2, 0xE3B2, 0xEBD3, 0xEBB2, 0xE3B2, 0xEBB2, 0xEBB2, 0xE391, 0xEBB2, 0xEBB2, 0xEBB2,
    0xEBB2, 0xEB91, 0xEBB2, 0xEB91, 0xEB91, 0xEB92, 0xEB91, 0xF392, 0xEB91, 0xEB71, 0xF391, 0xEB91,
    0xEB71, 0xF391, 0xF371, 0xF391, 0xF371, 0xF370, 0xF371, 0xF371, 0xF350, 0xF371, 0xF350, 0xFB71,
    0xF350, 0xF350, 0xFB71, 0xF350, 0xF350, 0xFB50, 0xF350, 0xFB70, 0xF350, 0xF350, 0xFB70, 0xF350,
    0xF34F, 0xFB50, 0xF350, 0xFB50, 0xFB50, 0xF34F, 0xFB50, 0xF34F, 0xF34F, 0xFB50, 0xF34F, 0xFB50,
    0xF350, 0xF34F, 0xFB70, 0xF34F, 0xF34F, 0xFB50, 0xF34F, 0xFB70, 0xFB4F, 0xF34F, 0xFB70, 0xF34F,
    0xF34F, 0xFB70, 0xF34F, 0xFB70, 0xF36F, 0xF34F, 0xFB70, 0xF36F, 0xF34F, 0xFB70, 0xF34F, 0xFB70,
    0xF36F, 0xF34F, 0xFB70, 0xF36F, 0xF34F, 0xF370, 0xF36F, 0xFB70, 0xF370, 0xF36F, 0xF390, 0xF370,
    0xF36F, 0xF370, 0xF370, 0xF390, 0xF370, 0xF370, 0xF390, 0xF370, 0xF370, 0xF370, 0xF370, 0xFB91,
    0xF370, 0xF370, 0xFB70, 0xF370, 0xF370, 0xF370, 0xF370, 0xFB70, 0xF370, 0xF350, 0xFB70, 0xF370,
    0xF34F, 0xFB70, 0xF370, 0xFB70, 0xFB70, 0xF34F, 0xFB70, 0xF350, 0xF34F, 0xFB70, 0xF370, 0xFB70,
    0xFB70, 0xF350, 0xFB70, 0xF370, 0xF350, 0xFB70, 0xF350, 0xFB71, 0xFB70, 0xF350, 0xFB71, 0xF370,
    0xF350, 0xFB71, 0xF370, 0xFB71, 0xFB71, 0xF370, 0xFB71, 0xF371, 0xF370, 0xFB71, 0xF371, 0xFB71,
    0xFB71, 0xF371, 0xFB91, 0xF371, 0xF371, 0xFB91, 0xF371, 0xFB92, 0xFB92, 0xF371, 0xFB92, 0xFB92,
    0xF371, 0xFB92, 0xF392, 0xFBB2, 0xFB92, 0xF392, 0xFBB3, 0xF392, 0xF392, 0xFBB3, 0xF392, 0xFBB3,
    0xF3B3, 0xF392, 0xFBB3, 0xF3B3, 0xF3B3, 0xFBB3, 0xF3B3, 0xFBD4, 0xFBD3, 0xF3B3, 0xFBD4, 0xF3D4,
    0xF3B3, 0xFBD4, 0xF3D4, 0xFBF4, 0xF3D4, 0xF3D4, 0xFBF5, 0xF3F4, 0xF3F4, 0xF3F5, 0xF3F5, 0xFC15,
    0xF3F5, 0xF3F4, 0xFBF5, 0xF354, 0xFF5D, 0xFE5B, 0xF354, 0xCB71, 0xF3D3, 0xEBB3, 0xEBD3, 0xEBB3,
    0xE3B2, 0xEBB3, 0xE3B3, 0xEBB3, 0xE3B3, 0xDB92, 0xE3B3, 0xDB92, 0xDB72, 0xDB92, 0xD372, 0xDB72,
    0xD372, 0xCB51, 0xD372, 0xCB51, 0xC351, 0xCB51, 0xC330, 0xCB51, 0xC330, 0xBB10, 0xC330, 0xBB10,
    0xB351, 0xB351, 0xBB71, 0xBB71, 0xBB92, 0xBB92, 0xBB91, 0xC3B2, 0xBBB2, 0xBBB2, 0xC3D2, 0xBBD2,
    0xC3F3, 0xC413, 0xBC12, 0xC433, 0xC433, 0xBC33, 0xC453, 0xBC53, 0xC474, 0xC494, 0xBC73, 0xC4B4,
    0xBCB4, 0xBCB3, 0xBCD4, 0xB513, 0xB413, 0xFB97, 0xFF3D, 0xFE7C, 0xF354, 0xF3F5, 0xF416, 0xF416,
    0xF436, 0xF436, 0xEC15, 0xF436, 0xF436, 0xEC35, 0xF456, 0xEC35, 0xF456, 0xEC35, 0xEC35, 0xEC35,
    0xEC35, 0xEC14, 0xEC35, 0xEC14, 0xEC35, 0xEC14, 0xE414, 0xEC15, 0xEC14, 0xE3F4, 0xEC14, 0xE3F4,
    0xEC14, 0xEBF4, 0xE3F3, 0xEBF4, 0xE3F3, 0xE3D3, 0xE3F3, 0xE3D3, 0xEBF4, 0xE3F3, 0xE3D3, 0xE3F3,
    0xE3D3, 0xE3D2, 0xE3D3, 0xE3D2, 0xEBD3, 0xE3D3, 0xE3B2, 0xEBD3, 0xE3B2, 0xE3B2, 0xEBB2, 0xE3B2,
    0xEBD3, 0xEBB2, 0xE3B2, 0xEBB2, 0xEBB2, 0xE391, 0xEBB2, 0xEBB2, 0xEBB2, 0xEBB2, 0xEB91, 0xEBB2,
    0xEB91, 0xEB91, 0xEB92, 0xEB91, 0xF392, 0xEB91, 0xEB71, 0xF391, 0xEB91, 0xEB71, 0xF391, 0xF371,
    0xF391, 0xF371, 0xF370, 0xF371, 0xF371, 0xF350, 0xF371, 0xF350, 0xFB71, 0xF370, 0xF350, 0xFB71,
    0xF350, 0xF350, 0xFB70, 0xF350, 0xFB70, 0xF350, 0xF350, 0xFB70, 0xF350, 0xF34F, 0xFB50, 0xF350,
    0xFB50, 0xF350, 0xF34F, 0xFB50, 0xF34F, 0xF34F, 0xFB50, 0xF34F, 0xFB50, 0xF350, 0xF34F, 0xFB70,
    0xF34F, 0xF34F, 0xFB50, 0xF34F, 0xFB70, 0xFB4F, 0xF34F, 0xFB70, 0xF34F, 0xF34F, 0xFB70, 0xF34F,
    0xFB70, 0xF370, 0xF34F, 0xFB70, 0xF36F, 0xF34F, 0xFB70, 0xF36F, 0xFB70, 0xF370, 0xF34F, 0xFB70,
    0xF370, 0xF36F, 0xF370, 0xF370, 0xFB70, 0xF370, 0xF370, 0xF390, 0xF370, 0xF370, 0xF390, 0xF370,
    0xF391, 0xF390, 0xF370, 0xF390, 0xF370, 0xF370, 0xF370, 0xF370, 0xFB91, 0xF370, 0xF370, 0xF370,
    0xF370, 0xF370, 0xF370, 0xF370, 0xFB70, 0xF370, 0xF370, 0xFB70, 0xF370, 0xF34F, 0xFB70, 0xF370,
    0xFB70, 0xFB70, 0xF350, 0xFB70, 0xFB50, 0xF34F, 0xFB70, 0xF370, 0xFB70, 0xFB70, 0xF350, 0xFB70,
    0xF370, 0xF350, 0xFB70, 0xF370, 0xFB71, 0xFB70, 0xF350, 0xFB71, 0xF370, 0xF370, 0xFB71, 0xF370,
    0xFB71, 0xFB71, 0xF370, 0xFB91, 0xF371, 0xF370, 0xFB71, 0xF371, 0xFB91, 0xFB71, 0xF371, 0xFB92,
    0xFB71, 0xF371, 0xFB92, 0xF371, 0xFB92, 0xFB92, 0xF371, 0xFB92, 0xF392, 0xF372, 0xFB92, 0xF392,
    0xFB92, 0xFB92, 0xF392, 0xFBB3, 0xF392, 0xF392, 0xFB93, 0xF392, 0xFBB3, 0xFBB3, 0xF3B3, 0xFBB3,
    0xF3B3, 0xF3B3, 0xFBB3, 0xF3B3, 0xFBD4, 0xF3D4, 0xF3B3, 0xFBD4, 0xF3D4, 0xF3B3, 0xF3D4, 0xF3D4,
    0xFBF5, 0xF3F4, 0xF3D4, 0xFBF5, 0xF3F4, 0xF3F4, 0xF3F5, 0xF3F5, 0xFC15, 0xF3F5, 0xF3D4, 0xFB74,
    0xFF5D, 0xFE3A, 0xF355, 0xC351, 0xFBD3, 0xEBB3, 0xEBB3, 0xEBB3, 0xEBB3, 0xE3B2, 0xEBB3, 0xE3B2,
    0xEBB3, 0xE393, 0xDB92, 0xE393, 0xDB92, 0xD371, 0xDB72, 0xD371, 0xD372, 0xD371, 0xCB51, 0xCB51,
    0xCB51, 0xC330, 0xCB51, 0xC330, 0xC331, 0xC330, 0xBB10, 0xC330, 0xBB71, 0xBB71, 0xB371, 0xBB91,
    0xBB91, 0xBB92, 0xBBB2, 0xBB91, 0xC3D2, 0xBBD2, 0xBBD2, 0xC3F2, 0xBBF2, 0xC413, 0xC413, 0xBC13,
    0xC433, 0xBC33, 0xBC53, 0xC473, 0xBC73, 0xC494, 0xBC94, 0xBC93, 0xBCB4, 0xBCB4, 0xB4B3, 0xB514,
    0xABF2, 0xFB77, 0xFF5D, 0xFE7B, 0xF354, 0xF416, 0xF3F5, 0xF416, 0xF416, 0xF436, 0xF436, 0xEC35,
    0xF456, 0xEC36, 0xEC35, 0xF456, 0xEC35, 0xF456, 0xEC35, 0xEC35, 0xEC35, 0xEC35, 0xEC14, 0xEC35,
    0xEC14, 0xEC35, 0xEC14, 0xE414, 0xEC14, 0xEC14, 0xE3F3, 0xEC14, 0xE3F4, 0xEC14, 0xE3F4, 0xE3F3,
    0xEBF4, 0xE3F3, 0xE3D3, 0xE3F3, 0xE3D3, 0xEBF3, 0xE3F3, 0xE3D3, 0xE3F3, 0xE3D3, 0xE3D2, 0xE3D3,
    0xE3D2, 0xEBD3, 0xE3D3, 0xE3B2, 0xEBD3, 0xE3B2, 0xE3B2, 0xEBB2, 0xE3B2, 0xEBD2, 0xEBB2, 0xE3B2,
    0xEBB2, 0xEBB2, 0xE391, 0xEBB2, 0xEBB2, 0xEBB2, 0xEBB2, 0xEB91, 0xEBB2, 0xEB91, 0xEB91, 0xEB92,
    0xEB91, 0xF392, 0xEB91, 0xEB71, 0xF391, 0xEB91, 0xEB71, 0xF391, 0xF371, 0xF391, 0xF371, 0xF370,
    0xF371, 0xF371, 0xF350, 0xF371, 0xF350, 0xFB71, 0xF370, 0xF350, 0xFB71, 0xF350, 0xF350, 0xF370,
    0xF350, 0xFB70, 0xF370, 0xF350, 0xFB70, 0xF350, 0xF34F, 0xFB50, 0xF350, 0xFB70, 0xF350, 0xF34F,
    0xFB70, 0xF350, 0xF34F, 0xF350, 0xF34F, 0xFB70, 0xF350, 0xF34F, 0xFB70, 0xF34F, 0xF34F, 0xFB50,
    0xF34F, 0xFB70, 0xF34F, 0xF34F, 0xFB70, 0xF34F, 0xF34F, 0xF370, 0xF36F, 0xFB70, 0xF370, 0xF34F,
    0xFB70, 0xF36F, 0xF34F, 0xF370, 0xF36F, 0xFB70, 0xF370, 0xF36F, 0xFB70, 0xF370, 0xF36F, 0xF370,
    0xF370, 0xF390, 0xF370, 0xF370, 0xF390, 0xF370, 0xEB70, 0xF390, 0xF370, 0xF391, 0xF390, 0xF370,
    0xF391, 0xF370, 0xF370, 0xF390, 0xF370, 0xFB91, 0xF370, 0xF370, 0xF390, 0xF370, 0xF370, 0xF370,
    0xF370, 0xFB70, 0xF370, 0xF350, 0xFB70, 0xF370, 0xF34F, 0xFB70, 0xF370, 0xFB70, 0xFB70, 0xF350,
    0xFB70, 0xFB70, 0xF350, 0xFB70, 0xF370, 0xFB70, 0xFB70, 0xF350, 0xFB70, 0xF370, 0xF350, 0xFB70,
    0xF370, 0xFB71, 0xFB70, 0xF370, 0xFB71, 0xF370, 0xF370, 0xFB71, 0xF370, 0xFB71, 0xFB71, 0xF370,
    0xFB91, 0xF371, 0xF370, 0xFB71, 0xF371, 0xFB92, 0xFB71, 0xF371, 0xFB92, 0xFB91, 0xF371, 0xFB92,
    0xF371, 0xFB92, 0xFB92, 0xF371, 0xFB92, 0xFB92, 0xF392, 0xFB92, 0xF392, 0xFB92, 0xFB92, 0xF392,
    0xFBB3, 0xF392, 0xF392, 0xFBB3, 0xF3B2, 0xFBB3, 0xFBB3, 0xF3B2, 0xFBD3, 0xF3B3, 0xF3B3, 0xFBD3,
    0xF3B3, 0xFBD4, 0xF3D4, 0xF3B3, 0xFBD4, 0xF3D4, 0xF3B3, 0xF3D4, 0xF3D4, 0xFBF5, 0xF3F4, 0xF3D4,
    0xFBF5, 0xF3F4, 0xF3F4, 0xF3F5, 0xF3F4, 0xFBF5, 0xF3F5, 0xF353, 0xFF5D, 0xFE5B, 0xF334, 0xCB51,
    0xF3B3, 0xF3D3, 0xEBB3, 0xEBB3, 0xEBB3, 0xEBB3, 0xE392, 0xEBB3, 0xE392, 0xE3B3, 0xE392, 0xDB92,
    0xDB92, 0xDB72, 0xD371, 0xD372, 0xD371, 0xD372, 0xCB51, 0xCB51, 0xCB51, 0xCB51, 0xC330, 0xC331,
    0xC330, 0xC331, 0xC330, 0xBB10, 0xB350, 0xBB71, 0xBB71, 0xB371, 0xBB91, 0xBB91, 0xBBB2, 0xBBB2,
    0xBBB2, 0xC3D2, 0xBBD2, 0xBBD2, 0xC3F3, 0xBC12, 0xC433, 0xC433, 0xBC33, 0xC453, 0xBC53, 0xBC53,
    0xBC73, 0xBC93, 0xBCB4, 0xBCB4, 0xB4B3, 0xBCD4, 0xB4D4, 0xAD13, 0xABF2, 0xFB77, 0xFF7E, 0xFE9C,
    0xF334, 0xF416, 0xF416, 0xF415, 0xF436, 0xF436, 0xF436, 0xF436, 0xEC35, 0xF456, 0xEC35, 0xEC35,
    0xEC36, 0xEC35, 0xF436, 0xEC35, 0xEC35, 0xEC35, 0xEC35, 0xE414, 0xEC35, 0xEC14, 0xEC35, 0xEC14,
    0xE3F4, 0xEC14, 0xEC14, 0xE3F3, 0xEC14, 0xE3F3, 0xEC14, 0xE3F4, 0xE3F3, 0xEBF4, 0xE3F3, 0xE3D3,
    0xE3F3, 0xE3D3, 0xEBF3, 0xE3D3, 0xE3D3, 0xE3F3, 0xE3D3, 0xE3D2, 0xE3D3, 0xE3D2, 0xEBD3, 0xE3D2,
    0xE3B2, 0xEBD3, 0xE3B2, 0xE3B2, 0xEBB2, 0xE3B2, 0xEBD2, 0xEBB2, 0xE3B2, 0xEBB2, 0xEBB2, 0xE391,
    0xEBB2, 0xEBB1, 0xEBB2, 0xEBB2, 0xEB91, 0xEBB2, 0xEB91, 0xEB91, 0xEB92, 0xEB91, 0xF392, 0xEB91,
    0xEB71, 0xF391, 0xEB91, 0xEB71, 0xF391, 0xF371, 0xF391, 0xF371, 0xF370, 0xF371, 0xF371, 0xF350,
    0xF371, 0xF370, 0xFB71, 0xF370, 0xF350, 0xFB71, 0xF350, 0xF350, 0xF370, 0xF350, 0xFB70, 0xF370,
    0xF350, 0xFB70, 0xF350, 0xF34F, 0xF350, 0xF350, 0xFB70, 0xF350, 0xF34F, 0xFB70, 0xF350, 0xF34F,
    0xFB50, 0xF34F, 0xFB70, 0xF370, 0xF34F, 0xFB70, 0xF34F, 0xF34F, 0xFB70, 0xF34F, 0xFB70, 0xF36F,
    0xF34F, 0xFB70, 0xF36F, 0xF34F, 0xF370, 0xF36F, 0xFB70, 0xF370, 0xF36F, 0xFB70, 0xF36F, 0xF36F,
    0xF370, 0xF36F, 0xFB70, 0xF370, 0xF36F, 0xF370, 0xF370, 0xF36F, 0xF370, 0xF370, 0xF390, 0xF390,
    0xF370, 0xF390, 0xF370, 0xEB70, 0xF390, 0xF370, 0xF391, 0xF390, 0xF370, 0xF391, 0xF370, 0xF370,
    0xF390, 0xF370, 0xFB91, 0xF370, 0xF370, 0xF390, 0xF370, 0xF370, 0xF370, 0xF370, 0xFB70, 0xF370,
    0xF370, 0xFB70, 0xF370, 0xF34F, 0xFB70, 0xF370, 0xFB70, 0xFB70, 0xF350, 0xFB70, 0xFB70, 0xF34F,
    0xFB70, 0xF370, 0xFB70, 0xFB70, 0xF350, 0xFB70, 0xF370, 0xF350, 0xFB70, 0xF370, 0xFB71, 0xFB70,
    0xF370, 0xFB71, 0xF370, 0xF370, 0xFB71, 0xF370, 0xFB91, 0xFB71, 0xF371, 0xFB91, 0xF371, 0xF371,
    0xFB71, 0xF371, 0xFB92, 0xFB71, 0xF371, 0xFB92, 0xFB91, 0xF371, 0xFB92, 0xF371, 0xFB92, 0xFB92,
    0xF371, 0xFB92, 0xFB92, 0xF391, 0xFB92, 0xF392, 0xFBB3, 0xFB92, 0xF392, 0xFBB3, 0xF392, 0xF392,
    0xFBB3, 0xF3B3, 0xFBB3, 0xFBB3, 0xF3B3, 0xFBD3, 0xF3B3, 0xF3B3, 0xFBD4, 0xF3B3, 0xFBD4, 0xF3D4,
    0xF3B3, 0xFBD4, 0xF3D4, 0xF3D3, 0xF3D4, 0xF3D4, 0xFBF5, 0xF3F4, 0xF3F4, 0xFC15, 0xF3F5, 0xF3F4,
    0xF3F5, 0xF3F4, 0xFBF5, 0xF374, 0xFF3D, 0xFE7B, 0xF354, 0xCB51, 0xFBB3, 0xEBB3, 0xF3B3, 0xEBB3,
    0xEBB2, 0xEBB3, 0xE3B3, 0xE392, 0xE3B3, 0xE392, 0xE393, 0xDB92, 0xDB72, 0xDB92, 0xD372, 0xD371,
    0xD372, 0xD351, 0xD372, 0xCB51, 0xCB31, 0xCB51, 0xC331, 0xC330, 0xC331, 0xC330, 0xC331, 0xBB10,
    0xB371, 0xB351, 0xBB71, 0xBB71, 0xB371, 0xBB92, 0xBB91, 0xBBB2, 0xBBB2, 0xBBB2, 0xC3F2, 0xBBF2,
    0xBBF2, 0xBC13, 0xBC12, 0xC433, 0xBC33, 0xBC33, 0xBC73, 0xBC73, 0xBC73, 0xBC94, 0xBC93, 0xBCB4,
    0xBCD4, 0xB4D3, 0xBCF4, 0xAD33, 0xABF2, 0xFB77, 0xFF5D, 0xFE9C, 0xF334, 0xF3F5, 0xF416, 0xF416,
    0xEC15, 0xF436, 0xF436, 0xF436, 0xF436, 0xEC35, 0xF456, 0xEC35, 0xEC35, 0xEC35, 0xEC35, 0xF435,
    0xEC35, 0xEC14, 0xEC35, 0xEC14, 0xE414, 0xEC15, 0xEC14, 0xEC15, 0xEC14, 0xE3F4, 0xEC14, 0xE3F4,
    0xE3F3, 0xEBF4, 0xE3F3, 0xEBF4, 0xE3F3, 0xE3F3, 0xEBF4, 0xE3F3, 0xE3D3, 0xE3F3, 0xE3D3, 0xEBF3,
    0xE3D3, 0xE3D2, 0xE3D3, 0xE3D3, 0xE3D2, 0xE3D3, 0xE3D2, 0xEBD3, 0xE3D2, 0xE3B2, 0xEBD3, 0xE3B2,
    0xE3B2, 0xEBB2, 0xE3B2, 0xEBD2, 0xEBB2, 0xE3B2, 0xEBB2, 0xEBB2, 0xE391, 0xEBB2, 0xEBB1, 0xEBB2,
    0xEBB2, 0xEB91, 0xEBB2, 0xEB91, 0xEB91, 0xEB92, 0xEB91, 0xF392, 0xEB91, 0xEB71, 0xF391, 0xEB91,
    0xEB71, 0xF391, 0xF371, 0xF391, 0xF371, 0xF370, 0xF371, 0xF371, 0xF350, 0xF371, 0xF370, 0xFB71,
    0xF370, 0xF350, 0xF371, 0xF370, 0xF350, 0xF370, 0xF350, 0xFB70, 0xF370, 0xF350, 0xFB70, 0xF350,
    0xF34F, 0xF350, 0xF350, 0xFB70, 0xF350, 0xF34F, 0xFB70, 0xF350, 0xF34F, 0xFB70, 0xF34F, 0xFB70,
    0xF370, 0xF34F, 0xFB70, 0xF34F, 0xF34F, 0xFB70, 0xF34F, 0xFB70, 0xF36F, 0xF34F, 0xFB70, 0xF36F,
    0xF36F, 0xF370, 0xF36F, 0xFB70, 0xF370, 0xF36F, 0xFB70, 0xF36F, 0xF36F, 0xF370, 0xF36F, 0xFB70,
    0xF370, 0xF36F, 0xF390, 0xF370, 0xF36F, 0xF390, 0xF370, 0xF390, 0xF390, 0xF370, 0xF390, 0xF390,
    0xEB70, 0xF390, 0xF390, 0xF391, 0xF390, 0xF370, 0xF391, 0xF370, 0xF370, 0xF390, 0xF370, 0xFB91,
    0xF370, 0xF370, 0xF390, 0xF370, 0xF370, 0xF370, 0xF370, 0xFB70, 0xF370, 0xF370, 0xFB70, 0xF370,
    0xF34F, 0xFB70, 0xF370, 0xFB70, 0xFB70, 0xF350, 0xFB70, 0xF370, 0xF350, 0xFB70, 0xF370, 0xFB71,
    0xFB70, 0xF350, 0xFB70, 0xF370, 0xF350, 0xFB70, 0xF370, 0xFB71, 0xFB70, 0xF370, 0xFB71, 0xF370,
    0xF370, 0xFB71, 0xF371, 0xFB91, 0xFB71, 0xF371, 0xFB91, 0xFB71, 0xF371, 0xFB71, 0xF391, 0xFB92,
    0xFB91, 0xF371, 0xFB92, 0xF371, 0xF371, 0xFB92, 0xF391, 0xFB92, 0xFB92, 0xF371, 0xFB92, 0xFB92,
    0xF371, 0xFB92, 0xF392, 0xFB93, 0xFB92, 0xF392, 0xFBB3, 0xF392, 0xF392, 0xFBB3, 0xF3B3, 0xFBD3,
    0xFBB3, 0xF3B3, 0xFBD3, 0xF3B3, 0xF3B3, 0xFBD4, 0xF3B3, 0xFBD4, 0xF3D4, 0xF3B3, 0xFBD4, 0xF3D4,
    0xF3D4, 0xF3F4, 0xF3F4, 0xFBF5, 0xF3F4, 0xF3F4, 0xFC15, 0xF3F5, 0xF3F4, 0xF3F5, 0xF3F4, 0xFB74,
    0xFF5D, 0xFE5B, 0xF354, 0xCB51, 0xF3B2, 0xF3B3, 0xEBB3, 0xF3B3, 0xEBB3, 0xE392, 0xEBB3, 0xE393,
    0xE392, 0xE393, 0xDB92, 0xE393, 0xDB92, 0xDB72, 0xDB92, 0xD372, 0xD351, 0xD371, 0xCB51, 0xD351,
    0xCB51, 0xC330, 0xCB51, 0xC330, 0xC330, 0xC330, 0xBB10, 0xC330, 0xBB71, 0xBB71, 0xB371, 0xBB91,
    0xBB91, 0xB391, 0xBBB2, 0xBBB1, 0xBBD2, 0xBBD2, 0xBBD2, 0xBBF2, 0xBBF2, 0xBBF2, 0xBC33, 0xBC33,
    0xC453, 0xBC53, 0xBC53, 0xBC73, 0xBC73, 0xB493, 0xBCB4, 0xB4B3, 0xBCD4, 0xB4D4, 0xB4D3, 0xAD54,
    0xABF2, 0xFB77, 0xFF5E, 0xFE9B, 0xFB54, 0xF416, 0xF3F5, 0xF416, 0xF416, 0xEC15, 0xF436, 0xEC35,
    0xF456, 0xF456, 0xEC35, 0xF456, 0xEC35, 0xEC35, 0xEC35, 0xEC35, 0xEC35, 0xEC35, 0xEC14, 0xEC35,
    0xEC14, 0xE414, 0xEC14, 0xE414, 0xEC15, 0xEC14, 0xE3F4, 0xEC14, 0xE3F4, 0xE3F3, 0xEBF4, 0xE3F3,
    0xEBF4, 0xE3F3, 0xE3F3, 0xE3F3, 0xE3F3, 0xE3D3, 0xE3F3, 0xE3D3, 0xE3F3, 0xE3D3, 0xE3D2, 0xE3D3,
    0xE3D3, 0xE3D2, 0xE3D3, 0xE3D2, 0xEBD3, 0xE3D2, 0xE3B2, 0xEBD2, 0xE3B2, 0xE3B2, 0xEBB2, 0xE3B2,
    0xEBD2, 0xEBB2, 0xE3B2, 0xEBB2, 0xEBB2, 0xE391, 0xEBB2, 0xEBB1, 0xEBB2, 0xEBB2, 0xEB91, 0xEBB2,
    0xEB91, 0xEB91, 0xEB91, 0xEB91, 0xF392, 0xEB91, 0xEB71, 0xF391, 0xEB71, 0xEB71, 0xF391, 0xF371,
    0xF391, 0xF371, 0xF370, 0xF371, 0xF371, 0xF350, 0xF371, 0xF370, 0xFB71, 0xF370, 0xF350, 0xF371,
    0xF370, 0xF350, 0xF370, 0xF350, 0xFB70, 0xF370, 0xF350, 0xFB70, 0xF350, 0xF34F, 0xF350, 0xF350,
    0xFB70, 0xF350, 0xF34F, 0xFB70, 0xF350, 0xF34F, 0xFB70, 0xF34F, 0xFB70, 0xF370, 0xF34F, 0xFB70,
    0xF34F, 0xF34F, 0xFB70, 0xF34F, 0xFB70, 0xF370, 0xF34F, 0xFB70, 0xF36F, 0xF36F, 0xF370, 0xF36F,
    0xFB70, 0xF370, 0xF36F, 0xF370, 0xF370, 0xF36F, 0xF370, 0xF370, 0xFB90, 0xF370, 0xF370, 0xF390,
    0xF370, 0xEB70, 0xF390, 0xF370, 0xF391, 0xF390, 0xEB70, 0xF391, 0xF390, 0xEB70, 0xF390, 0xF390,
    0xF391, 0xF390, 0xF370, 0xF391, 0xF370, 0xF370, 0xF390, 0xF370, 0xF391, 0xF370, 0xF370, 0xF390,
    0xF370, 0xF370, 0xF370, 0xF370, 0xFB70, 0xF370, 0xF350, 0xFB70, 0xF370, 0xF34F, 0xFB70, 0xF370,
    0xFB70, 0xFB70, 0xF350, 0xFB70, 0xF370, 0xF350, 0xFB70, 0xF370, 0xFB70, 0xFB70, 0xF350, 0xFB70,
    0xFB70, 0xF350, 0xFB70, 0xF370, 0xFB71, 0xFB70, 0xF370, 0xFB71, 0xF370, 0xF370, 0xFB71, 0xF371,
    0xFB91, 0xFB71, 0xF371, 0xFB91, 0xFB71, 0xF371, 0xFB91, 0xFB91, 0xFB92, 0xFB91, 0xF371, 0xFB92,
    0xFB92, 0xF391, 0xFB92, 0xF391, 0xFB92, 0xFB92, 0xF391, 0xFB92, 0xF392, 0xF371, 0xFB92, 0xF392,
    0xFB93, 0xFB92, 0xF392, 0xFBB3, 0xF393, 0xF392, 0xFBB3, 0xF3B3, 0xFBD3, 0xF3B3, 0xF3B3, 0xFBD3,
    0xF3B3, 0xF3B3, 0xFBD4, 0xF3D3, 0xFBD4, 0xF3D4, 0xF3D4, 0xFBF4, 0xF3D4, 0xF3D4, 0xF3F4, 0xF3F4,
    0xFC15, 0xF3F5, 0xF3F4, 0xFC15, 0xF3F5, 0xF3F4, 0xFBF5, 0xF353, 0xFF5E, 0xFE5B, 0xF334, 0xCB51,
    0xF3B3, 0xEBB2, 0xEBB3, 0xEBB3, 0xEBB3, 0xEBB3, 0xE392, 0xEBB3, 0xE392, 0xE392, 0xE392, 0xDB92,
    0xE392, 0xDB72, 0xD371, 0xDB72, 0xD371, 0xCB51, 0xD351, 0xCB51, 0xCB51, 0xCB51, 0xC330, 0xCB31,
    0xC330, 0xBB10, 0xC330, 0xBB10, 0xB351, 0xBB71, 0xBB71, 0xB371, 0xBB92, 0xBB91, 0xB391, 0xBBB2,
    0xBBB2, 0xBBD2, 0xBBF2, 0xBBF2, 0xBC13, 0xBC12, 0xBC12, 0xBC33, 0xBC33, 0xBC73, 0xBC73, 0xB473,
    0xBC93, 0xB493, 0xB493, 0xB4B4, 0xB4D3, 0xB4F4, 0xB4F4, 0xA533, 0xAC12, 0xFB57, 0xF75D, 0xFE9C,
    0xF334, 0xFC16, 0xF3F5, 0xF415, 0xF436, 0xF416, 0xEC15, 0xF436, 0xEC35, 0xF456, 0xEC55, 0xEC35,
    0xF456, 0xEC35, 0xEC35, 0xEC35, 0xEC35, 0xEC35, 0xEC35, 0xEC14, 0xEC35, 0xEC14, 0xE414, 0xEC14,
    0xE414, 0xEC14, 0xEC14, 0xE3F3, 0xEC14, 0xE3F4, 0xE3F3, 0xE3F4, 0xE3F3, 0xEBF4, 0xE3F3, 0xE3D3,
    0xE3F3, 0xE3D3, 0xE3D3, 0xE3F3, 0xE3D3, 0xE3F3, 0xE3D3, 0xE3D2, 0xE3D3, 0xE3D2, 0xE3B2, 0xE3D3,
    0xE3D2, 0xEBD3, 0xE3D2, 0xE3B2, 0xEBD2, 0xE3B2, 0xE3B2, 0xEBB2, 0xE3B2, 0xEBD2, 0xEBB2, 0xE3B2,
    0xEBB2, 0xEBB2, 0xE391, 0xEBB2, 0xEBB1, 0xEBB2, 0xEBB2, 0xEB91, 0xEBB2, 0xEB91, 0xEB91, 0xEB91,
    0xEB91, 0xF392, 0xEB91, 0xEB71, 0xF391, 0xEB91, 0xEB70, 0xF391, 0xF371, 0xF391, 0xF371, 0xF370,
    0xF371, 0xF371, 0xF370, 0xF371, 0xF370, 0xF371, 0xF370, 0xF350, 0xF371, 0xF370, 0xF350, 0xF370,
    0xF370, 0xFB70, 0xF370, 0xF350, 0xF370, 0xF350, 0xF34F, 0xF370, 0xF350, 0xFB70, 0xF370, 0xF34F,
    0xFB70, 0xF350, 0xF34F, 0xFB70, 0xF34F, 0xFB70, 0xF36F, 0xF34F, 0xFB70, 0xF34F, 0xF34F, 0xFB70,
    0xF34F, 0xFB70, 0xF370, 0xF34F, 0xFB70, 0xF36F, 0xF36F, 0xF370, 0xF36F, 0xFB70, 0xF370, 0xF36F,
    0xF390, 0xF370, 0xF36F, 0xF370, 0xF370, 0xF390, 0xF390, 0xF370, 0xF390, 0xF370, 0xEB70, 0xF390,
    0xF390, 0xF391, 0xF390, 0xEB70, 0xF391, 0xF390, 0xEB70, 0xF391, 0xF390, 0xF391, 0xF390, 0xF370,
    0xF391, 0xF370, 0xF370, 0xF390, 0xF370, 0xF391, 0xF390, 0xF370, 0xF390, 0xF370, 0xF370, 0xF370,
    0xF370, 0xFB70, 0xF370, 0xF350, 0xFB70, 0xF370, 0xF34F, 0xFB70, 0xF370, 0xFB70, 0xFB70, 0xF370,
    0xFB70, 0xF370, 0xF350, 0xFB70, 0xF370, 0xFB70, 0xFB70, 0xF350, 0xFB70, 0xFB70, 0xF350, 0xFB70,
    0xF370, 0xFB71, 0xFB70, 0xF370, 0xFB71, 0xF370, 0xF370, 0xFB71, 0xF371, 0xFB91, 0xFB71, 0xF371,
    0xFB91, 0xFB71, 0xF371, 0xFB91, 0xF371, 0xFB92, 0xFB91, 0xF371, 0xFB92, 0xF392, 0xF391, 0xFB92,
    0xF392, 0xFB92, 0xFB92, 0xF391, 0xFB92, 0xF392, 0xF392, 0xFB92, 0xF392, 0xFBB3, 0xFBB3, 0xF392,
    0xFBB3, 0xF3B3, 0xF3B2, 0xFBB3, 0xF3B3, 0xFBD3, 0xFBB3, 0xF3B3, 0xFBD4, 0xF3B3, 0xF3B3, 0xFBD4,
    0xF3D3, 0xFBD4, 0xF3D4, 0xF3D4, 0xFBF4, 0xF3F4, 0xF3F4, 0xF3F5, 0xF3F4, 0xFC15, 0xF415, 0xF3F4,
    0xFBF5, 0xF3F4, 0xF3D4, 0xFB74, 0xFF5D, 0xFE5B, 0xF354, 0xC330, 0xFBB3, 0xEBB3, 0xEBB2, 0xEBB3,
    0xEBB3, 0xEBB3, 0xEBB3, 0xE392, 0xEBB3, 0xE392, 0xDB92, 0xE392, 0xDB72, 0xDB92, 0xDB72, 0xD351,
    0xD372, 0xD351, 0xCB51, 0xCB51, 0xCB51, 0xCB51, 0xCB31, 0xC330, 0xC331, 0xC330, 0xBB10, 0xC310,
    0xB371, 0xB371, 0xBB71, 0xBB91, 0xB371, 0xBBB2, 0xBB91, 0xB3B1, 0xBBD2, 0xBBD2, 0xBBF2, 0xBBF2,
    0xBBF2, 0xBC13, 0xBC12, 0xB432, 0xBC53, 0xBC53, 0xBC73, 0xBC73, 0xB493, 0xBCB4, 0xB4B3, 0xB4B3,
    0xB4D4, 0xACD3, 0xB4F4, 0xA553, 0xA3F1, 0xFB57, 0xFF5D, 0xF69B, 0xF334, 0xF3F5, 0xF416, 0xF416,
    0xF415, 0xF436, 0xF436, 0xEC35, 0xF436, 0xEC35, 0xF456, 0xEC55, 0xEC35, 0xEC55, 0xEC35, 0xEC34,
    0xEC35, 0xEC35, 0xEC35, 0xEC35, 0xE414, 0xEC35, 0xEC14, 0xE414, 0xEC14, 0xE414, 0xEC14, 0xEC14,
    0xE3F3, 0xEC14, 0xE3F4, 0xE3F3, 0xE3F4, 0xE3F3, 0xEBF4, 0xE3F3, 0xE3D3, 0xE3F3, 0xE3F3, 0xE3D2,
    0xE3F3, 0xE3D3, 0xE3F3, 0xE3D3, 0xE3D2, 0xE3D3, 0xE3D2, 0xE3D2, 0xE3D3, 0xE3D2, 0xEBD3, 0xE3D2,
    0xE3B2, 0xEBD2, 0xE3B2, 0xE3B2, 0xEBB2, 0xE3B2, 0xEBD2, 0xEBB2, 0xE3B1, 0xEBB2, 0xEBB2, 0xE391,
    0xEBB2, 0xEBB1, 0xEBB2, 0xEBB2, 0xEB91, 0xEBB2, 0xEB91, 0xEB91, 0xEB91, 0xEB91, 0xF392, 0xEB91,
    0xEB71, 0xF391, 0xEB91, 0xEB70, 0xF391, 0xF371, 0xF391, 0xF371, 0xF370, 0xF371, 0xF370, 0xF370,
    0xF371, 0xF370, 0xF371, 0xF370, 0xF350, 0xF371, 0xF370, 0xF350, 0xF370, 0xF350, 0xFB70, 0xF370,
    0xF350, 0xFB70, 0xF350, 0xF34F, 0xF370, 0xF350, 0xFB70, 0xF370, 0xF34F, 0xFB70, 0xF34F, 0xF34F,
    0xFB70, 0xF34F, 0xFB70, 0xFB6F, 0xF34F, 0xFB70, 0xF34F, 0xF34F, 0xFB70, 0xF34F, 0xFB70, 0xF370,
    0xF34F, 0xFB70, 0xF370, 0xF36F, 0xF370, 0xF36F, 0xFB70, 0xF370, 0xF36F, 0xF390, 0xF370, 0xF36F,
    0xF370, 0xF370, 0xF390, 0xF390, 0xF370, 0xF390, 0xF390, 0xEB70, 0xF390, 0xF390, 0xF391, 0xF390,
    0xEB90, 0xF391, 0xF390, 0xEB90, 0xF391, 0xF390, 0xF391, 0xF390, 0xF370, 0xF391, 0xF370, 0xF370,
    0xF390, 0xF370, 0xFB91, 0xF390, 0xF370, 0xF390, 0xF370, 0xF370, 0xF370, 0xF370, 0xFB70, 0xF370,
    0xF350, 0xFB70, 0xF370, 0xF34F, 0xFB70, 0xF370, 0xFB70, 0xFB70, 0xF350, 0xFB70, 0xF370, 0xF350,
    0xFB70, 0xF370, 0xFB70, 0xFB70, 0xF350, 0xFB70, 0xFB70, 0xF350, 0xFB70, 0xF370, 0xFB71, 0xFB70,
    0xF370, 0xFB71, 0xF371, 0xF370, 0xFB71, 0xF371, 0xFB91, 0xFB71, 0xF371, 0xFB91, 0xFB71, 0xF371,
    0xFB91, 0xF391, 0xFB92, 0xFB91, 0xF371, 0xFB92, 0xF392, 0xF391, 0xFB92, 0xF392, 0xFBB2, 0xFB92,
    0xF372, 0xFB92, 0xF392, 0xF392, 0xFB92, 0xF392, 0xFBB3, 0xFBB2, 0xF392, 0xFBB3, 0xF3B3, 0xF3B2,
    0xFBB3, 0xF3B3, 0xFBD4, 0xF3B3, 0xF3B3, 0xFBB4, 0xF3B3, 0xF3B3, 0xFBD4, 0xF3D4, 0xFBF4, 0xF3F4,
    0xF3D4, 0xFBF4, 0xF3F4, 0xF3F4, 0xF3F5, 0xF3F4, 0xFC15, 0xF3F5, 0xF3F4, 0xFBF5, 0xF3F4, 0xF353,
    0xFF5D, 0xFE5B, 0xFB54, 0xCB51, 0xF3B3, 0xF3B3, 0xEBB3, 0xEB92, 0xEBB3, 0xEB92, 0xEBB3, 0xE3B3,
    0xE392, 0xE393, 0xE392, 0xDB72, 0xDB92, 0xDB72, 0xDB72, 0xD372, 0xD351, 0xD372, 0xCB51, 0xCB51,
    0xCB51, 0xCB30, 0xCB51, 0xC330, 0xC310, 0xC330, 0xC310, 0xBB0F, 0xB350, 0xBB71, 0xB371, 0xBB91,
    0xBB91, 0xB391, 0xBBB2, 0xBBB1, 0xB3B1, 0xBBD2, 0xBBD2, 0xBBF3, 0xBC12, 0xBC12, 0xBC33, 0xBC33,
    0xB432, 0xBC53, 0xB473, 0xBC93, 0xB493, 0xB493, 0xB4D4, 0xB4D3, 0xACD3, 0xB4F4, 0xACF3, 0xA574,
    0xA3F2, 0xFB36, 0xFF7E, 0xFE9B, 0xF333, 0xF416, 0xF3F5, 0xF416, 0xF416, 0xEC15, 0xF436, 0xF436,
    0xEC35, 0xF436, 0xEC35, 0xF456, 0xEC35, 0xEC35, 0xEC55, 0xEC35, 0xEC34, 0xEC35, 0xEC34, 0xEC35,
    0xEC34, 0xE414, 0xEC35, 0xEC14, 0xE414, 0xEC14, 0xE414, 0xEC14, 0xE414, 0xE3F3, 0xEC14, 0xE3F3,
    0xE3F3, 0xE3F4, 0xE3F3, 0xEBF4, 0xE3F3, 0xE3D3, 0xE3F3, 0xE3D3, 0xE3D2, 0xE3F3, 0xE3D3, 0xE3F3,
    0xE3D3, 0xE3D2, 0xE3D3, 0xE3D2, 0xE3D2, 0xE3D3, 0xE3D2, 0xEBD3, 0xE3D2, 0xE3B2, 0xEBD2, 0xE3B2,
    0xE3B2, 0xEBB2, 0xE3B2, 0xEBD2, 0xEBB2, 0xE3B1, 0xEBB2, 0xEBB2, 0xE391, 0xEBB2, 0xEBB1, 0xEBB2,
    0xEBB2, 0xEB91, 0xEBB2, 0xEB91, 0xEB91, 0xEB91, 0xEB91, 0xF392, 0xEB91, 0xEB71, 0xF391, 0xEB91,
    0xEB70, 0xF391, 0xF371, 0xF391, 0xF371, 0xF370, 0xF371, 0xF370, 0xEB70, 0xF371, 0xF370, 0xF371,
    0xF370, 0xF350, 0xF371, 0xF370, 0xF350, 0xF370, 0xF350, 0xFB70, 0xF370, 0xF350, 0xFB70, 0xF350,
    0xF34F, 0xFB70, 0xF34F, 0xFB70, 0xFB70, 0xF34F, 0xFB70, 0xF34F, 0xF34F, 0xFB50, 0xF34F, 0xFB70,
    0xFB4F, 0xF34F, 0xFB70, 0xF34F, 0xF34F, 0xFB6F, 0xF34F, 0xFB70, 0xF370, 0xF34F, 0xFB70, 0xF370,
    0xF36F, 0xF370, 0xF36F, 0xFB90, 0xF370, 0xF36F, 0xF390, 0xF370, 0xF36F, 0xF390, 0xF370, 0xF390,
    0xF390, 0xEB70, 0xF390, 0xF390, 0xEB90, 0xF390, 0xEB90, 0xF391, 0xF390, 0xEB90, 0xF391, 0xF390,
    0xEB90, 0xF391, 0xF390, 0xF391, 0xF390, 0xF370, 0xF391, 0xF370, 0xEB70, 0xF390, 0xF370, 0xF391,
    0xF390, 0xF370, 0xF390, 0xF370, 0xF370, 0xF370, 0xF370, 0xFB70, 0xF370, 0xF350, 0xFB70, 0xF370,
    0xF34F, 0xFB70, 0xF370, 0xFB70, 0xFB70, 0xF350, 0xFB70, 0xFB70, 0xF350, 0xFB70, 0xF370, 0xFB70,
    0xFB70, 0xF350, 0xFB71, 0xFB70, 0xF370, 0xFB70, 0xF370, 0xFB71, 0xFB70, 0xF370, 0xFB71, 0xF371,
    0xF370, 0xFB71, 0xF371, 0xFB91, 0xFB71, 0xF371, 0xFB91, 0xFB71, 0xF371, 0xFB91, 0xF371, 0xFB92,
    0xFB91, 0xF371, 0xFB92, 0xF391, 0xF371, 0xFB92, 0xF391, 0xFB92, 0xFB92, 0xF392, 0xFB92, 0xFB92,
    0xF392, 0xFB92, 0xF392, 0xFBB3, 0xFBB3, 0xF392, 0xFBB3, 0xFBB3, 0xF3B2, 0xFBB3, 0xF3B3, 0xFBD3,
    0xF3B3, 0xF3B3, 0xFBD4, 0xF3B3, 0xF3B3, 0xFBD4, 0xF3D4, 0xFBF4, 0xF3F4, 0xF3D4, 0xFBF5, 0xF3F4,
    0xF3F4, 0xF3F5, 0xF3F4, 0xFC15, 0xF3F5, 0xF3F4, 0xFBF5, 0xF353, 0xFF3D, 0xFE5B, 0xF334, 0xD351,
    0xFBB3, 0xEBB2, 0xF3B3, 0xEBB3, 0xEB92, 0xEBB3, 0xE392, 0xEBB3, 0xE392, 0xE392, 0xE392, 0xDB92,
    0xDB71, 0xDB72, 0xD371, 0xDB72, 0xD371, 0xCB51, 0xD371, 0xCB51, 0xCB30, 0xCB51, 0xC330, 0xCB31,
    0xC330, 0xBB10, 0xC330, 0xBB10, 0xB351, 0xB350, 0xBB71, 0xB371, 0xBB92, 0xBB91, 0xB391, 0xBBB2,
    0xBBB2, 0xB3D1, 0xBBF2, 0xBBF2, 0xBC13, 0xBC12, 0xB412, 0xBC53, 0xBC53, 0xB452, 0xBC73, 0xB493,
    0xBCB4, 0xB4B3, 0xACB3, 0xB4D4, 0xACD3, 0xACD3, 0xACF4, 0x9D53, 0xA412, 0xFB57, 0xFF5D, 0xFEBC,
    0xF334, 0xF3F5, 0xF3F6, 0xF415, 0xF436, 0xF436, 0xEC15, 0xF436, 0xEC35, 0xEC35, 0xF456, 0xEC35,
    0xF456, 0xEC35, 0xEC35, 0xEC35, 0xEC35, 0xE414, 0xEC35, 0xEC14, 0xEC35, 0xEC14, 0xE414, 0xEC14,
    0xE414, 0xE414, 0xEC14, 0xE414, 0xEC14, 0xE414, 0xE3F3, 0xEC14, 0xE3F3, 0xE3F3, 0xE3F3, 0xE3F3,
    0xE3F4, 0xE3F3, 0xE3D3, 0xE3F3, 0xE3D3, 0xDBD2, 0xE3D3, 0xE3D2, 0xE3F3, 0xE3D3, 0xE3D2, 0xE3D3,
    0xE3D2, 0xE3B2, 0xE3D2, 0xE3D2, 0xEBD3, 0xE3D2, 0xE3B2, 0xEBD2, 0xE3B2, 0xE3B2, 0xEBB2, 0xE3B2,
    0xEBD2, 0xEBB2, 0xE3B1, 0xEBB2, 0xEBB2, 0xE391, 0xEBB2, 0xEBB1, 0xEBB2, 0xEBB2, 0xEB91, 0xEBB2,
    0xEB91, 0xEB91, 0xEB91, 0xEB91, 0xF392, 0xEB91, 0xEB71, 0xF391, 0xEB91, 0xEB70, 0xF391, 0xEB71,
    0xF391, 0xF371, 0xEB70, 0xF391, 0xF370, 0xEB70, 0xF371, 0xF370, 0xF371, 0xF370, 0xF370, 0xF370,
    0xF370, 0xF350, 0xF370, 0xF350, 0xFB70, 0xF370, 0xF34F, 0xFB70, 0xF350, 0xF34F, 0xFB50, 0xF34F,
    0xFB70, 0xFB50, 0xF34F, 0xFB70, 0xF34F, 0xF34F, 0xFB4F, 0xF34F, 0xFB70, 0xFB4F, 0xF34F, 0xFB70,
    0xF34F, 0xF34F, 0xFB6F, 0xF34F, 0xFB70, 0xF36F, 0xF34F, 0xFB70, 0xF370, 0xF36F, 0xF370, 0xF370,
    0xF390, 0xF370, 0xF370, 0xF390, 0xF370, 0xEB70, 0xF390, 0xF370, 0xF391, 0xF390, 0xEB70, 0xF391,
    0xF390, 0xEB90, 0xF390, 0xEB90, 0xF391, 0xF390, 0xEB90, 0xF391, 0xF390, 0xEB90, 0xF391, 0xF390,
    0xF391, 0xF390, 0xF370, 0xF391, 0xF390, 0xEB70, 0xF390, 0xF370, 0xF391, 0xF390, 0xF370, 0xF390,
    0xF370, 0xF370, 0xF370, 0xF370, 0xFB70, 0xF370, 0xF370, 0xFB70, 0xF370, 0xF34F, 0xFB70, 0xF370,
    0xFB70, 0xFB70, 0xF350, 0xFB70, 0xFB70, 0xF350, 0xFB70, 0xF370, 0xFB70, 0xFB70, 0xF350, 0xFB70,
    0xFB70, 0xF350, 0xFB70, 0xF370, 0xFB71, 0xFB70, 0xF370, 0xFB91, 0xF371, 0xF370, 0xFB71, 0xF371,
    0xFB91, 0xFB91, 0xF371, 0xFB91, 0xF371, 0xF371, 0xFB91, 0xF371, 0xFB92, 0xFB91, 0xF371, 0xFB92,
    0xF391, 0xF391, 0xFB92, 0xF392, 0xFB92, 0xFB92, 0xF392, 0xFBB2, 0xFB92, 0xF392, 0xFBB2, 0xF392,
    0xFBB3, 0xFBB3, 0xF3B2, 0xFBB3, 0xF3B3, 0xF3B2, 0xFBB3, 0xF3B3, 0xFBB4, 0xFBB3, 0xF3B3, 0xFBD4,
    0xF3B3, 0xF3B3, 0xFBD4, 0xF3D4, 0xFBF4, 0xF3F4, 0xF3D4, 0xFBF5, 0xF3F4, 0xF3F4, 0xF3F5, 0xF3F4,
    0xFC15, 0xF3F5, 0xF3F4, 0xFB74, 0xFF5D, 0xFE5A, 0xFB34, 0xCB50, 0xFBB3, 0xF3B3, 0xEB92, 0xF3B3,
    0xEBB3, 0xE392, 0xEBB3, 0xE392, 0xEBB3, 0xE392, 0xDB72, 0xE392, 0xDB72, 0xD371, 0xDB72, 0xD371,
    0xDB72, 0xD351, 0xCB51, 0xD351, 0xCB51, 0xC330, 0xCB31, 0xC330, 0xC331, 0xC330, 0xBB10, 0xC330,
    0xBB71, 0xB371, 0xB370, 0xBB91, 0xB391, 0xBBB2, 0xBBB1, 0xB3B1, 0xBBD2, 0xBBD2, 0xB3D1, 0xBBF2,
    0xBC12, 0xBC33, 0xBC32, 0xB432, 0xBC53, 0xB453, 0xB472, 0xB493, 0xB493, 0xB4B4, 0xB4D3, 0xACD3,
    0xACF4, 0xACF3, 0xA4F3, 0x9D73, 0xA3F1, 0xFB57, 0xFF7E, 0xFE9B, 0xFB34, 0xF3F5, 0xF3F5, 0xF416,
    0xF415, 0xF436, 0xF436, 0xEC35, 0xF456, 0xEC35, 0xEC35, 0xEC55, 0xEC35, 0xF456, 0xEC35, 0xEC35,
    0xEC35, 0xEC35, 0xE414, 0xEC35, 0xEC14, 0xEC35, 0xEC14, 0xE414, 0xEC14, 0xE414, 0xE3F3, 0xEC14,
    0xE3F4, 0xEC14, 0xE3F4, 0xE3F3, 0xE414, 0xE3F3, 0xE3F3, 0xE3F3, 0xE3F3, 0xE3F3, 0xE3F3, 0xE3D3,
    0xE3F3, 0xE3D3, 0xDBD2, 0xE3D3, 0xE3D2, 0xE3D3, 0xE3D3, 0xE3D2, 0xE3D3, 0xE3D2, 0xE3B2, 0xE3D2,
    0xE3B2, 0xEBD3, 0xE3D2, 0xE3B2, 0xEBD2, 0xE3B2, 0xE3B1, 0xEBB2, 0xE3B2, 0xEBD2, 0xEBB2, 0xE3B1,
    0xEBB2, 0xEBB2, 0xE391, 0xEBB2, 0xEBB1, 0xEBB2, 0xEBB1, 0xEB91, 0xEBB2, 0xEB91, 0xEB91, 0xEB91,
    0xEB91, 0xF392, 0xEB91, 0xEB71, 0xF391, 0xEB91, 0xEB70, 0xF391, 0xEB71, 0xF391, 0xF371, 0xEB70,
    0xF391, 0xF370, 0xEB70, 0xF371, 0xF370, 0xF371, 0xF370, 0xF350, 0xF370, 0xF370, 0xF350, 0xF370,
    0xF350, 0xFB70, 0xF370, 0xF34F, 0xFB70, 0xF34F, 0xF34F, 0xFB50, 0xF34F, 0xFB70, 0xFB4F, 0xF34F,
    0xFB70, 0xF34F, 0xF34F, 0xFB4F, 0xF34F, 0xFB50, 0xFB4F, 0xF34F, 0xFB6F, 0xF34F, 0xF34F, 0xFB4F,
    0xF34F, 0xFB70, 0xF370, 0xF34F, 0xFB70, 0xF370, 0xF36F, 0xF370, 0xF370, 0xF390, 0xF390, 0xF370,
    0xF390, 0xF370, 0xEB70, 0xF390, 0xF390, 0xF391, 0xF390, 0xEB90, 0xF391, 0xF390, 0xEB90, 0xF391,
    0xEB90, 0xF3B1, 0xF391, 0xEB90, 0xF391, 0xF390, 0xEB90, 0xF391, 0xF390, 0xF391, 0xF390, 0xF370,
    0xF391, 0xF390, 0xF370, 0xF390, 0xF370, 0xF391, 0xF390, 0xF370, 0xF390, 0xF370, 0xF370, 0xF370,
    0xF370, 0xFB70, 0xF370, 0xF370, 0xFB70, 0xF370, 0xF34F, 0xFB70, 0xF370, 0xFB70, 0xFB70, 0xF350,
    0xFB70, 0xFB70, 0xF350, 0xFB70, 0xF370, 0xFB71, 0xFB70, 0xF350, 0xFB70, 0xFB70, 0xF350, 0xFB70,
    0xF370, 0xFB71, 0xFB71, 0xF370, 0xFB91, 0xFB71, 0xF370, 0xFB71, 0xF371, 0xFB91, 0xFB91, 0xF371,
    0xFB91, 0xFB71, 0xF371, 0xFB71, 0xF371, 0xFB92, 0xFB91, 0xF371, 0xFB92, 0xFB91, 0xF391, 0xFB92,
    0xF392, 0xFB92, 0xFB92, 0xF392, 0xFBB2, 0xF392, 0xF392, 0xFBB3, 0xF392, 0xFBB3, 0xFBB3, 0xF392,
    0xFBB3, 0xF3B3, 0xF3B3, 0xFBB3, 0xF3B3, 0xFBD4, 0xFBB3, 0xF3B3, 0xFBD4, 0xF3B3, 0xF3D3, 0xFBD4,
    0xF3D4, 0xFBF4, 0xF3F4, 0xF3D4, 0xFBF5, 0xF3F4, 0xF3F4, 0xF3F5, 0xF3F4, 0xFBF5, 0xF3F5, 0xF353,
    0xFF5E, 0xFE3B, 0xF313, 0xCB51, 0xF3B3, 0xF3B3, 0xEBB3, 0xEB92, 0xEBB3, 0xEB93, 0xE392, 0xEB93,
    0xE392, 0xE393, 0xE392, 0xDB72, 0xE392, 0xDB72, 0xD371, 0xDB72, 0xD351, 0xD372, 0xD351, 0xCB31,
    0xCB51, 0xCB31, 0xC330, 0xC331, 0xC330, 0xC331, 0xC310, 0xBB10, 0xB350, 0xBB71, 0xB371, 0xB371,
    0xBB91, 0xB391, 0xBBB2, 0xBBB2, 0xB3B1, 0xBBD2, 0xBBD2, 0xB3F2, 0xBC12, 0xB412, 0xBC33, 0xBC53,
    0xB452, 0xBC73, 0xB473, 0xB493, 0xB4B3, 0xACB3, 0xB4D4, 0xACD3, 0xACD3, 0xAD14, 0xACF3, 0x9D73,
    0xA3F2, 0xFB56, 0xFF7E, 0xFE9C, 0xF334, 0xF416, 0xF3F5, 0xF3F5, 0xF416, 0xF415, 0xF436, 0xF436,
    0xEC35, 0xF456, 0xEC35, 0xEC35, 0xEC35, 0xEC35, 0xF435, 0xEC35, 0xEC34, 0xEC35, 0xEC35, 0xE414,
    0xEC35, 0xE414, 0xEC35, 0xEC14, 0xE414, 0xEC14, 0xE414, 0xE3F3, 0xEC14, 0xE3F3, 0xEC14, 0xE3F4,
    0xE3F3, 0xE3F4, 0xE3F3, 0xE3F3, 0xE3F3, 0xE3F3, 0xE3F3, 0xE3F3, 0xE3D3, 0xE3F3, 0xE3D3, 0xDBD2,
    0xE3D3, 0xE3D2, 0xE3D3, 0xE3D2, 0xE3D2, 0xE3D3, 0xE3D2, 0xE3B2, 0xE3D2, 0xE3B2, 0xEBD3, 0xE3D2,
    0xE3B2, 0xEBD2, 0xE3B2, 0xE3B1, 0xEBB2, 0xE3B2, 0xEBD2, 0xEBB2, 0xE3B1, 0xEBB2, 0xEBB2, 0xE391,
    0xEBB2, 0xEBB1, 0xEBB2, 0xEBB1, 0xEB91, 0xEBB2, 0xEB91, 0xEB91, 0xEB91, 0xEB91, 0xF392, 0xEB91,
    0xEB71, 0xF391, 0xEB91, 0xEB70, 0xF391, 0xEB71, 0xF391, 0xF371, 0xEB70, 0xF391, 0xF370, 0xEB70,
    0xF371, 0xF370, 0xF371, 0xF370, 0xF350, 0xF370, 0xF350, 0xF350, 0xF370, 0xF350, 0xFB70, 0xFB4F,
    0xF34F, 0xFB50, 0xFB4F, 0xF34F, 0xFB50, 0xF34F, 0xFB70, 0xFB4F, 0xF34F, 0xFB4F, 0xFB4F, 0xF34F,
    0xFB4F, 0xF34F, 0xFB50, 0xFB4F, 0xF34F, 0xFB6F, 0xFB4F, 0xF34F, 0xFB4F, 0xF34F, 0xFB70, 0xF370,
    0xF36F, 0xF370, 0xF370, 0xF36F, 0xF370, 0xF370, 0xF390, 0xF390, 0xF370, 0xF390, 0xF390, 0xEB70,
    0xF390, 0xEB90, 0xF391, 0xF390, 0xEB90, 0xF3B1, 0xEB90, 0xEB90, 0xF391, 0xEB90, 0xF3B1, 0xF391,
    0xEB90, 0xF391, 0xF390, 0xEB90, 0xF391, 0xF390, 0xF391, 0xF390, 0xF370, 0xF391, 0xF390, 0xF370,
    0xF390, 0xF370, 0xFB91, 0xF370, 0xF370, 0xFB90, 0xF370, 0xF370, 0xFB70, 0xF370, 0xFB70, 0xF370,
    0xF370, 0xFB70, 0xF370, 0xF34F, 0xFB70, 0xF370, 0xFB70, 0xFB70, 0xF350, 0xFB70, 0xFB70, 0xF350,
    0xFB70, 0xF370, 0xFB71, 0xFB70, 0xF350, 0xFB70, 0xFB70, 0xF350, 0xFB70, 0xF370, 0xFB71, 0xFB71,
    0xF370, 0xFB71, 0xFB71, 0xF370, 0xFB71, 0xF371, 0xFB91, 0xFB91, 0xF371, 0xFB91, 0xF371, 0xF371,
    0xFB91, 0xF371, 0xFB92, 0xFB91, 0xF371, 0xFB92, 0xF392, 0xF391, 0xFB92, 0xF392, 0xFB92, 0xFB92,
    0xF392, 0xFBB2, 0xFB92, 0xF392, 0xFBB3, 0xF392, 0xFBB3, 0xFBB3, 0xF3B2, 0xFBB3, 0xF3B3, 0xF3B3,
    0xFBB3, 0xF3B3, 0xFBD4, 0xF3B3, 0xF3B3, 0xFBD4, 0xF3D3, 0xF3D3, 0xFBD4, 0xF3D4, 0xFBF4, 0xF3F4,
    0xF3F4, 0xFBF5, 0xF3F4, 0xF3F4, 0xF3F5, 0xF3F4, 0xFBF5, 0xF353, 0xFF5D, 0xFE5B, 0xF313, 0xC330,
    0xFBB3, 0xEBB3, 0xF3B3, 0xEBB3, 0xEB92, 0xEBB3, 0xEB92, 0xE392, 0xE393, 0xE392, 0xE393, 0xE392,
    0xDB72, 0xDB92, 0xDB72, 0xD351, 0xD371, 0xD351, 0xD351, 0xCB51, 0xCB30, 0xCB51, 0xC330, 0xC330,
    0xC330, 0xC310, 0xC330, 0xBB10, 0xB371, 0xB350, 0xBB71, 0xB371, 0xB371, 0xBB91, 0xB3B1, 0xBBB2,
    0xBBD2, 0xB3D1, 0xBBF2, 0xB3F2, 0xB3F2, 0xBC12, 0xB432, 0xBC53, 0xB453, 0xB452, 0xB493, 0xB493,
    0xAC93, 0xB4B3, 0xACD3, 0xACF4, 0xACF3, 0xA4F3, 0xAD14, 0x9D73, 0x9BF1, 0xFB57, 0xFF7D, 0xFE9C,
    0xF334, 0xF3F5, 0xF416, 0xF415, 0xF415, 0xF436, 0xF435, 0xF436, 0xF436, 0xEC35, 0xF456, 0xEC35,
    0xEC35, 0xEC35, 0xEC35, 0xEC35, 0xEC35, 0xEC14, 0xEC35, 0xEC14, 0xE414, 0xEC14, 0xE414, 0xEC15,
    0xEC14, 0xE414, 0xEC14, 0xE414, 0xE3F3, 0xE414, 0xE3F3, 0xEC14, 0xE3F3, 0xE3F3, 0xE3F4, 0xE3F3,
    0xE3D3, 0xE3F3, 0xE3F3, 0xE3F3, 0xE3F3, 0xE3D2, 0xE3F3, 0xE3D3, 0xDBD2, 0xE3D3, 0xE3D2, 0xE3D3,
    0xE3D2, 0xE3B2, 0xE3D3, 0xE3D2, 0xE3B2, 0xE3D2, 0xE3B2, 0xEBD3, 0xE3D2, 0xE3B2, 0xEBD2, 0xE3B2,
    0xE3B1, 0xEBB2, 0xE3B2, 0xEBD2, 0xEBB2, 0xE3B1, 0xEBB2, 0xEBB2, 0xE391, 0xEBB2, 0xEBB1, 0xEBB2,
    0xEBB1, 0xEB91, 0xEBB2, 0xEB91, 0xEB91, 0xEB91, 0xEB91, 0xF392, 0xEB91, 0xEB71, 0xF391, 0xEB91,
    0xEB70, 0xF391, 0xEB71, 0xF391, 0xF371, 0xEB70, 0xF391, 0xF370, 0xEB70, 0xF371, 0xF370, 0xF371,
    0xF370, 0xF350, 0xF370, 0xF370, 0xF34F, 0xF370, 0xF350, 0xFB70, 0xFB50, 0xF34F, 0xFB70, 0xFB4F,
    0xF34F, 0xFB50, 0xFB4F, 0xFB70, 0xFB4F, 0xF34F, 0xFB4F, 0xFB4F, 0xF32F, 0xFB4F, 0xFB4F, 0xFB50,
    0xFB4F, 0xF34F, 0xFB4F, 0xFB4F, 0xF34F, 0xFB4F, 0xF34F, 0xFB70, 0xF370, 0xF36F, 0xF370, 0xF370,
    0xF36F, 0xF370, 0xF370, 0xF390, 0xF390, 0xEB70, 0xF390, 0xF390, 0xEB90, 0xF390, 0xEB90, 0xF391,
    0xF390, 0xEB90, 0xF3B1, 0xEB90, 0xEB90, 0xF391, 0xEB90, 0xF3B1, 0xF391, 0xEB90, 0xF3B1, 0xF390,
    0xEB90, 0xF391, 0xF390, 0xF391, 0xF390, 0xF370, 0xF391, 0xF370, 0xF370, 0xF390, 0xF370, 0xFB91,
    0xF370, 0xF370, 0xFB70, 0xF370, 0xF370, 0xFB70, 0xF370, 0xFB70, 0xF370, 0xF350, 0xFB70, 0xF370,
    0xF34F, 0xFB70, 0xF350, 0xFB70, 0xFB70, 0xF350, 0xFB70, 0xFB70, 0xF350, 0xFB70, 0xF370, 0xFB71,
    0xFB70, 0xF350, 0xFB71, 0xF370, 0xF370, 0xFB71, 0xF370, 0xFB71, 0xFB71, 0xF370, 0xFB71, 0xF371,
    0xF370, 0xFB71, 0xF371, 0xFB91, 0xFB91, 0xF371, 0xFB91, 0xF371, 0xF371, 0xFB91, 0xF371, 0xFB92,
    0xFB92, 0xF371, 0xFB92, 0xF392, 0xF391, 0xFB92, 0xF392, 0xFB92, 0xFB92, 0xF392, 0xFBB3, 0xFB92,
    0xF392, 0xFBB3, 0xF3B2, 0xFBB3, 0xFBB3, 0xF3B2, 0xFBB3, 0xF3B3, 0xF3B3, 0xFBD3, 0xF3B3, 0xFBD4,
    0xFBB3, 0xF3B3, 0xFBD4, 0xF3D3, 0xF3D3, 0xFBD4, 0xF3D4, 0xFBF5, 0xF3F4, 0xF3F4, 0xFBF5, 0xF3F4,
    0xF3F4, 0xF3F5, 0xF3F4, 0xFB74, 0xFF5D, 0xFE3A, 0xFB34, 0xCB50, 0xF3B2, 0xF3B3, 0xEBB3, 0xF3B3,
    0xEBB3, 0xEB92, 0xEBB3, 0xE392, 0xE392, 0xE392, 0xE392, 0xE392, 0xDB92, 0xDB71, 0xDB72, 0xD371,
    0xD351, 0xD351, 0xCB51, 0xD351, 0xCB51, 0xC330, 0xCB51, 0xC330, 0xC310, 0xC330, 0xBB10, 0xC330,
    0xBB71, 0xB371, 0xB370, 0xBB91, 0xB391, 0xB391, 0xBBB1, 0xB3B1, 0xBBD2, 0xBBD2, 0xB3D1, 0xBC12,
    0xB412, 0xB412, 0xBC33, 0xB452, 0xBC73, 0xB473, 0xB472, 0xB493, 0xB4B3, 0xACB3, 0xACD3, 0xACD3,
    0xACF4, 0xA513, 0xA513, 0x9D93, 0xA411, 0xFB36, 0xFF7E, 0xFE7B, 0xFB34, 0xF415, 0xF3F5, 0xF416,
    0xF416, 0xEC15, 0xF436, 0xEC35, 0xF456, 0xF435, 0xEC35, 0xF456, 0xEC35, 0xEC35, 0xEC35, 0xEC35,
    0xEC35, 0xEC35, 0xE414, 0xEC35, 0xEC14, 0xE414, 0xEC14, 0xE414, 0xEC14, 0xE414, 0xE3F4, 0xEC14,
    0xE3F4, 0xE3F3, 0xE3F4, 0xE3F3, 0xEC14, 0xE3F3, 0xE3F3, 0xE3F4, 0xE3F3, 0xDBD3, 0xE3F3, 0xE3D3,
    0xE3F3, 0xE3F3, 0xDBD2, 0xE3F3, 0xE3D3, 0xDBD2, 0xE3D3, 0xE3D2, 0xE3D3, 0xE3D2, 0xE3B2, 0xE3D3,
    0xE3B2, 0xE3B2, 0xE3D2, 0xE3B2, 0xEBD2, 0xE3D2, 0xE3B2, 0xEBD2, 0xE3B2, 0xE3B1, 0xEBB2, 0xE3B2,
    0xEBD2, 0xEBB2, 0xE3B1, 0xEBB2, 0xEBB2, 0xE391, 0xEBB2, 0xEBB1, 0xEBB2, 0xEBB1, 0xEB91, 0xEBB2,
    0xEB91, 0xEB91, 0xEB91, 0xEB91, 0xF391, 0xEB91, 0xEB71, 0xF391, 0xEB91, 0xEB70, 0xF391, 0xEB71,
    0xF391, 0xF391, 0xEB70, 0xF391, 0xF370, 0xEB70, 0xF371, 0xF370, 0xF371, 0xF370, 0xF350, 0xF370,
    0xF370, 0xF34F, 0xFB70, 0xF350, 0xFB70, 0xFB50, 0xF34F, 0xFB70, 0xFB4F, 0xF34F, 0xFB50, 0xF34F,
    0xFB70, 0xFB4F, 0xF34F, 0xFB50, 0xFB4F, 0xF34F, 0xFB4F, 0xF34F, 0xFB50, 0xFB4F, 0xF34F, 0xFB6F,
    0xFB4F, 0xF34F, 0xFB6F, 0xF36F, 0xFB70, 0xF370, 0xF36F, 0xF390, 0xF370, 0xF36F, 0xF390, 0xF370,
    0xF390, 0xF390, 0xEB70, 0xF390, 0xF390, 0xEB90, 0xF390, 0xEB90, 0xF3B1, 0xF390, 0xEB90, 0xF3B1,
    0xEB90, 0xEB90, 0xF3B1, 0xEB90, 0xF3B1, 0xF391, 0xEB90, 0xF3B1, 0xF390, 0xEB90, 0xF391, 0xF390,
    0xF391, 0xF390, 0xF370, 0xF391, 0xF370, 0xF370, 0xF390, 0xF370, 0xFB91, 0xF370, 0xF370, 0xFB70,
    0xF370, 0xF370, 0xFB70, 0xF370, 0xFB70, 0xFB70, 0xF350, 0xFB70, 0xF370, 0xF34F, 0xFB70, 0xF350,
    0xFB70, 0xFB70, 0xF350, 0xFB70, 0xFB70, 0xF370, 0xFB70, 0xF370, 0xFB71, 0xFB70, 0xF350, 0xFB70,
    0xF370, 0xF350, 0xFB70, 0xF370, 0xFB71, 0xFB71, 0xF370, 0xFB71, 0xF371, 0xF370, 0xFB71, 0xF371,
    0xFB91, 0xFB71, 0xF371, 0xFB91, 0xF371, 0xF371, 0xFB91, 0xF391, 0xFB92, 0xFB92, 0xF371, 0xFB92,
    0xF392, 0xF391, 0xFB92, 0xF392, 0xFBB3, 0xFB92, 0xF392, 0xFBB3, 0xF392, 0xF392, 0xFBB3, 0xF3B2,
    0xFBB3, 0xFBB3, 0xF392, 0xFBB3, 0xF3B3, 0xF3B3, 0xFBB3, 0xF3B3, 0xFBD4, 0xFBD3, 0xF3B3, 0xFBD4,
    0xF3D4, 0xF3D3, 0xF3F4, 0xF3D4, 0xFBF5, 0xF3F4, 0xF3F4, 0xFBF5, 0xF3F4, 0xF3D4, 0xFBF5, 0xF353,
    0xFF5E, 0xFE5B, 0xF2F3, 0xCB51, 0xFBB3, 0xEB92, 0xF3B3, 0xEBB2, 0xEBB3, 0xEBB3, 0xE392, 0xEBB3,
    0xE392, 0xE392, 0xE392, 0xDB72, 0xE392, 0xDB72, 0xD371, 0xDB72, 0xD351, 0xCB51, 0xD351, 0xCB51,
    0xCB51, 0xCB31, 0xC330, 0xCB31, 0xC330, 0xBB10, 0xC310, 0xBB10, 0xB350, 0xBB71, 0xB371, 0xB371,
    0xBB91, 0xB391, 0xB391, 0xBBB2, 0xB3D1, 0xBBF2, 0xBBF2, 0xB3F2, 0xBC12, 0xB412, 0xB432, 0xB453,
    0xB452, 0xB473, 0xB493, 0xAC93, 0xB4B3, 0xACB3, 0xACD3, 0xACF3, 0xA4F3, 0xAD14, 0xA513, 0x9573,
    0xA412, 0xFB57, 0xFF7D, 0xFE9C, 0xF334, 0xFC16, 0xF3F5, 0xF3F5, 0xF436, 0xF416, 0xEC15, 0xF436,
    0xEC35, 0xF456, 0xEC55, 0xEC35, 0xF455, 0xEC35, 0xEC35, 0xEC35, 0xEC35, 0xEC35, 0xEC35, 0xE414,
    0xEC35, 0xEC14, 0xE414, 0xEC14, 0xE414, 0xEC14, 0xE414, 0xE3F3, 0xEC14, 0xE3F4, 0xE3F3, 0xE3F4,
    0xE3F3, 0xEBF4, 0xE3F3, 0xE3F3, 0xE3F3, 0xE3F3, 0xDBD3, 0xE3F3, 0xE3D3, 0xE3F3, 0xE3D3, 0xDBD2,
    0xE3F3, 0xE3D3, 0xDBD2, 0xE3D3, 0xE3D2, 0xE3D3, 0xE3D2, 0xE3B2, 0xE3D3, 0xE3B2, 0xE3B2, 0xE3D2,
    0xE3B2, 0xEBD2, 0xE3D2, 0xE3B2, 0xEBD2, 0xE3B2, 0xE3B1, 0xEBB2, 0xE3B2, 0xEBD2, 0xEBB2, 0xE3B1,
    0xEBB2, 0xEBB1, 0xE391, 0xEBB2, 0xEBB1, 0xEBB2, 0xEBB1, 0xEB91, 0xEBB2, 0xEB91, 0xEB91, 0xEB91,
    0xEB91, 0xF391, 0xEB91, 0xEB71, 0xF391, 0xEB91, 0xEB70, 0xF391, 0xEB71, 0xF391, 0xF391, 0xEB70,
    0xF391, 0xF370, 0xEB70, 0xF371, 0xF370, 0xF371, 0xF370, 0xF350, 0xF370, 0xF370, 0xF34F, 0xFB70,
    0xF350, 0xFB70, 0xFB70, 0xF34F, 0xFB70, 0xFB4F, 0xF34F, 0xFB70, 0xF34F, 0xFB70, 0xFB4F, 0xF34F,
    0xFB70, 0xF34F, 0xF34F, 0xFB4F, 0xF34F, 0xFB70, 0xFB4F, 0xF34F, 0xFB70, 0xF34F, 0xF34F, 0xF370,
    0xF36F, 0xFB70, 0xF370, 0xF36F, 0xF390, 0xF370, 0xEB70, 0xF390, 0xF390, 0xF391, 0xF390, 0xEB90,
    0xF391, 0xEB90, 0xEB90, 0xF391, 0xEB90, 0xF3B1, 0xEBB1, 0xEB90, 0xF3B1, 0xEB91, 0xEB90, 0xF3B1,
    0xEB90, 0xF3B1, 0xF391, 0xEB90, 0xF391, 0xF390, 0xEB90, 0xF391, 0xF390, 0xF391, 0xF390, 0xF370,
    0xF391, 0xF370, 0xF370, 0xF370, 0xF370, 0xFB70, 0xF370, 0xF370, 0xFB70, 0xF370, 0xF36F, 0xFB70,
    0xF370, 0xFB70, 0xFB70, 0xF350, 0xFB70, 0xFB70, 0xF34F, 0xFB70, 0xF370, 0xFB70, 0xFB70, 0xF370,
    0xFB70, 0xFB70, 0xF350, 0xFB70, 0xF370, 0xFB71, 0xFB70, 0xF350, 0xFB71, 0xF370, 0xF350, 0xFB70,
    0xF370, 0xFB71, 0xFB71, 0xF370, 0xFB71, 0xF371, 0xF370, 0xFB71, 0xF371, 0xFB91, 0xFB71, 0xF371,
    0xFB91, 0xF371, 0xF371, 0xFB92, 0xF391, 0xFB92, 0xFB92, 0xF391, 0xFBB2, 0xF392, 0xF371, 0xFB92,
    0xF392, 0xFBB3, 0xFB92, 0xF392, 0xFBB2, 0xF392, 0xF392, 0xFBB3, 0xF3B2, 0xFBB3, 0xF3B3, 0xF3B3,
    0xFBD3, 0xF3B3, 0xF3B3, 0xFBB3, 0xF3B3, 0xFBD4, 0xF3D3, 0xF3B3, 0xFBD4, 0xF3D4, 0xF3D3, 0xF3F4,
    0xF3F4, 0xFBF5, 0xF3F4, 0xF3F4, 0xFBF5, 0xF3F4, 0xF3D4, 0xFB54, 0xFF5D, 0xFE5B, 0xF334, 0xC330,
    0xFBB3, 0xEBB3, 0xEB92, 0xEBB3, 0xEB92, 0xEBB3, 0xEB92, 0xE392, 0xEB93, 0xE392, 0xDB72, 0xE392,
    0xDB72, 0xDB72, 0xDB72, 0xD351, 0xD372, 0xD351, 0xCB51, 0xCB51, 0xCB30, 0xCB51, 0xCB30, 0xC330,
    0xC330, 0xC310, 0xBB0F, 0xC310, 0xB371, 0xB370, 0xBB71, 0xB391, 0xB371, 0xBBB1, 0xB3B1, 0xB3B1,
    0xBBD2, 0xB3D1, 0xBBF2, 0xB3F2, 0xB412, 0xBC32, 0xB432, 0xB432, 0xB473, 0xB472, 0xB493, 0xB493,
    0xACB3, 0xACD3, 0xACD3, 0xA4D3, 0xACF3, 0xA513, 0xA534, 0x9593, 0x9C11, 0xFB57, 0xFF7D, 0xF67B,
    0xF334, 0xF3F5, 0xFC16, 0xF416, 0xF415, 0xF436, 0xF436, 0xEC35, 0xF436, 0xEC35, 0xF456, 0xEC55,
    0xEC35, 0xEC55, 0xEC35, 0xEC34, 0xEC35, 0xEC34, 0xEC35, 0xEC35, 0xE414, 0xEC35, 0xEC14, 0xE414,
    0xEC14, 0xE414, 0xEC14, 0xE414, 0xE3F3, 0xEC14, 0xE3F3, 0xE3F3, 0xE3F4, 0xE3F3, 0xE3F4, 0xE3F3,
    0xE3D3, 0xE3F3, 0xE3F3, 0xDBD2, 0xE3F3, 0xE3D3, 0xE3F3, 0xE3D3, 0xDBD2, 0xE3D3, 0xE3D2, 0xDBD2,
    0xE3D3, 0xE3D2, 0xE3D3, 0xE3D2, 0xE3B2, 0xE3D3, 0xE3B2, 0xE3B2, 0xE3D2, 0xE3B2, 0xEBD2, 0xE3D2,
    0xE3B2, 0xEBD2, 0xE3B2, 0xE3B1, 0xEBB2, 0xE3B2, 0xEBD2, 0xEBB2, 0xE3B1, 0xEBB2, 0xEBB1, 0xE391,
    0xEBB2, 0xEBB1, 0xEBB2, 0xEBB1, 0xEB91, 0xEBB2, 0xEB91, 0xEB91, 0xEB91, 0xEB91, 0xF391, 0xEB91,
    0xEB71, 0xF391, 0xEB91, 0xEB70, 0xF391, 0xEB70, 0xF391, 0xF391, 0xEB70, 0xF391, 0xF370, 0xEB70,
    0xF370, 0xF370, 0xF371, 0xF370, 0xF350, 0xF370, 0xF370, 0xF34F, 0xFB70, 0xF34F, 0xFB70, 0xFB70,
    0xF34F, 0xFB70, 0xF34F, 0xF34F, 0xFB50, 0xF34F, 0xFB70, 0xFB4F, 0xF34F, 0xFB70, 0xF34F, 0xF34F,
    0xFB4F, 0xF34F, 0xFB70, 0xF36F, 0xF34F, 0xFB70, 0xF36F, 0xF36F, 0xF370, 0xF370, 0xF390, 0xF370,
    0xF370, 0xF390, 0xF370, 0xEB70, 0xF390, 0xF390, 0xF391, 0xF390, 0xEB90, 0xF3B1, 0xEB90, 0xEB90,
    0xF3B1, 0xEB90, 0xF3B1, 0xEBB1, 0xEB90, 0xF3B1, 0xEB91, 0xEB90, 0xF3B1, 0xEB90, 0xF3B1, 0xF391,
    0xEB90, 0xF391, 0xF390, 0xEB90, 0xF391, 0xF390, 0xF391, 0xF390, 0xF370, 0xF391, 0xF370, 0xF370,
    0xFB70, 0xF370, 0xFB70, 0xF370, 0xF370, 0xFB70, 0xF370, 0xF34F, 0xFB70, 0xF370, 0xFB70, 0xFB70,
    0xF370, 0xFB70, 0xFB70, 0xF350, 0xFB70, 0xF370, 0xFB70, 0xFB70, 0xF350, 0xFB70, 0xFB70, 0xF350,
    0xFB70, 0xF370, 0xFB71, 0xFB70, 0xF350, 0xFB71, 0xF370, 0xF370, 0xFB71, 0xF370, 0xFB71, 0xFB71,
    0xF370, 0xFB71, 0xF371, 0xF370, 0xFB71, 0xF371, 0xFB92, 0xFB71, 0xF371, 0xFB92, 0xF391, 0xF371,
    0xFB92, 0xF391, 0xFB92, 0xFB92, 0xF391, 0xFB92, 0xF392, 0xF392, 0xFB92, 0xF392, 0xFBB3, 0xFB92,
    0xF392, 0xFBB3, 0xF392, 0xF392, 0xFBB3, 0xF3B2, 0xFBB3, 0xFBB3, 0xF3B3, 0xFBD3, 0xF3B3, 0xF3B3,
    0xFBD3, 0xF3D3, 0xFBD4, 0xF3D4, 0xF3D3, 0xFBF4, 0xF3D4, 0xF3D4, 0xF3F4, 0xF3F4, 0xFBF5, 0xF3F5,
    0xF3F4, 0xFBF5, 0xF3D4, 0xF353, 0xFF5D, 0xFE5A, 0xFB34, 0xCB51, 0xF392, 0xF3B3, 0xEBB3, 0xEB92,
    0xEBB3, 0xEB92, 0xEBB3, 0xEB92, 0xE392, 0xE392, 0xE392, 0xDB71, 0xDB72, 0xDB71, 0xDB72, 0xD371,
    0xD351, 0xD371, 0xCB51, 0xCB30, 0xCB51, 0xCB30, 0xCB31, 0xC330, 0xC310, 0xC330, 0xC310, 0xBB0F,
    0xB350, 0xB371, 0xB371, 0xBB91, 0xB391, 0xB391, 0xBBB2, 0xB3B1, 0xB3B1, 0xBBD2, 0xB3F2, 0xBC12,
    0xB412, 0xB412, 0xB453, 0xB452, 0xAC52, 0xB473, 0xAC93, 0xB4B3, 0xACB3, 0xACB3, 0xACF3, 0xA4F3,
    0xA4F3, 0xA513, 0xA513, 0x9D94, 0xA412, 0xFB56, 0xFF5E, 0xFE7B, 0xF333, 0xF416, 0xF3F5, 0xFC16,
    0xF416, 0xF415, 0xF436, 0xF435, 0xEC35, 0xF436, 0xEC35, 0xF456, 0xEC35, 0xEC35, 0xEC35, 0xEC35,
    0xE434, 0xEC35, 0xEC34, 0xEC35, 0xEC34, 0xE414, 0xEC35, 0xE414, 0xE414, 0xEC14, 0xE414, 0xEC14,
    0xE414, 0xE3F3, 0xEC14, 0xE3F3, 0xE3F3, 0xE3F4, 0xE3F3, 0xE3F4, 0xE3F3, 0xE3D3, 0xE3F3, 0xE3D3,
    0xDBD2, 0xE3F3, 0xE3D3, 0xE3F3, 0xE3D3, 0xDBD2, 0xE3D3, 0xE3D2, 0xDBD2, 0xE3D3, 0xE3D2, 0xE3D3,
    0xE3D2, 0xE3B2, 0xE3D2, 0xE3B2, 0xE3B2, 0xE3D2, 0xE3B2, 0xEBD2, 0xE3D2, 0xE3B2, 0xEBD2, 0xE3B2,
    0xE3B1, 0xEBB2, 0xE3B2, 0xEBD2, 0xEBB2, 0xE3B1, 0xEBB2, 0xEBB1, 0xE391, 0xEBB2, 0xEBB1, 0xEBB2,
    0xEBB1, 0xEB91, 0xEBB2, 0xEB91, 0xEB91, 0xEB91, 0xEB91, 0xF391, 0xEB91, 0xEB71, 0xF391, 0xEB91,
    0xEB70, 0xF391, 0xEB70, 0xF391, 0xF391, 0xEB70, 0xF391, 0xF370, 0xEB70, 0xF370, 0xF370, 0xF371,
    0xF370, 0xF350, 0xF370, 0xF370, 0xF34F, 0xFB70, 0xF34F, 0xFB70, 0xFB70, 0xF34F, 0xFB70, 0xF34F,
    0xF34F, 0xFB50, 0xF34F, 0xFB70, 0xFB4F, 0xF34F, 0xFB70, 0xF34F, 0xF34F, 0xFB6F, 0xF34F, 0xFB70,
    0xF36F, 0xF34F, 0xF370, 0xF370, 0xF36F, 0xF370, 0xF370, 0xF390, 0xF390, 0xF370, 0xF390, 0xF390,
    0xEB70, 0xF390, 0xEB90, 0xF391, 0xF390, 0xEB90, 0xF3B1, 0xEB90, 0xEB90, 0xF3B1, 0xEB90, 0xF3B1,
    0xEBB1, 0xEB90, 0xF3B1, 0xEB91, 0xEB90, 0xF3B1, 0xEB91, 0xF3B1, 0xF391, 0xEB90, 0xF391, 0xF390,
    0xEB90, 0xF391, 0xF390, 0xF391, 0xF390, 0xF370, 0xF391, 0xF370, 0xF370, 0xF370, 0xF370, 0xFB70,
    0xF370, 0xF370, 0xFB70, 0xFB70, 0xF34F, 0xFB70, 0xF370, 0xFB70, 0xFB70, 0xF370, 0xFB70, 0xF370,
    0xF370, 0xFB70, 0xF370, 0xFB70, 0xFB70, 0xF370, 0xFB70, 0xFB70, 0xF370, 0xFB70, 0xF370, 0xFB71,
    0xFB70, 0xF370, 0xFB71, 0xF370, 0xF370, 0xFB71, 0xF370, 0xFB71, 0xFB71, 0xF370, 0xFB91, 0xFB71,
    0xF371, 0xFB71, 0xF371, 0xFB92, 0xFB91, 0xF371, 0xFB92, 0xF391, 0xF371, 0xFB92, 0xF391, 0xFB92,
    0xFB92, 0xF391, 0xFB92, 0xF392, 0xF392, 0xFB92, 0xF392, 0xFBB3, 0xFB92, 0xF392, 0xFBB3, 0xF3B3,
    0xF392, 0xFBB3, 0xF3B3, 0xFBB3, 0xFBB3, 0xF3B3, 0xFBD3, 0xF3B3, 0xF3B3, 0xFBD3, 0xF3D3, 0xFBD4,
    0xF3D4, 0xF3D4, 0xFBF4, 0xF3D4, 0xF3D4, 0xF3F4, 0xF3F4, 0xFBF5, 0xF3F4, 0xF3D4, 0xFBF5, 0xF353,
    0xFF3D, 0xFE5B, 0xF313, 0xCB51, 0xFBB3, 0xEB92, 0xF3B3, 0xEB93, 0xEB92, 0xEBB3, 0xE392, 0xEBB3,
    0xE392, 0xE372, 0xE392, 0xDB72, 0xDB71, 0xDB72, 0xD371, 0xDB72, 0xD371, 0xCB51, 0xD351, 0xCB51,
    0xCB30, 0xCB31, 0xC330, 0xCB31, 0xC330, 0xBB10, 0xC330, 0xBB10, 0xB350, 0xB350, 0xB371, 0xB371,
    0xBB91, 0xB391, 0xB391, 0xBBD2, 0xB3D1, 0xB3D1, 0xBBF2, 0xB3F2, 0xBC12, 0xB432, 0xB432, 0xB453,
    0xB452, 0xAC72, 0xB493, 0xAC93, 0xB4B3, 0xACD3, 0xA4D3, 0xACF3, 0xA4F3, 0x9D13, 0xA533, 0x9593,
    0xA432, 0xFB57, 0xFF5D, 0xFE9C, 0xF334, 0xF3F5, 0xF416, 0xF415, 0xF436, 0xF436, 0xEC15, 0xF436,
    0xEC35, 0xEC35, 0xF456, 0xEC35, 0xF456, 0xEC55, 0xEC35, 0xEC55, 0xEC35, 0xE434, 0xEC35, 0xEC34,
    0xEC35, 0xEC34, 0xE414, 0xEC34, 0xE414, 0xE414, 0xEC14, 0xE414, 0xEC14, 0xE414, 0xE3F3, 0xE414,
    0xE3F3, 0xE3F3, 0xE3F3, 0xE3F3, 0xE3F4, 0xE3F3, 0xDBD3, 0xE3F3, 0xE3F3, 0xDBD2, 0xE3F3, 0xDBD3,
    0xE3F3, 0xE3D3, 0xDBD2, 0xE3F3, 0xE3D2, 0xDBD2, 0xE3D3, 0xE3D2, 0xE3D3, 0xE3D2, 0xE3B2, 0xE3D2,
    0xE3D2, 0xE3B2, 0xE3D2, 0xE3D2, 0xEBD2, 0xE3D2, 0xE3B2, 0xEBD2, 0xE3B2, 0xE3B1, 0xEBB2, 0xE3B1,
    0xEBD2, 0xEBB2, 0xE3B1, 0xEBB2, 0xEBB1, 0xE391, 0xEBB2, 0xEBB1, 0xEBB2, 0xEBB1, 0xEB91, 0xEBB1,
    0xEB91, 0xEB91, 0xEB91, 0xEB91, 0xF391, 0xEB91, 0xEB71, 0xF391, 0xEB91, 0xEB70, 0xF391, 0xEB70,
    0xF391, 0xF390, 0xEB70, 0xF391, 0xF370, 0xEB70, 0xF370, 0xF370, 0xF370, 0xF370, 0xF350, 0xF370,
    0xF370, 0xF34F, 0xFB70, 0xF34F, 0xFB70, 0xF370, 0xF34F, 0xFB70, 0xF34F, 0xF34F, 0xFB70, 0xF34F,
    0xFB70, 0xFB6F, 0xF34F, 0xFB70, 0xF34F, 0xF34F, 0xFB70, 0xF36F, 0xFB70, 0xF370, 0xF36F, 0xF370,
    0xF370, 0xF36F, 0xF390, 0xF370, 0xF390, 0xF390, 0xEB70, 0xF390, 0xF390, 0xEB90, 0xF390, 0xEB90,
    0xF3B1, 0xF390, 0xEB90, 0xF3B1, 0xEB90, 0xEB90, 0xF3B1, 0xEBB0, 0xF3B1, 0xEBB1, 0xEB90, 0xF3B1,
    0xEB91, 0xEB90, 0xF3B1, 0xEB90, 0xF3B1, 0xF391, 0xEB90, 0xF391, 0xF390, 0xEB90, 0xF391, 0xF390,
    0xF391, 0xF390, 0xF370, 0xF390, 0xF370, 0xF370, 0xF370, 0xF370, 0xFB70, 0xF370, 0xF370, 0xFB70,
    0xF370, 0xF34F, 0xFB70, 0xF370, 0xFB70, 0xFB70, 0xF370, 0xFB70, 0xF370, 0xF370, 0xFB70, 0xF370,
    0xFB70, 0xFB70, 0xF370, 0xFB70, 0xF370, 0xF370, 0xFB70, 0xF370, 0xFB71, 0xFB70, 0xF370, 0xFB71,
    0xF370, 0xF370, 0xFB71, 0xF370, 0xFB71, 0xFB71, 0xF370, 0xFB91, 0xF371, 0xF371, 0xFB91, 0xF371,
    0xFB92, 0xFB91, 0xF371, 0xFB92, 0xFB91, 0xF371, 0xFB92, 0xF391, 0xFB92, 0xFB92, 0xF371, 0xFB92,
    0xF392, 0xF391, 0xFBB2, 0xF392, 0xFBB3, 0xFBB2, 0xF392, 0xFBB3, 0xF3B3, 0xF3B2, 0xFBB3, 0xF3B3,
    0xFBB3, 0xFBB3, 0xF3B3, 0xFBD3, 0xF3D3, 0xF3B3, 0xFBD4, 0xF3D3, 0xFBD4, 0xF3D4, 0xF3D4, 0xFBF4,
    0xF3F4, 0xF3F4, 0xF3F5, 0xF3F4, 0xFBF5, 0xF3F4, 0xF3D4, 0xFB53, 0xFF5D, 0xFE3A, 0xF334, 0xCB30,
    0xFBB3, 0xF3B3, 0xEB92, 0xF3B3, 0xEB92, 0xE392, 0xEB93, 0xE392, 0xEB93, 0xE392, 0xDB72, 0xE392,
    0xDB72, 0xD371, 0xDB72, 0xD351, 0xDB72, 0xD351, 0xCB51, 0xD351, 0xCB31, 0xC330, 0xCB31, 0xC330,
    0xC331, 0xC330, 0xBB10, 0xC310, 0xB371, 0xB370, 0xB370, 0xB391, 0xB391, 0xBBB1, 0xB3B1, 0xB3B1,
    0xBBD2, 0xB3D1, 0xB3D1, 0xB412, 0xB412, 0xBC33, 0xB432, 0xB452, 0xB473, 0xB473, 0xAC72, 0xACB3,
    0xACB3, 0xACD3, 0xACF3, 0xA4F3, 0xA513, 0xA513, 0x9D13, 0x9593, 0x9C11, 0xFB57, 0xFF5D, 0xFE9B,
    0xF354, 0xF3F5, 0xF3F5, 0xF416, 0xF415, 0xF436, 0xF436, 0xEC35, 0xF456, 0xEC35, 0xEC35, 0xEC55,
    0xEC35, 0xF456, 0xEC35, 0xEC35, 0xEC35, 0xEC35, 0xE414, 0xEC35, 0xE414, 0xEC35, 0xEC14, 0xE414,
    0xEC14, 0xE414, 0xE413, 0xE414, 0xE414, 0xEC14, 0xE414, 0xE3F3, 0xE414, 0xE3F3, 0xE3F3, 0xE3F3,
    0xE3F3, 0xE3F3, 0xE3F3, 0xDBD3, 0xE3F3, 0xE3D3, 0xDBD2, 0xE3F3, 0xDBD2, 0xE3F3, 0xE3D3, 0xDBD2,
    0xE3D3, 0xE3D2, 0xDBD2, 0xE3D2, 0xE3D2, 0xE3D3, 0xE3D2, 0xE3B2, 0xE3D2, 0xE3D2, 0xE3B2, 0xE3D2,
    0xE3D2, 0xEBD2, 0xE3D2, 0xE3B1, 0xEBD2, 0xE3B2, 0xE3B1, 0xEBB2, 0xE3B1, 0xEBD2, 0xEBB2, 0xE3B1,
    0xEBB2, 0xEBB1, 0xE391, 0xEBB2, 0xEBB1, 0xEBB2, 0xEBB1, 0xEB91, 0xEBB1, 0xEB91, 0xEB91, 0xEB91,
    0xEB91, 0xF391, 0xEB91, 0xEB70, 0xF391, 0xEB91, 0xEB70, 0xF391, 0xEB70, 0xF391, 0xF390, 0xEB70,
    0xF391, 0xF370, 0xEB70, 0xF370, 0xF370, 0xF370, 0xF370, 0xF350, 0xFB70, 0xF370, 0xF34F, 0xFB70,
    0xF36F, 0xFB70, 0xF370, 0xF34F, 0xFB70, 0xF34F, 0xF34F, 0xFB70, 0xF34F, 0xFB70, 0xF36F, 0xF34F,
    0xFB70, 0xF36F, 0xF34F, 0xF370, 0xF36F, 0xFB70, 0xF370, 0xF36F, 0xF390, 0xF370, 0xEB6F, 0xF390,
    0xF390, 0xF390, 0xF390, 0xEB90, 0xF391, 0xF390, 0xEB90, 0xF391, 0xEB90, 0xF3B1, 0xEBB1, 0xEB90,
    0xF3B1, 0xEBB1, 0xEB90, 0xEBB1, 0xEBB0, 0xF3B1, 0xEBB1, 0xEB90, 0xF3B1, 0xEB91, 0xEB90, 0xF3B1,
    0xEB90, 0xF3B1, 0xF391, 0xEB90, 0xF391, 0xF390, 0xEB90, 0xF391, 0xF390, 0xF391, 0xF390, 0xF370,
    0xF390, 0xF370, 0xF370, 0xF370, 0xF370, 0xFB70, 0xF370, 0xF370, 0xFB70, 0xF370, 0xF370, 0xFB70,
    0xF370, 0xFB70, 0xFB70, 0xF370, 0xFB70, 0xF370, 0xF370, 0xFB70, 0xF370, 0xFB71, 0xFB70, 0xF370,
    0xFB71, 0xF370, 0xF370, 0xFB70, 0xF370, 0xFB71, 0xFB70, 0xF370, 0xFB71, 0xF370, 0xF370, 0xFB71,
    0xF370, 0xFB71, 0xFB71, 0xF370, 0xFB91, 0xF371, 0xF371, 0xFB71, 0xF371, 0xFB92, 0xFB91, 0xF371,
    0xFB92, 0xF391, 0xF371, 0xFB92, 0xF391, 0xFB92, 0xFB92, 0xF372, 0xFB92, 0xF392, 0xF392, 0xFBB2,
    0xF392, 0xFBB3, 0xFBB3, 0xF3B2, 0xFBB3, 0xF3B3, 0xF3B2, 0xFBB3, 0xF3B3, 0xFBD3, 0xF3D3, 0xF3B3,
    0xFBD3, 0xF3D3, 0xF3B3, 0xFBD4, 0xF3D3, 0xFBF4, 0xF3F4, 0xF3D4, 0xFBF4, 0xF3F4, 0xF3F4, 0xF3F5,
    0xF3F4, 0xFBF5, 0xF3F4, 0xF353, 0xFF5E, 0xFE3A, 0xF313, 0xCB51, 0xFBB2, 0xF3B3, 0xEBB3, 0xEB92,
    0xEBB3, 0xEB92, 0xE392, 0xEB92, 0xE392, 0xE393, 0xE392, 0xDB72, 0xE392, 0xDB72, 0xD351, 0xDB72,
    0xD351, 0xD371, 0xD351, 0xCB30, 0xCB51, 0xCB30, 0xC330, 0xC330, 0xC310, 0xC330, 0xC310, 0xBB0F,
    0xB350, 0xB371, 0xB371, 0xB370, 0xB391, 0xB391, 0xBBB2, 0xB3B1, 0xB3B1, 0xBBF2, 0xB3F2, 0xB3F1,
    0xB412, 0xB432, 0xB453, 0xB452, 0xAC52, 0xB493, 0xAC93, 0xAC92, 0xACB3, 0xACD3, 0xACF3, 0xA4F3,
    0xA4F3, 0xA533, 0x9D33, 0x8D93, 0x9C12, 0xFB36, 0xFF5E, 0xFE9C, 0xF334, 0xFC16, 0xF3F5, 0xF3F5,
    0xF416, 0xF415, 0xF436, 0xF436, 0xEC35, 0xF456, 0xEC35, 0xEC35, 0xEC55, 0xEC35, 0xEC55, 0xEC35,
    0xEC34, 0xEC35, 0xEC35, 0xE414, 0xEC35, 0xE414, 0xEC35, 0xEC14, 0xE414, 0xEC14, 0xE414, 0xE3F3,
    0xE414, 0xE3F3, 0xEC14, 0xE414, 0xE3F3, 0xE414, 0xE3F3, 0xDBF3, 0xE3F3, 0xE3F3, 0xE3F3, 0xE3F3,
    0xDBD3, 0xE3F3, 0xE3D3, 0xDBD2, 0xE3D3, 0xDBD2, 0xE3F3, 0xE3D3, 0xDBD2, 0xE3D3, 0xE3D2, 0xDBB2,
    0xE3D2, 0xE3D2, 0xE3D3, 0xE3D2, 0xE3B2, 0xE3D2, 0xE3D2, 0xE3B2, 0xE3D2, 0xE3D2, 0xEBD2, 0xE3D2,
    0xE3B1, 0xEBD2, 0xE3B2, 0xE3B1, 0xEBB2, 0xE3B1, 0xEBD2, 0xEBB2, 0xE3B1, 0xEBB2, 0xEBB1, 0xE391,
    0xEBB1, 0xEBB1, 0xEBB2, 0xEBB1, 0xEB91, 0xEBB1, 0xEB91, 0xEB91, 0xEB91, 0xEB91, 0xF391, 0xEB91,
    0xEB70, 0xF391, 0xF391, 0xEB70, 0xF391, 0xF370, 0xF391, 0xF370, 0xF370, 0xF390, 0xF370, 0xF370,
    0xF370, 0xF370, 0xFB70, 0xF370, 0xF34F, 0xFB70, 0xF370, 0xF34F, 0xF370, 0xF34F, 0xFB70, 0xF370,
    0xF34F, 0xFB70, 0xF34F, 0xF34F, 0xFB70, 0xF34F, 0xFB70, 0xF370, 0xF34F, 0xFB70, 0xF36F, 0xF36F,
    0xF370, 0xF36F, 0xF390, 0xF370, 0xF370, 0xF390, 0xF370, 0xEB70, 0xF390, 0xF390, 0xF391, 0xF390,
    0xEB90, 0xF3B1, 0xEB90, 0xEB90, 0xF391, 0xEB90, 0xF3B1, 0xEBB1, 0xEB90, 0xF3B1, 0xEBB1, 0xEB90,
    0xEBB1, 0xEBB1, 0xF3B1, 0xEBB1, 0xEB90, 0xF3B1, 0xEB91, 0xEB90, 0xF3B1, 0xEB90, 0xF3B1, 0xF391,
    0xEB90, 0xF391, 0xF390, 0xEB90, 0xF391, 0xF390, 0xF391, 0xF390, 0xF370, 0xF390, 0xF370, 0xF370,
    0xFB70, 0xF370, 0xFB70, 0xFB70, 0xF370, 0xFB70, 0xF370, 0xF370, 0xFB70, 0xF370, 0xFB70, 0xFB70,
    0xF370, 0xFB70, 0xF370, 0xF370, 0xFB70, 0xF370, 0xFB71, 0xFB70, 0xF370, 0xFB71, 0xF370, 0xF370,
    0xFB71, 0xF370, 0xFB71, 0xFB71, 0xF370, 0xFB71, 0xF370, 0xF370, 0xFB71, 0xF371, 0xFB91, 0xFB71,
    0xF371, 0xFB91, 0xF371, 0xF371, 0xFB71, 0xF371, 0xFB92, 0xFB91, 0xF371, 0xFB92, 0xF371, 0xF371,
    0xFB92, 0xF391, 0xFB92, 0xFB92, 0xF392, 0xFB92, 0xF392, 0xF392, 0xFB92, 0xF392, 0xFBB3, 0xFBB3,
    0xF392, 0xFBB3, 0xF3B3, 0xF3B2, 0xFBB3, 0xF3B3, 0xFBD3, 0xF3D3, 0xF3B3, 0xFBD4, 0xF3D3, 0xF3B3,
    0xFBD4, 0xF3D4, 0xFBF4, 0xF3F4, 0xF3D4, 0xFBF5, 0xF3F4, 0xF3F4, 0xF3F5, 0xF3D4, 0xFBF5, 0xF353,
    0xFF5D, 0xFE5B, 0xF314, 0xC330, 0xFBB3, 0xEBB2, 0xF3B3, 0xEBB3, 0xEB92, 0xEBB3, 0xEB92, 0xE392,
    0xE392, 0xE392, 0xE392, 0xE392, 0xDB71, 0xDB72, 0xDB71, 0xD351, 0xD351, 0xD351, 0xD351, 0xCB51,
    0xCB30, 0xCB51, 0xC330, 0xC310, 0xC330, 0xC310, 0xC330, 0xBB10, 0xB350, 0xB350, 0xB371, 0xB371,
    0xB370, 0xB391, 0xB3B1, 0xBBD2, 0xB3D1, 0xB3D1, 0xBBF2, 0xB3F2, 0xB412, 0xB432, 0xB432, 0xB453,
    0xB473, 0xAC72, 0xB493, 0xACB3, 0xA4B2, 0xACD3, 0xA4D3, 0xACF3, 0xA513, 0x9D13, 0xA533, 0x9593,
    0x9C11, 0xFB37, 0xFF5D, 0xFE9C, 0xF334, 0xF3F5, 0xF416, 0xF415, 0xF415, 0xF436, 0xF435, 0xF436,
    0xF435, 0xEC35, 0xF456, 0xEC35, 0xEC35, 0xEC55, 0xEC35, 0xEC55, 0xEC35, 0xE434, 0xEC35, 0xEC34,
    0xE414, 0xEC34, 0xE414, 0xEC35, 0xE414, 0xE414, 0xEC14, 0xE414, 0xE3F3, 0xE414, 0xE3F3, 0xE414,
    0xE3F3, 0xE3F3, 0xE414, 0xE3F3, 0xDBF3, 0xE3F3, 0xE3F3, 0xE3F3, 0xE3F3, 0xDBD2, 0xE3F3, 0xDBD3,
    0xDBD2, 0xE3D3, 0xDBD2, 0xE3F3, 0xE3D2, 0xDBD2, 0xE3D3, 0xE3D2, 0xDBB2, 0xE3D2, 0xE3D2, 0xE3D3,
    0xE3D2, 0xE3B2, 0xE3D2, 0xE3D2, 0xE3B1, 0xE3D2, 0xE3D2, 0xEBD2, 0xE3D2, 0xE3B1, 0xEBD2, 0xE3B2,
    0xE3B1, 0xEBB2, 0xE3B1, 0xEBD2, 0xEBB2, 0xE3B1, 0xEBB2, 0xEBB1, 0xE391, 0xEBB1, 0xEBB1, 0xEBB2,
    0xEBB1, 0xEB91, 0xEBB1, 0xEB91, 0xEB90, 0xEB91, 0xEB91, 0xF391, 0xF391, 0xEB70, 0xF391, 0xF370,
    0xEB70, 0xF391, 0xF370, 0xF391, 0xF370, 0xF370, 0xF370, 0xF370, 0xF36F, 0xF370, 0xF370, 0xFB70,
    0xF370, 0xF34F, 0xFB70, 0xF370, 0xF34F, 0xF370, 0xF34F, 0xFB70, 0xF370, 0xF34F, 0xFB70, 0xF36F,
    0xF34F, 0xFB70, 0xF36F, 0xFB70, 0xF370, 0xF34F, 0xF370, 0xF370, 0xF36F, 0xF370, 0xF370, 0xF390,
    0xF390, 0xF370, 0xF390, 0xF390, 0xEB70, 0xF390, 0xEB90, 0xF391, 0xF390, 0xEB90, 0xF3B1, 0xEB90,
    0xEB90, 0xF3B1, 0xEB90, 0xF3B1, 0xEBB1, 0xEB90, 0xF3B1, 0xEBB1, 0xEB90, 0xEBB1, 0xEBB1, 0xF3B1,
    0xEBB1, 0xEB90, 0xF3B1, 0xEB91, 0xEB90, 0xF391, 0xEB90, 0xF3B1, 0xF391, 0xEB90, 0xF391, 0xF390,
    0xEB70, 0xF390, 0xF390, 0xF391, 0xF390, 0xF370, 0xFB90, 0xF370, 0xF370, 0xFB70, 0xF370, 0xFB70,
    0xFB70, 0xF36F, 0xFB70, 0xFB70, 0xF370, 0xFB70, 0xF370, 0xFB70, 0xFB70, 0xF370, 0xFB70, 0xF370,
    0xF370, 0xFB70, 0xF370, 0xFB71, 0xFB70, 0xF370, 0xFB71, 0xF370, 0xF370, 0xFB71, 0xF370, 0xFB71,
    0xFB71, 0xF370, 0xFB71, 0xFB70, 0xF370, 0xFB71, 0xF371, 0xFB91, 0xFB71, 0xF371, 0xFB91, 0xFB71,
    0xF371, 0xFB71, 0xF371, 0xFB92, 0xFB91, 0xF371, 0xFB92, 0xF371, 0xF371, 0xFB92, 0xF392, 0xFB92,
    0xFB92, 0xF392, 0xFBB2, 0xF392, 0xF392, 0xFBB3, 0xF3B2, 0xFBB3, 0xFBB3, 0xF392, 0xFBB3, 0xF3B3,
    0xF3B2, 0xFBB3, 0xF3B3, 0xFBD4, 0xFBD3, 0xF3B3, 0xFBD4, 0xF3D3, 0xF3D3, 0xF3D4, 0xF3D4, 0xFBF4,
    0xF3F4, 0xF3F4, 0xFBF5, 0xF3F4, 0xF3D4, 0xF3F5, 0xF3D4, 0xFB54, 0xFF5D, 0xF63A, 0xFB34, 0xCB51,
    0xF392, 0xF3B3, 0xEB92, 0xF3B3, 0xEBB3, 0xEB92, 0xEBB3, 0xE392, 0xE392, 0xE392, 0xE372, 0xE392,
    0xDB72, 0xDB71, 0xDB72, 0xD351, 0xD351, 0xD351, 0xCB51, 0xD351, 0xCB51, 0xC330, 0xCB31, 0xC330,
    0xC310, 0xC330, 0xBB10, 0xC310, 0xB371, 0xB371, 0xB370, 0xB391, 0xB391, 0xB391, 0xB3B1, 0xB3B1,
    0xBBD2, 0xB3D2, 0xB3F1, 0xB412, 0xB412, 0xB412, 0xB432, 0xB452, 0xB473, 0xB473, 0xAC92, 0xACB3,
    0xACB3, 0xA4D2, 0xACF3, 0xA4F3, 0xA514, 0xA533, 0x9D13, 0x95B3, 0x9C11, 0xFB16, 0xFF7E, 0xFE9B,
    0xFB34, 0xF415, 0xF3F5, 0xF416, 0xF415, 0xEC15, 0xF436, 0xEC35, 0xF456, 0xF435, 0xEC35, 0xF456,
    0xEC35, 0xEC35, 0xEC35, 0xEC35, 0xEC35, 0xEC35, 0xE414, 0xEC35, 0xEC14, 0xE414, 0xEC14, 0xE414,
    0xEC14, 0xE414, 0xE414, 0xEC14, 0xE414, 0xE3F3, 0xE414, 0xE3F3, 0xE414, 0xE3F3, 0xE3F3, 0xE3F3,
    0xE3F3, 0xDBF3, 0xE3F3, 0xE3F3, 0xE3F3, 0xE3F3, 0xDBD2, 0xE3F3, 0xDBD3, 0xDBD2, 0xE3D3, 0xDBD2,
    0xE3D3, 0xE3D2, 0xDBD2, 0xE3D3, 0xE3D2, 0xDBB2, 0xE3D2, 0xE3D2, 0xE3D3, 0xE3D2, 0xE3B2, 0xE3D2,
    0xE3D2, 0xE3B1, 0xE3D2, 0xE3D2, 0xEBD2, 0xE3D2, 0xE3B1, 0xEBD2, 0xE3B2, 0xE3B1, 0xEBB2, 0xE3B1,
    0xEBB2, 0xEBB1, 0xE3B1, 0xEBB2, 0xEBB1, 0xE391, 0xEBB1, 0xEB91, 0xEBB2, 0xEBB1, 0xEB91, 0xEBB1,
    0xEB91, 0xEB90, 0xF391, 0xEB91, 0xF391, 0xF391, 0xEB70, 0xF391, 0xF370, 0xEB70, 0xF370, 0xF370,
    0xF391, 0xF370, 0xF370, 0xF370, 0xF370, 0xF34F, 0xF370, 0xF350, 0xFB70, 0xF370, 0xF34F, 0xFB70,
    0xF34F, 0xF34F, 0xF370, 0xF34F, 0xFB70, 0xF370, 0xF34F, 0xFB70, 0xF36F, 0xF34F, 0xF370, 0xF36F,
    0xFB70, 0xF370, 0xF36F, 0xF370, 0xF370, 0xF36F, 0xF370, 0xF370, 0xF390, 0xF390, 0xEB70, 0xF390,
    0xF390, 0xEB90, 0xF390, 0xEB90, 0xF3B1, 0xF390, 0xEB90, 0xF3B1, 0xEB90, 0xEB90, 0xEBB1, 0xEBB0,
    0xF3B1, 0xEBB1, 0xEBB0, 0xF3B1, 0xEBB1, 0xEBB0, 0xF3B1, 0xEBB1, 0xF3B1, 0xF3B1, 0xEB90, 0xF3B1,
    0xF391, 0xEB90, 0xF391, 0xF390, 0xF3B1, 0xF391, 0xF390, 0xF391, 0xF390, 0xF370, 0xF390, 0xF370,
    0xFB91, 0xF390, 0xF370, 0xFB90, 0xF370, 0xF36F, 0xFB70, 0xF370, 0xFB70, 0xFB70, 0xF370, 0xFB90,
    0xF370, 0xF370, 0xFB70, 0xF370, 0xFB70, 0xFB70, 0xF370, 0xFB70, 0xF370, 0xF370, 0xFB70, 0xF370,
    0xFB71, 0xFB70, 0xF370, 0xFB71, 0xF370, 0xF370, 0xFB71, 0xF370, 0xFB71, 0xFB70, 0xF370, 0xFB71,
    0xFB71, 0xF370, 0xFB71, 0xF371, 0xFB71, 0xFB71, 0xF371, 0xFB91, 0xF371, 0xF371, 0xFB71, 0xF371,
    0xFB92, 0xFB71, 0xF371, 0xFB92, 0xF371, 0xF371, 0xFB92, 0xF392, 0xFB92, 0xFB92, 0xF392, 0xFBB2,
    0xF392, 0xF392, 0xFBB3, 0xF3B2, 0xFBB3, 0xF3B3, 0xF3B2, 0xFBB3, 0xF3B3, 0xF3B2, 0xFBB3, 0xF3B3,
    0xFBD4, 0xF3D3, 0xF3B3, 0xFBD4, 0xF3D4, 0xF3D3, 0xF3F4, 0xF3D4, 0xFBF5, 0xF3F4, 0xF3F4, 0xFBF5,
    0xF3D4, 0xF3D4, 0xFBD5, 0xF353, 0xFF5D, 0xFE7B, 0xF313, 0xCB51, 0xFBB3, 0xEB92, 0xF3B3, 0xEB92,
    0xEBB3, 0xEB92, 0xE392, 0xEB93, 0xE392, 0xE372, 0xE392, 0xDB72, 0xE392, 0xDB72, 0xD351, 0xDB72,
    0xD351, 0xCB51, 0xD351, 0xCB31, 0xCB51, 0xCB31, 0xC330, 0xCB31, 0xC310, 0xBB10, 0xC310, 0xBB10,
    0xB350, 0xB371, 0xB371, 0xB370, 0xB391, 0xB391, 0xB391, 0xB3B1, 0xB3D1, 0xBBF2, 0xB3F2, 0xB3F1,
    0xB412, 0xB432, 0xAC32, 0xB453, 0xAC72, 0xB493, 0xAC93, 0xAC92, 0xACD3, 0xACD3, 0xA4D3, 0xA4F3,
    0xA513, 0xA534, 0x9D33, 0x8DB3, 0x9C32, 0xFB36, 0xF75D, 0xFE9C, 0xF334, 0xFC16, 0xF3F5, 0xF3F5,
    0xF436, 0xF415, 0xEC15, 0xF436, 0xEC35, 0xF456, 0xEC55, 0xEC35, 0xEC55, 0xEC35, 0xEC34, 0xEC35,
    0xEC35, 0xEC35, 0xEC35, 0xE414, 0xEC35, 0xE414, 0xE414, 0xEC14, 0xE414, 0xEC14, 0xE414, 0xE3F3,
    0xE414, 0xE3F4, 0xE3F3, 0xE414, 0xE3F3, 0xE414, 0xE3F3, 0xE3F3, 0xE3F3, 0xE3F3, 0xDBD3, 0xE3F3,
    0xDBF3, 0xE3F3, 0xE3F3, 0xDBD2, 0xE3F3, 0xDBD3, 0xDBD2, 0xE3D3, 0xDBD2, 0xE3D3, 0xE3D2, 0xDBB2,
    0xE3D3, 0xE3D2, 0xDBB2, 0xE3D2, 0xE3D2, 0xE3D2, 0xE3D2, 0xE3B2, 0xE3D2, 0xE3D2, 0xE3B1, 0xE3D2,
    0xE3B2, 0xEBD2, 0xE3D2, 0xE3B1, 0xEBD2, 0xE3B2, 0xE3B1, 0xEBB2, 0xE3B1, 0xEBB2, 0xEBB1, 0xE391,
    0xEBB2, 0xEBB1, 0xE391, 0xEBB1, 0xEB91, 0xEBB1, 0xEB91, 0xEB91, 0xF3B1, 0xEB91, 0xEB90, 0xF391,
    0xEB90, 0xF391, 0xF391, 0xEB70, 0xF391, 0xF370, 0xEB70, 0xF370, 0xF370, 0xF370, 0xF370, 0xF350,
    0xF370, 0xF350, 0xF34F, 0xF370, 0xF34F, 0xFB70, 0xF370, 0xF34F, 0xFB70, 0xF34F, 0xF34F, 0xF370,
    0xF34F, 0xFB70, 0xF370, 0xF34F, 0xFB70, 0xF36F, 0xF34F, 0xF370, 0xF36F, 0xFB70, 0xF370, 0xF36F,
    0xF390, 0xF370, 0xEB6F, 0xF390, 0xF390, 0xF390, 0xF390, 0xEB90, 0xF390, 0xF390, 0xEB90, 0xF390,
    0xEB90, 0xF3B1, 0xEBB0, 0xEB90, 0xF3B1, 0xEBB0, 0xEB90, 0xEBB1, 0xEBB0, 0xF3B1, 0xEBB1, 0xEBB0,
    0xF3B1, 0xEBB1, 0xEBB0, 0xF3B1, 0xEBB1, 0xF3B1, 0xF3B1, 0xEB90, 0xF3B1, 0xF391, 0xEB90, 0xF391,
    0xF390, 0xF391, 0xF390, 0xF390, 0xF391, 0xF390, 0xF370, 0xF390, 0xF370, 0xFB91, 0xF370, 0xF370,
    0xFB70, 0xF370, 0xF36F, 0xFB70, 0xF370, 0xFB70, 0xFB70, 0xF350, 0xFB70, 0xF370, 0xF350, 0xFB70,
    0xF370, 0xFB70, 0xFB70, 0xF370, 0xFB70, 0xF370, 0xF370, 0xFB70, 0xF370, 0xFB71, 0xFB70, 0xF370,
    0xFB71, 0xF370, 0xF350, 0xFB71, 0xF370, 0xFB71, 0xFB70, 0xF370, 0xFB71, 0xF371, 0xF370, 0xFB71,
    0xF371, 0xFB91, 0xFB71, 0xF371, 0xFB91, 0xF371, 0xF371, 0xFB71, 0xF371, 0xFB92, 0xFB91, 0xF371,
    0xFB92, 0xF391, 0xF371, 0xFB92, 0xF392, 0xFB92, 0xFB92, 0xF392, 0xFBB2, 0xFB92, 0xF392, 0xFBB3,
    0xF3B2, 0xFBB3, 0xFBB3, 0xF392, 0xFBB3, 0xF3B3, 0xF3B2, 0xFBD3, 0xF3B3, 0xFBD4, 0xF3D3, 0xF3D3,
    0xFBD4, 0xF3D4, 0xF3D3, 0xF3F4, 0xF3F4, 0xFBF5, 0xF3F4, 0xF3F4, 0xFBF5, 0xF3D4, 0xF3D4, 0xFB53,
    0xFF5D, 0xFE7C, 0xF334, 0xC330, 0xFBB3, 0xEBB3, 0xEB92, 0xEBB3, 0xEB92, 0xEBB3, 0xEB92, 0xE392,
    0xEB92, 0xE392, 0xDB72, 0xE372, 0xDB72, 0xDB72, 0xDB71, 0xD351, 0xD371, 0xD351, 0xCB50, 0xCB51,
    0xCB30, 0xCB51, 0xCB30, 0xC310, 0xC330, 0xC310, 0xBB0F, 0xC310, 0xB351, 0xB370, 0xBB71, 0xB391,
    0xB371, 0xB3B1, 0xB3B1, 0xB3B1, 0xB3D2, 0xB3D1, 0xBBF2, 0xB412, 0xB412, 0xB432, 0xB432, 0xAC52,
    0xB473, 0xAC72, 0xB493, 0xACB3, 0xA4B2, 0xACD3, 0xA4F3, 0xA4F3, 0xA513, 0x9D13, 0xA534, 0x8DB3,
    0x9C11, 0xFB37, 0xFF5D, 0xF67B, 0xF334, 0xF3F5, 0xFC16, 0xF415, 0xF415, 0xF436, 0xF415, 0xEC15,
    0xF436, 0xEC35, 0xF456, 0xEC35, 0xEC35, 0xEC55, 0xEC35, 0xE434, 0xEC35, 0xEC34, 0xEC35, 0xEC34,
    0xE414, 0xEC35, 0xE414, 0xE414, 0xEC14, 0xE414, 0xEC14, 0xE414, 0xE3F3, 0xE414, 0xE3F3, 0xE3F3,
    0xE3F4, 0xE3F3, 0xE3F4, 0xE3F3, 0xDBD3, 0xE3F3, 0xE3F3, 0xDBD2, 0xE3F3, 0xDBD3, 0xE3F3, 0xE3D3,
    0xDBD2, 0xE3F3, 0xDBD2, 0xDBD2, 0xE3D3, 0xDBD2, 0xE3D3, 0xE3D2, 0xDBB2, 0xE3D2, 0xE3D2, 0xDBB2,
    0xE3D2, 0xE3D2, 0xE3D2, 0xE3D2, 0xE3B2, 0xE3D2, 0xE3D2, 0xE3B1, 0xE3D2, 0xE3B2, 0xEBD2, 0xE3D2,
    0xE3B1, 0xEBD2, 0xE3B1, 0xE3B1, 0xEBB2, 0xE3B1, 0xEBB2, 0xEBB1, 0xE391, 0xEBB2, 0xEBB1, 0xE391,
    0xEBB1, 0xEB91, 0xF3B1, 0xEB91, 0xEB91, 0xF391, 0xEB91, 0xEB90, 0xF391, 0xEB90, 0xF391, 0xF390,
    0xEB70, 0xF391, 0xF370, 0xEB70, 0xF370, 0xF370, 0xFB70, 0xF370, 0xF34F, 0xFB70, 0xF350, 0xF34F,
    0xF370, 0xF34F, 0xFB70, 0xF36F, 0xF34F, 0xFB70, 0xF34F, 0xF34F, 0xF370, 0xF34F, 0xFB70, 0xF370,
    0xF34F, 0xFB70, 0xF36F, 0xF36F, 0xF370, 0xF370, 0xF390, 0xF370, 0xF370, 0xF390, 0xF370, 0xEB70,
    0xF390, 0xF390, 0xF391, 0xF390, 0xEB90, 0xF391, 0xEB90, 0xEB90, 0xF391, 0xEB90, 0xF3B1, 0xEBB1,
    0xEB90, 0xF3B1, 0xEBB1, 0xEB90, 0xEBB1, 0xEBB1, 0xF3B1, 0xEBB1, 0xEBB1, 0xF3B1, 0xEBB1, 0xEB90,
    0xF3B1, 0xEBB1, 0xF3B1, 0xF3B1, 0xEB90, 0xF3B1, 0xF391, 0xEB90, 0xF391, 0xF390, 0xF391, 0xF390,
    0xF370, 0xF391, 0xF390, 0xF370, 0xF390, 0xF370, 0xFB90, 0xF370, 0xF370, 0xFB70, 0xF370, 0xF34F,
    0xFB70, 0xF370, 0xFB70, 0xFB70, 0xF350, 0xFB70, 0xF370, 0xF350, 0xFB70, 0xF370, 0xFB71, 0xFB70,
    0xF370, 0xFB70, 0xF370, 0xF370, 0xFB70, 0xF370, 0xFB71, 0xFB70, 0xF350, 0xFB71, 0xF370, 0xF370,
    0xFB71, 0xF370, 0xFB71, 0xFB71, 0xF370, 0xFB91, 0xF371, 0xF370, 0xFB71, 0xF371, 0xFB91, 0xFB71,
    0xF371, 0xFB91, 0xFB71, 0xF371, 0xFB92, 0xF391, 0xFB92, 0xFB91, 0xF371, 0xFB92, 0xF392, 0xF371,
    0xFB92, 0xF392, 0xFBB2, 0xFB92, 0xF392, 0xFBB3, 0xF3B2, 0xF392, 0xFBB3, 0xF3B2, 0xFBB3, 0xF3B3,
    0xF392, 0xFBD3, 0xF3B3, 0xF3B3, 0xFBD3, 0xF3B3, 0xFBD4, 0xF3D4, 0xF3D3, 0xFBF4, 0xF3D4, 0xF3D4,
    0xF3F4, 0xF3F4, 0xFBF5, 0xF3F4, 0xF3D4, 0xFBF5, 0xF3D4, 0xF332, 0xFF5D, 0xFE5B, 0xFB34, 0xCB51,
    0xF392, 0xF3B3, 0xEB92, 0xEB92, 0xEBB3, 0xEB92, 0xEBB3, 0xEB92, 0xE392, 0xE392, 0xE372, 0xDB71,
    0xDB72, 0xDB71, 0xDB72, 0xD371, 0xD351, 0xD351, 0xCB51, 0xCB30, 0xCB51, 0xCB30, 0xCB31, 0xC330,
    0xC310, 0xC330, 0xBB10, 0xBB0F, 0xB350, 0xB371, 0xB370, 0xBB91, 0xB391, 0xB391, 0xB3B1, 0xB3B1,
    0xB3B1, 0xB3F2, 0xB3F1, 0xB412, 0xB412, 0xB412, 0xB452, 0xB452, 0xAC52, 0xB493, 0xAC92, 0xACB3,
    0xACD3, 0xA4D3, 0xA4F3, 0xA4F3, 0x9D13, 0x9D33, 0x9D33, 0x95B3, 0x9C11, 0xFB16, 0xFF7E, 0xFE7B,
    0xF313, 0xF3F5, 0xF3F5, 0xF416, 0xF415, 0xF415, 0xF436, 0xF435, 0xEC35, 0xF435, 0xEC35, 0xF456,
    0xEC35, 0xEC35, 0xEC35, 0xEC35, 0xE414, 0xEC35, 0xE414, 0xEC35, 0xEC14, 0xE414, 0xEC14, 0xE414,
    0xE413, 0xE414, 0xE414, 0xEC14, 0xE414, 0xE3F3, 0xE414, 0xE3F3, 0xDBF3, 0xE3F3, 0xE3F3, 0xE3F4,
    0xE3F3, 0xDBD3, 0xE3F3, 0xE3D3, 0xDBD2, 0xE3D3, 0xDBD3, 0xE3F3, 0xE3D3, 0xDBD2, 0xE3D3, 0xDBD2,
    0xDBB2, 0xE3D3, 0xDBD2, 0xE3D3, 0xE3D2, 0xDBB2, 0xE3D2, 0xE3B2, 0xDBB2, 0xE3D2, 0xE3B2, 0xE3D2,
    0xE3D2, 0xE3B2, 0xE3D2, 0xE3B2, 0xE3B1, 0xE3D2, 0xE3B1, 0xEBD2, 0xE3B2, 0xE3B1, 0xEBD2, 0xE3B1,
    0xE3B1, 0xEBB2, 0xE3B1, 0xEBB2, 0xEBB1, 0xE391, 0xEBB1, 0xEB91, 0xEB91, 0xEB91, 0xEB91, 0xF3B1,
    0xEB91, 0xEB90, 0xF391, 0xEB91, 0xEB70, 0xF391, 0xEB70, 0xF391, 0xF370, 0xF370, 0xF390, 0xF370,
    0xF350, 0xF370, 0xF350, 0xFB70, 0xF370, 0xF34F, 0xFB70, 0xF34F, 0xF34F, 0xFB50, 0xF34F, 0xFB70,
    0xF34F, 0xF34F, 0xFB70, 0xF34F, 0xF34F, 0xF34F, 0xF34F, 0xFB70, 0xF370, 0xF34F, 0xF370, 0xF370,
    0xF36F, 0xF370, 0xF370, 0xF390, 0xF390, 0xF370, 0xF390, 0xF390, 0xEB70, 0xF390, 0xEB90, 0xF391,
    0xF390, 0xEB90, 0xF3B1, 0xEB90, 0xEB90, 0xF3B1, 0xEB90, 0xF3B1, 0xEBB1, 0xEB90, 0xEBB1, 0xEBB1,
    0xEBB0, 0xEBB1, 0xEBB1, 0xF3B1, 0xEBB1, 0xEBB1, 0xF3B1, 0xEBB1, 0xEB90, 0xF3B1, 0xEBB1, 0xF3B1,
    0xF3B1, 0xEB90, 0xF3B1, 0xF391, 0xEB90, 0xF391, 0xF390, 0xF391, 0xF390, 0xF370, 0xF391, 0xF390,
    0xF370, 0xF390, 0xF370, 0xFB91, 0xF370, 0xF370, 0xFB70, 0xF370, 0xF34F, 0xFB70, 0xF370, 0xFB70,
    0xFB70, 0xF350, 0xFB70, 0xF370, 0xF350, 0xFB70, 0xF370, 0xFB71, 0xFB70, 0xF350, 0xFB70, 0xF370,
    0xF350, 0xFB70, 0xF370, 0xFB71, 0xFB70, 0xF350, 0xFB71, 0xF370, 0xF370, 0xFB71, 0xF370, 0xFB71,
    0xFB71, 0xF370, 0xFB91, 0xFB71, 0xF370, 0xFB71, 0xF371, 0xFB92, 0xFB71, 0xF371, 0xFB92, 0xF371,
    0xF371, 0xFB91, 0xF371, 0xFB92, 0xFB92, 0xF371, 0xFB92, 0xFB92, 0xF392, 0xFB92, 0xF392, 0xFB92,
    0xFB92, 0xF392, 0xFBB3, 0xF3B2, 0xF392, 0xFBB3, 0xF3B3, 0xFBB3, 0xFBB3, 0xF3B3, 0xFBD3, 0xF3B3,
    0xF3B3, 0xFBD3, 0xF3D3, 0xFBD4, 0xF3D4, 0xF3D4, 0xFBF4, 0xF3F4, 0xF3F4, 0xF3F4, 0xF3F4, 0xFBF5,
    0xF3F4, 0xF3D4, 0xFBF5, 0xF353, 0xFF5D, 0xFE5B, 0xF313, 0xCB31, 0xFBB3, 0xEB92, 0xF3B3, 0xEB92,
    0xEB92, 0xEB93, 0xE392, 0xEB93, 0xE392, 0xE372, 0xE392, 0xDB72, 0xDB71, 0xDB72, 0xD371, 0xDB72,
    0xD351, 0xCB51, 0xD351, 0xCB31, 0xCB30, 0xCB31, 0xC330, 0xCB31, 0xC330, 0xBB10, 0xC310, 0xBB10,
    0xB350, 0xB350, 0xB371, 0xB371, 0xBB91, 0xB391, 0xB391, 0xB3D2, 0xB3D1, 0xB3D1, 0xB3F2, 0xB3F2,
    0xB432, 0xB432, 0xAC32, 0xB473, 0xAC72, 0xAC72, 0xAC93, 0xACB3, 0xACD3, 0xA4D3, 0xA4D3, 0xA513,
    0x9D13, 0x9D13, 0x9D33, 0x8DB3, 0x9C12, 0xFB36, 0xFF7D, 0xFE9C, 0xF334, 0xF3F5, 0xF3F5, 0xF3F5,
    0xF416, 0xF415, 0xEC15, 0xF436, 0xEC35, 0xEC35, 0xF435, 0xEC35, 0xF455, 0xEC35, 0xEC34, 0xEC35,
    0xEC35, 0xE414, 0xEC35, 0xE414, 0xEC35, 0xEC14, 0xE414, 0xEC14, 0xE414, 0xE3F3, 0xE414, 0xE3F3,
    0xEC14, 0xE3F4, 0xE3F3, 0xE414, 0xE3F3, 0xDBF3, 0xE3F3, 0xE3F3, 0xE3F3, 0xE3F3, 0xDBD3, 0xE3F3,
    0xE3D3, 0xDBD2, 0xE3D3, 0xDBD2, 0xE3D3, 0xDBD3, 0xDBD2, 0xE3D3, 0xDBD2, 0xDBB2, 0xE3D2, 0xDBB2,
    0xE3D3, 0xE3D2, 0xDBB2, 0xE3D2, 0xE3B2, 0xDBB1, 0xE3D2, 0xE3B2, 0xE3D2, 0xE3D2, 0xE3B1, 0xE3D2,
    0xE3B2, 0xE3B1, 0xE3D2, 0xE3B1, 0xEBD2, 0xE3B2, 0xE3B1, 0xEBD2, 0xE3B1, 0xE3B1, 0xEBB1, 0xE3B1,
    0xEBB2, 0xEBB1, 0xEB91, 0xEBB1, 0xEB91, 0xEB90, 0xEB91, 0xEB91, 0xF391, 0xEB91, 0xEB90, 0xF391,
    0xEB90, 0xEB70, 0xF391, 0xF370, 0xF391, 0xF370, 0xF370, 0xF370, 0xF370, 0xF34F, 0xF350, 0xF34F,
    0xFB70, 0xF350, 0xF34F, 0xFB70, 0xF34F, 0xF34F, 0xFB50, 0xF34F, 0xFB70, 0xF34F, 0xF34F, 0xFB70,
    0xF34F, 0xF34F, 0xF34F, 0xF34F, 0xFB70, 0xF370, 0xF34F, 0xF370, 0xF370, 0xF36F, 0xF370, 0xF370,
    0xF390, 0xF390, 0xF370, 0xF390, 0xF390, 0xEB90, 0xF390, 0xEB90, 0xF3B1, 0xF390, 0xEB90, 0xF3B1,
    0xEB90, 0xEB90, 0xEBB1, 0xEBB0, 0xF3B1, 0xEBB1, 0xEBB0, 0xEBB1, 0xEBB1, 0xEBB0, 0xEBB1, 0xEBB1,
    0xF3B1, 0xEBB1, 0xEBB1, 0xF3B1, 0xEBB1, 0xEB90, 0xF3B1, 0xEB91, 0xF3B1, 0xF3B1, 0xEB90, 0xF3B1,
    0xF391, 0xEB90, 0xF391, 0xF390, 0xF391, 0xF390, 0xF370, 0xF391, 0xF370, 0xF370, 0xF390, 0xF370,
    0xFB90, 0xF370, 0xF370, 0xFB70, 0xF370, 0xF34F, 0xFB70, 0xF370, 0xFB70, 0xFB70, 0xF350, 0xFB70,
    0xFB70, 0xF350, 0xFB70, 0xF370, 0xFB70, 0xFB70, 0xF350, 0xFB70, 0xF370, 0xF350, 0xFB70, 0xF350,
    0xFB71, 0xFB70, 0xF350, 0xFB70, 0xF370, 0xF370, 0xFB71, 0xF370, 0xFB71, 0xFB71, 0xF370, 0xFB71,
    0xFB71, 0xF370, 0xFB71, 0xF371, 0xFB92, 0xFB91, 0xF371, 0xFB92, 0xFB91, 0xF371, 0xFB91, 0xF371,
    0xFB92, 0xFB92, 0xF371, 0xFB92, 0xFB92, 0xF391, 0xFB92, 0xF392, 0xFBB2, 0xFBB2, 0xF392, 0xFBB3,
    0xF3B2, 0xF3B2, 0xFBB3, 0xF3B3, 0xFBB3, 0xF3B3, 0xF3B3, 0xFBD3, 0xF3B3, 0xF3B3, 0xFBD4, 0xF3D3,
    0xFBF4, 0xF3F4, 0xF3D4, 0xFBF4, 0xF3F4, 0xF3F4, 0xFBF5, 0xF3F4, 0xFBF5, 0xF3F4, 0xF3D4, 0xFB54,
    0xFF5D, 0xFE5A, 0xF313, 0xC330, 0xFBB3, 0xF3B3, 0xEB92, 0xF3B3, 0xEB92, 0xE392, 0xEB92, 0xE392,
    0xEB93, 0xE392, 0xDB72, 0xE392, 0xDB72, 0xDB71, 0xDB72, 0xD351, 0xDB72, 0xD351, 0xCB31, 0xD351,
    0xCB30, 0xC330, 0xCB30, 0xC330, 0xC330, 0xC310, 0xBB0F, 0xC310, 0xB371, 0xB370, 0xB370, 0xB391,
    0xB391, 0xBBB1, 0xB3B1, 0xB3B1, 0xB3D2, 0xB3D1, 0xB3F1, 0xB412, 0xB412, 0xB432, 0xB452, 0xAC52,
    0xB473, 0xAC72, 0xAC92, 0xACB3, 0xA4B3, 0xACF3, 0xA4F3, 0x9CF3, 0xA513, 0x9D33, 0x9D33, 0x8DB3,
    0x9C11, 0xFB36, 0xFF7E, 0xFE7B, 0xF334, 0xF3F5, 0xF3F5, 0xF415, 0xF415, 0xF436, 0xF435, 0xEC15,
    0xF436, 0xEC35, 0xEC35, 0xEC35, 0xEC35, 0xEC55, 0xEC35, 0xEC34, 0xEC35, 0xEC34, 0xE414, 0xEC35,
    0xE414, 0xEC35, 0xE414, 0xE414, 0xEC14, 0xE414, 0xE3F3, 0xE414, 0xE3F3, 0xEC14, 0xE3F3, 0xE3F3,
    0xE3F4, 0xE3F3, 0xDBF3, 0xE3F3, 0xE3F3, 0xE3F3, 0xE3F3, 0xDBD2, 0xE3F3, 0xDBD3, 0xDBD2, 0xE3D3,
    0xDBD2, 0xE3D3, 0xDBD2, 0xDBD2, 0xE3D3, 0xDBD2, 0xDBB2, 0xE3D2, 0xDBB2, 0xE3D3, 0xE3D2, 0xDBB2,
    0xE3D2, 0xE3B2, 0xDBB1, 0xE3D2, 0xE3B2, 0xE3D2, 0xE3D2, 0xE3B1, 0xE3D2, 0xE3B2, 0xE3B1, 0xE3D2,
    0xE3B1, 0xEBD2, 0xE3B1, 0xE3B1, 0xEBB2, 0xE3B1, 0xE3B1, 0xEBB1, 0xEBB1, 0xEBB2, 0xEBB1, 0xEB91,
    0xEBB1, 0xEB91, 0xEB90, 0xEB91, 0xEB91, 0xF391, 0xEB91, 0xEB70, 0xF391, 0xF370, 0xEB70, 0xF370,
    0xF370, 0xF371, 0xF370, 0xF350, 0xFB70, 0xF350, 0xF34F, 0xFB50, 0xF34F, 0xFB70, 0xF34F, 0xF34F,
    0xFB70, 0xF34F, 0xF34F, 0xFB4F, 0xF34F, 0xFB70, 0xF34F, 0xF34F, 0xFB4F, 0xF34F, 0xF34F, 0xF34F,
    0xF34F, 0xFB70, 0xF370, 0xF36F, 0xF370, 0xF370, 0xF36F, 0xF370, 0xF370, 0xF390, 0xF390, 0xEB70,
    0xF390, 0xF390, 0xEB90, 0xF390, 0xEB90, 0xF3B1, 0xF390, 0xEB90, 0xF3B1, 0xEB90, 0xEB90, 0xEBB1,
    0xEBB0, 0xF3B1, 0xEBB1, 0xEBB0, 0xEBB1, 0xEBB1, 0xEBB0, 0xEBB1, 0xEBB1, 0xF3B1, 0xEBB1, 0xEBB1,
    0xF3B1, 0xEBB1, 0xEB90, 0xF3B1, 0xEB91, 0xF3B1, 0xF3B1, 0xEB90, 0xF3B1, 0xF391, 0xEB90, 0xF391,
    0xF390, 0xF391, 0xF390, 0xF370, 0xF391, 0xF370, 0xF370, 0xF390, 0xF370, 0xFB90, 0xF370, 0xF370,
    0xFB70, 0xF370, 0xF34F, 0xFB70, 0xF370, 0xFB70, 0xFB70, 0xF350, 0xFB70, 0xFB70, 0xF350, 0xFB70,
    0xF370, 0xFB70, 0xFB70, 0xF350, 0xFB70, 0xFB70, 0xF350, 0xFB70, 0xF350, 0xFB71, 0xFB70, 0xF350,
    0xFB71, 0xF370, 0xF370, 0xFB71, 0xF370, 0xFB71, 0xFB71, 0xF370, 0xFB71, 0xF371, 0xF370, 0xFB91,
    0xF371, 0xFB92, 0xFB91, 0xF371, 0xFB92, 0xF371, 0xF371, 0xFB92, 0xF391, 0xFB92, 0xFB92, 0xF372,
    0xFBB2, 0xFB92, 0xF392, 0xFB92, 0xF392, 0xFBB3, 0xFBB2, 0xF392, 0xFBB3, 0xF3B3, 0xF3B2, 0xFBB3,
    0xF3B3, 0xFBB3, 0xF3B3, 0xF3B3, 0xFBD4, 0xF3B3, 0xF3D3, 0xFBD4, 0xF3D4, 0xFBF4, 0xF3F4, 0xF3D4,
    0xFBF4, 0xF3F4, 0xF3F4, 0xFBF5, 0xF3F4, 0xFBF5, 0xFBF4, 0xF353, 0xFF5E, 0xFE5A, 0xF313, 0xCB51,
    0xF3B2, 0xF3B3, 0xEBB3, 0xEB92, 0xEBB3, 0xEB92, 0xE392, 0xEB92, 0xE392, 0xE392, 0xE392, 0xDB71,
    0xE392, 0xDB71, 0xD351, 0xDB71, 0xD351, 0xD351, 0xD351, 0xCB30, 0xCB51, 0xCB30, 0xC330, 0xC330,
    0xC310, 0xC330, 0xC310, 0xBB0F, 0xB350, 0xB371, 0xB371, 0xB370, 0xB391, 0xB391, 0xBBB2, 0xB3B1,
    0xB3B1, 0xB3F2, 0xB3F2, 0xB3F1, 0xB412, 0xB432, 0xB453, 0xB452, 0xAC72, 0xB493, 0xAC93, 0xA4B2,
    0xACD3, 0xA4D3, 0xA4F3, 0xA513, 0x9D13, 0x9D33, 0x9D33, 0x85B2, 0x9C11, 0xFB16, 0xFF7E, 0xFE9B,
    0xF313, 0xFC15, 0xF3F5, 0xF3F5, 0xF416, 0xF415, 0xF436, 0xF435, 0xEC35, 0xF456, 0xEC35, 0xEC35,
    0xEC35, 0xEC35, 0xEC35, 0xEC35, 0xE414, 0xEC35, 0xEC14, 0xE414, 0xEC14, 0xE414, 0xEC14, 0xE414,
    0xE414, 0xEC14, 0xE414, 0xE3F3, 0xE414, 0xE3F3, 0xE414, 0xE3F3, 0xE3F3, 0xE3F4, 0xE3F3, 0xDBD3,
    0xE3F3, 0xE3F3, 0xE3F3, 0xE3F3, 0xDBD2, 0xE3F3, 0xDBD3, 0xDBD2, 0xE3D3, 0xDBD2, 0xE3D3, 0xDBD2,
    0xDBB2, 0xE3D3, 0xDBD2, 0xDBB2, 0xE3D2, 0xDBB2, 0xE3D2, 0xE3D2, 0xDBB2, 0xE3D2, 0xE3B2, 0xDBB1,
    0xE3D2, 0xE3B2, 0xE3D2, 0xE3D2, 0xE3B1, 0xE3D2, 0xE3B2, 0xE3B1, 0xE3B2, 0xE3B1, 0xEBD2, 0xE3B1,
    0xE3B1, 0xEBB2, 0xEBB1, 0xE391, 0xEBB1, 0xEBB1, 0xEBB1, 0xEBB1, 0xEB91, 0xEBB1, 0xEB91, 0xEB90,
    0xEB91, 0xEB90, 0xF391, 0xF391, 0xEB70, 0xF391, 0xF370, 0xF370, 0xF370, 0xF370, 0xFB70, 0xF370,
    0xF34F, 0xFB50, 0xF34F, 0xF32F, 0xFB4F, 0xF34F, 0xFB50, 0xFB4F, 0xF34F, 0xFB70, 0xF34F, 0xF34F,
    0xFB4F, 0xF34F, 0xFB50, 0xF34F, 0xF32F, 0xFB4F, 0xF34F, 0xF34F, 0xFB4F, 0xF34F, 0xFB70, 0xF370,
    0xF36F, 0xF370, 0xF370, 0xF36F, 0xF390, 0xF370, 0xF390, 0xF390, 0xEB70, 0xF390, 0xF390, 0xEB90,
    0xF390, 0xEB90, 0xF3B1, 0xEBB0, 0xEB90, 0xF3B1, 0xEBB0, 0xEB90, 0xEBB1, 0xEBB0, 0xF3B1, 0xEBB1,
    0xEBB0, 0xEBD1, 0xEBB1, 0xEBB0, 0xEBB1, 0xEBB1, 0xF3B1, 0xEBB1, 0xEBB1, 0xF3B1, 0xEBB1, 0xEB90,
    0xF3B1, 0xEB91, 0xF3B1, 0xF3B1, 0xEB90, 0xF3B1, 0xF390, 0xEB90, 0xF391, 0xF390, 0xF391, 0xF390,
    0xF370, 0xF391, 0xF370, 0xF370, 0xF370, 0xF370, 0xFB90, 0xF370, 0xF370, 0xFB70, 0xF370, 0xF34F,
    0xFB70, 0xF370, 0xFB70, 0xFB70, 0xF350, 0xFB70, 0xFB70, 0xF370, 0xFB70, 0xF370, 0xFB70, 0xFB70,
    0xF350, 0xFB70, 0xFB70, 0xF350, 0xFB70, 0xF370, 0xFB71, 0xFB70, 0xF370, 0xFB71, 0xF370, 0xF370,
    0xFB71, 0xF370, 0xFB71, 0xFB71, 0xF371, 0xFB91, 0xFB71, 0xF371, 0xFB91, 0xF371, 0xFB92, 0xFB71,
    0xF371, 0xFB92, 0xF371, 0xF371, 0xFB92, 0xF391, 0xFB92, 0xFB92, 0xF392, 0xFB92, 0xFB92, 0xF392,
    0xFB92, 0xF392, 0xFBB3, 0xFBB3, 0xF392, 0xFBB3, 0xF3B3, 0xF3B2, 0xFBB3, 0xF3B3, 0xFBD3, 0xF3B3,
    0xF3B3, 0xFBD4, 0xF3D3, 0xF3D3, 0xFBD4, 0xF3D4, 0xFBF4, 0xF3F4, 0xF3F4, 0xFBF5, 0xF3F4, 0xF3F4,
    0xFBF5, 0xF3D4, 0xFBF5, 0xFB53, 0xFF5D, 0xFE5B, 0xF333, 0xC330, 0xFBB3, 0xEBB2, 0xF3B3, 0xEBB3,
    0xEB92, 0xEBB3, 0xEB92, 0xE392, 0xE392, 0xE392, 0xE392, 0xE392, 0xDB71, 0xDB72, 0xDB71, 0xD351,
    0xD351, 0xD351, 0xD351, 0xCB51, 0xCB30, 0xCB51, 0xC330, 0xC310, 0xC330, 0xC310, 0xC310, 0xBB10,
    0xB350, 0xB350, 0xB371, 0xB371, 0xB390, 0xB391, 0xB3B1, 0xBBD2, 0xB3D1, 0xB3D1, 0xB3F2, 0xB3F2,
    0xAC11, 0xB432, 0xAC32, 0xB473, 0xAC72, 0xAC72, 0xACB3, 0xACB3, 0xA4B2, 0xA4D3, 0xA4F3, 0xA513,
    0x9D13, 0x9D13, 0x9D53, 0x8DB3, 0x93F0, 0xFB16, 0xFF5D, 0xFE9C, 0xF334, 0xF3F5, 0xF415, 0xF3F5,
    0xF415, 0xF416, 0xF415, 0xF436, 0xF435, 0xEC35, 0xF455, 0xEC35, 0xEC35, 0xEC35, 0xEC35, 0xEC35,
    0xEC35, 0xE414, 0xEC35, 0xEC14, 0xE414, 0xEC14, 0xE414, 0xEC14, 0xE414, 0xE3F3, 0xEC14, 0xE3F4,
    0xE3F3, 0xE3F4, 0xE3F3, 0xE414, 0xE3F3, 0xE3F3, 0xE3F3, 0xE3F3, 0xDBD3, 0xE3F3, 0xDBD3, 0xE3F3,
    0xE3F3, 0xDBD2, 0xE3F3, 0xDBD3, 0xDBD2, 0xE3D3, 0xDBD2, 0xE3D3, 0xDBD2, 0xDBB2, 0xE3D3, 0xDBB2,
    0xDBB2, 0xE3D2, 0xDBB2, 0xE3D2, 0xE3D2, 0xDBB2, 0xE3D2, 0xE3B2, 0xDBB1, 0xE3D2, 0xE3B2, 0xE3D2,
    0xE3D2, 0xE3B1, 0xE3D2, 0xE3B1, 0xE3B1, 0xEBB2, 0xE3B1, 0xEBD2, 0xEBB1, 0xE3B1, 0xEBB2, 0xEBB1,
    0xE391, 0xEBB1, 0xEB91, 0xEBB1, 0xEBB1, 0xEB91, 0xEBB1, 0xEB91, 0xEB90, 0xF391, 0xEB90, 0xF391,
    0xF391, 0xEB70, 0xF390, 0xF350, 0xF350, 0xF370, 0xF370, 0xFB70, 0xF350, 0xF34F, 0xFB50, 0xFB4F,
    0xF34F, 0xFB50, 0xF34F, 0xFB70, 0xFB4F, 0xF34F, 0xFB50, 0xF34F, 0xF34F, 0xFB4F, 0xF34F, 0xFB50,
    0xFB4F, 0xF32F, 0xFB4F, 0xF34F, 0xF34F, 0xF370, 0xF36F, 0xFB70, 0xF370, 0xF36F, 0xF390, 0xF370,
    0xF36F, 0xF390, 0xF370, 0xF390, 0xF390, 0xEB90, 0xF390, 0xF390, 0xEB90, 0xF390, 0xEB90, 0xF3B1,
    0xEBB0, 0xEB90, 0xF3B1, 0xEBB0, 0xEB90, 0xEBB1, 0xEBB0, 0xF3B1, 0xEBB1, 0xEBB0, 0xEBD1, 0xEBB1,
    0xEBB0, 0xEBB1, 0xEBB1, 0xF3B1, 0xEBB1, 0xEB91, 0xF3B1, 0xEBB1, 0xEB90, 0xF3B1, 0xEB90, 0xF3B1,
    0xF391, 0xEB90, 0xF3B1, 0xF390, 0xEB90, 0xF391, 0xF390, 0xF391, 0xF390, 0xF370, 0xF390, 0xF370,
    0xF370, 0xF370, 0xF370, 0xFB70, 0xFB70, 0xF370, 0xFB70, 0xF370, 0xF34F, 0xFB70, 0xF370, 0xFB70,
    0xFB70, 0xF370, 0xFB70, 0xFB70, 0xF370, 0xFB70, 0xF370, 0xFB71, 0xFB70, 0xF350, 0xFB70, 0xFB50,
    0xF350, 0xFB70, 0xF370, 0xFB71, 0xFB70, 0xF370, 0xFB71, 0xFB70, 0xF370, 0xFB71, 0xF370, 0xFB91,
    0xFB71, 0xF371, 0xFB91, 0xFB71, 0xF371, 0xFB71, 0xF371, 0xFB92, 0xFB91, 0xF371, 0xFB92, 0xFB71,
    0xF371, 0xFB92, 0xF371, 0xFB92, 0xFB92, 0xF392, 0xFB92, 0xF392, 0xF392, 0xFBB2, 0xF392, 0xFBB3,
    0xFBB2, 0xF392, 0xFBB3, 0xF3B3, 0xF3B2, 0xFBB3, 0xF3B3, 0xFBD4, 0xFBB3, 0xF3B3, 0xFBD4, 0xF3D4,
    0xF3D3, 0xF3F4, 0xF3D4, 0xFBF4, 0xF3F4, 0xF3F4, 0xFBF5, 0xF3F4, 0xF3D4, 0xFBF4, 0xF3D4, 0xFB54,
    0xFF5D, 0xFE3A, 0xFB34, 0xCB50, 0xF392, 0xF3B3, 0xEB92, 0xF3B3, 0xEBB2, 0xEB92, 0xEBB3, 0xE392,
    0xE392, 0xE392, 0xE372, 0xE392, 0xDB72, 0xDB71, 0xDB72, 0xD351, 0xD351, 0xD351, 0xCB51, 0xD351,
    0xCB51, 0xC330, 0xCB31, 0xC330, 0xC310, 0xC310, 0xBB10, 0xC310, 0xB371, 0xB370, 0xB370, 0xB391,
    0xB391, 0xB390, 0xB3B1, 0xB3B1, 0xB3D2, 0xB3F2, 0xB3F1, 0xB412, 0xB412, 0xAC32, 0xB452, 0xAC52,
    0xB473, 0xAC93, 0xAC92, 0xACB3, 0xACB3, 0xA4D2, 0xA4F3, 0x9CF3, 0xA533, 0x9D33, 0x9D33, 0x8DD3,
    0x9411, 0xFB16, 0xFF7D, 0xFE7B, 0xFB34, 0xF3F5, 0xF3F5, 0xF416, 0xF415, 0xEC15, 0xF436, 0xEC35,
    0xF436, 0xF435, 0xEC35, 0xF455, 0xEC35, 0xEC34, 0xEC35, 0xEC35, 0xEC35, 0xEC35, 0xE414, 0xEC35,
    0xE414, 0xE414, 0xEC14, 0xE414, 0xEC14, 0xE414, 0xE3F3, 0xE414, 0xE3F4, 0xE3F3, 0xE414, 0xE3F3,
    0xE414, 0xE3F3, 0xE3F3, 0xE3F3, 0xE3F3, 0xDBD2, 0xE3F3, 0xDBD3, 0xE3F3, 0xE3F3, 0xDBD2, 0xE3F3,
    0xDBD2, 0xDBD2, 0xE3D3, 0xDBD2, 0xE3D3, 0xE3D2, 0xDBB2, 0xE3D2, 0xE3D2, 0xDBB2, 0xE3D2, 0xE3D2,
    0xE3D2, 0xE3D2, 0xE3B2, 0xE3D2, 0xE3D2, 0xE3B1, 0xE3D2, 0xE3D1, 0xEBD2, 0xE3D2, 0xE3B1, 0xEBD2,
    0xE3B1, 0xE3B1, 0xEBB2, 0xE3B1, 0xEBB2, 0xEBB1, 0xE3B1, 0xEBB2, 0xEBB1, 0xE391, 0xEBB1, 0xEB91,
    0xF3B1, 0xEB91, 0xEB91, 0xF3B1, 0xEB91, 0xEB90, 0xF391, 0xEB90, 0xF391, 0xF390, 0xEB70, 0xF391,
    0xF370, 0xF370, 0xF370, 0xF370, 0xFB70, 0xF370, 0xF34F, 0xFB70, 0xF34F, 0xF34F, 0xFB50, 0xF34F,
    0xFB70, 0xFB4F, 0xF34F, 0xFB70, 0xF34F, 0xF34F, 0xFB4F, 0xF34F, 0xFB70, 0xFB4F, 0xF34F, 0xFB4F,
    0xF34F, 0xF34F, 0xFB6F, 0xF36F, 0xFB70, 0xF370, 0xF36F, 0xF390, 0xF370, 0xEB6F, 0xF390, 0xF390,
    0xF390, 0xF390, 0xEB90, 0xF390, 0xF390, 0xEB90, 0xF390, 0xEB90, 0xF3B1, 0xEBB0, 0xEB90, 0xF3B1,
    0xEBB0, 0xEB90, 0xEBB1, 0xEBB0, 0xF3B1, 0xEBB1, 0xEBB0, 0xEBD1, 0xEBB1, 0xEBB0, 0xEBB1, 0xEBB1,
    0xF3B1, 0xEBB1, 0xEB91, 0xF3B1, 0xEBB1, 0xEB90, 0xF3B1, 0xEB90, 0xF3B1, 0xF391, 0xEB90, 0xF391,
    0xF390, 0xEB90, 0xF391, 0xF390, 0xF391, 0xF390, 0xF370, 0xF390, 0xF370, 0xF36F, 0xFB70, 0xF370,
    0xFB70, 0xFB70, 0xF370, 0xFB70, 0xFB70, 0xF36F, 0xFB70, 0xF370, 0xFB70, 0xFB70, 0xF350, 0xFB70,
    0xFB70, 0xF370, 0xFB70, 0xF370, 0xFB71, 0xFB70, 0xF350, 0xFB70, 0xFB70, 0xF370, 0xFB71, 0xF370,
    0xFB71, 0xFB71, 0xF370, 0xFB71, 0xFB71, 0xF370, 0xFB71, 0xF371, 0xFB91, 0xFB71, 0xF371, 0xFB91,
    0xFB71, 0xF371, 0xFB71, 0xF391, 0xFB92, 0xFB91, 0xF371, 0xFB92, 0xF371, 0xF371, 0xFB92, 0xF372,
    0xFB92, 0xFB92, 0xF392, 0xFB92, 0xFB92, 0xF392, 0xFBB3, 0xF392, 0xFBB3, 0xFBB3, 0xF392, 0xFBB3,
    0xF3B3, 0xF3B2, 0xFBB3, 0xF3B3, 0xFBD4, 0xF3D3, 0xF3B3, 0xFBD4, 0xF3D4, 0xF3D3, 0xF3F4, 0xF3D4,
    0xFBF5, 0xF3F4, 0xF3F4, 0xFBF5, 0xF3F4, 0xF3D4, 0xFBF4, 0xF353, 0xFF5E, 0xFE5B, 0xF313, 0xCB51,
    0xFBB2, 0xEB92, 0xF3B3, 0xEB92, 0xEBB3, 0xEB92, 0xE392, 0xEB93, 0xE392, 0xE372, 0xE392, 0xDB72,
    0xE392, 0xDB72, 0xD351, 0xDB72, 0xD351, 0xCB51, 0xD351, 0xCB30, 0xCB51, 0xCB30, 0xC330, 0xCB30,
    0xC310, 0xBB0F, 0xC310, 0xBB0F, 0xB350, 0xB371, 0xB371, 0xB370, 0xB391, 0xB391, 0xB391, 0xB3D1,
    0xB3D1, 0xB3F2, 0xB3F2, 0xB3F1, 0xB432, 0xB432, 0xAC32, 0xB452, 0xAC72, 0xB493, 0xAC93, 0xA4B2,
    0xACD3, 0xA4D3, 0x9CF2, 0xA513, 0x9D13, 0x9D33, 0x9D33, 0x8DB3, 0x9C31, 0xFB16, 0xF75D, 0xFE9C,
    0xF334, 0xFC16, 0xF3F5, 0xF3F5, 0xF416, 0xF415, 0xEC15, 0xF436, 0xEC35, 0xF456, 0xEC35, 0xEC35,
    0xEC55, 0xEC35, 0xEC34, 0xEC35, 0xEC34, 0xEC35, 0xEC35, 0xE414, 0xEC35, 0xE414, 0xE414, 0xEC14,
    0xE414, 0xEC14, 0xE414, 0xE3F3, 0xE414, 0xE3F3, 0xE3F3, 0xE3F4, 0xE3F3, 0xE3F4, 0xE3F3, 0xDBF3,
    0xE3F3, 0xE3F3, 0xDBD2, 0xE3F3, 0xDBD3, 0xE3F3, 0xE3F3, 0xDBD2, 0xE3F3, 0xDBD2, 0xDBD2, 0xE3D3,
    0xDBD2, 0xE3D3, 0xE3D2, 0xDBB2, 0xE3D2, 0xE3D2, 0xDBB2, 0xE3D2, 0xE3D2, 0xE3D2, 0xE3D2, 0xE3B2,
    0xE3D2, 0xE3D2, 0xE3B1, 0xE3D2, 0xE3B1, 0xEBD2, 0xE3D2, 0xE3B1, 0xEBD2, 0xE3B1, 0xE3B1, 0xEBB2,
    0xE3B1, 0xEBB2, 0xEBB1, 0xE391, 0xEBB1, 0xEBB1, 0xEB91, 0xEBB1, 0xEB91, 0xF3B1, 0xEB91, 0xEB90,
    0xF391, 0xEB91, 0xEB70, 0xF391, 0xEB90, 0xF391, 0xF390, 0xF370, 0xF390, 0xF370, 0xF370, 0xF370,
    0xF370, 0xFB70, 0xFB70, 0xF34F, 0xFB70, 0xF34F, 0xF34F, 0xFB70, 0xF34F, 0xFB70, 0xFB6F, 0xF34F,
    0xFB70, 0xF34F, 0xF34F, 0xFB4F, 0xF34F, 0xFB70, 0xF34F, 0xF34F, 0xFB6F, 0xF34F, 0xF34F, 0xFB70,
    0xF36F, 0xFB70, 0xF370, 0xF36F, 0xF390, 0xF370, 0xEB6F, 0xF390, 0xF390, 0xF390, 0xF390, 0xEB90,
    0xF3B0, 0xF390, 0xEB90, 0xF3B1, 0xEB90, 0xF3B1, 0xEBB1, 0xEB90, 0xF3B1, 0xEBB1, 0xEBB0, 0xEBB1,
    0xEBB1, 0xF3D1, 0xEBB1, 0xEBB0, 0xEBD1, 0xEBB1, 0xEBB0, 0xEBB1, 0xEBB1, 0xF3B1, 0xEBB1, 0xEB90,
    0xF3B1, 0xEB91, 0xEB90, 0xF3B1, 0xEB90, 0xF3B1, 0xF391, 0xEB90, 0xF391, 0xF390, 0xEB70, 0xF390,
    0xF390, 0xFB91, 0xF390, 0xF370, 0xFB90, 0xF370, 0xF34F, 0xFB70, 0xF370, 0xFB70, 0xFB70, 0xF370,
    0xFB70, 0xFB70, 0xF36F, 0xFB70, 0xF370, 0xFB70, 0xFB70, 0xF350, 0xFB70, 0xFB70, 0xF350, 0xFB70,
    0xF370, 0xFB71, 0xFB70, 0xF370, 0xFB71, 0xFB70, 0xF370, 0xFB71, 0xF370, 0xFB71, 0xFB71, 0xF370,
    0xFB91, 0xFB71, 0xF370, 0xFB91, 0xF371, 0xFB91, 0xFB91, 0xF371, 0xFB91, 0xFB71, 0xF371, 0xFB92,
    0xF391, 0xFB92, 0xFB91, 0xF371, 0xFB92, 0xF371, 0xF371, 0xFB92, 0xF392, 0xFB92, 0xFB92, 0xF392,
    0xFB92, 0xF392, 0xF392, 0xFBB3, 0xF3B2, 0xFBB3, 0xFBB3, 0xF392, 0xFBB3, 0xF3B3, 0xF3B2, 0xFBB3,
    0xF3B3, 0xFBD4, 0xF3D3, 0xF3D3, 0xFBF4, 0xF3D4, 0xF3D3, 0xF3F4, 0xF3F4, 0xFBF5, 0xF3F4, 0xF3F4,
    0xFBF5, 0xF3D4, 0xF3D4, 0xFB53, 0xFF5D, 0xFE5B, 0xF313, 0xC330, 0xFBB3, 0xEBB2, 0xEB92, 0xEBB3,
    0xEB92, 0xEBB3, 0xEB92, 0xE392, 0xEB92, 0xE392, 0xDB71, 0xE392, 0xDB71, 0xDB72, 0xDB71, 0xD351,
    0xD371, 0xD351, 0xCB30, 0xCB51, 0xCB30, 0xCB51, 0xCB30, 0xC310, 0xC330, 0xC310, 0xBB0F, 0xC310,
    0xB350, 0xB370, 0xB371, 0xB391, 0xB390, 0xB3B1, 0xB3B1, 0xB3B1, 0xB3D1, 0xB3D1, 0xB3F2, 0xB412,
    0xB412, 0xB432, 0xB432, 0xAC52, 0xB473, 0xAC72, 0xACB3, 0xACB3, 0xA4B2, 0xACF3, 0xA4F3, 0x9CF2,
    0xA513, 0x9D33, 0x9D53, 0x8DD3, 0x9411, 0xFB57, 0xFF5E, 0xFE7B, 0xF334, 0xF3F5, 0xFC16, 0xF415,
    0xF415, 0xF436, 0xF435, 0xEC35, 0xF436, 0xEC35, 0xF456, 0xEC55, 0xEC35, 0xEC55, 0xEC35, 0xE434,
    0xEC35, 0xEC34, 0xEC35, 0xEC34, 0xE414, 0xEC35, 0xE414, 0xE414, 0xEC14, 0xE414, 0xEC14, 0xE414,
    0xE3F3, 0xE414, 0xE3F3, 0xE3F3, 0xE3F4, 0xE3F3, 0xE414, 0xE3F3, 0xDBF3, 0xE3F3, 0xE3F3, 0xDBD2,
    0xE3F3, 0xDBD3, 0xE3F3, 0xE3F3, 0xDBD2, 0xE3F3, 0xDBD2, 0xDBD2, 0xE3D3, 0xDBD2, 0xE3D3, 0xE3D2,
    0xDBB2, 0xE3D2, 0xE3D2, 0xDBB2, 0xE3D2, 0xE3D2, 0xE3D2, 0xE3D2, 0xE3B1, 0xE3D2, 0xE3D2, 0xE3B1,
    0xE3D2, 0xE3B1, 0xEBD2, 0xE3D2, 0xE3B1, 0xEBD2, 0xE3B1, 0xE3B1, 0xEBB2, 0xE3B1, 0xEBB2, 0xEBB1,
    0xEB91, 0xEBB1, 0xEB91, 0xEB91, 0xEBB1, 0xEB91, 0xF3B1, 0xEB91, 0xEB90, 0xF391, 0xEB91, 0xEB70,
    0xF391, 0xF370, 0xF391, 0xF390, 0xF370, 0xF390, 0xF370, 0xF370, 0xF370, 0xF370, 0xFB70, 0xF370,
    0xF34F, 0xFB70, 0xF34F, 0xF34F, 0xFB70, 0xF34F, 0xFB70, 0xFB6F, 0xF34F, 0xFB70, 0xF34F, 0xF34F,
    0xFB4F, 0xF34F, 0xFB70, 0xF34F, 0xF34F, 0xFB70, 0xF36F, 0xF34F, 0xF370, 0xF36F, 0xFB90, 0xF370,
    0xF36F, 0xF390, 0xF390, 0xEB6F, 0xF390, 0xF390, 0xF391, 0xF390, 0xEB90, 0xF3B1, 0xF390, 0xEB90,
    0xF3B1, 0xEB90, 0xF3B1, 0xEBB1, 0xEB90, 0xF3B1, 0xEBB1, 0xEBB0, 0xEBB1, 0xEBB1, 0xF3D1, 0xEBB1,
    0xEBB0, 0xF3B1, 0xEBB1, 0xEBB0, 0xF3B1, 0xEBB1, 0xF3B1, 0xF3B1, 0xEB90, 0xF3B1, 0xF391, 0xEB90,
    0xF391, 0xF390, 0xF3B1, 0xF391, 0xF390, 0xF391, 0xF390, 0xF370, 0xF390, 0xF370, 0xFB91, 0xF390,
    0xF370, 0xFB90, 0xF370, 0xF36F, 0xFB70, 0xF370, 0xFB70, 0xFB70, 0xF370, 0xFB70, 0xFB70, 0xF370,
    0xFB70, 0xF370, 0xFB70, 0xFB70, 0xF370, 0xFB70, 0xFB70, 0xF370, 0xFB70, 0xF370, 0xFB71, 0xFB70,
    0xF370, 0xFB91, 0xFB70, 0xF370, 0xFB71, 0xF370, 0xFB91, 0xFB71, 0xF370, 0xFB91, 0xFB71, 0xF371,
    0xFB91, 0xF371, 0xFB91, 0xFB71, 0xF371, 0xFB92, 0xFB71, 0xF371, 0xFB92, 0xF391, 0xFB92, 0xFB92,
    0xF371, 0xFB92, 0xFB92, 0xF371, 0xFB92, 0xF392, 0xFB92, 0xFB92, 0xF392, 0xFBB2, 0xF392, 0xF392,
    0xFBB3, 0xF3B2, 0xFBB3, 0xFBB3, 0xF392, 0xFBB3, 0xF3B3, 0xF3B3, 0xFBB3, 0xF3B3, 0xFBD4, 0xF3D4,
    0xF3D3, 0xFBF4, 0xF3D4, 0xF3D4, 0xF3F4, 0xF3F4, 0xFBF5, 0xF3F4, 0xF3D4, 0xFBF5, 0xF3D4, 0xF332,
    0xFF5D, 0xFE5B, 0xFB34, 0xCB30, 0xF392, 0xF3B3, 0xEB92, 0xEB92, 0xEBB3, 0xEB92, 0xEBB3, 0xEB92,
    0xE392, 0xE392, 0xE372, 0xDB71, 0xDB72, 0xDB71, 0xDB72, 0xD371, 0xD351, 0xD351, 0xCB51, 0xCB30,
    0xCB51, 0xCB30, 0xCB31, 0xC330, 0xC310, 0xC330, 0xBB10, 0xBB0F, 0xAB50, 0xB371, 0xB370, 0xB391,
    0xB391, 0xB391, 0xB3B1, 0xB3B1, 0xB3B1, 0xB3F2, 0xB3F1, 0xB412, 0xB412, 0xAC32, 0xB452, 0xAC52,
    0xAC72, 0xAC93, 0xAC92, 0xACB3, 0xACD3, 0xA4D2, 0xA4F3, 0xA4F3, 0x9D13, 0x9D33, 0x9D33, 0x8DD3,
    0x9C11, 0xFB36, 0xFF7E, 0xFE7B, 0xF333, 0xF415, 0xF3F5, 0xFC16, 0xF416, 0xF415, 0xF436, 0xF435,
    0xEC35, 0xF436, 0xEC35, 0xF456, 0xEC55, 0xEC35, 0xEC55, 0xEC35, 0xE434, 0xEC35, 0xE434, 0xEC35,
    0xEC34, 0xE414, 0xEC34, 0xE414, 0xE414, 0xE414, 0xE414, 0xEC14, 0xE414, 0xE3F3, 0xE414, 0xE3F3,
    0xE3F3, 0xE3F3, 0xE3F3, 0xE3F4, 0xE3F3, 0xDBF3, 0xE3F3, 0xE3F3, 0xDBD2, 0xE3F3, 0xDBD2, 0xE3F3,
    0xE3D3, 0xDBD2, 0xE3F3, 0xDBD2, 0xDBD2, 0xE3D2, 0xDBD2, 0xE3D3, 0xE3D2, 0xDBB2, 0xE3D2, 0xE3D2,
    0xDBB2, 0xE3D2, 0xE3D2, 0xE3D2, 0xE3D2, 0xE3B1, 0xE3D2, 0xE3D2, 0xE3B1, 0xE3D2, 0xE3B1, 0xEBD2,
    0xE3B2, 0xE3B1, 0xEBD2, 0xE3B1, 0xE3B1, 0xEBB1, 0xEBB1, 0xEBB2, 0xEBB1, 0xEB91, 0xEBB1, 0xEB91,
    0xEB91, 0xEB91, 0xEB91, 0xF3B1, 0xF391, 0xEB90, 0xF391, 0xF390, 0xEB70, 0xF391, 0xF370, 0xF391,
    0xF370, 0xF370, 0xF370, 0xF370, 0xF36F, 0xF370, 0xF370, 0xFB70, 0xF370, 0xF34F, 0xFB70, 0xF34F,
    0xF34F, 0xFB70, 0xF34F, 0xFB70, 0xF36F, 0xF34F, 0xFB70, 0xF34F, 0xF34F, 0xFB6F, 0xF34F, 0xFB70,
    0xF36F, 0xF34F, 0xFB70, 0xF36F, 0xF36F, 0xF370, 0xF36F, 0xF390, 0xF390, 0xF370, 0xF390, 0xF390,
    0xEB70, 0xF390, 0xF390, 0xF391, 0xF390, 0xEB90, 0xF3B1, 0xEB90, 0xEB90, 0xF3B1, 0xEBB0, 0xF3B1,
    0xEBB1, 0xEB90, 0xF3B1, 0xEBB1, 0xEBB0, 0xEBB1, 0xEBB0, 0xF3D1, 0xEBB1, 0xEBB0, 0xF3B1, 0xEBB1,
    0xEBB0, 0xF3B1, 0xEBB1, 0xF3B1, 0xF3B1, 0xEB90, 0xF3B1, 0xF391, 0xEB90, 0xF391, 0xF390, 0xF391,
    0xF391, 0xF390, 0xF391, 0xF390, 0xF370, 0xF390, 0xF370, 0xFB91, 0xF370, 0xF370, 0xFB90, 0xF370,
    0xF36F, 0xFB70, 0xF370, 0xFB70, 0xFB70, 0xF370, 0xFB70, 0xFB70, 0xF370, 0xFB70, 0xF370, 0xFB70,
    0xFB70, 0xF370, 0xFB70, 0xFB70, 0xF370, 0xFB70, 0xF370, 0xFB71, 0xFB70, 0xF370, 0xFB91, 0xFB70,
    0xF370, 0xFB71, 0xF370, 0xFB71, 0xFB71, 0xF370, 0xFB91, 0xFB71, 0xF371, 0xFB91, 0xF371, 0xFB92,
    0xFB91, 0xF371, 0xFB92, 0xFB91, 0xF371, 0xFB92, 0xF391, 0xFB92, 0xFB92, 0xF371, 0xFB92, 0xF392,
    0xF391, 0xFB92, 0xF392, 0xFB92, 0xFB92, 0xF392, 0xFBB2, 0xF3B2, 0xF392, 0xFBB3, 0xF3B3, 0xFBB3,
    0xF3B3, 0xF3B3, 0xFBD3, 0xF3B3, 0xF3B3, 0xFBD3, 0xF3D3, 0xFBD4, 0xF3D4, 0xF3D3, 0xFBF4, 0xF3F4,
    0xF3D4, 0xF3F4, 0xF3F4, 0xFBF5, 0xF3F4, 0xF3D4, 0xFBF5, 0xF353, 0xFF3D, 0xFE5B, 0xF333, 0xCB51,
    0xFBB3, 0xEB92, 0xF3B3, 0xEB92, 0xEB92, 0xEB93, 0xEB92, 0xEB93, 0xE392, 0xE372, 0xE392, 0xDB72,
    0xDB71, 0xDB72, 0xD371, 0xDB72, 0xD351, 0xCB51, 0xD351, 0xCB31, 0xCB30, 0xCB31, 0xC330, 0xCB31,
    0xC330, 0xBB10, 0xC310, 0xBB10, 0xB350, 0xB350, 0xB371, 0xB370, 0xB391, 0xB391, 0xB3B1, 0xB3D1,
    0xB3D1, 0xB3D1, 0xB3F2, 0xB412, 0xB432, 0xB432, 0xAC32, 0xB473, 0xAC72, 0xAC72, 0xAC93, 0xACB2,
    0xACD3, 0xA4D3, 0xA4F3, 0xA513, 0x9D13, 0x9D33, 0x9D33, 0x8DB3, 0x9C32, 0xFB57, 0xFF5D, 0xFE9C,
    0xF334, 0xF3F5, 0xF415, 0xF415, 0xF436, 0xF436, 0xEC15, 0xF436, 0xEC35, 0xEC35, 0xF455, 0xEC35,
    0xF456, 0xEC55, 0xEC35, 0xEC55, 0xEC35, 0xE434, 0xEC35, 0xE434, 0xEC35, 0xEC34, 0xE414, 0xEC34,
    0xE414, 0xE413, 0xE414, 0xE414, 0xEC14, 0xE414, 0xE3F3, 0xE414, 0xE3F3, 0xDBF3, 0xE3F3, 0xE3F3,
    0xE3F3, 0xE3F3, 0xDBF3, 0xE3F3, 0xE3F3, 0xDBD2, 0xE3F3, 0xDBD2, 0xE3F3, 0xE3F3, 0xDBD2, 0xE3F3,
    0xDBD2, 0xDBD2, 0xE3D2, 0xDBD2, 0xE3D3, 0xE3D2, 0xDBD2, 0xE3D2, 0xE3D2, 0xDBD1, 0xE3D2, 0xE3D2,
    0xE3D2, 0xE3D2, 0xE3B1, 0xE3D2, 0xE3B2, 0xE3B1, 0xE3D2, 0xE3B1, 0xEBD2, 0xEBB2, 0xE3B1, 0xEBB2,
    0xEBB1, 0xE3B1, 0xEBB1, 0xEBB1, 0xEBB2, 0xEBB1, 0xEB91, 0xEBB1, 0xEB91, 0xEB90, 0xF391, 0xEB91,
    0xF391, 0xF391, 0xEB70, 0xF391, 0xF370, 0xEB70, 0xF391, 0xF370, 0xF391, 0xF370, 0xF370, 0xF370,
    0xF370, 0xF36F, 0xF370, 0xF370, 0xFB70, 0xF370, 0xF34F, 0xFB70, 0xF34F, 0xF34F, 0xFB70, 0xF34F,
    0xFB70, 0xF36F, 0xF34F, 0xFB70, 0xF34F, 0xF34F, 0xF370, 0xF36F, 0xFB70, 0xF370, 0xF36F, 0xF370,
    0xF370, 0xF36F, 0xF370, 0xF370, 0xFB90, 0xF390, 0xF370, 0xF390, 0xF390, 0xEB90, 0xF390, 0xF390,
    0xF3B1, 0xF390, 0xEB90, 0xF3B1, 0xF390, 0xEB90, 0xF3B1, 0xEBB0, 0xF3B1, 0xEBB1, 0xEB90, 0xF3B1,
    0xEBB1, 0xEBB0, 0xEBB1, 0xEBB1, 0xF3B1, 0xEBB1, 0xEBB0, 0xF3B1, 0xEBB1, 0xEB90, 0xF3B1, 0xEBB1,
    0xF3B1, 0xF3B1, 0xEB90, 0xF3B1, 0xF391, 0xEB90, 0xF391, 0xF390, 0xF391, 0xF390, 0xF370, 0xF391,
    0xF390, 0xF370, 0xF390, 0xF370, 0xFB91, 0xF370, 0xF370, 0xFB70, 0xF370, 0xF36F, 0xFB70, 0xF370,
    0xFB70, 0xFB70, 0xF370, 0xFB70, 0xF370, 0xF370, 0xFB70, 0xF370, 0xFB71, 0xFB70, 0xF370, 0xFB91,
    0xFB70, 0xF370, 0xFB70, 0xF370, 0xFB91, 0xFB71, 0xF370, 0xFB91, 0xFB71, 0xF370, 0xFB71, 0xF371,
    0xFB91, 0xFB91, 0xF371, 0xFB91, 0xF371, 0xF371, 0xFB91, 0xF371, 0xFB92, 0xFB91, 0xF371, 0xFB92,
    0xF391, 0xF371, 0xFB92, 0xF391, 0xFB92, 0xFB92, 0xF371, 0xFB92, 0xF392, 0xF391, 0xFB92, 0xF392,
    0xFB92, 0xFB92, 0xF392, 0xFBB3, 0xFBB2, 0xF392, 0xFBB3, 0xF3B3, 0xFBB3, 0xFBB3, 0xF3B3, 0xFBD3,
    0xF3B3, 0xF3B3, 0xFBD4, 0xF3D3, 0xFBD4, 0xF3D4, 0xF3D4, 0xFBF4, 0xF3F4, 0xF3D4, 0xFBF4, 0xF3F4,
    0xFBF5, 0xF3F4, 0xF3D4, 0xFB53, 0xFF3D, 0xF63A, 0xFB34, 0xCB50, 0xFBB3, 0xF3B3, 0xEB92, 0xF3B3,
    0xEB92, 0xE392, 0xEB92, 0xE392, 0xEB93, 0xE392, 0xDB72, 0xE392, 0xDB72, 0xDB71, 0xDB72, 0xD351,
    0xDB72, 0xD351, 0xCB30, 0xD351, 0xCB30, 0xC330, 0xCB30, 0xC330, 0xC330, 0xC310, 0xBB0F, 0xC310,
    0xB371, 0xB370, 0xB370, 0xB391, 0xB391, 0xB3B1, 0xB3B1, 0xB3B1, 0xB3D2, 0xB3D1, 0xB3F1, 0xB412,
    0xB412, 0xB432, 0xB452, 0xAC52, 0xB473, 0xAC72, 0xA492, 0xACB3, 0xA4D3, 0xACF3, 0xA4F3, 0x9CF3,
    0xA533, 0x9D33, 0x9533, 0x8DD3, 0x9411, 0xFB57, 0xFF7E, 0xFE7B, 0xFB34, 0xF3F5, 0xF3F5, 0xF416,
    0xF415, 0xF436, 0xF436, 0xEC35, 0xF456, 0xEC35, 0xEC35, 0xEC55, 0xEC35, 0xEC55, 0xEC35, 0xEC34,
    0xEC35, 0xEC35, 0xE414, 0xEC35, 0xE434, 0xEC35, 0xEC34, 0xE414, 0xEC34, 0xE414, 0xE413, 0xE414,
    0xE413, 0xEC14, 0xE414, 0xE3F3, 0xE414, 0xE3F3, 0xDBF3, 0xE3F3, 0xE3F3, 0xE3F3, 0xE3F3, 0xDBD3,
    0xE3F3, 0xE3F3, 0xDBD2, 0xE3F3, 0xDBD2, 0xE3F3, 0xE3D2, 0xDBD2, 0xE3F3, 0xE3D2, 0xDBD2, 0xE3D2,
    0xE3D2, 0xE3D3, 0xE3D2, 0xE3D2, 0xE3D2, 0xE3D2, 0xE3B1, 0xE3D2, 0xE3D2, 0xEBD2, 0xE3D2, 0xE3B1,
    0xEBD2, 0xE3B2, 0xE3B1, 0xEBB2, 0xE3B1, 0xEBD2, 0xEBB1, 0xE3B1, 0xEBB2, 0xEBB1, 0xE391, 0xEBB1,
    0xEB91, 0xEBB1, 0xEBB1, 0xEB91, 0xF3B1, 0xEB91, 0xEB90, 0xF391, 0xEB90, 0xF391, 0xF391, 0xEB70,
    0xF391, 0xF370, 0xEB70, 0xF370, 0xF370, 0xF391, 0xF370, 0xF370, 0xF370, 0xF370, 0xF36F, 0xF370,
    0xF370, 0xFB70, 0xF370, 0xF34F, 0xFB70, 0xF36F, 0xF34F, 0xF370, 0xF36F, 0xFB70, 0xF36F, 0xF34F,
    0xFB70, 0xF36F, 0xF34F, 0xF370, 0xF36F, 0xFB70, 0xF370, 0xF36F, 0xF390, 0xF370, 0xF36F, 0xF390,
    0xF370, 0xFB90, 0xF390, 0xF370, 0xF390, 0xF390, 0xEB90, 0xF390, 0xF390, 0xF3B1, 0xF390, 0xEB90,
    0xF3B1, 0xF390, 0xEB90, 0xF3B1, 0xEBB0, 0xF3B1, 0xEBB1, 0xEBB0, 0xF3B1, 0xEBB1, 0xEBB0, 0xEBB1,
    0xEBB1, 0xF3B1, 0xEBB1, 0xEBB0, 0xF3B1, 0xEBB1, 0xEB90, 0xF3B1, 0xEBB1, 0xF3B1, 0xF3B1, 0xEB90,
    0xF3B1, 0xF390, 0xEB90, 0xF391, 0xF390, 0xF391, 0xF390, 0xF370, 0xF391, 0xF370, 0xF370, 0xF390,
    0xF370, 0xFB90, 0xF370, 0xF370, 0xFB70, 0xFB70, 0xF36F, 0xFB70, 0xF370, 0xFB70, 0xFB70, 0xF370,
    0xFB70, 0xF370, 0xF370, 0xFB70, 0xF370, 0xFB71, 0xFB70, 0xF370, 0xFB91, 0xFB70, 0xF370, 0xFB71,
    0xF370, 0xFB91, 0xFB71, 0xF370, 0xFB91, 0xFB71, 0xF370, 0xFB91, 0xF371, 0xFB91, 0xFB91, 0xF371,
    0xFB91, 0xF371, 0xF371, 0xFB91, 0xF391, 0xFB92, 0xFB91, 0xF371, 0xFB92, 0xF391, 0xF371, 0xFB92,
    0xF391, 0xFB92, 0xFB92, 0xF391, 0xFB92, 0xFB92, 0xF391, 0xFB92, 0xF392, 0xFBB2, 0xFBB2, 0xF392,
    0xFBB3, 0xF3B2, 0xF3B2, 0xFBB3, 0xF3B3, 0xFBD3, 0xFBB3, 0xF3B3, 0xFBD3, 0xF3B3, 0xF3B3, 0xFBD4,
    0xF3D3, 0xFBF4, 0xF3F4, 0xF3D4, 0xFBF4, 0xF3F4, 0xF3F4, 0xFBF5, 0xF3F4, 0xFBF5, 0xFBF4, 0xF333,
    0xFF5D, 0xFE3A, 0xF333, 0xCB51, 0xF3B2, 0xF3B3, 0xEBB3, 0xEB92, 0xEBB3, 0xEB92, 0xE392, 0xEB92,
    0xE392, 0xE392, 0xE392, 0xDB71, 0xE392, 0xDB71, 0xD351, 0xDB71, 0xD351, 0xD351, 0xD351, 0xCB30,
    0xCB51, 0xCB30, 0xC330, 0xC330, 0xC310, 0xC330, 0xC310, 0xBB0F, 0xB350, 0xB371, 0xB370, 0xB370,
    0xB391, 0xB391, 0xB3B1, 0xB3B1, 0xB3D1, 0xB3F2, 0xB3F1, 0xABF1, 0xB412, 0xB432, 0xB453, 0xB452,
    0xAC72, 0xAC93, 0xAC93, 0xA4B2, 0xACD3, 0xA4D3, 0xA4F3, 0xA513, 0x9D13, 0x9D33, 0x9D33, 0x85B2,
    0x9C11, 0xFB16, 0xFF7E, 0xFE7B, 0xF334, 0xFC16, 0xF415, 0xF415, 0xF436, 0xF415, 0xF436, 0xF436,
    0xEC35, 0xF456, 0xEC35, 0xEC35, 0xEC55, 0xEC35, 0xEC55, 0xEC35, 0xEC34, 0xEC35, 0xEC34, 0xE414,
    0xEC35, 0xE414, 0xEC35, 0xE414, 0xE414, 0xEC14, 0xE414, 0xE413, 0xE414, 0xE413, 0xE414, 0xE413,
    0xE3F3, 0xE414, 0xE3F3, 0xDBF3, 0xE3F3, 0xE3F3, 0xE3F3, 0xE3F3, 0xDBD2, 0xE3F3, 0xDBF3, 0xDBD2,
    0xE3F3, 0xDBD2, 0xE3F3, 0xE3D2, 0xDBD2, 0xE3F3, 0xE3D2, 0xDBD2, 0xE3D2, 0xE3D2, 0xE3D2, 0xE3D2,
    0xE3D2, 0xE3D2, 0xE3D2, 0xE3B1, 0xE3D2, 0xE3D2, 0xEBD2, 0xE3D2, 0xE3B1, 0xEBD2, 0xE3B1, 0xE3B1,
    0xEBB2, 0xE3B1, 0xEBB2, 0xEBB1, 0xE391, 0xEBB2, 0xEBB1, 0xE391, 0xEBB1, 0xEB91, 0xF3B1, 0xEB91,
    0xEB91, 0xF391, 0xEB91, 0xEB70, 0xF391, 0xF390, 0xF391, 0xF391, 0xF370, 0xF391, 0xF370, 0xF370,
    0xF370, 0xF370, 0xFB91, 0xF370, 0xF370, 0xFB70, 0xF370, 0xF36F, 0xF370, 0xF370, 0xFB70, 0xF370,
    0xF34F, 0xFB70, 0xF370, 0xF34F, 0xF370, 0xF36F, 0xFB70, 0xF370, 0xF34F, 0xFB70, 0xF36F, 0xF36F,
    0xF370, 0xF36F, 0xFB90, 0xF370, 0xF36F, 0xF390, 0xF370, 0xF36F, 0xF390, 0xF370, 0xFB90, 0xF390,
    0xF370, 0xF390, 0xF390, 0xEB90, 0xF390, 0xF390, 0xF3B1, 0xF390, 0xEB90, 0xF3B1, 0xEB90, 0xEB90,
    0xF3B1, 0xEBB0, 0xF3B1, 0xEBB1, 0xEB90, 0xF3B1, 0xEBB1, 0xEBB0, 0xEBB1, 0xEBB0, 0xF3B1, 0xEBB1,
    0xEB90, 0xF3B1, 0xEBB1, 0xEB90, 0xF3B1, 0xEB90, 0xF3B1, 0xF3B1, 0xEB90, 0xF3B1, 0xF390, 0xEB90,
    0xF391, 0xF390, 0xF391, 0xF390, 0xF370, 0xF391, 0xF370, 0xF370, 0xF370, 0xF370, 0xFB90, 0xF370,
    0xF34F, 0xFB70, 0xFB70, 0xF36F, 0xFB70, 0xF370, 0xFB70, 0xFB70, 0xF370, 0xFB70, 0xF370, 0xF370,
    0xFB70, 0xF370, 0xFB91, 0xFB70, 0xF370, 0xFB91, 0xF370, 0xF370, 0xFB71, 0xF370, 0xFB91, 0xFB71,
    0xF370, 0xFB91, 0xFB71, 0xF370, 0xFB91, 0xF371, 0xFB91, 0xFB91, 0xF371, 0xFB91, 0xF371, 0xF371,
    0xFB91, 0xF391, 0xFB92, 0xFB91, 0xF371, 0xFB92, 0xF391, 0xF371, 0xFB92, 0xF391, 0xFB92, 0xFB92,
    0xF391, 0xFB92, 0xF392, 0xF392, 0xFBB2, 0xF392, 0xFBB3, 0xFBB2, 0xF392, 0xFBB3, 0xF3B3, 0xF3B2,
    0xFBB3, 0xF3B3, 0xFBD3, 0xF3B3, 0xF3B3, 0xFBD3, 0xF3B3, 0xF3B3, 0xFBD4, 0xF3D4, 0xFBF4, 0xF3F4,
    0xF3D4, 0xFBF4, 0xF3F4, 0xF3F4, 0xFBF5, 0xF3F4, 0xFBF5, 0xFB53, 0xFF5D, 0xFE5B, 0xF334, 0xCB30,
    0xFBB3, 0xEBB2, 0xF3B3, 0xEBB3, 0xEB92, 0xEBB3, 0xEB92, 0xE392, 0xE392, 0xE392, 0xE392, 0xE392,
    0xDB71, 0xDB72, 0xDB71, 0xD351, 0xD351, 0xD351, 0xD351, 0xCB51, 0xCB30, 0xCB51, 0xC330, 0xC310,
    0xC330, 0xC310, 0xC310, 0xBB10, 0xB350, 0xB350, 0xB371, 0xB371, 0xB390, 0xB391, 0xB3B1, 0xB3D2,
    0xB3D1, 0xB3D1, 0xB3F2, 0xB412, 0xAC11, 0xB432, 0xAC32, 0xB473, 0xAC72, 0xAC72, 0xACB3, 0xACB3,
    0xA4B2, 0xA4F3, 0xA4F3, 0xA513, 0x9D13, 0x9D33, 0x9D53, 0x8DB3, 0x9410, 0xFB16, 0xFF5D, 0xFE9C,
    0xF354, 0xF3F5, 0xFC16, 0xF415, 0xF415, 0xF436, 0xF435, 0xF456, 0xF455, 0xEC35, 0xF456, 0xEC35,
    0xEC35, 0xEC55, 0xEC35, 0xEC55, 0xEC35, 0xE434, 0xEC35, 0xEC34, 0xE414, 0xEC34, 0xE414, 0xEC35,
    0xE414, 0xE414, 0xEC14, 0xE414, 0xE3F3, 0xE414, 0xE3F3, 0xE414, 0xE413, 0xE3F3, 0xE413, 0xE3F3,
    0xDBF3, 0xE3F3, 0xE3F3, 0xE3F3, 0xE3F3, 0xDBD2, 0xE3F3, 0xDBD3, 0xDBD2, 0xE3F3, 0xDBD2, 0xE3F3,
    0xE3D2, 0xDBD2, 0xE3D3, 0xE3D2, 0xDBD2, 0xE3D2, 0xE3D2, 0xE3D2, 0xE3D2, 0xE3D2, 0xE3D2, 0xE3D2,
    0xE3B1, 0xE3D2, 0xE3B2, 0xEBD2, 0xE3D2, 0xE3B1, 0xEBD2, 0xE3B1, 0xE3B1, 0xEBB2, 0xE3B1, 0xEBB2,
    0xEBB1, 0xEB91, 0xEBB1, 0xEB91, 0xEB91, 0xEB91, 0xEB91, 0xF3B1, 0xEB91, 0xEB90, 0xF391, 0xF391,
    0xEB70, 0xF391, 0xF370, 0xF391, 0xF370, 0xF370, 0xF391, 0xF370, 0xF370, 0xF370, 0xF370, 0xFB90,
    0xF370, 0xF370, 0xFB70, 0xF370, 0xF36F, 0xF370, 0xF370, 0xFB70, 0xF370, 0xF34F, 0xFB70, 0xF36F,
    0xF34F, 0xF370, 0xF36F, 0xFB70, 0xF370, 0xF36F, 0xFB70, 0xF36F, 0xF36F, 0xF370, 0xF36F, 0xFB90,
    0xF370, 0xF36F, 0xFB90, 0xF370, 0xF36F, 0xF390, 0xF370, 0xFB90, 0xF390, 0xF370, 0xF390, 0xF390,
    0xEB90, 0xF390, 0xF390, 0xF3B1, 0xF390, 0xEB90, 0xF3B1, 0xF390, 0xEB90, 0xF3B1, 0xEBB0, 0xF3B1,
    0xEBB1, 0xEB90, 0xF3B1, 0xEBB1, 0xEB90, 0xF3B1, 0xEBB0, 0xF3B1, 0xF3B1, 0xEB90, 0xF3B1, 0xEBB1,
    0xEB90, 0xF3B1, 0xEB90, 0xF3B1, 0xF391, 0xEB90, 0xF3B1, 0xF390, 0xEB90, 0xF391, 0xF390, 0xF391,
    0xF390, 0xF370, 0xF390, 0xF370, 0xF370, 0xF370, 0xF370, 0xFB70, 0xF370, 0xF370, 0xFB70, 0xF370,
    0xF36F, 0xFB70, 0xF370, 0xFB70, 0xFB70, 0xF370, 0xFB70, 0xF370, 0xF370, 0xFB70, 0xF370, 0xFB91,
    0xFB70, 0xF370, 0xFB91, 0xF370, 0xF370, 0xFB71, 0xF370, 0xFB91, 0xFB71, 0xF370, 0xFB91, 0xFB71,
    0xF370, 0xFB91, 0xF371, 0xFB91, 0xFB91, 0xF371, 0xFB91, 0xF391, 0xF371, 0xFB91, 0xF391, 0xFB92,
    0xFB91, 0xF371, 0xFB92, 0xF391, 0xF371, 0xFB92, 0xF371, 0xFB92, 0xFB92, 0xF392, 0xFBB2, 0xFB92,
    0xF392, 0xFBB2, 0xF392, 0xFBB3, 0xFBB2, 0xF392, 0xFBB3, 0xFBB3, 0xF392, 0xFBB3, 0xF3B3, 0xFBB4,
    0xF3B3, 0xF3B3, 0xFBD4, 0xF3D3, 0xF3D3, 0xFBD4, 0xF3D4, 0xFBF4, 0xF3F4, 0xF3D4, 0xFBF5, 0xF3F4,
    0xF3D4, 0xFBF4, 0xF3D4, 0xFB73, 0xFF5D, 0xFE5A, 0xFB54, 0xCB50, 0xF392, 0xF3B3, 0xEB92, 0xF3B3,
    0xEBB2, 0xEB92, 0xEBB3, 0xE392, 0xE392, 0xE392, 0xE372, 0xE392, 0xDB72, 0xDB71, 0xDB72, 0xD351,
    0xD351, 0xD351, 0xCB51, 0xD351, 0xCB51, 0xC330, 0xCB31, 0xC330, 0xC310, 0xC310, 0xBB10, 0xC310,
    0xB371, 0xB370, 0xB370, 0xB391, 0xB391, 0xB390, 0xB3B1, 0xB3B1, 0xB3D2, 0xB3F2, 0xB3F1, 0xB412,
    0xB412, 0xAC32, 0xB452, 0xAC52, 0xB473, 0xAC93, 0xAC92, 0xACB3, 0xA4D3, 0xA4D2, 0xA4F3, 0x9D13,
    0xA533, 0x9D33, 0x9533, 0x8DD3, 0x9C11, 0xFB16, 0xFF5D, 0xFE9B, 0xFB54, 0xF416, 0xF3F5, 0xF436,
    0xF416, 0xEC15, 0xF436, 0xEC35, 0xF456, 0xF455, 0xEC35, 0xF456, 0xEC35, 0xEC35, 0xEC35, 0xEC35,
    0xEC35, 0xEC35, 0xE414, 0xEC35, 0xEC34, 0xE414, 0xEC34, 0xE414, 0xEC34, 0xE414, 0xE413, 0xEC14,
    0xE414, 0xE3F3, 0xE414, 0xE3F3, 0xE414, 0xE3F3, 0xE3F3, 0xE413, 0xE3F3, 0xDBF3, 0xE3F3, 0xDBF3,
    0xE3F3, 0xE3F3, 0xDBD2, 0xE3F3, 0xDBD2, 0xDBD2, 0xE3D3, 0xDBD2, 0xE3F3, 0xE3D2, 0xDBD2, 0xE3D2,
    0xE3D2, 0xDBD2, 0xE3D2, 0xE3D2, 0xE3D2, 0xE3D2, 0xE3B2, 0xE3D2, 0xE3D2, 0xE3B1, 0xE3D2, 0xE3B1,
    0xEBD2, 0xE3B2, 0xE3B1, 0xEBD2, 0xE3B1, 0xE3B1, 0xEBB2, 0xEBB1, 0xEBB2, 0xEBB1, 0xEB91, 0xEBB1,
    0xEB91, 0xEB91, 0xEB91, 0xEB91, 0xF391, 0xF391, 0xEB70, 0xF391, 0xF370, 0xEB70, 0xF391, 0xF370,
    0xF391, 0xF370, 0xF370, 0xF370, 0xF370, 0xF370, 0xF370, 0xF370, 0xFB70, 0xF370, 0xF370, 0xFB70,
    0xF370, 0xF36F, 0xF370, 0xF36F, 0xFB70, 0xF370, 0xF36F, 0xFB70, 0xF36F, 0xF34F, 0xF370, 0xF36F,
    0xFB70, 0xF370, 0xF36F, 0xFB70, 0xF36F, 0xF36F, 0xF370, 0xF36F, 0xFB90, 0xF370, 0xF36F, 0xFB90,
    0xF370, 0xF36F, 0xF390, 0xF36F, 0xFB90, 0xF390, 0xF36F, 0xF390, 0xF390, 0xEB90, 0xF390, 0xF390,
    0xF3B1, 0xF390, 0xEB90, 0xF3B1, 0xF390, 0xEB90, 0xF3B1, 0xEBB0, 0xF3B1, 0xEBB1, 0xEB90, 0xF3B1,
    0xEBB1, 0xEB90, 0xF3B1, 0xEBB0, 0xF3B1, 0xF3B1, 0xEB90, 0xF3B1, 0xF391, 0xEB90, 0xF3B1, 0xF390,
    0xF3B1, 0xF391, 0xEB90, 0xF391, 0xF390, 0xEB90, 0xF391, 0xF390, 0xF391, 0xF390, 0xF370, 0xFB90,
    0xF370, 0xF370, 0xFB70, 0xF370, 0xFB70, 0xFB70, 0xF370, 0xFB70, 0xF370, 0xF36F, 0xFB70, 0xF370,
    0xFB70, 0xFB70, 0xF370, 0xFB70, 0xF370, 0xF370, 0xFB70, 0xF370, 0xFB91, 0xFB70, 0xF370, 0xFB71,
    0xF370, 0xF370, 0xFB71, 0xF370, 0xFB91, 0xFB71, 0xF370, 0xFB91, 0xF371, 0xF370, 0xFB91, 0xF371,
    0xFB91, 0xFB91, 0xF371, 0xFB91, 0xF391, 0xF371, 0xFB91, 0xF391, 0xFB92, 0xFB91, 0xF371, 0xFB92,
    0xF391, 0xF371, 0xFB92, 0xF392, 0xFB92, 0xFB92, 0xF392, 0xFBB2, 0xF392, 0xF392, 0xFB92, 0xF392,
    0xFBB3, 0xFBB3, 0xF3B2, 0xFBD3, 0xF3B3, 0xF3B2, 0xFBB3, 0xF3B3, 0xFBB4, 0xFBB3, 0xF3B3, 0xFBD4,
    0xF3D4, 0xF3D3, 0xFBD4, 0xF3D4, 0xFBF5, 0xF3F4, 0xF3D4, 0xFBF5, 0xF3D4, 0xF3D4, 0xFBF4, 0xF353,
    0xFF5E, 0xFE5B, 0xF333, 0xCB71, 0xFBB2, 0xEB92, 0xF3B3, 0xEB92, 0xF3B3, 0xEB92, 0xE392, 0xEB93,
    0xE392, 0xE372, 0xE392, 0xDB72, 0xE392, 0xDB72, 0xD351, 0xDB72, 0xD351, 0xCB51, 0xD351, 0xCB30,
    0xCB51, 0xCB30, 0xC330, 0xCB30, 0xC310, 0xBB0F, 0xC310, 0xBB0F, 0xB350, 0xB371, 0xB371, 0xB370,
    0xB391, 0xB391, 0xB3B1, 0xB3B1, 0xB3D1, 0xB3F2, 0xB3F2, 0xB3F1, 0xB432, 0xB432, 0xAC32, 0xB452,
    0xAC72, 0xB493, 0xAC93, 0xA4B2, 0xACD3, 0xA4D3, 0x9CF2, 0xA513, 0x9D13, 0x9D33, 0x9D33, 0x85B3,
    0x9C31, 0xFB16, 0xFF5D, 0xFE9C, 0xF334, 0xFC16, 0xF416, 0xF415, 0xF436, 0xF436, 0xEC35, 0xF436,
    0xEC35, 0xF456, 0xEC55, 0xEC35, 0xF455, 0xEC35, 0xEC35, 0xEC35, 0xEC35, 0xEC35, 0xEC35, 0xE414,
    0xEC35, 0xE414, 0xE414, 0xEC14, 0xE414, 0xEC14, 0xE414, 0xE413, 0xE414, 0xE414, 0xE3F3, 0xE414,
    0xE3F3, 0xE414, 0xE3F3, 0xE3F3, 0xE3F3, 0xE3F3, 0xDBF2, 0xE3F3, 0xDBF3, 0xE3F3, 0xE3F3, 0xDBD2,
    0xE3F3, 0xDBD2, 0xDBD2, 0xE3D3, 0xDBD2, 0xE3F3, 0xE3D2, 0xDBD2, 0xE3D2, 0xE3D2, 0xDBD2, 0xE3D2,
    0xE3D2, 0xE3D2, 0xE3D2, 0xE3B1, 0xE3D2, 0xE3B2, 0xE3B1, 0xE3D2, 0xE3B1, 0xEBD2, 0xEBB2, 0xE3B1,
    0xEBB2, 0xEBB1, 0xE391, 0xEBB1, 0xEBB1, 0xEBB2, 0xEBB1, 0xEB91, 0xEBB1, 0xEB91, 0xEB90, 0xF391,
    0xEB91, 0xF391, 0xF391, 0xF370, 0xF391, 0xF370, 0xF370, 0xF370, 0xF370, 0xFB71, 0xF370, 0xF370,
    0xFB70, 0xF370, 0xF370, 0xF370, 0xF370, 0xFB70, 0xF370, 0xF36F, 0xFB70, 0xF370, 0xF36F, 0xFB70,
    0xF36F, 0xFB70, 0xF370, 0xF36F, 0xFB70, 0xF36F, 0xF36F, 0xFB70, 0xF36F, 0xFB70, 0xF370, 0xF36F,
    0xFB70, 0xF36F, 0xF36F, 0xF370, 0xF36F, 0xFB90, 0xF370, 0xF36F, 0xFB90, 0xF370, 0xF36F, 0xF390,
    0xF36F, 0xFB90, 0xF390, 0xF36F, 0xF390, 0xF390, 0xEB90, 0xF390, 0xF390, 0xF3B1, 0xF390, 0xEB90,
    0xF3B1, 0xEB90, 0xEB90, 0xF3B1, 0xEBB0, 0xF3B1, 0xEBB1, 0xEB90, 0xF3B1, 0xEB91, 0xEB90, 0xF3B1,
    0xEB90, 0xF3B1, 0xF3B1, 0xEB90, 0xF3B1, 0xF391, 0xEB90, 0xF391, 0xF390, 0xF3B1, 0xF391, 0xF390,
    0xF391, 0xF390, 0xF370, 0xF391, 0xF390, 0xFB91, 0xF390, 0xF370, 0xFB90, 0xF370, 0xF370, 0xFB70,
    0xF370, 0xFB70, 0xFB70, 0xF370, 0xFB70, 0xF370, 0xF36F, 0xFB70, 0xF370, 0xFB70, 0xFB70, 0xF370,
    0xFB70, 0xF370, 0xF370, 0xFB70, 0xF370, 0xFB91, 0xFB70, 0xF370, 0xFB71, 0xF370, 0xF370, 0xFB71,
    0xF370, 0xFB91, 0xFB71, 0xF370, 0xFB91, 0xF371, 0xF370, 0xFB91, 0xF371, 0xFB91, 0xFB91, 0xF371,
    0xFB92, 0xF391, 0xF371, 0xFB92, 0xF391, 0xFB92, 0xFB92, 0xF371, 0xFB92, 0xFB92, 0xF391, 0xFB92,
    0xF392, 0xFB92, 0xFB92, 0xF392, 0xFB92, 0xF392, 0xF392, 0xFBB3, 0xF3B2, 0xFBB3, 0xFBB3, 0xF3B2,
    0xFBB3, 0xF3B3, 0xF3B2, 0xFBB3, 0xF3B3, 0xFBB4, 0xFBB3, 0xF3B3, 0xFBD4, 0xF3D4, 0xF3D3, 0xFBD4,
    0xF3D4, 0xFBF5, 0xF3F4, 0xF3D4, 0xFBF5, 0xF3D4, 0xF3D4, 0xFB54, 0xFF5D, 0xFE5B, 0xF334, 0xC330,
    0xFBB3, 0xEBB2, 0xEB92, 0xEBB3, 0xEB92, 0xEBB3, 0xEB92, 0xE392, 0xEB92, 0xE392, 0xDB71, 0xE392,
    0xDB71, 0xDB72, 0xDB71, 0xD351, 0xD371, 0xD351, 0xCB30, 0xCB51, 0xCB30, 0xCB51, 0xCB30, 0xC310,
    0xC330, 0xC310, 0xBB0F, 0xC310, 0xB351, 0xB370, 0xB371, 0xB391, 0xB390, 0xB3B1, 0xB3B1, 0xB3B1,
    0xB3D2, 0xB3D1, 0xB3F2, 0xB412, 0xB412, 0xB432, 0xB432, 0xAC52, 0xAC73, 0xAC92, 0xACB3, 0xACB3,
    0xA4B2, 0xA4F3, 0xA4F3, 0x9CF2, 0x9D13, 0x9D33, 0x9D53, 0x8DD3, 0x9411, 0xFB17, 0xFF5D, 0xF67B,
    0xF334, 0xF415, 0xFC16, 0xF416, 0xF415, 0xF436, 0xF435, 0xEC35, 0xF456, 0xEC35, 0xF456, 0xEC55,
    0xEC35, 0xEC55, 0xEC35, 0xEC34, 0xEC35, 0xEC34, 0xEC35, 0xEC34, 0xE414, 0xEC35, 0xE414, 0xE414,
    0xEC14, 0xE414, 0xEC14, 0xE414, 0xE3F3, 0xE414, 0xE3F3, 0xE3F3, 0xE3F3, 0xE3F3, 0xE414, 0xE3F3,
    0xE3F3, 0xE3F3, 0xE3F3, 0xDBD2, 0xE3F3, 0xDBD2, 0xE3F3, 0xE3F3, 0xDBD2, 0xE3F3, 0xE3D2, 0xDBD2,
    0xE3D2, 0xE3D2, 0xE3D3, 0xE3D2, 0xE3B2, 0xE3D2, 0xE3D2, 0xE3B2, 0xE3D2, 0xE3D2, 0xEBD2, 0xE3D2,
    0xE3B1, 0xEBD2, 0xE3B2, 0xE3B1, 0xEBB2, 0xE3B1, 0xEBB2, 0xEBB1, 0xE3B1, 0xEBB2, 0xEBB1, 0xE391,
    0xEBB1, 0xEB91, 0xF3B1, 0xEB91, 0xEB91, 0xF391, 0xEB91, 0xEB70, 0xF391, 0xF390, 0xF391, 0xF371,
    0xF370, 0xF391, 0xF370, 0xF370, 0xF370, 0xF370, 0xFB71, 0xF370, 0xF370, 0xFB70, 0xF370, 0xF36F,
    0xFB70, 0xF370, 0xFB70, 0xF370, 0xF36F, 0xFB70, 0xF370, 0xF36F, 0xFB70, 0xF36F, 0xFB70, 0xF370,
    0xF36F, 0xFB70, 0xF36F, 0xF36F, 0xFB70, 0xF36F, 0xFB70, 0xF370, 0xF36F, 0xFB70, 0xF36F, 0xF36F,
    0xFB70, 0xF36F, 0xFB90, 0xF370, 0xF36F, 0xFB90, 0xF36F, 0xF36F, 0xF370, 0xF36F, 0xFB90, 0xF390,
    0xF36F, 0xF390, 0xF390, 0xEB90, 0xF390, 0xF390, 0xF3B1, 0xF390, 0xEB90, 0xF3B1, 0xF390, 0xEB90,
    0xF3B1, 0xEBB0, 0xF3B1, 0xF3B1, 0xEB90, 0xF3B1, 0xEB90, 0xEB90, 0xF3B1, 0xEB90, 0xF3B1, 0xF3B1,
    0xEB90, 0xF3B1, 0xF390, 0xEB90, 0xF391, 0xF390, 0xF3B1, 0xF391, 0xF390, 0xF391, 0xF390, 0xF370,
    0xF390, 0xF370, 0xFB91, 0xF390, 0xF370, 0xFB90, 0xF370, 0xF370, 0xFB70, 0xF370, 0xFB70, 0xFB70,
    0xF350, 0xFB70, 0xF370, 0xF370, 0xFB70, 0xF370, 0xFB70, 0xFB70, 0xF370, 0xFB70, 0xFB70, 0xF370,
    0xFB70, 0xF370, 0xFB71, 0xFB70, 0xF370, 0xFB71, 0xFB70, 0xF370, 0xFB71, 0xF370, 0xFB91, 0xFB71,
    0xF370, 0xFB91, 0xF371, 0xF371, 0xFB91, 0xF371, 0xFB92, 0xFB91, 0xF371, 0xFB92, 0xF391, 0xF371,
    0xFB92, 0xF391, 0xFB92, 0xFB92, 0xF391, 0xFBB2, 0xF392, 0xF371, 0xFB92, 0xF392, 0xFB92, 0xFB92,
    0xF392, 0xFB92, 0xF392, 0xF392, 0xFBB3, 0xF3B2, 0xFBB3, 0xFBB3, 0xF3B3, 0xFBB3, 0xF3B3, 0xF3B3,
    0xFBB3, 0xF3B3, 0xFBB4, 0xF3B3, 0xF3B3, 0xFBD4, 0xF3D4, 0xF3D3, 0xFBD4, 0xF3D4, 0xFBF5, 0xF3F4,
    0xF3D4, 0xFBF5, 0xF3D4, 0xF353, 0xFF5D, 0xFE3A, 0xFB54, 0xCB30, 0xF392, 0xF3B3, 0xEB92, 0xEB92,
    0xEBB3, 0xEB92, 0xEBB3, 0xEB92, 0xE392, 0xE392, 0xE372, 0xDB71, 0xDB72, 0xDB71, 0xDB72, 0xD371,
    0xD351, 0xD351, 0xCB51, 0xCB30, 0xCB51, 0xCB30, 0xCB31, 0xC330, 0xC310, 0xC330, 0xBB10, 0xBB0F,
    0xAB50, 0xB371, 0xB370, 0xB391, 0xB391, 0xB391, 0xB3B1, 0xB3B1, 0xB3D1, 0xB3F2, 0xB3F1, 0xB412,
    0xB412, 0xAC32, 0xB452, 0xAC52, 0xAC72, 0xAC93, 0xAC92, 0xACB3, 0xACD3, 0xA4D2, 0xA4F3, 0xA513,
    0x9D13, 0x9D33, 0x9D33, 0x8DD3, 0x9C11, 0xFB16, 0xFF7E, 0xFE9B, 0xF334, 0xF416, 0xF415, 0xFC16,
    0xF436, 0xF415, 0xF436, 0xF435, 0xEC35, 0xF456, 0xEC35, 0xF456, 0xEC55, 0xEC35, 0xEC55, 0xEC35,
    0xE434, 0xEC35, 0xEC34, 0xEC35, 0xEC34, 0xE414, 0xEC34, 0xE414, 0xE414, 0xEC14, 0xE414, 0xEC14,
    0xE414, 0xE3F3, 0xE414, 0xE3F3, 0xE3F3, 0xE3F3, 0xE3F3, 0xE3F4, 0xE3F3, 0xDBF3, 0xE3F3, 0xE3F3,
    0xDBD2, 0xE3F3, 0xDBD2, 0xE3F3, 0xE3D3, 0xDBD2, 0xE3F3, 0xE3D2, 0xDBD2, 0xE3D2, 0xE3D2, 0xE3D3,
    0xE3D2, 0xE3B2, 0xE3D2, 0xE3D2, 0xE3B1, 0xE3D2, 0xE3B2, 0xEBD2, 0xE3D2, 0xE3B1, 0xEBD2, 0xE3B2,
    0xE3B1, 0xEBB2, 0xE3B1, 0xEBB2, 0xEBB1, 0xE391, 0xEBB2, 0xEB91, 0xEB91, 0xEBB1, 0xEB91, 0xF3B1,
    0xEB91, 0xEB91, 0xF391, 0xF391, 0xEB70, 0xF391, 0xF370, 0xFB91, 0xF370, 0xF370, 0xF370, 0xF370,
    0xF370, 0xF370, 0xF370, 0xFB70, 0xF370, 0xF350, 0xFB70, 0xF370, 0xF34F, 0xFB70, 0xF370, 0xFB70,
    0xFB70, 0xF36F, 0xFB70, 0xF36F, 0xF34F, 0xFB70, 0xF36F, 0xFB70, 0xF36F, 0xF36F, 0xFB70, 0xF36F,
    0xF36F, 0xFB70, 0xF36F, 0xFB70, 0xF36F, 0xF36F, 0xFB70, 0xF36F, 0xF36F, 0xFB70, 0xF36F, 0xFB70,
    0xF370, 0xF36F, 0xFB90, 0xF36F, 0xF36F, 0xF370, 0xF36F, 0xFB90, 0xF390, 0xF36F, 0xF390, 0xF390,
    0xEB90, 0xF390, 0xF390, 0xF391, 0xF390, 0xEB90, 0xF3B1, 0xF390, 0xEB90, 0xF3B1, 0xEB90, 0xF3B1,
    0xF3B1, 0xEB90, 0xF3B1, 0xF390, 0xEB90, 0xF3B1, 0xEB90, 0xF3B1, 0xF391, 0xEB90, 0xF3B1, 0xF390,
    0xEB90, 0xF391, 0xF390, 0xF391, 0xF390, 0xF390, 0xF391, 0xF390, 0xF370, 0xF390, 0xF370, 0xFB91,
    0xF370, 0xF370, 0xFB90, 0xF370, 0xF370, 0xFB70, 0xF370, 0xFB70, 0xFB70, 0xF350, 0xFB70, 0xFB70,
    0xF370, 0xFB70, 0xF370, 0xFB70, 0xFB70, 0xF370, 0xFB90, 0xFB70, 0xF370, 0xFB70, 0xF370, 0xFB71,
    0xFB70, 0xF350, 0xFB71, 0xFB70, 0xF370, 0xFB71, 0xF370, 0xFB91, 0xFB71, 0xF371, 0xFB91, 0xF371,
    0xF371, 0xFB71, 0xF371, 0xFB92, 0xFB91, 0xF391, 0xFB92, 0xFB91, 0xF371, 0xFB92, 0xF391, 0xFB92,
    0xFB92, 0xF391, 0xFB92, 0xF392, 0xF371, 0xFB92, 0xF392, 0xFB92, 0xFB92, 0xF392, 0xFBB3, 0xF3B2,
    0xF392, 0xFBB3, 0xF3B3, 0xFBB3, 0xFBB3, 0xF3B3, 0xFBD3, 0xF3B3, 0xF3B3, 0xFBB3, 0xF3B3, 0xFBD4,
    0xF3D4, 0xF3B3, 0xFBD4, 0xF3D4, 0xF3D4, 0xFBF4, 0xF3F4, 0xFBF5, 0xF3F4, 0xF3D4, 0xFBF5, 0xF353,
    0xFF5D, 0xFE5B, 0xF333, 0xCB51, 0xFBB3, 0xEB92, 0xF3B3, 0xEB92, 0xEB92, 0xEB93, 0xE392, 0xEB93,
    0xE392, 0xE372, 0xE392, 0xDB72, 0xDB71, 0xDB72, 0xD371, 0xDB72, 0xD351, 0xCB51, 0xD351, 0xCB31,
    0xCB30, 0xCB31, 0xC330, 0xCB31, 0xC330, 0xBB10, 0xC330, 0xBB10, 0xB350, 0xB350, 0xB371, 0xB371,
    0xB391, 0xB391, 0xB3B1, 0xB3D2, 0xB3D1, 0xB3D1, 0xB3F2, 0xB412, 0xB432, 0xB432, 0xAC32, 0xB473,
    0xAC72, 0xAC72, 0xAC93, 0xACB2, 0xACD3, 0xA4F3, 0xA4F3, 0xA513, 0x9D13, 0x9D33, 0x9D33, 0x8DB3,
    0x9C32, 0xFB16, 0xFF5D, 0xFE9C, 0xF334, 0xF3F5, 0xF416, 0xF415, 0xF436, 0xF436, 0xEC15, 0xF436,
    0xF435, 0xEC35, 0xF455, 0xEC35, 0xF456, 0xEC55, 0xEC35, 0xEC55, 0xEC35, 0xE434, 0xEC35, 0xEC34,
    0xEC35, 0xEC34, 0xE414, 0xEC34, 0xE414, 0xE413, 0xE414, 0xE414, 0xEC14, 0xE414, 0xE3F3, 0xE414,
    0xE3F3, 0xE3F3, 0xE3F3, 0xE3F3, 0xE3F3, 0xE3F3, 0xDBD3, 0xE3F3, 0xE3F3, 0xDBD2, 0xE3F3, 0xDBD2,
    0xE3F3, 0xE3D2, 0xDBD2, 0xE3F3, 0xE3D2, 0xDBD2, 0xE3D2, 0xE3D2, 0xE3D3, 0xE3D2, 0xE3B2, 0xE3D2,
    0xE3D2, 0xE3B1, 0xE3D2, 0xE3B2, 0xEBD2, 0xE3B2, 0xE3B1, 0xEBD2, 0xE3B1, 0xE3B1, 0xEBB2, 0xE3B1,
    0xEBB2, 0xEBB1, 0xEB91, 0xEBB1, 0xEB91, 0xEB91, 0xEB91, 0xEB91, 0xF391, 0xF391, 0xEB70, 0xF391,
    0xF370, 0xF370, 0xF371, 0xF370, 0xFB71, 0xF370, 0xF350, 0xFB70, 0xF370, 0xF350, 0xFB70, 0xF370,
    0xFB70, 0xF370, 0xF34F, 0xFB70, 0xF370, 0xF34F, 0xFB70, 0xF36F, 0xFB70, 0xFB70, 0xF34F, 0xFB70,
    0xF36F, 0xF34F, 0xFB70, 0xF36F, 0xFB70, 0xFB6F, 0xF34F, 0xFB70, 0xF36F, 0xF36F, 0xFB70, 0xF36F,
    0xFB70, 0xF36F, 0xF34F, 0xFB70, 0xF36F, 0xF36F, 0xFB70, 0xF36F, 0xFB70, 0xFB6F, 0xF36F, 0xFB90,
    0xF36F, 0xF36F, 0xF370, 0xF36F, 0xFB90, 0xF390, 0xF36F, 0xF390, 0xF390, 0xEB8F, 0xF390, 0xF390,
    0xF3B1, 0xF390, 0xEB90, 0xF3B1, 0xEB90, 0xEB90, 0xF3B1, 0xEB90, 0xF3B1, 0xF3B1, 0xEB90, 0xF3B1,
    0xF390, 0xEB90, 0xF391, 0xEB90, 0xF3B1, 0xF391, 0xEB90, 0xF3B1, 0xF390, 0xEB90, 0xF391, 0xF390,
    0xF391, 0xF390, 0xF370, 0xF391, 0xF390, 0xF370, 0xF390, 0xF370, 0xFB91, 0xF370, 0xF370, 0xFB70,
    0xF370, 0xF36F, 0xFB70, 0xF370, 0xFB70, 0xFB70, 0xF350, 0xFB70, 0xFB70, 0xF34F, 0xFB70, 0xF370,
    0xFB70, 0xFB70, 0xF370, 0xFB70, 0xFB70, 0xF370, 0xFB70, 0xF370, 0xFB71, 0xFB70, 0xF350, 0xFB71,
    0xF370, 0xF370, 0xFB71, 0xF371, 0xFB91, 0xFB71, 0xF371, 0xFB91, 0xFB71, 0xF371, 0xFB91, 0xF391,
    0xFB92, 0xFB91, 0xF391, 0xFB92, 0xFB91, 0xF391, 0xFB92, 0xF391, 0xFB92, 0xFB92, 0xF391, 0xFB92,
    0xF392, 0xF391, 0xFB92, 0xF392, 0xFB92, 0xFB92, 0xF392, 0xFBB3, 0xF3B2, 0xF392, 0xFBB3, 0xF3B3,
    0xFBB3, 0xFBB3, 0xF3B3, 0xFBD3, 0xF3B3, 0xF3B3, 0xFBB3, 0xF3B3, 0xFBD4, 0xF3D4, 0xF3D3, 0xFBF4,
    0xF3D4, 0xF3D4, 0xFBF4, 0xF3F4, 0xFBF5, 0xF3F4, 0xF3D4, 0xFB53, 0xFF5D, 0xFE5A, 0xFB34, 0xC330,
    0xFBB3, 0xF3B3, 0xEB92, 0xF3B3, 0xEB92, 0xE392, 0xEB93, 0xE392, 0xEB93, 0xE392, 0xDB72, 0xE392,
    0xDB72, 0xDB71, 0xDB72, 0xD351, 0xDB72, 0xD351, 0xCB51, 0xD351, 0xCB31, 0xC330, 0xCB31, 0xC330,
    0xC330, 0xC310, 0xBB0F, 0xC310, 0xB371, 0xB370, 0xB370, 0xB391, 0xB391, 0xB3B1, 0xB3B1, 0xB3B1,
    0xB3D2, 0xB3D1, 0xB3F1, 0xB412, 0xB412, 0xB432, 0xB452, 0xAC52, 0xB473, 0xAC92, 0xA492, 0xACB3,
    0xA4D3, 0xACF3, 0xA4F3, 0x9CF3, 0xA533, 0x9D33, 0x9533, 0x8DD3, 0x9C31, 0xFB36, 0xFF7D, 0xFE7B,
    0xFB34, 0xF3F5, 0xF3F5, 0xF416, 0xF415, 0xF436, 0xF436, 0xEC35, 0xF456, 0xEC35, 0xEC35, 0xEC55,
    0xEC35, 0xF455, 0xEC35, 0xEC35, 0xEC35, 0xEC35, 0xE414, 0xEC35, 0xE414, 0xEC35, 0xEC14, 0xE414,
    0xEC34, 0xE414, 0xE413, 0xE414, 0xE413, 0xEC14, 0xE414, 0xE3F3, 0xE414, 0xE3F3, 0xDBF3, 0xE3F3,
    0xE3F3, 0xE3F3, 0xE3F3, 0xDBD2, 0xE3F3, 0xE3D3, 0xDBD2, 0xE3F3, 0xDBD2, 0xE3F3, 0xE3D2, 0xDBD2,
    0xE3D3, 0xE3D2, 0xDBD2, 0xE3D2, 0xE3D2, 0xE3D2, 0xE3D2, 0xE3B2, 0xE3D2, 0xE3D2, 0xE3B1, 0xE3D2,
    0xE3B2, 0xEBD2, 0xE3B2, 0xE3B1, 0xEBD2, 0xE3B1, 0xE3B1, 0xEBB2, 0xEBB1, 0xEBB2, 0xEBB1, 0xEB91,
    0xEBB1, 0xEB91, 0xEB91, 0xF391, 0xEB91, 0xF391, 0xF371, 0xF370, 0xF391, 0xF370, 0xF350, 0xFB70,
    0xF370, 0xFB70, 0xF370, 0xF350, 0xFB70, 0xF370, 0xF34F, 0xFB70, 0xF370, 0xFB70, 0xFB70, 0xF34F,
    0xFB70, 0xF370, 0xF34F, 0xFB70, 0xF36F, 0xFB70, 0xFB70, 0xF34F, 0xFB70, 0xF36F, 0xF34F, 0xFB70,
    0xF36F, 0xFB70, 0xFB6F, 0xF34F, 0xFB70, 0xF36F, 0xF36F, 0xFB70, 0xF36F, 0xFB70, 0xF36F, 0xF34F,
    0xFB70, 0xF36F, 0xF36F, 0xFB70, 0xF36F, 0xFB70, 0xFB6F, 0xF36F, 0xFB70, 0xF36F, 0xF36F, 0xF370,
    0xF36F, 0xFB90, 0xF390, 0xF36F, 0xF390, 0xF390, 0xEB90, 0xF390, 0xF390, 0xF3B1, 0xF390, 0xEB90,
    0xF3B1, 0xF390, 0xEB90, 0xF3B1, 0xEB90, 0xF3B1, 0xF390, 0xEB90, 0xF3B1, 0xF390, 0xEB90, 0xF391,
    0xF390, 0xF3B1, 0xF391, 0xEB90, 0xF3B1, 0xF390, 0xEB90, 0xF391, 0xF390, 0xF391, 0xF390, 0xF370,
    0xF391, 0xF370, 0xF370, 0xF390, 0xF370, 0xFB91, 0xF370, 0xF370, 0xFB70, 0xF370, 0xF36F, 0xFB70,
    0xF370, 0xFB70, 0xFB70, 0xF350, 0xFB70, 0xFB70, 0xF34F, 0xFB70, 0xF370, 0xFB70, 0xFB70, 0xF370,
    0xFB70, 0xFB70, 0xF350, 0xFB70, 0xF370, 0xFB71, 0xFB70, 0xF370, 0xFB71, 0xFB70, 0xF370, 0xFB71,
    0xF370, 0xFB91, 0xFB71, 0xF371, 0xFB91, 0xFB71, 0xF371, 0xFB91, 0xF391, 0xFB92, 0xFB91, 0xF371,
    0xFB92, 0xFB91, 0xF391, 0xFB92, 0xF391, 0xFB92, 0xFB92, 0xF371, 0xFB92, 0xF392, 0xF371, 0xFB92,
    0xF392, 0xFB93, 0xFB92, 0xF392, 0xFBB3, 0xF3B3, 0xF392, 0xFBB3, 0xF3B3, 0xFBD3, 0xFBB3, 0xF3B3,
    0xFBD3, 0xF3B3, 0xF3B3, 0xFBD4, 0xF3D3, 0xFBD4, 0xF3D4, 0xF3D4, 0xFBF4, 0xF3F4, 0xF3D4, 0xFBF5,
    0xF3F4, 0xFBF5, 0xF3D4, 0xF353, 0xFF7E, 0xFE5B, 0xF333, 0xCB31, 0xFBB2, 0xF3B3, 0xEBB3, 0xEB92,
    0xEBB3, 0xEB92, 0xE392, 0xEB92, 0xE392, 0xE393, 0xE392, 0xDB72, 0xE392, 0xDB72, 0xD351, 0xDB71,
    0xD351, 0xD351, 0xD351, 0xCB30, 0xCB51, 0xCB30, 0xC330, 0xC330, 0xC310, 0xC330, 0xC310, 0xBB0F,
    0xB350, 0xB371, 0xB371, 0xB370, 0xB391, 0xB391, 0xBBB2, 0xB3B1, 0xB3D1, 0xB3F2, 0xB3F2, 0xABF1,
    0xB412, 0xB432, 0xB453, 0xB452, 0xAC72, 0xAC93, 0xAC93, 0xA4B2, 0xACD3, 0xA4D3, 0xA4F3, 0xA513,
    0x9D13, 0x9D33, 0x9D33, 0x85B2, 0x9C32, 0xFB36, 0xFF7E, 0xFE9C, 0xF334, 0xFC16, 0xF3F5, 0xF415,
    0xF416, 0xF415, 0xF436, 0xF436, 0xEC35, 0xF456, 0xEC35, 0xEC35, 0xEC55, 0xEC35, 0xEC55, 0xEC35,
    0xEC34, 0xEC35, 0xEC34, 0xE414, 0xEC35, 0xE414, 0xEC35, 0xEC14, 0xE414, 0xEC14, 0xE414, 0xE3F3,
    0xE414, 0xE3F3, 0xEC14, 0xE413, 0xE3F3, 0xE414, 0xE3F3, 0xDBF3, 0xE3F3, 0xE3F3, 0xE3F3, 0xE3F3,
    0xDBD2, 0xE3F3, 0xE3D3, 0xDBD2, 0xE3D3, 0xDBD2, 0xE3F3, 0xE3D2, 0xDBD2, 0xE3D3, 0xE3D2, 0xDBB2,
    0xE3D2, 0xE3D2, 0xE3D2, 0xE3D2, 0xE3B2, 0xE3D2, 0xE3B2, 0xE3B1, 0xE3D2, 0xE3B1, 0xEBD2, 0xE3B2,
    0xE3B1, 0xEBB2, 0xEBB1, 0xE3B1, 0xEBB2, 0xEBB1, 0xEBB2, 0xEBB1, 0xEB91, 0xF3B1, 0xEB91, 0xEB70,
    0xF391, 0xF370, 0xFB71, 0xF370, 0xF370, 0xFB70, 0xF350, 0xF350, 0xFB70, 0xF350, 0xFB70, 0xFB70,
    0xF350, 0xFB70, 0xF370, 0xF34F, 0xFB70, 0xF370, 0xFB70, 0xFB70, 0xF34F, 0xFB70, 0xF36F, 0xF34F,
    0xFB70, 0xF36F, 0xFB70, 0xFB6F, 0xF34F, 0xFB70, 0xFB4F, 0xF34F, 0xFB70, 0xF34F, 0xFB70, 0xFB6F,
    0xF34F, 0xFB70, 0xFB6F, 0xF34F, 0xFB70, 0xF36F, 0xFB70, 0xFB6F, 0xF34F, 0xFB70, 0xFB6F, 0xF36F,
    0xFB6F, 0xF36F, 0xFB70, 0xFB6F, 0xF36F, 0xFB70, 0xF36F, 0xF36F, 0xF370, 0xF36F, 0xFB90, 0xF390,
    0xF36F, 0xF390, 0xF390, 0xEB6F, 0xF390, 0xF390, 0xF391, 0xF390, 0xEB90, 0xF3B1, 0xF390, 0xEB90,
    0xF391, 0xEB90, 0xF3B1, 0xF390, 0xEB90, 0xF3B1, 0xF390, 0xEB90, 0xF391, 0xF390, 0xF3B1, 0xF390,
    0xEB90, 0xF3B1, 0xF390, 0xEB90, 0xF391, 0xF390, 0xF391, 0xF390, 0xF370, 0xF391, 0xF370, 0xF370,
    0xF370, 0xF370, 0xFB90, 0xF370, 0xF370, 0xFB70, 0xF370, 0xF34F, 0xFB70, 0xF370, 0xFB70, 0xFB70,
    0xF350, 0xFB70, 0xF350, 0xF34F, 0xFB70, 0xF370, 0xFB70, 0xFB70, 0xF370, 0xFB70, 0xFB70, 0xF350,
    0xFB70, 0xF370, 0xFB71, 0xFB70, 0xF370, 0xFB91, 0xF371, 0xF370, 0xFB71, 0xF371, 0xFB91, 0xFB91,
    0xF371, 0xFB91, 0xF371, 0xF371, 0xFB91, 0xF391, 0xFB92, 0xFB91, 0xF371, 0xFB92, 0xFB91, 0xF371,
    0xFB92, 0xF371, 0xFB92, 0xFB92, 0xF371, 0xFB92, 0xFB92, 0xF392, 0xFB92, 0xF392, 0xFBB3, 0xFBB2,
    0xF392, 0xFBB3, 0xF3B3, 0xF3B2, 0xFBB3, 0xF3B3, 0xFBD3, 0xFBB3, 0xF3B3, 0xFBD4, 0xF3D3, 0xF3B3,
    0xFBD4, 0xF3D4, 0xFBF4, 0xF3F4, 0xF3D4, 0xFBF4, 0xF3F4, 0xF3F4, 0xFBF5, 0xF3F4, 0xFBF5, 0xF353,
    0xFF5D, 0xFE7B, 0xF313, 0xC330, 0xFBB3, 0xEBB2, 0xF3B3, 0xEBB3, 0xEB92, 0xEBB3, 0xEB92, 0xE392,
    0xE392, 0xE392, 0xE392, 0xE392, 0xDB71, 0xDB72, 0xDB71, 0xD351, 0xD351, 0xD351, 0xD351, 0xCB51,
    0xCB30, 0xCB51, 0xC330, 0xC330, 0xC330, 0xC310, 0xC330, 0xBB10, 0xB370, 0xB350, 0xB391, 0xB371,
    0xB390, 0xB3B1, 0xB3B1, 0xBBD2, 0xB3D1, 0xB3D1, 0xB3F2, 0xB412, 0xAC12, 0xB432, 0xAC52, 0xB473,
    0xAC72, 0xAC72, 0xACB3, 0xACB3, 0xA4B2, 0xA4F3, 0xA4F3, 0xA513, 0x9D13, 0x9D33, 0x9D53, 0x8DB3,
    0x9411, 0xFB37, 0xFF7D, 0xFE9C, 0xF334, 0xF3F5, 0xFC16, 0xF415, 0xF415, 0xF436, 0xF435, 0xF436,
    0xF435, 0xEC35, 0xF456, 0xEC35, 0xEC35, 0xEC35, 0xEC35, 0xEC55, 0xEC35, 0xEC34, 0xEC35, 0xEC34,
    0xE414, 0xEC34, 0xE414, 0xEC35, 0xE414, 0xE414, 0xEC14, 0xE414, 0xE3F3, 0xE414, 0xE3F3, 0xE414,
    0xE3F3, 0xE3F3, 0xE3F3, 0xE3F3, 0xDBD3, 0xE3F3, 0xE3F3, 0xE3F3, 0xE3F3, 0xDBD2, 0xE3F3, 0xE3D2,
    0xDBD2, 0xE3D3, 0xDBD2, 0xE3D3, 0xE3D2, 0xDBB2, 0xE3D2, 0xE3D2, 0xDBB2, 0xE3D2, 0xE3B2, 0xE3D2,
    0xE3D2, 0xE3B2, 0xE3D2, 0xE3B2, 0xE3B1, 0xEBB2, 0xE3B1, 0xEBD2, 0xEBB2, 0xE3B1, 0xEBB2, 0xEBB1,
    0xE391, 0xEBB1, 0xEB91, 0xEBB2, 0xEB91, 0xEB91, 0xF391, 0xEB91, 0xEB70, 0xF371, 0xF350, 0xFB71,
    0xF370, 0xF350, 0xFB70, 0xFB50, 0xF34F, 0xFB70, 0xF350, 0xFB70, 0xFB70, 0xF350, 0xFB70, 0xF350,
    0xF34F, 0xFB70, 0xF34F, 0xFB70, 0xFB70, 0xF34F, 0xFB70, 0xFB6F, 0xF34F, 0xFB70, 0xF36F, 0xFB70,
    0xFB6F, 0xF34F, 0xFB70, 0xFB4F, 0xF34F, 0xFB6F, 0xF36F, 0xFB70, 0xFB6F, 0xF34F, 0xFB70, 0xFB6F,
    0xF34F, 0xFB6F, 0xF34F, 0xFB70, 0xFB6F, 0xF34F, 0xFB70, 0xFB6F, 0xF36F, 0xFB6F, 0xF36F, 0xFB70,
    0xFB6F, 0xF36F, 0xFB70, 0xF36F, 0xF36F, 0xF370, 0xF36F, 0xFB90, 0xF390, 0xF36F, 0xF390, 0xF390,
    0xEB90, 0xF390, 0xF390, 0xF3B1, 0xF390, 0xEB90, 0xF3B1, 0xF390, 0xEB90, 0xF390, 0xF390, 0xF3B1,
    0xF390, 0xEB90, 0xF391, 0xF390, 0xEB90, 0xF391, 0xF390, 0xF391, 0xF390, 0xF390, 0xF391, 0xF390,
    0xF390, 0xF391, 0xF390, 0xFB91, 0xF390, 0xF370, 0xFB90, 0xF370, 0xF370, 0xFB70, 0xF370, 0xFB70,
    0xF370, 0xF370, 0xFB70, 0xF370, 0xF34F, 0xFB70, 0xF370, 0xFB70, 0xFB70, 0xF350, 0xFB70, 0xF370,
    0xF350, 0xFB70, 0xF370, 0xFB71, 0xFB70, 0xF370, 0xFB70, 0xF370, 0xF370, 0xFB70, 0xF370, 0xFB71,
    0xFB70, 0xF370, 0xFB71, 0xF371, 0xF370, 0xFB71, 0xF371, 0xFB91, 0xFB91, 0xF371, 0xFB91, 0xF391,
    0xF371, 0xFB91, 0xF391, 0xFB92, 0xFB91, 0xF371, 0xFB92, 0xFB91, 0xF371, 0xFB92, 0xF371, 0xFB92,
    0xFB92, 0xF392, 0xFB92, 0xF392, 0xF392, 0xFB92, 0xF392, 0xFBB3, 0xFBB2, 0xF392, 0xFBB3, 0xF3B3,
    0xF3B2, 0xFBB3, 0xF3B3, 0xFBD4, 0xFBD3, 0xF3B3, 0xFBD4, 0xF3D3, 0xF3D3, 0xF3D4, 0xF3D4, 0xFBF4,
    0xF3F4, 0xF3F4, 0xFBF5, 0xF3F4, 0xF3D4, 0xFBF5, 0xF3D4, 0xFB54, 0xFF5D, 0xFE5B, 0xFB34, 0xC330,
    0xF392, 0xF3B3, 0xEBB2, 0xF3B3, 0xEBB3, 0xEB92, 0xEBB3, 0xE392, 0xE392, 0xE392, 0xE392, 0xE392,
    0xDB72, 0xDB71, 0xDB72, 0xD351, 0xD351, 0xD351, 0xCB51, 0xD351, 0xCB51, 0xC330, 0xCB31, 0xC330,
    0xC310, 0xC330, 0xBB10, 0xC330, 0xB371, 0xB371, 0xB370, 0xB391, 0xB391, 0xB391, 0xB3B1, 0xB3B1,
    0xBBD2, 0xB3F2, 0xB3F1, 0xB412, 0xB412, 0xAC32, 0xB452, 0xAC52, 0xB473, 0xAC93, 0xAC92, 0xACB3,
    0xA4D3, 0xA4D2, 0xA4F3, 0x9D13, 0xA533, 0x9D33, 0x9533, 0x8DD3, 0x9C11, 0xFB36, 0xFF7E, 0xFE9B,
    0xFB34, 0xF416, 0xF3F5, 0xF416, 0xF416, 0xEC15, 0xF436, 0xF435, 0xF456, 0xF455, 0xEC35, 0xF456,
    0xEC35, 0xEC35, 0xEC35, 0xEC35, 0xEC35, 0xEC35, 0xE414, 0xEC35, 0xEC14, 0xE414, 0xEC14, 0xE414,
    0xEC14, 0xE414, 0xE3F3, 0xEC14, 0xE3F4, 0xE3F3, 0xE414, 0xE3F3, 0xE414, 0xE3F3, 0xE3F3, 0xE3F3,
    0xE3F3, 0xDBD3, 0xE3F3, 0xE3D3, 0xE3F3, 0xE3F3, 0xDBD2, 0xE3F3, 0xE3D2, 0xDBD2, 0xE3D3, 0xDBD2,
    0xE3D3, 0xE3D2, 0xDBB2, 0xE3D2, 0xE3D2, 0xDBB2, 0xE3D2, 0xE3B2, 0xEBD2, 0xE3D2, 0xE3B2, 0xEBD2,
    0xE3B2, 0xE3B1, 0xEBB2, 0xE3B1, 0xEBD2, 0xEBB2, 0xE3B1, 0xEBB2, 0xEBB1, 0xE391, 0xEBB1, 0xEB91,
    0xF3B2, 0xEB91, 0xEB91, 0xF391, 0xF371, 0xF370, 0xFB70, 0xF350, 0xFB71, 0xF370, 0xF350, 0xFB70,
    0xF370, 0xF350, 0xFB70, 0xF370, 0xFB70, 0xFB70, 0xF34F, 0xFB70, 0xFB50, 0xF34F, 0xFB70, 0xF34F,
    0xFB70, 0xFB70, 0xF36F, 0xFB70, 0xF36F, 0xF34F, 0xFB70, 0xF36F, 0xFB70, 0xFB6F, 0xF34F, 0xFB70,
    0xFB6F, 0xF34F, 0xFB6F, 0xF36F, 0xFB70, 0xFB6F, 0xF34F, 0xFB70, 0xF34F, 0xF34F, 0xFB6F, 0xF34F,
    0xFB70, 0xFB6F, 0xF34F, 0xFB6F, 0xFB6F, 0xF34F, 0xFB6F, 0xF36F, 0xFB70, 0xFB6F, 0xF34F, 0xFB70,
    0xF36F, 0xF36F, 0xF370, 0xF36F, 0xFB90, 0xF390, 0xF36F, 0xF390, 0xF390, 0xEB90, 0xF390, 0xF390,
    0xF3B1, 0xF390, 0xEB90, 0xF3B1, 0xF390, 0xEB90, 0xF390, 0xF390, 0xF391, 0xF390, 0xF390, 0xF391,
    0xF390, 0xEB90, 0xF391, 0xF390, 0xF391, 0xF390, 0xF370, 0xF391, 0xF390, 0xF370, 0xF390, 0xF370,
    0xFB91, 0xF370, 0xF370, 0xFB90, 0xF370, 0xF370, 0xFB70, 0xF370, 0xFB70, 0xFB70, 0xF34F, 0xFB70,
    0xFB70, 0xF34F, 0xFB70, 0xF370, 0xFB70, 0xFB70, 0xF350, 0xFB70, 0xFB70, 0xF370, 0xFB70, 0xF370,
    0xFB71, 0xFB70, 0xF370, 0xFB70, 0xFB70, 0xF350, 0xFB70, 0xF370, 0xFB71, 0xFB71, 0xF370, 0xFB71,
    0xFB71, 0xF370, 0xFB71, 0xF371, 0xFB91, 0xFB91, 0xF371, 0xFB92, 0xFB71, 0xF371, 0xFB91, 0xF371,
    0xFB92, 0xFB91, 0xF371, 0xFB92, 0xFB91, 0xF371, 0xFB92, 0xF392, 0xFB92, 0xFB92, 0xF392, 0xFB92,
    0xFB92, 0xF392, 0xFB92, 0xF392, 0xFBB3, 0xF3B3, 0xF392, 0xFBB3, 0xF3B3, 0xF3B2, 0xFBB3, 0xF3B3,
    0xFBD4, 0xF3D3, 0xF3D3, 0xFBD4, 0xF3D4, 0xF3D3, 0xF3F4, 0xF3F4, 0xFBF5, 0xF3F4, 0xF3F4, 0xFBF5,
    0xF3F4, 0xF3D4, 0xFBD5, 0xF353, 0xFF5E, 0xFE5B, 0xF313, 0xCB51, 0xFBB3, 0xEB92, 0xF3B3, 0xEBB2,
    0xF3B3, 0xEBB2, 0xE392, 0xEBB3, 0xE392, 0xE392, 0xE392, 0xDB72, 0xE392, 0xDB72, 0xD351, 0xDB72,
    0xD351, 0xCB51, 0xD351, 0xCB51, 0xCB51, 0xCB31, 0xC330, 0xCB31, 0xC330, 0xBB10, 0xC310, 0xBB10,
    0xB350, 0xB371, 0xB371, 0xB370, 0xB391, 0xB391, 0xB3B1, 0xB3D1, 0xB3D1, 0xB3F2, 0xB3F2, 0xB3F1,
    0xB432, 0xB432, 0xAC32, 0xB473, 0xAC72, 0xB493, 0xACB3, 0xA4B2, 0xACD3, 0xA4D3, 0x9CF2, 0xA513,
    0x9D13, 0x9D33, 0x9D33, 0x8DB3, 0x9C32, 0xFB56, 0xF75D, 0xFE9C, 0xF334, 0xFC16, 0xF415, 0xF415,
    0xF436, 0xF416, 0xEC15, 0xF436, 0xEC35, 0xF456, 0xEC55, 0xEC35, 0xF455, 0xEC35, 0xEC35, 0xEC35,
    0xEC35, 0xEC35, 0xEC35, 0xE414, 0xEC35, 0xEC14, 0xE414, 0xEC14, 0xE414, 0xEC14, 0xE414, 0xE3F3,
    0xEC14, 0xE3F4, 0xE3F3, 0xE3F4, 0xE3F3, 0xE3F4, 0xE3F3, 0xE3F3, 0xE3F3, 0xE3F3, 0xDBD2, 0xE3F3,
    0xDBD3, 0xE3F3, 0xE3D3, 0xDBD2, 0xE3F3, 0xE3D2, 0xDBD2, 0xE3D3, 0xDBD2, 0xE3D3, 0xE3D2, 0xDBB2,
    0xE3D2, 0xE3B2, 0xDBB2, 0xE3D2, 0xE3B2, 0xEBD2, 0xE3D2, 0xE3B2, 0xEBD2, 0xE3B2, 0xE3B1, 0xEBB2,
    0xE3B1, 0xEBD2, 0xEBB2, 0xE3B1, 0xEBB2, 0xEBB1, 0xE391, 0xEBB1, 0xEB91, 0xF3B2, 0xEB91, 0xEB91,
    0xF391, 0xF371, 0xF370, 0xF371, 0xF370, 0xFB71, 0xF370, 0xF370, 0xFB71, 0xF370, 0xF350, 0xFB70,
    0xF370, 0xFB70, 0xFB70, 0xF34F, 0xFB70, 0xFB70, 0xF34F, 0xFB70, 0xF36F, 0xFB70, 0xFB70, 0xF36F,
    0xFB70, 0xF36F, 0xF34F, 0xFB70, 0xF36F, 0xFB70, 0xFB70, 0xF36F, 0xFB70, 0xF36F, 0xF36F, 0xFB70,
    0xF36F, 0xFB70, 0xFB6F, 0xF34F, 0xFB70, 0xF36F, 0xF34F, 0xFB6F, 0xF36F, 0xFB70, 0xFB6F, 0xF34F,
    0xFB70, 0xF36F, 0xF36F, 0xFB6F, 0xF36F, 0xFB70, 0xF36F, 0xF34F, 0xFB70, 0xF36F, 0xF36F, 0xF370,
    0xF36F, 0xFB90, 0xF390, 0xF36F, 0xF390, 0xF390, 0xEB70, 0xF390, 0xF390, 0xF391, 0xF390, 0xEB90,
    0xF391, 0xF390, 0xEB90, 0xF390, 0xF390, 0xF391, 0xF390, 0xF390, 0xF391, 0xF390, 0xEB90, 0xF390,
    0xF390, 0xF391, 0xF390, 0xF370, 0xF391, 0xF390, 0xF370, 0xF390, 0xF370, 0xFB91, 0xF370, 0xF370,
    0xFB70, 0xF370, 0xF36F, 0xFB70, 0xF370, 0xFB70, 0xFB70, 0xF350, 0xFB70, 0xFB70, 0xF370, 0xFB70,
    0xFB70, 0xFB70, 0xFB70, 0xF370, 0xFB70, 0xFB70, 0xF370, 0xFB70, 0xF370, 0xFB71, 0xFB70, 0xF350,
    0xFB70, 0xF370, 0xF370, 0xFB71, 0xF370, 0xFB71, 0xFB71, 0xF370, 0xFB91, 0xFB71, 0xF370, 0xFB71,
    0xF371, 0xFB91, 0xFB91, 0xF371, 0xFB92, 0xFB71, 0xF371, 0xFB91, 0xF371, 0xFB92, 0xFB92, 0xF371,
    0xFB92, 0xFB92, 0xF371, 0xFB92, 0xF392, 0xFBB2, 0xFB92, 0xF392, 0xFBB2, 0xF392, 0xF392, 0xFBB3,
    0xF392, 0xFBB3, 0xFBB3, 0xF3B2, 0xFBB3, 0xFBB3, 0xF3B3, 0xFBD3, 0xF3D3, 0xFBD4, 0xF3D4, 0xF3D3,
    0xFBF4, 0xF3D4, 0xF3D4, 0xF3F4, 0xF3F4, 0xFBF5, 0xF3F4, 0xF3F4, 0xFBF5, 0xF3F4, 0xF3D4, 0xFB54,
    0xFF5D, 0xFE5B, 0xF314, 0xCB50, 0xFBB3, 0xEBB3, 0xEB92, 0xEBB3, 0xEB92, 0xEBB3, 0xEB92, 0xE392,
    0xEB93, 0xE392, 0xDB72, 0xE392, 0xDB72, 0xDB92, 0xDB72, 0xD351, 0xD372, 0xD351, 0xCB50, 0xCB51,
    0xCB30, 0xCB51, 0xCB30, 0xC330, 0xC330, 0xC310, 0xBB0F, 0xC310, 0xB371, 0xB370, 0xB391, 0xB391,
    0xB391, 0xB3B1, 0xB3B1, 0xB3B1, 0xB3D2, 0xB3D1, 0xB412, 0xB412, 0xB412, 0xB432, 0xB452, 0xAC52,
    0xAC73, 0xAC92, 0xACB3, 0xACB3, 0xA4B3, 0xA4F3, 0xA4F3, 0x9CF3, 0x9D33, 0x9D33, 0x9D54, 0x85D3,
    0x9C11, 0xFB57, 0xFF7E, 0xF67B, 0xF334, 0xF415, 0xFC16, 0xF416, 0xF415, 0xF436, 0xF436, 0xEC35,
    0xF436, 0xEC35, 0xF456, 0xEC55, 0xEC35, 0xEC55, 0xEC35, 0xEC34, 0xEC35, 0xEC34, 0xEC35, 0xEC35,
    0xE414, 0xEC35, 0xE414, 0xE414, 0xEC14, 0xE414, 0xEC14, 0xE414, 0xE3F3, 0xE414, 0xE3F3, 0xE3F3,
    0xE3F4, 0xE3F3, 0xE3F4, 0xE3F3, 0xE3D3, 0xE3F3, 0xE3F3, 0xDBD2, 0xE3F3, 0xDBD3, 0xE3F3, 0xE3D3,
    0xDBD2, 0xE3F3, 0xDBD2, 0xDBD2, 0xE3D3, 0xDBD2, 0xE3D3, 0xE3D2, 0xDBB2, 0xE3D2, 0xE3B2, 0xDBB2,
    0xE3D2, 0xE3B2, 0xE3D2, 0xE3D2, 0xE3B2, 0xEBD2, 0xE3B2, 0xE3B1, 0xEBB2, 0xE3B1, 0xEBD2, 0xEBB2,
    0xE3B1, 0xEBB2, 0xEBB1, 0xE391, 0xEBB1, 0xEB91, 0xF3B2, 0xEB91, 0xEB91, 0xF391, 0xF371, 0xEB70,
    0xF391, 0xF370, 0xF391, 0xF371, 0xF370, 0xF371, 0xF370, 0xF370, 0xFB70, 0xF370, 0xFB70, 0xFB70,
    0xF34F, 0xFB70, 0xF370, 0xF34F, 0xFB70, 0xF370, 0xFB70, 0xF370, 0xF36F, 0xFB70, 0xF370, 0xF36F,
    0xFB70, 0xF36F, 0xFB70, 0xF370, 0xF36F, 0xFB90, 0xF36F, 0xF36F, 0xFB70, 0xF36F, 0xFB70, 0xF370,
    0xF36F, 0xFB70, 0xF36F, 0xF36F, 0xFB70, 0xF36F, 0xFB70, 0xF370, 0xF36F, 0xFB70, 0xF36F, 0xF36F,
    0xFB70, 0xF36F, 0xFB70, 0xFB6F, 0xF34F, 0xFB70, 0xF36F, 0xF36F, 0xF370, 0xF36F, 0xFB90, 0xF390,
    0xF370, 0xF390, 0xF390, 0xEB90, 0xF390, 0xF390, 0xF391, 0xF390, 0xEB90, 0xF390, 0xF390, 0xEB90,
    0xF390, 0xF390, 0xF391, 0xF390, 0xF370, 0xF391, 0xF390, 0xEB70, 0xF390, 0xF390, 0xF391, 0xF390,
    0xF370, 0xF391, 0xF370, 0xF370, 0xF390, 0xF370, 0xFB90, 0xF370, 0xF370, 0xFB70, 0xF370, 0xF34F,
    0xFB70, 0xF350, 0xFB70, 0xFB70, 0xF370, 0xFB90, 0xFB70, 0xF370, 0xFB70, 0xF370, 0xFB70, 0xFB70,
    0xF370, 0xFB70, 0xFB70, 0xF370, 0xFB70, 0xF370, 0xFB71, 0xFB70, 0xF350, 0xFB71, 0xFB70, 0xF370,
    0xFB71, 0xF370, 0xFB71, 0xFB71, 0xF370, 0xFB91, 0xFB71, 0xF371, 0xFB91, 0xF371, 0xFB92, 0xFB91,
    0xF371, 0xFB92, 0xF371, 0xF371, 0xFB92, 0xF391, 0xFB92, 0xFB92, 0xF391, 0xFB92, 0xF392, 0xF391,
    0xFB92, 0xF392, 0xFB92, 0xFB92, 0xF392, 0xFBB2, 0xFB92, 0xF392, 0xFBB3, 0xF3B2, 0xFBB3, 0xFBB3,
    0xF3B3, 0xFBB3, 0xF3B3, 0xF3B3, 0xFBD4, 0xF3D3, 0xFBD4, 0xF3D4, 0xF3D4, 0xFBF4, 0xF3F4, 0xF3F4,
    0xF3F4, 0xF3F4, 0xFC15, 0xF3F5, 0xF3D4, 0xFBF5, 0xF3D4, 0xF353, 0xFF5D, 0xFE5B, 0xFB34, 0xCB50,
    0xF392, 0xF3B3, 0xEBB3, 0xEB92, 0xEBB3, 0xEB92, 0xEBB3, 0xEB92, 0xE392, 0xE392, 0xE392, 0xDB71,
    0xDB72, 0xDB71, 0xDB72, 0xD371, 0xD351, 0xD371, 0xCB51, 0xCB30, 0xCB51, 0xCB30, 0xCB51, 0xC330,
    0xC310, 0xC330, 0xBB10, 0xBB0F, 0xAB50, 0xB371, 0xB370, 0xB391, 0xB391, 0xB391, 0xB3B1, 0xB3B1,
    0xB3D1, 0xB3F2, 0xB3F1, 0xB412, 0xB432, 0xAC32, 0xB453, 0xAC52, 0xAC72, 0xAC93, 0xAC92, 0xACD3,
    0xACD3, 0xA4D3, 0xA513, 0x9D13, 0x9D13, 0x9D33, 0x9D33, 0x8DD3, 0x9C32, 0xFB56, 0xFF7E, 0xFE9B,
    0xF334, 0xF416, 0xF3F5, 0xFC16, 0xF416, 0xF415, 0xF436, 0xF435, 0xEC35, 0xF456, 0xEC35, 0xF456,
    0xEC55, 0xEC35, 0xEC55, 0xEC35, 0xE434, 0xEC35, 0xEC34, 0xEC35, 0xEC34, 0xE414, 0xEC35, 0xE414,
    0xE414, 0xEC14, 0xE414, 0xEC14, 0xE414, 0xE3F3, 0xE414, 0xE3F3, 0xE3F3, 0xE3F3, 0xE3F3, 0xE3F4,
    0xE3F3, 0xDBD3, 0xE3F3, 0xE3D3, 0xDBD2, 0xE3F3, 0xDBD3, 0xE3F3, 0xE3D3, 0xDBD2, 0xE3D3, 0xDBD2,
    0xDBD2, 0xE3D3, 0xDBD2, 0xE3D3, 0xE3D2, 0xDBB2, 0xE3D2, 0xE3B2, 0xE3B2, 0xE3D2, 0xE3B2, 0xEBD2,
    0xE3D2, 0xE3B2, 0xEBD2, 0xE3B2, 0xE3B1, 0xEBB2, 0xE3B1, 0xEBB2, 0xEBB2, 0xE3B1, 0xEBB2, 0xEBB1,
    0xE391, 0xEBB1, 0xEB91, 0xF3B2, 0xEB91, 0xEB91, 0xF391, 0xF391, 0xEB70, 0xF391, 0xF370, 0xF391,
    0xF371, 0xF370, 0xF391, 0xF370, 0xF370, 0xF370, 0xF370, 0xFB70, 0xFB70, 0xF34F, 0xFB70, 0xF370,
    0xF370, 0xF370, 0xF370, 0xFB90, 0xF370, 0xF370, 0xFB90, 0xF370, 0xF36F, 0xFB70, 0xF370, 0xFB90,
    0xF370, 0xF36F, 0xFB90, 0xF370, 0xF36F, 0xF370, 0xF36F, 0xFB70, 0xF370, 0xF36F, 0xFB70, 0xF370,
    0xF36F, 0xFB70, 0xF36F, 0xFB90, 0xF370, 0xF36F, 0xFB70, 0xF36F, 0xF36F, 0xFB6F, 0xF36F, 0xFB70,
    0xFB6F, 0xF36F, 0xFB70, 0xF36F, 0xF36F, 0xF390, 0xF370, 0xFB90, 0xF390, 0xF370, 0xF390, 0xF390,
    0xEB90, 0xF390, 0xF390, 0xF391, 0xF390, 0xF370, 0xF390, 0xF390, 0xF370, 0xF390, 0xF390, 0xF391,
    0xF390, 0xF370, 0xF391, 0xF390, 0xF370, 0xF390, 0xF390, 0xF391, 0xF390, 0xF370, 0xF391, 0xF370,
    0xF370, 0xF370, 0xF370, 0xFB90, 0xFB70, 0xF370, 0xFB70, 0xF370, 0xF34F, 0xFB70, 0xF370, 0xFB70,
    0xFB70, 0xF370, 0xFB70, 0xFB70, 0xF370, 0xFB70, 0xF370, 0xFB70, 0xFB70, 0xF370, 0xFB70, 0xFB70,
    0xF350, 0xFB70, 0xF370, 0xFB71, 0xFB70, 0xF370, 0xFB71, 0xF370, 0xF370, 0xFB71, 0xF370, 0xFB91,
    0xFB71, 0xF370, 0xFB91, 0xFB71, 0xF371, 0xFB91, 0xF391, 0xFB92, 0xFB91, 0xF371, 0xFB92, 0xF371,
    0xF371, 0xFB92, 0xF391, 0xFB92, 0xFB92, 0xF391, 0xFB92, 0xFB92, 0xF391, 0xFB92, 0xF392, 0xFB92,
    0xFB92, 0xF392, 0xFBB3, 0xF392, 0xF392, 0xFBB3, 0xF3B2, 0xFBB3, 0xFBB3, 0xF3B3, 0xFBD3, 0xF3B3,
    0xF3B3, 0xFBD4, 0xF3D3, 0xFBF4, 0xF3F4, 0xF3D4, 0xFBF4, 0xF3F4, 0xF3F4, 0xFBF5, 0xF3F4, 0xFC15,
    0xF3F4, 0xF3D4, 0xFBF5, 0xF353, 0xFF5D, 0xFE5B, 0xF333, 0xCB51, 0xFBB3, 0xEB92, 0xF3B3, 0xEBB3,
    0xEB92, 0xEBB3, 0xE392, 0xEBB3, 0xE392, 0xE392, 0xE392, 0xDB72, 0xDB71, 0xDB72, 0xD371, 0xDB72,
    0xD371, 0xCB51, 0xD351, 0xCB51, 0xCB30, 0xCB51, 0xC330, 0xCB31, 0xC330, 0xBB10, 0xC330, 0xBB10,
    0xB350, 0xB350, 0xB371, 0xB391, 0xB391, 0xB3B1, 0xB3B1, 0xB3D2, 0xB3D1, 0xB3D1, 0xB3F2, 0xB412,
    0xB432, 0xB432, 0xAC32, 0xB473, 0xAC72, 0xAC72, 0xACB3, 0xACB3, 0xACD3, 0xA4F3, 0xA4F3, 0xA513,
    0x9D13, 0x9D33, 0x9D53, 0x85B3, 0x9C32, 0xFB37, 0xFF5D, 0xFE9C, 0xF334, 0xF3F5, 0xF416, 0xF415,
    0xF436, 0xF436, 0xEC15, 0xF436, 0xF435, 0xEC35, 0xF456, 0xEC35, 0xF456, 0xEC35, 0xEC35, 0xEC55,
    0xEC35, 0xE434, 0xEC35, 0xE434, 0xEC35, 0xEC34, 0xE414, 0xEC34, 0xE414, 0xE414, 0xE414, 0xE414,
    0xEC14, 0xE414, 0xE3F3, 0xE414, 0xE3F3, 0xE3F3, 0xE3F3, 0xE3F3, 0xE3F4, 0xE3F3, 0xDBD3, 0xE3F3,
    0xE3D3, 0xDBD2, 0xE3D3, 0xDBD3, 0xE3F3, 0xE3D3, 0xDBD2, 0xE3D3, 0xE3D2, 0xDBB2, 0xE3D3, 0xE3D2,
    0xE3D3, 0xE3D2, 0xE3B2, 0xE3D2, 0xE3B2, 0xE3B2, 0xE3D2, 0xE3B2, 0xEBD2, 0xE3D2, 0xE3B2, 0xEBD2,
    0xE3B2, 0xE3B1, 0xEBB2, 0xE3B1, 0xEBB2, 0xEBB2, 0xE3B1, 0xEBB2, 0xEBB1, 0xE391, 0xEBB1, 0xEB91,
    0xF3B2, 0xEB91, 0xEB91, 0xF391, 0xF391, 0xEB70, 0xF391, 0xF371, 0xF391, 0xF391, 0xF370, 0xF391,
    0xF370, 0xF370, 0xF370, 0xF370, 0xFB70, 0xF370, 0xF370, 0xFB90, 0xF370, 0xF370, 0xF390, 0xF370,
    0xFB90, 0xF390, 0xF370, 0xF390, 0xF370, 0xF36F, 0xF370, 0xF370, 0xFB90, 0xF390, 0xF36F, 0xF390,
    0xF370, 0xF36F, 0xF370, 0xF370, 0xFB90, 0xF370, 0xF36F, 0xF390, 0xF370, 0xF36F, 0xF370, 0xF36F,
    0xFB90, 0xF370, 0xF36F, 0xFB90, 0xF36F, 0xF36F, 0xFB70, 0xF36F, 0xFB70, 0xFB6F, 0xF36F, 0xFB90,
    0xF370, 0xF36F, 0xF390, 0xF370, 0xF390, 0xF390, 0xF370, 0xF390, 0xF390, 0xEB70, 0xF390, 0xF390,
    0xF390, 0xF390, 0xF370, 0xF390, 0xF390, 0xF370, 0xF390, 0xF390, 0xF391, 0xF390, 0xF370, 0xF390,
    0xF390, 0xF370, 0xF390, 0xF370, 0xFB91, 0xF390, 0xF370, 0xFB90, 0xF370, 0xF370, 0xFB70, 0xF370,
    0xFB70, 0xFB70, 0xF34F, 0xFB70, 0xFB70, 0xF34F, 0xFB70, 0xF370, 0xFB70, 0xFB70, 0xF370, 0xFB70,
    0xFB70, 0xF370, 0xFB70, 0xF370, 0xFB91, 0xFB70, 0xF370, 0xFB70, 0xFB70, 0xF370, 0xFB70, 0xF370,
    0xFB71, 0xFB70, 0xF370, 0xFB71, 0xFB70, 0xF370, 0xFB71, 0xF370, 0xFB91, 0xFB71, 0xF371, 0xFB91,
    0xFB71, 0xF371, 0xFB91, 0xF371, 0xFB92, 0xFB91, 0xF371, 0xFB92, 0xF391, 0xF371, 0xFB92, 0xF391,
    0xFB92, 0xFB92, 0xF371, 0xFB92, 0xFB92, 0xF392, 0xFB92, 0xF392, 0xFBB3, 0xFBB2, 0xF392, 0xFBB3,
    0xFB92, 0xF392, 0xFBB3, 0xF3B3, 0xFBB3, 0xFBB3, 0xF3B3, 0xFBD4, 0xF3B3, 0xF3D3, 0xFBD4, 0xF3D4,
    0xFBF4, 0xF3F4, 0xF3F4, 0xFBF5, 0xF3F4, 0xF3F4, 0xFBF5, 0xF3F4, 0xFBF5, 0xF3F5, 0xF3D4, 0xFB74,
    0xFF5D, 0xF63A, 0xFB34, 0xC350, 0xFBB3, 0xF3B3, 0xEB92, 0xF3B3, 0xEB92, 0xE392, 0xEBB3, 0xE392,
    0xEBB3, 0xE392, 0xDB72, 0xE392, 0xDB72, 0xD371, 0xDB72, 0xD371, 0xDB72, 0xD351, 0xCB51, 0xD351,
    0xCB51, 0xC330, 0xCB31, 0xC330, 0xC331, 0xC330, 0xBB10, 0xC330, 0xB371, 0xB371, 0xB370, 0xB391,
    0xB391, 0xBBB2, 0xB3B1, 0xB3B1, 0xB3D2, 0xB3F2, 0xB3F1, 0xB412, 0xB412, 0xB453, 0xB452, 0xAC52,
    0xB493, 0xAC93, 0xA492, 0xACB3, 0xA4D3, 0xACF3, 0xA4F3, 0x9CF3, 0xA533, 0x9D33, 0x9533, 0x8DD3,
    0x9C11, 0xFB37, 0xFF7D, 0xFE7B, 0xF354, 0xF415, 0xF3F5, 0xF416, 0xF415, 0xF436, 0xF436, 0xEC35,
    0xF456, 0xEC35, 0xEC35, 0xEC55, 0xEC35, 0xF456, 0xEC35, 0xEC35, 0xEC35, 0xEC35, 0xE414, 0xEC35,
    0xE414, 0xEC35, 0xEC14, 0xE414, 0xEC34, 0xE414, 0xE413, 0xE414, 0xE414, 0xEC14, 0xE414, 0xE3F3,
    0xE414, 0xE3F3, 0xDBF3, 0xE3F3, 0xE3F3, 0xE3F4, 0xE3F3, 0xDBD3, 0xE3F3, 0xE3D3, 0xDBD2, 0xE3F3,
    0xDBD2, 0xE3F3, 0xE3D3, 0xDBD2, 0xE3D3, 0xE3D2, 0xDBD2, 0xE3D3, 0xE3D2, 0xE3D3, 0xE3D2, 0xE3B2,
    0xE3D2, 0xE3D2, 0xE3B2, 0xE3D2, 0xE3D2, 0xEBD2, 0xE3D2, 0xE3B2, 0xEBD2, 0xE3B2, 0xE3B1, 0xEBB2,
    0xE3B1, 0xEBB2, 0xEBB2, 0xE3B1, 0xEBB2, 0xEBB1, 0xEB91, 0xEBB1, 0xEB91, 0xF3B2, 0xEB91, 0xEB91,
    0xF391, 0xF391, 0xEB70, 0xF391, 0xF371, 0xF391, 0xF391, 0xF370, 0xF391, 0xF370, 0xF370, 0xF370,
    0xF370, 0xFB71, 0xF370, 0xF370, 0xF390, 0xF370, 0xF370, 0xF390, 0xF370, 0xFB91, 0xF390, 0xF370,
    0xF390, 0xF370, 0xF36F, 0xF390, 0xF370, 0xFB90, 0xF390, 0xF370, 0xF390, 0xF370, 0xF36F, 0xF390,
    0xF370, 0xFB90, 0xF390, 0xF36F, 0xF390, 0xF370, 0xF36F, 0xF390, 0xF370, 0xFB90, 0xF370, 0xF36F,
    0xFB90, 0xF36F, 0xF36F, 0xFB6F, 0xF36F, 0xFB90, 0xF370, 0xF36F, 0xFB90, 0xF370, 0xF36F, 0xF390,
    0xF390, 0xF390, 0xF390, 0xF370, 0xF390, 0xF390, 0xF370, 0xF390, 0xF390, 0xF390, 0xF390, 0xF370,
    0xF390, 0xF370, 0xF370, 0xF390, 0xF370, 0xF391, 0xF390, 0xF370, 0xF390, 0xF370, 0xF370, 0xF390,
    0xF370, 0xFB91, 0xF370, 0xF370, 0xFB90, 0xF370, 0xF36F, 0xFB70, 0xF370, 0xFB70, 0xFB70, 0xF350,
    0xFB70, 0xFB70, 0xF36F, 0xFB70, 0xF370, 0xFB70, 0xFB70, 0xF370, 0xFB90, 0xFB70, 0xF370, 0xFB70,
    0xF370, 0xFB91, 0xFB70, 0xF370, 0xFB71, 0xFB70, 0xF370, 0xFB70, 0xF370, 0xFB71, 0xFB70, 0xF370,
    0xFB71, 0xFB70, 0xF370, 0xFB71, 0xF371, 0xFB91, 0xFB91, 0xF371, 0xFB91, 0xF371, 0xF371, 0xFB91,
    0xF371, 0xFB92, 0xFB91, 0xF371, 0xFB92, 0xF391, 0xF371, 0xFB92, 0xF391, 0xFB92, 0xFB92, 0xF391,
    0xFBB2, 0xFB92, 0xF392, 0xFB92, 0xF392, 0xFBB3, 0xFBB2, 0xF392, 0xFBB3, 0xFBB3, 0xF3B2, 0xFBB3,
    0xF3B3, 0xFBB3, 0xFBB3, 0xF3B3, 0xFBD4, 0xF3D3, 0xF3D3, 0xFBD4, 0xF3D4, 0xFBF4, 0xF3F4, 0xF3F4,
    0xFC15, 0xF3F4, 0xF3F4, 0xFBF5, 0xF3F4, 0xFBF5, 0xFBF5, 0xF353, 0xFF7E, 0xFE5B, 0xF333, 0xCB51,
    0xFBB3, 0xF3B3, 0xEBB3, 0xEB92, 0xEBB3, 0xEB92, 0xE392, 0xEB93, 0xE392, 0xE393, 0xE392, 0xDB72,
    0xE392, 0xDB72, 0xD371, 0xDB72, 0xD351, 0xD372, 0xD351, 0xCB31, 0xCB51, 0xCB31, 0xC330, 0xC330,
    0xC330, 0xC331, 0xC310, 0xBB0F, 0xB350, 0xB371, 0xB371, 0xB370, 0xB391, 0xB391, 0xBBB2, 0xB3D1,
    0xB3D1, 0xB3F2, 0xB3F2, 0xAC11, 0xB432, 0xB432, 0xB453, 0xB472, 0xAC72, 0xAC93, 0xAC93, 0xA4B2,
    0xACD3, 0xA4D3, 0xA513, 0xA513, 0x9D13, 0x9D53, 0x9D33, 0x85B3, 0x9C11, 0xFB16, 0xFF7E, 0xFE9C,
    0xF334, 0xFC16, 0xF3F5, 0xF415, 0xF416, 0xF415, 0xF436, 0xF436, 0xEC35, 0xF456, 0xEC35, 0xEC35,
    0xEC55, 0xEC35, 0xEC55, 0xEC35, 0xEC34, 0xEC35, 0xEC35, 0xE414, 0xEC35, 0xE414, 0xEC35, 0xE414,
    0xE414, 0xEC14, 0xE414, 0xE3F3, 0xE414, 0xE3F4, 0xEC14, 0xE414, 0xE3F3, 0xE414, 0xE3F3, 0xDBF3,
    0xE3F3, 0xE3F3, 0xE3F4, 0xE3F3, 0xDBD3, 0xE3F3, 0xE3D3, 0xDBD2, 0xE3D3, 0xDBD2, 0xE3F3, 0xE3D3,
    0xDBD2, 0xE3D3, 0xE3D2, 0xDBB2, 0xE3D3, 0xE3D2, 0xE3D3, 0xE3D2, 0xE3B2, 0xE3D2, 0xE3D2, 0xE3B2,
    0xE3D2, 0xE3D2, 0xEBD2, 0xE3D2, 0xE3B2, 0xEBD2, 0xE3B2, 0xE3B1, 0xEBB2, 0xE3B1, 0xEBB2, 0xEBB2,
    0xE3B1, 0xEBB2, 0xEBB1, 0xEB91, 0xEBB1, 0xEB91, 0xF3B2, 0xEB91, 0xEB91, 0xF391, 0xF391, 0xEB70,
    0xF391, 0xF391, 0xF391, 0xF391, 0xF370, 0xF391, 0xF370, 0xF370, 0xF370, 0xF370, 0xFB91, 0xF390,
    0xF370, 0xF391, 0xF370, 0xF370, 0xF390, 0xF390, 0xF391, 0xF390, 0xF370, 0xF390, 0xF370, 0xF370,
    0xF390, 0xF390, 0xF390, 0xF390, 0xF370, 0xF390, 0xF370, 0xF370, 0xF390, 0xF370, 0xF390, 0xF390,
    0xF370, 0xF390, 0xF370, 0xF36F, 0xF390, 0xF370, 0xFB90, 0xF370, 0xF36F, 0xFB70, 0xF36F, 0xF36F,
    0xFB70, 0xF36F, 0xFB90, 0xF370, 0xF36F, 0xF390, 0xF370, 0xF36F, 0xF390, 0xF390, 0xF390, 0xF390,
    0xF370, 0xF390, 0xF370, 0xF36F, 0xF390, 0xF370, 0xF390, 0xF390, 0xF370, 0xF390, 0xF370, 0xF370,
    0xF390, 0xF370, 0xFB91, 0xF390, 0xF370, 0xF390, 0xF370, 0xF370, 0xF390, 0xF370, 0xFB91, 0xF370,
    0xF370, 0xFB70, 0xF370, 0xF36F, 0xFB70, 0xF370, 0xFB70, 0xFB70, 0xF34F, 0xFB70, 0xFB70, 0xF370,
    0xFB70, 0xF370, 0xFB70, 0xFB70, 0xF370, 0xFB90, 0xFB70, 0xF370, 0xFB70, 0xF370, 0xFB91, 0xFB70,
    0xF370, 0xFB71, 0xFB70, 0xF370, 0xFB70, 0xF370, 0xFB71, 0xFB70, 0xF370, 0xFB91, 0xFB71, 0xF370,
    0xFB71, 0xF371, 0xFB91, 0xFB91, 0xF371, 0xFB91, 0xF371, 0xF371, 0xFB91, 0xF391, 0xFB92, 0xFB91,
    0xF371, 0xFB92, 0xF391, 0xF371, 0xFB92, 0xF392, 0xFB92, 0xFB92, 0xF392, 0xFBB2, 0xFB92, 0xF392,
    0xFBB3, 0xF392, 0xFBB3, 0xFBB2, 0xF392, 0xFBB3, 0xFBB3, 0xF3B2, 0xFBB3, 0xF3B3, 0xFBD4, 0xFBD3,
    0xF3B3, 0xFBD4, 0xF3D4, 0xF3D3, 0xFBF4, 0xF3F4, 0xFBF5, 0xF3F4, 0xF3F4, 0xFC15, 0xF3F4, 0xF3F4,
    0xFBF5, 0xF3F4, 0xFBF5, 0xFB54, 0xFF5D, 0xFE7B, 0xF334, 0xC350, 0xFBB3, 0xEBB3, 0xF3B3, 0xEBB3,
    0xEB92, 0xEBB3, 0xEB92, 0xE392, 0xE393, 0xE392, 0xE393, 0xE392, 0xDB72, 0xDB92, 0xDB72, 0xD351,
    0xD371, 0xD351, 0xD351, 0xCB51, 0xCB30, 0xCB51, 0xC330, 0xC330, 0xC330, 0xC330, 0xC330, 0xBB10,
    0xB371, 0xB370, 0xB391, 0xB391, 0xB391, 0xB3B1, 0xB3B1, 0xBBD2, 0xB3D2, 0xB3D1, 0xB412, 0xB412,
    0xAC12, 0xB432, 0xAC52, 0xB473, 0xAC73, 0xAC72, 0xACB3, 0xACB3, 0xA4D2, 0xA4F3, 0xA4F3, 0xA513,
    0x9D33, 0x9D33, 0x9D53, 0x8DD3, 0x9411, 0xFB16, 0xFF5D, 0xFE9C, 0xF334, 0xF3F5, 0xF416, 0xF415,
    0xF415, 0xF436, 0xF435, 0xF436, 0xF436, 0xEC35, 0xF456, 0xEC35, 0xEC35, 0xEC55, 0xEC35, 0xEC55,
    0xEC35, 0xE434, 0xEC35, 0xEC34, 0xE414, 0xEC35, 0xE414, 0xEC35, 0xE414, 0xE414, 0xEC14, 0xE414,
    0xE3F3, 0xE414, 0xE3F3, 0xE414, 0xE3F4, 0xE3F3, 0xE414, 0xE3F3, 0xDBF3, 0xE3F3, 0xE3F3, 0xE3F3,
    0xE3F3, 0xDBD3, 0xE3F3, 0xDBD3, 0xDBD2, 0xE3D3, 0xDBD2, 0xE3F3, 0xE3D3, 0xDBD2, 0xE3D3, 0xE3D2,
    0xDBB2, 0xE3D3, 0xE3D2, 0xE3D3, 0xE3D2, 0xE3B2, 0xE3D2, 0xE3D2, 0xE3B2, 0xE3D2, 0xE3D2, 0xEBD2,
    0xE3D2, 0xE3B2, 0xEBD2, 0xE3B2, 0xE3B1, 0xEBB2, 0xE3B1, 0xEBB2, 0xEBB2, 0xE3B1, 0xEBB2, 0xEBB1,
    0xEB91, 0xEBB1, 0xEB91, 0xF3B2, 0xEB91, 0xEB91, 0xF391, 0xEB91, 0xEB90, 0xF391, 0xEB91, 0xF391,
    0xF391, 0xF370, 0xF391, 0xF370, 0xF370, 0xF391, 0xF370, 0xF391, 0xF390, 0xF370, 0xF391, 0xF390,
    0xF370, 0xF390, 0xF390, 0xF391, 0xF390, 0xF370, 0xF390, 0xF390, 0xF370, 0xF390, 0xF390, 0xF390,
    0xF390, 0xF370, 0xF390, 0xF390, 0xEB70, 0xF390, 0xF390, 0xF390, 0xF390, 0xF370, 0xF390, 0xF390,
    0xF36F, 0xF390, 0xF370, 0xFB90, 0xF370, 0xF36F, 0xFB70, 0xF36F, 0xF36F, 0xFB70, 0xF36F, 0xFB90,
    0xF390, 0xF36F, 0xF390, 0xF390, 0xF36F, 0xF390, 0xF390, 0xF390, 0xF390, 0xF370, 0xF390, 0xF370,
    0xF36F, 0xF390, 0xF370, 0xFB90, 0xF390, 0xF370, 0xF390, 0xF370, 0xF370, 0xF390, 0xF370, 0xFB90,
    0xF390, 0xF370, 0xF390, 0xF370, 0xF370, 0xF390, 0xF370, 0xFB90, 0xF370, 0xF370, 0xFB70, 0xF370,
    0xF34F, 0xFB70, 0xF370, 0xFB70, 0xFB70, 0xF370, 0xFB70, 0xFB70, 0xF370, 0xFB70, 0xF370, 0xFB70,
    0xFB70, 0xF370, 0xFB90, 0xFB70, 0xF370, 0xFB70, 0xF370, 0xFB91, 0xFB70, 0xF370, 0xFB71, 0xFB70,
    0xF370, 0xFB70, 0xF370, 0xFB71, 0xFB71, 0xF370, 0xFB91, 0xFB71, 0xF370, 0xFB91, 0xF371, 0xFB91,
    0xFB91, 0xF371, 0xFB92, 0xFB71, 0xF371, 0xFB92, 0xF391, 0xFB92, 0xFB91, 0xF371, 0xFB92, 0xF371,
    0xF371, 0xFB92, 0xF392, 0xFBB2, 0xFB92, 0xF392, 0xFBB3, 0xF392, 0xF392, 0xFBB3, 0xF3B2, 0xFBB3,
    0xFBB3, 0xF392, 0xFBB3, 0xFBB3, 0xF3B3, 0xFBD3, 0xF3D3, 0xFBD4, 0xFBD4, 0xF3D3, 0xFBF4, 0xF3D4,
    0xF3D4, 0xF3F4, 0xF3F4, 0xFC15, 0xF3F4, 0xF3F4, 0xFC15, 0xF3F5, 0xF3F4, 0xFBF5, 0xF3F4, 0xFB74,
    0xFF5D, 0xFE5B, 0xFB34, 0xCB51, 0xF3B2, 0xF3B3, 0xEBB3, 0xF3B3, 0xEBB3, 0xEB92, 0xEBB3, 0xE392,
    0xE392, 0xE392, 0xE392, 0xE392, 0xDB92, 0xDB71, 0xDB72, 0xD371, 0xD351, 0xD351, 0xCB51, 0xD351,
    0xCB51, 0xC330, 0xCB51, 0xC330, 0xC310, 0xC330, 0xBB10, 0xC330, 0xB371, 0xB371, 0xB370, 0xB391,
    0xB391, 0xB391, 0xB3B1, 0xB3B1, 0xBBF2, 0xB3F2, 0xB3F1, 0xB412, 0xB412, 0xAC32, 0xB452, 0xAC52,
    0xB493, 0xAC93, 0xAC92, 0xACD3, 0xA4D3, 0xA4D2, 0xA4F3, 0x9D13, 0xA534, 0x9D33, 0x9533, 0x8DD3,
    0x9C11, 0xFB16, 0xFF7E, 0xFE9B, 0xFB54, 0xF415, 0xF3F5, 0xF416, 0xF416, 0xEC15, 0xF436, 0xEC35,
    0xF456, 0xF456, 0xEC35, 0xF456, 0xEC35, 0xEC35, 0xEC35, 0xEC35, 0xEC35, 0xEC35, 0xE414, 0xEC35,
    0xEC14, 0xE414, 0xEC14, 0xE414, 0xEC35, 0xE414, 0xE414, 0xE414, 0xE414, 0xE3F3, 0xE414, 0xE3F3,
    0xE414, 0xE3F4, 0xE3F3, 0xE3F4, 0xE3F3, 0xDBF3, 0xE3F3, 0xDBF3, 0xE3F3, 0xE3F3, 0xDBD3, 0xE3F3,
    0xDBD3, 0xDBD2, 0xE3D3, 0xDBD2, 0xE3D3, 0xE3D3, 0xDBD2, 0xE3D3, 0xE3D2, 0xDBB2, 0xE3D3, 0xE3D2,
    0xE3D3, 0xE3D2, 0xE3B2, 0xE3D2, 0xE3D2, 0xE3B2, 0xE3D2, 0xE3D2, 0xEBD2, 0xE3D2, 0xE3B2, 0xEBD2,
    0xE3B2, 0xE3B1, 0xEBB2, 0xE3B1, 0xEBB2, 0xEBB2, 0xE3B1, 0xEBB2, 0xEBB1, 0xEB91, 0xEBB1, 0xEB91,
    0xF3B2, 0xEB91, 0xEB91, 0xF3B1, 0xEB91, 0xEB90, 0xF391, 0xEB91, 0xF391, 0xF391, 0xF370, 0xF391,
    0xF370, 0xEB70, 0xF391, 0xF390, 0xF391, 0xF390, 0xF370, 0xF391, 0xF390, 0xEB70, 0xF391, 0xF390,
    0xF391, 0xF390, 0xF370, 0xF390, 0xF390, 0xEB70, 0xF390, 0xF390, 0xF391, 0xF390, 0xF370, 0xF390,
    0xF390, 0xEB70, 0xF390, 0xF390, 0xF390, 0xF390, 0xF370, 0xF390, 0xF390, 0xF36F, 0xF390, 0xF370,
    0xFB90, 0xF370, 0xF36F, 0xFB6F, 0xF36F, 0xF36F, 0xF370, 0xF36F, 0xFB90, 0xF390, 0xF370, 0xF390,
    0xF390, 0xF370, 0xF390, 0xF370, 0xFB90, 0xF390, 0xF36F, 0xF390, 0xF370, 0xF36F, 0xF370, 0xF370,
    0xFB90, 0xF370, 0xF370, 0xFB90, 0xF370, 0xF36F, 0xF370, 0xF370, 0xFB90, 0xF390, 0xF370, 0xF390,
    0xF370, 0xF370, 0xF370, 0xF370, 0xFB90, 0xF370, 0xF370, 0xFB70, 0xF370, 0xF34F, 0xFB70, 0xF370,
    0xFB70, 0xFB70, 0xF370, 0xFB90, 0xFB70, 0xF370, 0xFB70, 0xF370, 0xFB91, 0xFB70, 0xF370, 0xFB91,
    0xF370, 0xF370, 0xFB70, 0xF370, 0xFB91, 0xFB70, 0xF370, 0xFB71, 0xFB70, 0xF370, 0xFB71, 0xF370,
    0xFB91, 0xFB71, 0xF370, 0xFB91, 0xFB91, 0xF371, 0xFB91, 0xF371, 0xFB92, 0xFB91, 0xF371, 0xFB92,
    0xFB91, 0xF371, 0xFB92, 0xF391, 0xFB92, 0xFB91, 0xF371, 0xFB92, 0xF392, 0xF391, 0xFB92, 0xF392,
    0xFBB2, 0xFB92, 0xF392, 0xFBB3, 0xFB92, 0xF392, 0xFBB3, 0xF3B2, 0xFBB3, 0xFBB3, 0xF3B3, 0xFBD3,
    0xF3B3, 0xF3B3, 0xFBD4, 0xF3D3, 0xFBD4, 0xF3D4, 0xF3D3, 0xFBF4, 0xF3F4, 0xF3F4, 0xF3F4, 0xF3F4,
    0xFC15, 0xF415, 0xF3F4, 0xFC15, 0xF3F5, 0xF3F4, 0xFBF5, 0xF353, 0xFF7E, 0xFE5B, 0xF313, 0xCB51,
    0xFBB3, 0xEBB2, 0xF3B3, 0xEBB2, 0xEBB3, 0xEBB3, 0xE392, 0xEBB3, 0xE392, 0xE392, 0xE392, 0xDB92,
    0xE392, 0xDB72, 0xD371, 0xDB72, 0xD371, 0xCB51, 0xD351, 0xCB51, 0xCB51, 0xCB51, 0xC330, 0xCB31,
    0xC330, 0xBB10, 0xC330, 0xBB10, 0xB370, 0xB371, 0xB371, 0xB371, 0xB3B1, 0xB391, 0xB3B1, 0xB3D2,
    0xB3D1, 0xB3F2, 0xB3F2, 0xB412, 0xB432, 0xB432, 0xAC32, 0xB473, 0xAC72, 0xB493, 0xACB3, 0xA4B2,
    0xACD3, 0xA4D3, 0x9CF3, 0xA513, 0x9D13, 0x9D54, 0x9D53, 0x85B3, 0x9C31, 0xFB16, 0xF75D, 0xFE9C,
    0xF334, 0xFC16, 0xF416, 0xF415, 0xF436, 0xF436, 0xEC35, 0xF436, 0xEC35, 0xF456, 0xEC56, 0xEC35,
    0xEC56, 0xEC35, 0xEC35, 0xEC55, 0xEC35, 0xEC55, 0xEC35, 0xE434, 0xEC35, 0xE434, 0xE414, 0xEC34,
    0xE414, 0xEC35, 0xE414, 0xE414, 0xE414, 0xE414, 0xE3F3, 0xE414, 0xE3F3, 0xE414, 0xE414, 0xDBF3,
    0xE414, 0xE3F3, 0xDBF3, 0xE3F3, 0xDBF3, 0xE3F3, 0xE3F3, 0xDBD3, 0xE3F3, 0xDBD3, 0xDBD2, 0xE3F3,
    0xDBD2, 0xE3F3, 0xE3D3, 0xDBD2, 0xE3D3, 0xE3D2, 0xDBD2, 0xE3D2, 0xE3D2, 0xE3D3, 0xE3D2, 0xE3D2,
    0xE3D2, 0xE3D2, 0xE3D2, 0xE3D2, 0xE3D2, 0xEBD2, 0xE3D2, 0xE3B2, 0xEBD2, 0xE3B2, 0xE3B1, 0xEBB2,
    0xE3B1, 0xEBB2, 0xEBB2, 0xEBB1, 0xEBB2, 0xEBB1, 0xEB91, 0xEBB1, 0xEB91, 0xF3B2, 0xEB91, 0xEB91,
    0xF3B1, 0xEB91, 0xEB91, 0xF391, 0xEB91, 0xF391, 0xF391, 0xEB70, 0xF391, 0xF391, 0xEB70, 0xF391,
    0xF390, 0xF391, 0xF391, 0xF390, 0xF391, 0xF390, 0xEB90, 0xF391, 0xF390, 0xF391, 0xF390, 0xF390,
    0xF391, 0xF390, 0xEB90, 0xF390, 0xF390, 0xF391, 0xF390, 0xF390, 0xF390, 0xF390, 0xEB90, 0xF390,
    0xF390, 0xF391, 0xF390, 0xF370, 0xF390, 0xF390, 0xF36F, 0xF390, 0xF370, 0xFB70, 0xF36F, 0xF34F,
    0xFB70, 0xF36F, 0xF36F, 0xF370, 0xF370, 0xF390, 0xF390, 0xF370, 0xF390, 0xF390, 0xF36F, 0xF390,
    0xF370, 0xFB90, 0xF370, 0xF36F, 0xFB90, 0xF370, 0xF36F, 0xF370, 0xF370, 0xFB90, 0xF370, 0xF36F,
    0xFB90, 0xF370, 0xF36F, 0xF370, 0xF370, 0xFB90, 0xF390, 0xF370, 0xFB90, 0xF370, 0xF370, 0xF370,
    0xF370, 0xFB90, 0xF370, 0xF370, 0xFB70, 0xF370, 0xF34F, 0xFB70, 0xF370, 0xFB70, 0xFB70, 0xF370,
    0xFB70, 0xFB70, 0xF370, 0xFB70, 0xF370, 0xFB91, 0xFB70, 0xF370, 0xFB91, 0xF370, 0xF370, 0xFB71,
    0xF370, 0xFB91, 0xFB70, 0xF370, 0xFB71, 0xFB70, 0xF370, 0xFB71, 0xF370, 0xFB91, 0xFB71, 0xF370,
    0xFB91, 0xF371, 0xF370, 0xFB91, 0xF371, 0xFB92, 0xFB91, 0xF371, 0xFB92, 0xFB91, 0xF371, 0xFB92,
    0xF391, 0xFB92, 0xFB92, 0xF371, 0xFB92, 0xF392, 0xF391, 0xFB92, 0xF392, 0xFBB3, 0xFB92, 0xF392,
    0xFBB3, 0xF3B3, 0xF3B2, 0xFBB3, 0xF3B2, 0xFBB3, 0xFBB3, 0xF3B3, 0xFBD4, 0xF3B3, 0xF3B3, 0xFBD4,
    0xF3D3, 0xFBF4, 0xF3F4, 0xF3D4, 0xFBF4, 0xF3F4, 0xF3F4, 0xF415, 0xF3F4, 0xFC15, 0xF415, 0xF3F4,
    0xFC15, 0xF3F5, 0xF3D4, 0xFB74, 0xFF5D, 0xFE5B, 0xF334, 0xC330, 0xFBB3, 0xEBB3, 0xEBB2, 0xEBB3,
    0xEBB2, 0xEBB3, 0xEBB3, 0xE392, 0xEBB3, 0xE392, 0xDB92, 0xE392, 0xDB72, 0xDB92, 0xDB72, 0xD371,
    0xD372, 0xD351, 0xCB51, 0xCB51, 0xCB51, 0xCB51, 0xCB31, 0xC330, 0xC331, 0xC330, 0xBB10, 0xC310,
    0xB371, 0xB370, 0xB391, 0xB391, 0xB391, 0xB3B1, 0xB3B1, 0xB3B1, 0xB3D2, 0xB3F1, 0xB412, 0xB412,
    0xB412, 0xB452, 0xB452, 0xAC52, 0xB473, 0xAC92, 0xACB3, 0xACB3, 0xA4D3, 0xA4F3, 0xA4F3, 0x9D13,
    0x9D33, 0x9D33, 0x9D54, 0x8DD3, 0x9411, 0xFB37, 0xFF7D, 0xFE7B, 0xF354, 0xF415, 0xFC16, 0xF416,
    0xF415, 0xF436, 0xF436, 0xEC35, 0xF456, 0xEC35, 0xF456, 0xEC55, 0xEC35, 0xEC56, 0xEC35, 0xE435,
    0xEC35, 0xEC35, 0xEC35, 0xEC35, 0xE414, 0xEC35, 0xE414, 0xE414, 0xEC14, 0xE414, 0xEC35, 0xE414,
    0xE414, 0xE414, 0xE414, 0xE3F3, 0xE414, 0xE3F3, 0xE414, 0xE3F3, 0xDBF3, 0xE414, 0xE3F3, 0xDBF3,
    0xE3F3, 0xDBF3, 0xE3F3, 0xE3F3, 0xDBD3, 0xE3F3, 0xDBD3, 0xDBD2, 0xE3D3, 0xDBD2, 0xE3F3, 0xE3D3,
    0xDBD2, 0xE3D3, 0xE3D2, 0xDBD2, 0xE3D2, 0xE3D2, 0xE3D3, 0xE3D2, 0xE3D2, 0xE3D2, 0xE3D2, 0xE3D2,
    0xE3D2, 0xE3D2, 0xEBD2, 0xE3D2, 0xE3B2, 0xEBD2, 0xE3B2, 0xE3B1, 0xEBB2, 0xE3B1, 0xEBB2, 0xEBB2,
    0xEBB1, 0xEBB2, 0xEBB1, 0xEB91, 0xEBB2, 0xEB91, 0xF3B2, 0xEB91, 0xEB91, 0xF3B1, 0xEB91, 0xEB91,
    0xF391, 0xEB91, 0xF391, 0xF391, 0xEB90, 0xF391, 0xF391, 0xEB90, 0xF391, 0xF390, 0xF391, 0xF391,
    0xEB90, 0xF391, 0xF390, 0xEB90, 0xF391, 0xF390, 0xF391, 0xF390, 0xEB90, 0xF391, 0xF390, 0xEB90,
    0xF391, 0xF390, 0xF391, 0xF390, 0xEB90, 0xF391, 0xF390, 0xEB90, 0xF390, 0xF390, 0xF391, 0xF390,
    0xF390, 0xF390, 0xF390, 0xF370, 0xF390, 0xF370, 0xFB70, 0xF370, 0xF34F, 0xFB90, 0xF370, 0xF36F,
    0xF390, 0xF390, 0xF390, 0xF390, 0xF370, 0xF390, 0xF370, 0xF36F, 0xF370, 0xF36F, 0xFB70, 0xF370,
    0xF36F, 0xFB70, 0xF370, 0xF36F, 0xFB70, 0xF370, 0xFB70, 0xF370, 0xF36F, 0xFB70, 0xF370, 0xF36F,
    0xF370, 0xF370, 0xFB90, 0xF370, 0xF370, 0xFB90, 0xF370, 0xF370, 0xF370, 0xF370, 0xFB90, 0xF370,
    0xF370, 0xFB70, 0xF370, 0xF370, 0xFB70, 0xF370, 0xFB70, 0xFB70, 0xF370, 0xFB70, 0xF370, 0xF370,
    0xFB70, 0xF370, 0xFB71, 0xFB70, 0xF370, 0xFB91, 0xF370, 0xF370, 0xFB71, 0xF370, 0xFB71, 0xFB70,
    0xF370, 0xFB71, 0xF370, 0xF370, 0xFB71, 0xF370, 0xFB91, 0xFB71, 0xF371, 0xFB91, 0xFB71, 0xF371,
    0xFB71, 0xF371, 0xFB92, 0xFB91, 0xF371, 0xFB92, 0xF371, 0xF371, 0xFB92, 0xF371, 0xFB92, 0xFB92,
    0xF391, 0xFB92, 0xF392, 0xF391, 0xFB92, 0xF392, 0xFBB3, 0xFBB2, 0xF392, 0xFBB3, 0xF392, 0xF392,
    0xFBB3, 0xF3B3, 0xFBB3, 0xFBD3, 0xF3B3, 0xFBD4, 0xF3D3, 0xF3D3, 0xFBD4, 0xF3D4, 0xFBF4, 0xF3F4,
    0xF3F4, 0xFC15, 0xF3F4, 0xF3F4, 0xF415, 0xF414, 0xFC15, 0xF415, 0xF3F4, 0xFBF5, 0xF3F5, 0xF353,
    0xFF5E, 0xFE5B, 0xFB34, 0xCB51, 0xF3B3, 0xF3B3, 0xEBB3, 0xEB92, 0xEBB3, 0xEBB2, 0xEBB3, 0xEBB3,
    0xE392, 0xE3B3, 0xE392, 0xDB72, 0xDB92, 0xDB72, 0xDB72, 0xD372, 0xD351, 0xD372, 0xCB51, 0xCB51,
    0xCB51, 0xCB31, 0xCB51, 0xC330, 0xC330, 0xC330, 0xBB10, 0xBB0F, 0xB350, 0xB371, 0xB371, 0xBB91,
    0xB391, 0xB391, 0xB3D2, 0xB3B1, 0xB3D1, 0xB3F2, 0xB3F2, 0xB412, 0xB432, 0xAC32, 0xB453, 0xAC52,
    0xAC72, 0xAC93, 0xAC93, 0xACD3, 0xACD3, 0xA4D3, 0xA513, 0xA513, 0x9D13, 0x9D33, 0x9D33, 0x8DD3,
    0x9C31, 0xFB36, 0xFF7E, 0xFE9B, 0xF334, 0xF416, 0xF3F5, 0xFC36, 0xF436, 0xF415, 0xF436, 0xF436,
    0xEC35, 0xF456, 0xEC55, 0xF456, 0xEC55, 0xEC35, 0xEC55, 0xEC35, 0xE434, 0xEC35, 0xE435, 0xEC35,
    0xEC35, 0xE414, 0xEC35, 0xE414, 0xE414, 0xE414, 0xE414, 0xEC14, 0xE414, 0xE3F4, 0xE414, 0xE414,
    0xDBF3, 0xE414, 0xE3F3, 0xE414, 0xE3F3, 0xDBF3, 0xE3F4, 0xE3F3, 0xDBF3, 0xE3F3, 0xDBF3, 0xE3F3,
    0xE3F3, 0xDBD3, 0xE3F3, 0xDBD3, 0xDBD2, 0xE3D3, 0xDBD2, 0xE3D3, 0xE3D3, 0xDBD2, 0xE3D3, 0xE3D2,
    0xDBD2, 0xE3D2, 0xE3D2, 0xE3D3, 0xE3D2, 0xE3D2, 0xE3D2, 0xE3D2, 0xE3D2, 0xE3D2, 0xE3D2, 0xEBD2,
    0xE3D2, 0xE3B2, 0xEBD2, 0xE3B2, 0xE3B1, 0xEBB2, 0xE3B1, 0xEBB2, 0xEBB2, 0xEBB1, 0xEBB2, 0xEBB1,
    0xEB91, 0xEBB2, 0xEB91, 0xF3B2, 0xEBB1, 0xEB91, 0xF3B1, 0xEB91, 0xEB91, 0xF391, 0xEB91, 0xF391,
    0xF391, 0xEB90, 0xF391, 0xF391, 0xEB90, 0xF391, 0xF390, 0xF3B1, 0xF391, 0xEB90, 0xF3B1, 0xF391,
    0xEB90, 0xF391, 0xF390, 0xF3B1, 0xF391, 0xEB90, 0xF3B1, 0xF390, 0xEB90, 0xF391, 0xF390, 0xF3B1,
    0xF390, 0xEB90, 0xF391, 0xF390, 0xEB90, 0xF391, 0xF390, 0xF391, 0xF390, 0xF390, 0xF390, 0xF390,
    0xF370, 0xF390, 0xF370, 0xFB90, 0xF370, 0xF36F, 0xF390, 0xF370, 0xF36F, 0xF390, 0xF390, 0xF390,
    0xF390, 0xF370, 0xFB90, 0xF370, 0xF36F, 0xFB70, 0xF36F, 0xFB70, 0xF370, 0xF36F, 0xFB70, 0xF370,
    0xF36F, 0xFB70, 0xF36F, 0xFB70, 0xF370, 0xF36F, 0xFB70, 0xF370, 0xF36F, 0xF370, 0xF370, 0xFB90,
    0xF370, 0xF370, 0xFB90, 0xF370, 0xF370, 0xFB70, 0xF370, 0xFB90, 0xF370, 0xF370, 0xFB70, 0xF370,
    0xF370, 0xFB70, 0xF370, 0xFB70, 0xFB70, 0xF370, 0xFB70, 0xF370, 0xF370, 0xFB70, 0xF370, 0xFB91,
    0xFB70, 0xF370, 0xFB91, 0xF370, 0xF370, 0xFB71, 0xF370, 0xFB91, 0xFB70, 0xF370, 0xFB91, 0xFB71,
    0xF370, 0xFB71, 0xF371, 0xFB91, 0xFB71, 0xF371, 0xFB91, 0xFB71, 0xF371, 0xFB91, 0xF371, 0xFB92,
    0xFB91, 0xF371, 0xFB92, 0xF371, 0xF371, 0xFB92, 0xF391, 0xFB92, 0xFB92, 0xF391, 0xFB92, 0xF392,
    0xF392, 0xFB92, 0xF392, 0xFBB3, 0xFBB3, 0xF392, 0xFBB3, 0xF393, 0xF392, 0xFBB3, 0xF3B3, 0xFBD4,
    0xFBD3, 0xF3B3, 0xFBD4, 0xF3D3, 0xF3D3, 0xFBF4, 0xF3F4, 0xFBF4, 0xF3F4, 0xF3F4, 0xFC15, 0xF3F4,
    0xF3F4, 0xF415, 0xF415, 0xFC15, 0xF3F5, 0xF3F4, 0xFBF5, 0xF354, 0xFF5D, 0xFE5B, 0xF334, 0xCB51,
    0xFBB3, 0xEBB3, 0xF3B3, 0xEBB3, 0xEB92, 0xEBB3, 0xE392, 0xEBB3, 0xE393, 0xE392, 0xE393, 0xDB92,
    0xDB72, 0xDB72, 0xD372, 0xDB72, 0xD371, 0xCB51, 0xD371, 0xCB51, 0xCB30, 0xCB51, 0xC330, 0xCB51,
    0xC330, 0xBB10, 0xC330, 0xBB10, 0xB371, 0xB370, 0xB391, 0xB391, 0xBBB2, 0xB3B1, 0xB3B1, 0xB3D2,
    0xB3D2, 0xB3D1, 0xB3F2, 0xB412, 0xB433, 0xB432, 0xAC52, 0xB473, 0xAC73, 0xAC92, 0xACB3, 0xACB3,
    0xACD3, 0xA4F3, 0xA4F3, 0xA513, 0x9D13, 0x9D33, 0x9D53, 0x8DD3, 0x9C32, 0xFB57, 0xFF5D, 0xFE9C,
    0xF334, 0xF3F5, 0xF416, 0xF415, 0xF436, 0xF436, 0xEC35, 0xF456, 0xEC36, 0xEC35, 0xF456, 0xEC55,
    0xF456, 0xEC55, 0xEC35, 0xEC55, 0xEC35, 0xE434, 0xEC35, 0xE435, 0xEC35, 0xEC35, 0xE414, 0xEC35,
    0xE414, 0xE414, 0xE414, 0xE414, 0xEC14, 0xE414, 0xE3F3, 0xE414, 0xE3F4, 0xDBF3, 0xE414, 0xE3F3,
    0xE414, 0xE3F3, 0xDBF3, 0xE3F4, 0xDBF3, 0xDBD3, 0xE3F3, 0xDBF3, 0xE3F3, 0xDBF3, 0xDBD3, 0xE3F3,
    0xDBD3, 0xDBD2, 0xE3D3, 0xDBD2, 0xE3D3, 0xE3D3, 0xDBD2, 0xE3D3, 0xE3D2, 0xDBD2, 0xE3D2, 0xE3D2,
    0xE3D3, 0xE3D2, 0xE3D2, 0xE3D2, 0xE3D2, 0xE3D2, 0xE3D2, 0xE3D2, 0xEBD2, 0xE3D2, 0xE3B2, 0xEBD2,
    0xE3B2, 0xE3B1, 0xEBB2, 0xE3B1, 0xEBB2, 0xEBB2, 0xEBB1, 0xEBB2, 0xEBB1, 0xEB91, 0xEBB2, 0xEB91,
    0xF3B2, 0xEBB1, 0xEB91, 0xF3B1, 0xEB91, 0xEB91, 0xF391, 0xEB91, 0xF3B1, 0xF391, 0xEB91, 0xF3B1,
    0xF391, 0xEB90, 0xF391, 0xEB91, 0xF3B1, 0xF391, 0xEB90, 0xF3B1, 0xF391, 0xEB90, 0xF391, 0xEB90,
    0xF3B1, 0xF391, 0xEB90, 0xF3B1, 0xF390, 0xEB90, 0xF391, 0xEB90, 0xF3B1, 0xF390, 0xEB90, 0xF3B1,
    0xF390, 0xEB90, 0xF391, 0xF390, 0xF3B1, 0xF390, 0xF390, 0xF390, 0xF390, 0xF370, 0xF390, 0xF370,
    0xFB90, 0xF390, 0xF370, 0xF390, 0xF390, 0xF370, 0xF390, 0xF370, 0xFB90, 0xF370, 0xF36F, 0xFB70,
    0xF36F, 0xF36F, 0xFB70, 0xF36F, 0xFB70, 0xF370, 0xF34F, 0xFB70, 0xF36F, 0xF34F, 0xFB70, 0xF36F,
    0xFB70, 0xF370, 0xF34F, 0xFB70, 0xF370, 0xF36F, 0xF370, 0xF370, 0xFB90, 0xF370, 0xF370, 0xFB90,
    0xF370, 0xF370, 0xFB70, 0xF370, 0xFB70, 0xFB70, 0xF370, 0xFB70, 0xF370, 0xF370, 0xFB70, 0xF370,
    0xFB71, 0xFB70, 0xF370, 0xFB70, 0xF370, 0xF370, 0xFB70, 0xF370, 0xFB71, 0xFB70, 0xF370, 0xFB91,
    0xF370, 0xF370, 0xFB71, 0xF370, 0xFB71, 0xFB71, 0xF370, 0xFB91, 0xF371, 0xF370, 0xFB71, 0xF371,
    0xFB91, 0xFB71, 0xF371, 0xFB91, 0xFB71, 0xF371, 0xFB91, 0xF371, 0xFB92, 0xFB91, 0xF371, 0xFB92,
    0xF391, 0xF371, 0xFB92, 0xF392, 0xFB92, 0xFB92, 0xF392, 0xFBB2, 0xF392, 0xF392, 0xFB92, 0xF392,
    0xFBB3, 0xFBB3, 0xF392, 0xFBB3, 0xF3B3, 0xF3B2, 0xFBB3, 0xF3B3, 0xFBD4, 0xFBD3, 0xF3D3, 0xFBD4,
    0xF3D4, 0xF3D3, 0xFBF4, 0xF3F4, 0xFBF5, 0xF3F4, 0xF3F4, 0xFC15, 0xF3F4, 0xF3F4, 0xFC15, 0xF3F5,
    0xFC15, 0xF3F5, 0xF3F4, 0xFB74, 0xFF5D, 0xFE5A, 0xFB34, 0xCB51, 0xFBB3, 0xF3B3, 0xEBB3, 0xF3B3,
    0xEBB3, 0xE392, 0xEBB3, 0xE392, 0xEBB3, 0xE392, 0xDB92, 0xE392, 0xDB72, 0xD371, 0xDB72, 0xD371,
    0xD372, 0xD371, 0xCB51, 0xD351, 0xCB51, 0xC330, 0xCB51, 0xC330, 0xC331, 0xC330, 0xBB10, 0xC330,
    0xB371, 0xB371, 0xB370, 0xB391, 0xB391, 0xBBB2, 0xB3B1, 0xB3B1, 0xB3F2, 0xB3F2, 0xB3F1, 0xB412,
    0xB412, 0xB453, 0xB452, 0xAC52, 0xB493, 0xAC93, 0xA492, 0xACB3, 0xA4D3, 0xACF3, 0xA4F3, 0x9D13,
    0xA533, 0x9D33, 0x9533, 0x8DD3, 0x9C31, 0xFB37, 0xFF5D, 0xFE7B, 0xFB54, 0xF416, 0xF3F5, 0xF416,
    0xF416, 0xF436, 0xF436, 0xEC35, 0xF456, 0xEC56, 0xEC35, 0xEC56, 0xEC55, 0xF456, 0xEC55, 0xEC35,
    0xEC55, 0xEC35, 0xE434, 0xEC35, 0xE434, 0xEC35, 0xE435, 0xE414, 0xEC35, 0xE414, 0xE414, 0xE414,
    0xE414, 0xE414, 0xE414, 0xE3F3, 0xE414, 0xE3F4, 0xDBF3, 0xE3F4, 0xE3F3, 0xE414, 0xE3F3, 0xDBF3,
    0xE3F4, 0xDBF3, 0xDBD3, 0xE3F3, 0xDBD3, 0xE3F3, 0xDBF3, 0xDBD3, 0xE3F3, 0xDBD3, 0xDBD2, 0xE3D3,
    0xDBD2, 0xE3D3, 0xE3D3, 0xDBD2, 0xE3D3, 0xE3D2, 0xDBD2, 0xE3D2, 0xE3D2, 0xE3D3, 0xE3D2, 0xE3D2,
    0xE3D2, 0xE3D2, 0xE3D2, 0xE3D2, 0xE3D2, 0xEBD2, 0xE3D2, 0xE3B2, 0xEBD2, 0xE3B2, 0xE3B1, 0xEBB2,
    0xEBB1, 0xEBD2, 0xEBB2, 0xEBB1, 0xEBB2, 0xEBB1, 0xEB91, 0xEBB2, 0xEB91, 0xF3B2, 0xEBB1, 0xEB91,
    0xF3B2, 0xEB91, 0xEB91, 0xF391, 0xEB91, 0xF3B1, 0xF391, 0xEB91, 0xF3B1, 0xF391, 0xEB90, 0xF3B1,
    0xEB91, 0xF3B1, 0xF3B1, 0xEB90, 0xF3B1, 0xF391, 0xEB90, 0xF391, 0xEB90, 0xF3B1, 0xF3B1, 0xEB90,
    0xF3B1, 0xF391, 0xEB90, 0xF391, 0xEB90, 0xF3B1, 0xF391, 0xEB90, 0xF3B1, 0xF390, 0xEB90, 0xF391,
    0xF390, 0xF3B1, 0xF390, 0xF390, 0xF391, 0xF390, 0xF370, 0xF390, 0xF390, 0xF390, 0xF390, 0xF370,
    0xF390, 0xF390, 0xF370, 0xF390, 0xF370, 0xFB90, 0xF370, 0xF34F, 0xFB70, 0xF34F, 0xF34F, 0xFB70,
    0xF34F, 0xFB70, 0xFB6F, 0xF34F, 0xFB70, 0xF36F, 0xF34F, 0xFB70, 0xF34F, 0xFB70, 0xF370, 0xF34F,
    0xFB70, 0xF370, 0xF36F, 0xF370, 0xF370, 0xFB90, 0xF370, 0xF370, 0xFB90, 0xF370, 0xF370, 0xFB70,
    0xF370, 0xFB70, 0xFB70, 0xF370, 0xFB70, 0xF370, 0xF370, 0xFB70, 0xF370, 0xFB71, 0xFB70, 0xF350,
    0xFB70, 0xF370, 0xF370, 0xFB70, 0xF370, 0xFB71, 0xFB70, 0xF370, 0xFB91, 0xF370, 0xF370, 0xFB71,
    0xF370, 0xFB71, 0xFB71, 0xF370, 0xFB91, 0xF371, 0xF370, 0xFB71, 0xF371, 0xFB91, 0xFB71, 0xF371,
    0xFB91, 0xF371, 0xF371, 0xFB91, 0xF371, 0xFB92, 0xFB91, 0xF371, 0xFB92, 0xF391, 0xF371, 0xFB92,
    0xF392, 0xFB92, 0xFB92, 0xF392, 0xFBB2, 0xFB92, 0xF392, 0xFB92, 0xF392, 0xFBB3, 0xFBB3, 0xF392,
    0xFBB3, 0xF3B3, 0xF3B2, 0xFBB3, 0xF3B3, 0xFBD4, 0xFBD3, 0xF3D3, 0xFBD4, 0xF3D4, 0xF3D3, 0xFBF4,
    0xF3F4, 0xFC15, 0xF3F4, 0xF3F4, 0xFC15, 0xF415, 0xF3F4, 0xFC15, 0xF3F5, 0xFC15, 0xFBF5, 0xF353,
    0xFF5E, 0xFE5A, 0xF333, 0xCB51, 0xF3B3, 0xF3B3, 0xEBB3, 0xEBB3, 0xEBB3, 0xEBB3, 0xE392, 0xEBB3,
    0xE392, 0xE3B3, 0xE392, 0xDB72, 0xE392, 0xDB72, 0xD371, 0xDB72, 0xD371, 0xD372, 0xD351, 0xCB51,
    0xCB51, 0xCB51, 0xC330, 0xC331, 0xC330, 0xC331, 0xC330, 0xBB10, 0xB350, 0xB371, 0xB371, 0xB391,
    0xB391, 0xB3B1, 0xBBD2, 0xB3D2, 0xB3D1, 0xB3F2, 0xB3F2, 0xB412, 0xB432, 0xB432, 0xB453, 0xB473,
    0xAC72, 0xAC93, 0xAC93, 0xA4B2, 0xACD3, 0xA4D3, 0xA514, 0xA513, 0x9D13, 0x9D54, 0x9D33, 0x85B3,
    0x9C12, 0xFB17, 0xFF5E, 0xFE9C, 0xF334, 0xFC16, 0xF416, 0xF415, 0xF436, 0xF436, 0xF436, 0xF436,
    0xEC35, 0xF456, 0xEC56, 0xEC35, 0xEC56, 0xEC55, 0xEC56, 0xEC55, 0xE435, 0xEC55, 0xEC35, 0xE434,
    0xEC35, 0xE434, 0xEC35, 0xE434, 0xE414, 0xEC35, 0xE414, 0xE414, 0xE414, 0xE414, 0xE414, 0xE414,
    0xE3F3, 0xE414, 0xE3F4, 0xDBF3, 0xE3F4, 0xDBF3, 0xE3F4, 0xE3F3, 0xDBF3, 0xE3F3, 0xDBF3, 0xDBD3,
    0xE3F3, 0xDBD3, 0xE3F3, 0xDBF3, 0xDBD2, 0xE3F3, 0xDBD3, 0xDBD2, 0xE3D3, 0xDBD2, 0xE3D3, 0xE3D3,
    0xDBD2, 0xE3D3, 0xE3D2, 0xDBD2, 0xE3D3, 0xE3D2, 0xE3D3, 0xE3D2, 0xE3D2, 0xE3D2, 0xE3D2, 0xE3D2,
    0xE3D2, 0xE3D2, 0xEBD2, 0xE3D2, 0xE3B2, 0xEBD2, 0xE3B2, 0xE3B1, 0xEBB2, 0xEBB2, 0xEBD2, 0xEBB2,
    0xEBB1, 0xEBB2, 0xEBB1, 0xEB91, 0xEBB2, 0xEBB1, 0xF3B2, 0xEBB1, 0xEB91, 0xF3B2, 0xEB91, 0xEB91,
    0xF391, 0xEB91, 0xF3B1, 0xF3B1, 0xEB91, 0xF3B1, 0xF391, 0xEB90, 0xF3B1, 0xEB91, 0xF3B1, 0xF3B1,
    0xEB90, 0xF3B1, 0xEB91, 0xEB90, 0xF3B1, 0xEB90, 0xF3B1, 0xF3B1, 0xEB90, 0xF3B1, 0xEB91, 0xEB90,
    0xF3B1, 0xEB90, 0xF3B1, 0xF391, 0xEB90, 0xF3B1, 0xF390, 0xEB90, 0xF391, 0xF390, 0xF3B1, 0xF390,
    0xF390, 0xF391, 0xF390, 0xEB70, 0xF390, 0xF390, 0xF391, 0xF390, 0xF370, 0xF390, 0xF390, 0xF36F,
    0xF370, 0xF370, 0xFB70, 0xFB6F, 0xF34F, 0xFB70, 0xFB4F, 0xF34F, 0xFB6F, 0xF34F, 0xFB70, 0xFB6F,
    0xF34F, 0xFB70, 0xF34F, 0xF34F, 0xFB70, 0xF34F, 0xFB70, 0xFB70, 0xF34F, 0xFB70, 0xF370, 0xF36F,
    0xF370, 0xF370, 0xFB90, 0xF370, 0xF370, 0xFB90, 0xF370, 0xF370, 0xFB70, 0xF370, 0xFB70, 0xFB70,
    0xF370, 0xFB70, 0xF370, 0xF370, 0xFB70, 0xF370, 0xFB71, 0xFB70, 0xF350, 0xFB70, 0xF370, 0xF370,
    0xFB71, 0xF370, 0xFB71, 0xFB70, 0xF370, 0xFB71, 0xF370, 0xF370, 0xFB71, 0xF370, 0xFB91, 0xFB71,
    0xF370, 0xFB91, 0xF371, 0xF370, 0xFB71, 0xF371, 0xFB91, 0xFB71, 0xF371, 0xFB91, 0xF371, 0xF371,
    0xFB92, 0xF371, 0xFB92, 0xFB92, 0xF371, 0xFB92, 0xF392, 0xF391, 0xFB92, 0xF391, 0xFB92, 0xFB92,
    0xF392, 0xFBB2, 0xF392, 0xF392, 0xFB93, 0xF392, 0xFBB3, 0xFBB3, 0xF3B3, 0xFBB3, 0xF3B3, 0xF3B3,
    0xFBB3, 0xF3D3, 0xFBD4, 0xF3D4, 0xF3D3, 0xFBD4, 0xF3D4, 0xF3D4, 0xF3F4, 0xF3F4, 0xFC15, 0xF3F5,
    0xF3F4, 0xFC15, 0xF415, 0xF3F4, 0xFC15, 0xF3F5, 0xFBF5, 0xF374, 0xFF3D, 0xFE5B, 0xF334, 0xC350,
    0xFBB3, 0xEBB3, 0xF3B3, 0xEBB3, 0xEB92, 0xEBB3, 0xEBB3, 0xE392, 0xE3B3, 0xE392, 0xE393, 0xE392,
    0xDB72, 0xDB92, 0xDB72, 0xD371, 0xD372, 0xD351, 0xD372, 0xCB51, 0xCB51, 0xCB51, 0xC331, 0xC330,
    0xC331, 0xC330, 0xC331, 0xBB30, 0xB371, 0xB370, 0xB391, 0xB391, 0xB391, 0xB3B1, 0xB3B1, 0xBBD2,
    0xB3D2, 0xB3D1, 0xB412, 0xB412, 0xAC12, 0xB432, 0xAC52, 0xB473, 0xAC73, 0xAC92, 0xACB3, 0xACB3,
    0xA4D3, 0xA4F3, 0xA4F3, 0xA514, 0x9D33, 0x9D33, 0x9D54, 0x8DD3, 0x9411, 0xFB57, 0xFF5D, 0xFE9C,
    0xF354, 0xF3F5, 0xFC16, 0xF416, 0xF415, 0xF436, 0xF436, 0xF456, 0xF456, 0xEC35, 0xF456, 0xEC55,
    0xEC35, 0xEC56, 0xEC35, 0xEC56, 0xEC35, 0xE435, 0xEC35, 0xEC35, 0xE414, 0xEC35, 0xE414, 0xEC35,
    0xE434, 0xE414, 0xE435, 0xE414, 0xE414, 0xE414, 0xE414, 0xE414, 0xE414, 0xE3F3, 0xE414, 0xE3F4,
    0xDBF3, 0xE3F4, 0xDBF3, 0xE3F4, 0xE3F3, 0xDBD3, 0xE3F3, 0xDBF3, 0xDBD3, 0xE3F3, 0xDBD3, 0xE3F3,
    0xDBD3, 0xDBD2, 0xE3F3, 0xDBD3, 0xDBD2, 0xE3D3, 0xDBD2, 0xE3D3, 0xE3D3, 0xDBD2, 0xE3D3, 0xE3D2,
    0xDBD2, 0xE3D3, 0xE3D2, 0xE3D3, 0xE3D2, 0xE3D2, 0xE3D2, 0xE3D2, 0xE3D2, 0xE3D2, 0xE3D2, 0xEBD2,
    0xE3D2, 0xE3B2, 0xEBD2, 0xE3B2, 0xE3B1, 0xEBB2, 0xEBB2, 0xEBD2, 0xEBB2, 0xEBB1, 0xEBB2, 0xEBB1,
    0xEB91, 0xEBB2, 0xEBB1, 0xF3B2, 0xEBB1, 0xEB91, 0xF3B2, 0xEB91, 0xEB91, 0xF3B1, 0xEB91, 0xF3B1,
    0xF3B1, 0xEB91, 0xF3B1, 0xEB91, 0xEB91, 0xF3B1, 0xEB91, 0xF3B1, 0xF3B1, 0xEB91, 0xF3B1, 0xEB91,
    0xEB90, 0xF3B1, 0xEB91, 0xF3B1, 0xF3B1, 0xEB90, 0xF3B1, 0xEB91, 0xEB90, 0xF3B1, 0xEB90, 0xF3B1,
    0xF3B1, 0xEB90, 0xF3B1, 0xF390, 0xEB90, 0xF3B1, 0xF390, 0xF3B1, 0xF390, 0xF390, 0xF391, 0xF390,
    0xEB90, 0xF390, 0xF390, 0xF391, 0xF390, 0xF370, 0xF390, 0xF370, 0xF36F, 0xF370, 0xF36F, 0xFB70,
    0xFB6F, 0xF34F, 0xFB70, 0xFB4F, 0xF34F, 0xFB4F, 0xF34F, 0xFB70, 0xFB70, 0xF34F, 0xFB70, 0xFB4F,
    0xF34F, 0xFB70, 0xF34F, 0xFB70, 0xF370, 0xF34F, 0xFB70, 0xF370, 0xF370, 0xF370, 0xF370, 0xFB91,
    0xF370, 0xF370, 0xFB70, 0xF370, 0xF370, 0xFB70, 0xF370, 0xFB70, 0xFB70, 0xF370, 0xFB70, 0xF370,
    0xF370, 0xFB70, 0xF370, 0xFB71, 0xFB70, 0xF370, 0xFB71, 0xF370, 0xF370, 0xFB71, 0xF370, 0xFB71,
    0xFB70, 0xF370, 0xFB91, 0xFB71, 0xF370, 0xFB71, 0xF370, 0xFB91, 0xFB71, 0xF370, 0xFB91, 0xF371,
    0xF370, 0xFB71, 0xF371, 0xFB91, 0xFB71, 0xF371, 0xFB92, 0xF371, 0xF371, 0xFB92, 0xF371, 0xFB92,
    0xFB92, 0xF371, 0xFB92, 0xF392, 0xF371, 0xFB92, 0xF392, 0xFB92, 0xFB92, 0xF392, 0xFBB2, 0xF392,
    0xF392, 0xFBB3, 0xF3B2, 0xFBB3, 0xF3B3, 0xF3B3, 0xFBB3, 0xF3B3, 0xF3B3, 0xFBD3, 0xF3D3, 0xFBD4,
    0xF3D4, 0xF3D3, 0xFBF4, 0xF3D4, 0xF3D4, 0xF3F4, 0xF3F4, 0xFC15, 0xF415, 0xF3F4, 0xFC15, 0xF415,
    0xF3F4, 0xFBF5, 0xF3F5, 0xFB74, 0xFF5D, 0xFE3A, 0xFB54, 0xCB51, 0xF3B3, 0xF3B3, 0xEBB3, 0xF3B3,
    0xEBB3, 0xEB92, 0xEBB3, 0xE393, 0xE392, 0xE393, 0xE392, 0xE393, 0xDB92, 0xDB72, 0xDB92, 0xD372,
    0xD351, 0xD372, 0xCB51, 0xD372, 0xCB51, 0xC331, 0xCB51, 0xC330, 0xC330, 0xC330, 0xBB30, 0xC330,
    0xB371, 0xB371, 0xB371, 0xB391, 0xB391, 0xB391, 0xB3B2, 0xB3D1, 0xBBF2, 0xB3F2, 0xB3F2, 0xB412,
    0xB432, 0xAC32, 0xB453, 0xAC52, 0xB493, 0xAC93, 0xAC93, 0xACD3, 0xACD3, 0xA4D3, 0xA4F3, 0x9D13,
    0xA534, 0x9D33, 0x9D33, 0x8DD3, 0x9C11, 0xFB37, 0xFF7E, 0xFE7B, 0xFB55, 0xF416, 0xF415, 0xF436,
    0xF436, 0xEC36, 0xF436, 0xEC36, 0xF456, 0xF456, 0xEC55, 0xF456, 0xEC55, 0xEC35, 0xEC56, 0xEC35,
    0xEC56, 0xEC35, 0xE435, 0xEC35, 0xE435, 0xE414, 0xEC35, 0xE414, 0xEC35, 0xE434, 0xE414, 0xE434,
    0xE414, 0xE414, 0xE414, 0xE414, 0xE414, 0xE414, 0xDBF3, 0xE414, 0xE3F3, 0xDBF3, 0xE3F4, 0xDBF3,
    0xE3F4, 0xE3F3, 0xDBD3, 0xE3F3, 0xDBF3, 0xDBD3, 0xDBF3, 0xDBD3, 0xE3F3, 0xDBD3, 0xDBD2, 0xE3F3,
    0xDBD3, 0xDBD2, 0xE3D3, 0xDBD2, 0xE3D3, 0xE3D3, 0xDBD2, 0xE3D3, 0xE3D2, 0xDBD2, 0xE3D3, 0xE3D2,
    0xE3D3, 0xE3D2, 0xE3D2, 0xE3D2, 0xE3D2, 0xE3D2, 0xE3D2, 0xE3D2, 0xEBD2, 0xE3D2, 0xE3B2, 0xEBD2,
    0xE3B2, 0xE3B1, 0xEBB2, 0xEBB2, 0xEBD2, 0xEBB2, 0xEBB1, 0xEBB2, 0xEBB1, 0xEB91, 0xEBB2, 0xEBB1,
    0xF3B2, 0xEBB1, 0xEB91, 0xF3B2, 0xEB91, 0xEB91, 0xF3B1, 0xEB91, 0xF3B2, 0xF3B1, 0xEB91, 0xF3B1,
    0xEBB1, 0xEB91, 0xF3B1, 0xEBB1, 0xF3B1, 0xF3B1, 0xEB91, 0xF3B1, 0xEBB1, 0xEB90, 0xF3B1, 0xEBB1,
    0xF3B1, 0xF3B1, 0xEB90, 0xF3B1, 0xEB91, 0xEB90, 0xF3B1, 0xEB91, 0xF3B1, 0xF3B1, 0xEB90, 0xF3B1,
    0xEB91, 0xEB90, 0xF3B1, 0xEB90, 0xF3B1, 0xF390, 0xEB90, 0xF391, 0xF390, 0xEB90, 0xF390, 0xF390,
    0xF391, 0xF390, 0xF370, 0xF390, 0xF370, 0xF36F, 0xF370, 0xF36F, 0xFB70, 0xFB70, 0xF34F, 0xFB70,
    0xFB6F, 0xF34F, 0xFB70, 0xF36F, 0xFB70, 0xFB70, 0xF34F, 0xFB70, 0xFB4F, 0xF34F, 0xFB50, 0xF34F,
    0xFB70, 0xF370, 0xF34F, 0xFB70, 0xF370, 0xF370, 0xFB70, 0xF370, 0xFB91, 0xFB70, 0xF370, 0xFB70,
    0xF350, 0xF34F, 0xFB70, 0xF370, 0xFB70, 0xFB70, 0xF370, 0xFB70, 0xF370, 0xF370, 0xFB70, 0xF370,
    0xFB71, 0xFB70, 0xF370, 0xFB71, 0xF370, 0xF370, 0xFB71, 0xF370, 0xFB71, 0xFB71, 0xF370, 0xFB91,
    0xF371, 0xF370, 0xFB71, 0xF371, 0xFB91, 0xFB91, 0xF371, 0xFB91, 0xF371, 0xF371, 0xFB71, 0xF371,
    0xFB91, 0xFB71, 0xF371, 0xFB92, 0xF391, 0xF371, 0xFB92, 0xF391, 0xFB92, 0xFB92, 0xF391, 0xFB92,
    0xF392, 0xF391, 0xFB92, 0xF392, 0xFB92, 0xF392, 0xF392, 0xFBB3, 0xF392, 0xF392, 0xFBB3, 0xF3B3,
    0xFBB3, 0xF3B3, 0xF3B3, 0xFBB3, 0xF3B3, 0xF3B3, 0xFBD4, 0xF3D3, 0xFBD4, 0xF3D4, 0xF3D4, 0xFBF4,
    0xF3F4, 0xF3F4, 0xF3F5, 0xF3F4, 0xFC15, 0xF415, 0xF3F4, 0xFC15, 0xF3F5, 0xF3F4, 0xFBF5, 0xF354,
    0xFF5E, 0xFE5B, 0xF334, 0xCB51, 0xFBB3, 0xEBB3, 0xF3B3, 0xEBB3, 0xF3B3, 0xEBB3, 0xE392, 0xEBB3,
    0xE393, 0xE392, 0xE393, 0xDB92, 0xE393, 0xDB92, 0xD372, 0xDB72, 0xD372, 0xCB51, 0xD371, 0xCB51,
    0xCB51, 0xCB51, 0xC330, 0xCB51, 0xC330, 0xBB30, 0xC330, 0xBB10, 0xB371, 0xB391, 0xB391, 0xB391,
    0xB3B1, 0xB3B1, 0xB3B1, 0xB3D2, 0xB3D1, 0xBBF2, 0xB412, 0xB412, 0xB433, 0xB432, 0xAC52, 0xB473,
    0xAC73, 0xB493, 0xACB3, 0xACB3, 0xACD3, 0xA4D3, 0xA4F3, 0xA513, 0x9D13, 0xA554, 0x9D53, 0x85B3,
    0x9C32, 0xFB57, 0xF77D, 0xFE7C, 0xF334, 0xFC36, 0xF416, 0xF416, 0xF436, 0xF436, 0xEC36, 0xF456,
    0xEC56, 0xF456, 0xEC56, 0xEC55, 0xEC56, 0xEC55, 0xEC35, 0xEC55, 0xEC35, 0xEC56, 0xEC35, 0xE435,
    0xEC35, 0xE435, 0xE414, 0xEC35, 0xE414, 0xEC35, 0xE414, 0xE414, 0xE414, 0xE414, 0xE414, 0xE414,
    0xE414, 0xE414, 0xE414, 0xDBF3, 0xE414, 0xE3F3, 0xDBF3, 0xE3F4, 0xDBF3, 0xE3F4, 0xE3F3, 0xDBD3,
    0xE3F3, 0xDBD3, 0xDBD3, 0xDBF3, 0xDBD3, 0xE3F3, 0xDBD3, 0xDBD2, 0xE3D3, 0xDBD3, 0xDBD2, 0xE3D3,
    0xDBD2, 0xE3D3, 0xE3D3, 0xDBD2, 0xE3D3, 0xE3D2, 0xDBD2, 0xE3D3, 0xE3D2, 0xE3D3, 0xE3D2, 0xE3D2,
    0xE3D2, 0xE3D2, 0xE3D2, 0xE3D2, 0xE3D2, 0xEBD2, 0xE3D2, 0xE3B2, 0xEBD2, 0xEBB2, 0xE3B1, 0xEBB2,
    0xEBB2, 0xEBD2, 0xEBB2, 0xEBB1, 0xEBB2, 0xEBB2, 0xEBB1, 0xEBB2, 0xEBB1, 0xF3B2, 0xEBB1, 0xEB91,
    0xF3B2, 0xEBB1, 0xEB91, 0xF3B1, 0xEBB1, 0xF3B2, 0xEBB1, 0xEB91, 0xF3B1, 0xEBB1, 0xEB91, 0xF3B1,
    0xEBB1, 0xF3B1, 0xEBB1, 0xEB91, 0xF3B1, 0xEBB1, 0xEB90, 0xF3B1, 0xEBB1, 0xF3B1, 0xEBB1, 0xEB91,
    0xF3B1, 0xEBB1, 0xEB90, 0xF3B1, 0xEBB1, 0xF3B1, 0xF3B1, 0xEB90, 0xF3B1, 0xEB91, 0xEB90, 0xF3B1,
    0xEB90, 0xF3B1, 0xF391, 0xEB90, 0xF3B1, 0xF390, 0xEB90, 0xF390, 0xF390, 0xF391, 0xF390, 0xF370,
    0xF390, 0xF370, 0xF36F, 0xF370, 0xF36F, 0xFB70, 0xF370, 0xF34F, 0xFB70, 0xF36F, 0xF34F, 0xFB70,
    0xF36F, 0xFB70, 0xFB70, 0xF34F, 0xFB70, 0xF34F, 0xF34F, 0xFB70, 0xF370, 0xFB70, 0xF370, 0xF370,
    0xFB90, 0xF370, 0xF370, 0xFB70, 0xF370, 0xFB71, 0xFB70, 0xF350, 0xFB70, 0xF370, 0xF370, 0xFB70,
    0xF370, 0xFB71, 0xFB70, 0xF370, 0xFB70, 0xFB70, 0xF370, 0xFB70, 0xF370, 0xFB71, 0xFB70, 0xF370,
    0xFB91, 0xF370, 0xF370, 0xFB71, 0xF370, 0xFB91, 0xFB71, 0xF370, 0xFB91, 0xFB71, 0xF370, 0xFB91,
    0xF371, 0xFB91, 0xFB91, 0xF371, 0xFB91, 0xF371, 0xF371, 0xFB91, 0xF371, 0xFB92, 0xFB91, 0xF371,
    0xFB92, 0xF371, 0xF371, 0xFB92, 0xF392, 0xFBB2, 0xFB92, 0xF371, 0xFB92, 0xF392, 0xF392, 0xFB92,
    0xF392, 0xFBB3, 0xFBB2, 0xF392, 0xFBB3, 0xF3B3, 0xF392, 0xFBB3, 0xF3B3, 0xFBD3, 0xF3B3, 0xF3B3,
    0xFBD4, 0xF3B3, 0xF3B3, 0xFBD4, 0xF3D3, 0xFBD4, 0xF3D4, 0xF3D4, 0xFBF5, 0xF3F4, 0xF3F4, 0xF3F5,
    0xF3F4, 0xFC15, 0xF415, 0xF3F5, 0xFC15, 0xF3F5, 0xF3F4, 0xFB74, 0xFF5D, 0xFE7B, 0xF354, 0xC330,
    0xFBD3, 0xEBB3, 0xEBB3, 0xEBB3, 0xEBB3, 0xEBB3, 0xEBB3, 0xE392, 0xEBB3, 0xE392, 0xDB92, 0xE392,
    0xDB92, 0xDB92, 0xDB72, 0xD371, 0xD372, 0xD371, 0xCB51, 0xCB51, 0xCB51, 0xCB51, 0xC351, 0xC330,
    0xC351, 0xC330, 0xBB10, 0xC330, 0xB371, 0xB371, 0xBB91, 0xB391, 0xB391, 0xBBB2, 0xB3B1, 0xB3B1,
    0xB3D2, 0xB3F2, 0xBC12, 0xB412, 0xB412, 0xB453, 0xB452, 0xAC52, 0xB473, 0xAC93, 0xACB3, 0xACB3,
    0xA4D3, 0xACF3, 0xA4F3, 0x9D13, 0xA533, 0x9D33, 0x9D54, 0x8DD3, 0x9C11, 0xFB77, 0xFF7D, 0xF67B,
    0xF355, 0xF416, 0xFC36, 0xF436, 0xF436, 0xF456, 0xF436, 0xEC36, 0xF456, 0xEC56, 0xF456, 0xEC56,
    0xEC55, 0xEC56, 0xEC55, 0xE435, 0xEC55, 0xEC35, 0xEC55, 0xEC35, 0xE435, 0xEC35, 0xE435, 0xE414,
    0xE435, 0xE414, 0xEC35, 0xE414, 0xE414, 0xE414, 0xE414, 0xDC14, 0xE414, 0xE414, 0xE414, 0xE414,
    0xDBF3, 0xE414, 0xE3F3, 0xDBF3, 0xE3F4, 0xDBF3, 0xE3F4, 0xDBF3, 0xDBD3, 0xE3F3, 0xDBF3, 0xDBD3,
    0xE3F3, 0xDBD3, 0xE3F3, 0xDBD3, 0xDBD2, 0xE3F3, 0xDBD3, 0xDBD2, 0xE3D3, 0xDBD2, 0xE3F3, 0xE3D3,
    0xDBD2, 0xE3F3, 0xE3D2, 0xDBD2, 0xE3D3, 0xE3D2, 0xE3F3, 0xE3D2, 0xE3D2, 0xE3D2, 0xE3D2, 0xE3D2,
    0xE3D2, 0xE3D2, 0xEBD2, 0xE3D2, 0xE3B2, 0xEBD2, 0xEBB2, 0xE3B1, 0xEBB2, 0xEBB2, 0xEBD2, 0xEBB2,
    0xEBB1, 0xEBB2, 0xEBB2, 0xEBB1, 0xEBB2, 0xEBB1, 0xF3B2, 0xEBB2, 0xEB91, 0xF3B2, 0xEBB1, 0xEB91,
    0xF3B1, 0xEBB1, 0xF3B2, 0xEBB1, 0xEB91, 0xF3B1, 0xEBB1, 0xEB91, 0xF3B1, 0xEBB1, 0xF3B1, 0xEBB1,
    0xEB91, 0xF3B1, 0xEBB1, 0xEB90, 0xF3B1, 0xEBB1, 0xF3B1, 0xEBB1, 0xEB91, 0xF3B1, 0xEBB1, 0xEB90,
    0xF3B1, 0xEBB1, 0xF3B1, 0xEBB1, 0xEB90, 0xF3B1, 0xEB91, 0xEB90, 0xF3B1, 0xEB90, 0xF3B1, 0xF391,
    0xEB90, 0xF3B1, 0xF390, 0xEB90, 0xF391, 0xF390, 0xF391, 0xF390, 0xF370, 0xF390, 0xF370, 0xF36F,
    0xF370, 0xF370, 0xFB70, 0xF370, 0xF34F, 0xFB70, 0xF36F, 0xF34F, 0xFB70, 0xF36F, 0xFB70, 0xFB70,
    0xF34F, 0xFB70, 0xF370, 0xF36F, 0xFB70, 0xF370, 0xFB70, 0xF370, 0xF370, 0xFB90, 0xF370, 0xF370,
    0xFB70, 0xF370, 0xFB70, 0xFB70, 0xF350, 0xFB70, 0xF370, 0xF370, 0xFB70, 0xF370, 0xFB71, 0xFB70,
    0xF370, 0xFB90, 0xFB70, 0xF370, 0xFB71, 0xF370, 0xFB91, 0xFB70, 0xF370, 0xFB71, 0xF370, 0xF370,
    0xFB71, 0xF370, 0xFB91, 0xFB71, 0xF371, 0xFB91, 0xFB71, 0xF371, 0xFB71, 0xF371, 0xFB91, 0xFB91,
    0xF371, 0xFB92, 0xF371, 0xF371, 0xFB91, 0xF371, 0xFB92, 0xFB91, 0xF371, 0xFB92, 0xF392, 0xF371,
    0xFB92, 0xF392, 0xFBB2, 0xF392, 0xF392, 0xFB92, 0xF392, 0xF392, 0xFB92, 0xF392, 0xFBB3, 0xF3B3,
    0xF392, 0xFBB3, 0xF3B3, 0xF3B2, 0xFBB3, 0xF3B3, 0xFBB3, 0xF3B3, 0xF3B3, 0xFBD4, 0xF3D3, 0xF3B3,
    0xF3D4, 0xF3D4, 0xFBF4, 0xF3F4, 0xF3D4, 0xFBF5, 0xF3F4, 0xF3F4, 0xF415, 0xF3F5, 0xFC15, 0xF415,
    0xF3F5, 0xFC15, 0xF3F5, 0xF354, 0xFF5D, 0xFE5B, 0xFB55, 0xCB51, 0xF3B3, 0xF3D3, 0xEBB3, 0xEBB3,
    0xEBB3, 0xEBB3, 0xEBB3, 0xEBB3, 0xE392, 0xE3B3, 0xE392, 0xDB92, 0xDB92, 0xDB72, 0xDB92, 0xD372,
    0xD371, 0xD372, 0xCB51, 0xCB51, 0xCB51, 0xC351, 0xCB51, 0xC351, 0xC330, 0xC331, 0xBB30, 0xBB10,
    0xB370, 0xB371, 0xB371, 0xBB92, 0xB3B1, 0xB391, 0xBBD2, 0xB3D2, 0xB3D1, 0xB3F2, 0xB3F2, 0xBC13,
    0xB432, 0xB432, 0xB453, 0xB453, 0xAC72, 0xAC93, 0xAC93, 0xACD3, 0xACD3, 0xA4D3, 0xA514, 0xA513,
    0x9D13, 0x9D34, 0x9D33, 0x8DD4, 0x9C32, 0xFB57, 0xFF7E, 0xFE7C, 0xF334, 0xF436, 0xF416, 0xF436,
    0xF436, 0xF436, 0xF456, 0xF456, 0xEC55, 0xF456, 0xEC56, 0xF456, 0xEC56, 0xEC55, 0xEC56, 0xEC55,
    0xE435, 0xEC55, 0xE435, 0xEC55, 0xEC35, 0xE434, 0xEC35, 0xE435, 0xE414, 0xE435, 0xE414, 0xEC35,
    0xE414, 0xE414, 0xE414, 0xE414, 0xDBF3, 0xE414, 0xE414, 0xE414, 0xE414, 0xDBF3, 0xE414, 0xE3F3,
    0xDBF3, 0xE3F4, 0xDBF3, 0xE3F4, 0xDBF3, 0xDBD3, 0xE3F3, 0xDBF3, 0xDBD3, 0xE3F3, 0xDBD3, 0xE3F3,
    0xDBD3, 0xDBD2, 0xE3F3, 0xDBD3, 0xDBD2, 0xE3D3, 0xDBD2, 0xE3F3, 0xE3D3, 0xDBD2, 0xE3F3, 0xE3D2,
    0xDBD2, 0xE3D3, 0xE3D2, 0xE3F3, 0xE3D2, 0xE3D2, 0xE3D3, 0xE3D2, 0xE3D2, 0xE3D2, 0xE3D2, 0xEBD2,
    0xE3D2, 0xE3B2, 0xEBD2, 0xEBB2, 0xE3B1, 0xEBB2, 0xEBB2, 0xEBD2, 0xEBB2, 0xEBB1, 0xEBB2, 0xEBB2,
    0xEBB1, 0xEBB2, 0xEBB1, 0xF3B2, 0xEBB2, 0xEBB1, 0xF3B2, 0xEBB1, 0xEBB1, 0xF3B2, 0xEBB1, 0xF3B2,
    0xEBB1, 0xEBB1, 0xF3B2, 0xEBB1, 0xEBB1, 0xEBB1, 0xEBB1, 0xF3B2, 0xEBB1, 0xEBB1, 0xF3B1, 0xEBB1,
    0xEBB1, 0xEBB1, 0xEBB1, 0xF3B1, 0xEBB1, 0xEBB1, 0xF3B1, 0xEBB1, 0xEB91, 0xF3B1, 0xEBB1, 0xF3B1,
    0xEBB1, 0xEB90, 0xF3B1, 0xEBB1, 0xEB90, 0xF3B1, 0xEB90, 0xF3B1, 0xF3B1, 0xEB90, 0xF3B1, 0xF390,
    0xEB90, 0xF391, 0xF390, 0xF391, 0xF390, 0xF370, 0xF390, 0xF370, 0xF36F, 0xF370, 0xF370, 0xFB70,
    0xF370, 0xF36F, 0xFB70, 0xF370, 0xF36F, 0xFB70, 0xF36F, 0xFB70, 0xFB70, 0xF34F, 0xFB70, 0xF370,
    0xF36F, 0xF370, 0xF370, 0xFB90, 0xF370, 0xF370, 0xFB90, 0xF370, 0xF370, 0xFB70, 0xF370, 0xFB70,
    0xFB70, 0xF370, 0xFB70, 0xF370, 0xF370, 0xFB70, 0xF370, 0xFB71, 0xFB70, 0xF370, 0xFB91, 0xF370,
    0xF370, 0xFB71, 0xF370, 0xFB91, 0xFB70, 0xF370, 0xFB71, 0xFB71, 0xF370, 0xFB71, 0xF371, 0xFB91,
    0xFB91, 0xF371, 0xFB91, 0xFB71, 0xF371, 0xFB91, 0xF371, 0xFB92, 0xFB91, 0xF371, 0xFB92, 0xF371,
    0xF371, 0xFB92, 0xF371, 0xFB92, 0xFB92, 0xF371, 0xFB92, 0xFB92, 0xF391, 0xFB92, 0xF392, 0xFBB2,
    0xF392, 0xF392, 0xFBB2, 0xF392, 0xF392, 0xFBB2, 0xF392, 0xFBB3, 0xF3B3, 0xF3B2, 0xFBB3, 0xF3B3,
    0xF3B2, 0xFBB3, 0xF3B3, 0xFBD3, 0xF3B3, 0xF3B3, 0xFBD4, 0xF3D4, 0xF3D3, 0xFBD4, 0xF3D4, 0xFBF5,
    0xF3F4, 0xF3F4, 0xFC15, 0xF3F5, 0xF3F4, 0xF415, 0xF415, 0xFC15, 0xF415, 0xF3F5, 0xFBF5, 0xF374,
    0xFF5D, 0xFE5B, 0xF354, 0xCB51, 0xFBB3, 0xEBB3, 0xF3D3, 0xEBB3, 0xEBB3, 0xEBB3, 0xE3B3, 0xEBB3,
    0xE3B3, 0xE392, 0xE3B3, 0xDB92, 0xDB92, 0xDB92, 0xD372, 0xDB92, 0xD372, 0xCB51, 0xD372, 0xCB51,
    0xCB51, 0xCB51, 0xC351, 0xCB51, 0xC331, 0xBB30, 0xC331, 0xBB30, 0xB371, 0xB370, 0xB391, 0xB391,
    0xBBB2, 0xB3B1, 0xB3B1, 0xBBD2, 0xB3D2, 0xB3F1, 0xB412, 0xB412, 0xB433, 0xB432, 0xAC52, 0xB473,
    0xAC73, 0xAC92, 0xACB3, 0xACB3, 0xACD4, 0xA4F3, 0xA4F3, 0xA514, 0xA513, 0x9D33, 0x9D34, 0x8DB3,
    0x9C32, 0xFB57, 0xFF7D, 0xFE9C, 0xF354, 0xF416, 0xF436, 0xF436, 0xF457, 0xF456, 0xEC36, 0xF456,
    0xEC56, 0xEC55, 0xF456, 0xEC56, 0xF456, 0xEC56, 0xEC55, 0xEC56, 0xEC55, 0xE435, 0xEC55, 0xE435,
    0xEC55, 0xEC35, 0xE434, 0xEC35, 0xE435, 0xE414, 0xE435, 0xE414, 0xEC35, 0xE414, 0xE414, 0xE414,
    0xE414, 0xDBF3, 0xE414, 0xE414, 0xE414, 0xE414, 0xDBF3, 0xE414, 0xE3F3, 0xDBF3, 0xE3F4, 0xDBF3,
    0xE3F4, 0xE3F3, 0xDBD3, 0xE3F3, 0xDBF3, 0xDBD3, 0xE3F3, 0xDBD3, 0xE3F3, 0xDBD3, 0xDBD2, 0xE3F3,
    0xDBD3, 0xDBD2, 0xE3D3, 0xDBD2, 0xE3F3, 0xE3D3, 0xDBD2, 0xE3F3, 0xE3D2, 0xDBD2, 0xE3D3, 0xE3D2,
    0xE3F3, 0xE3D2, 0xE3D2, 0xE3D3, 0xE3D2, 0xE3D2, 0xE3D2, 0xE3D2, 0xEBD2, 0xEBD2, 0xE3B2, 0xEBD2,
    0xEBB2, 0xE3B1, 0xEBB2, 0xEBB2, 0xEBD2, 0xEBB2, 0xEBB1, 0xEBD2, 0xEBB2, 0xEBB1, 0xEBB2, 0xEBB1,
    0xF3B2, 0xEBB2, 0xEBB1, 0xF3B2, 0xEBB1, 0xEBB1, 0xEBB2, 0xEBB1, 0xF3B2, 0xEBB1, 0xEBB1, 0xF3B2,
    0xEBB1, 0xEBB1, 0xEBB1, 0xEBB1, 0xF3B2, 0xEBB1, 0xEBB1, 0xF3B1, 0xEBB1, 0xEBB1, 0xEBB1, 0xEBB1,
    0xF3B2, 0xEBB1, 0xEBB1, 0xF3B1, 0xEBB1, 0xEBB1, 0xEBB1, 0xEBB1, 0xF3B1, 0xEBB1, 0xEB91, 0xF3B1,
    0xEBB1, 0xEB90, 0xF3B1, 0xEB90, 0xF3B1, 0xF3B1, 0xEB90, 0xF3B1, 0xF390, 0xEB90, 0xF391, 0xF390,
    0xF391, 0xF390, 0xF370, 0xF390, 0xF370, 0xF36F, 0xF370, 0xF370, 0xFB70, 0xF370, 0xF36F, 0xFB70,
    0xF370, 0xF36F, 0xFB70, 0xF36F, 0xFB70, 0xF370, 0xF36F, 0xFB70, 0xF370, 0xF36F, 0xF370, 0xF370,
    0xFB91, 0xF370, 0xF370, 0xFB90, 0xF370, 0xF370, 0xFB70, 0xF370, 0xFB70, 0xFB70, 0xF370, 0xFB90,
    0xF370, 0xF370, 0xFB70, 0xF370, 0xFB71, 0xFB70, 0xF370, 0xFB91, 0xF370, 0xF370, 0xFB71, 0xF370,
    0xFB91, 0xFB71, 0xF370, 0xFB91, 0xF371, 0xF370, 0xFB91, 0xF371, 0xFB91, 0xFB91, 0xF371, 0xFB91,
    0xF371, 0xF371, 0xFB91, 0xF371, 0xFB92, 0xFB91, 0xF371, 0xFB92, 0xF391, 0xF371, 0xFB92, 0xF391,
    0xFB92, 0xFB92, 0xF391, 0xFBB2, 0xF392, 0xF391, 0xFBB2, 0xF392, 0xFBB2, 0xF392, 0xF392, 0xFBB3,
    0xF392, 0xF392, 0xFBB3, 0xF3B2, 0xFBB3, 0xFBB3, 0xF3B3, 0xFBD3, 0xF3B3, 0xF3B3, 0xFBB3, 0xF3B3,
    0xFBD4, 0xF3D4, 0xF3B3, 0xFBD4, 0xF3D4, 0xF3D4, 0xF3F4, 0xF3F4, 0xFBF5, 0xF3F5, 0xF3F4, 0xFC15,
    0xF415, 0xF3F4, 0xF415, 0xF415, 0xFC16, 0xF415, 0xF3F5, 0xFB74, 0xFF5D, 0xFE5A, 0xFB55, 0xC351,
    0xFBD4, 0xF3B3, 0xEBB3, 0xF3D3, 0xEBB3, 0xE3B3, 0xEBB3, 0xE3B3, 0xEBB3, 0xE3B3, 0xDB92, 0xE3B3,
    0xDB92, 0xD372, 0xDB92, 0xD372, 0xD372, 0xD372, 0xCB51, 0xD372, 0xCB51, 0xC351, 0xCB51, 0xC331,
    0xC351, 0xC330, 0xBB10, 0xC330, 0xB371, 0xB371, 0xB371, 0xB391, 0xB391, 0xBBB2, 0xB3B2, 0xB3B1,
    0xBBF2, 0xB3F2, 0xB3F2, 0xB412, 0xB432, 0xB453, 0xB453, 0xAC52, 0xB493, 0xAC93, 0xAC93, 0xACB3,
    0xACD3, 0xACF4, 0xA4F3, 0xA4F3, 0xA534, 0x9D33, 0x9D33, 0x8DD3, 0x9C11, 0xFB57, 0xFF7E, 0xFE7B,
    0xF375, 0xF416, 0xF415, 0xF436, 0xF436, 0xF457, 0xF456, 0xEC56, 0xF456, 0xEC56, 0xEC55, 0xEC56,
    0xEC55, 0xEC56, 0xEC56, 0xEC35, 0xEC56, 0xEC35, 0xE435, 0xEC35, 0xE435, 0xEC35, 0xEC35, 0xE434,
    0xEC35, 0xE434, 0xE414, 0xE435, 0xE414, 0xEC35, 0xE414, 0xE414, 0xE414, 0xE414, 0xDBF3, 0xE414,
    0xE3F4, 0xE414, 0xE414, 0xDBF3, 0xE414, 0xE3F3, 0xDBF3, 0xE3F4, 0xDBF3, 0xE3F4, 0xE3F3, 0xDBD3,
    0xE3F3, 0xDBD3, 0xDBD3, 0xE3F3, 0xDBD3, 0xE3F3, 0xE3D3, 0xDBD2, 0xE3F3, 0xDBD3, 0xDBD2, 0xE3D3,
    0xDBD2, 0xE3F3, 0xE3D3, 0xDBD2, 0xE3F3, 0xE3D2, 0xDBD2, 0xE3D3, 0xE3D2, 0xE3F3, 0xE3D2, 0xE3D2,
    0xE3D3, 0xE3D2, 0xE3D2, 0xEBD2, 0xE3D2, 0xEBD3, 0xEBD2, 0xE3B2, 0xEBD2, 0xEBB2, 0xE3B1, 0xEBD2,
    0xEBB2, 0xEBD2, 0xEBB2, 0xEBB1, 0xEBD2, 0xEBB2, 0xEBB1, 0xEBB2, 0xEBB1, 0xF3B2, 0xEBB2, 0xEBB1,
    0xF3B2, 0xEBB1, 0xEBB1, 0xEBB2, 0xEBB1, 0xF3B2, 0xEBB1, 0xEBB1, 0xF3B2, 0xEBB1, 0xEBB1, 0xEBB1,
    0xEBB1, 0xF3B2, 0xEBB1, 0xEBB1, 0xF3B1, 0xEBB1, 0xEBB1, 0xEBB1, 0xEBB1, 0xF3B2, 0xEBB1, 0xEBB1,
    0xF3B1, 0xEBB1, 0xEBB1, 0xEBB1, 0xEBB1, 0xF3B1, 0xEBB1, 0xEB91, 0xF3B1, 0xEBB1, 0xEB90, 0xF3B1,
    0xEB90, 0xF3B1, 0xF3B1, 0xEB90, 0xF3B1, 0xF390, 0xEB90, 0xF391, 0xF390, 0xF391, 0xF390, 0xF370,
    0xF390, 0xF370, 0xF370, 0xF370, 0xF370, 0xFB90, 0xF370, 0xF36F, 0xFB70, 0xF370, 0xF36F, 0xFB70,
    0xF370, 0xFB70, 0xF370, 0xF370, 0xFB90, 0xF370, 0xF370, 0xF370, 0xF370, 0xFB91, 0xF370, 0xF370,
    0xFB90, 0xF370, 0xF34F, 0xFB70, 0xF370, 0xFB91, 0xFB70, 0xF370, 0xFB90, 0xF370, 0xF370, 0xFB70,
    0xF370, 0xFB91, 0xFB70, 0xF370, 0xFB91, 0xF370, 0xF370, 0xFB71, 0xF370, 0xFB91, 0xFB71, 0xF370,
    0xFB91, 0xF371, 0xF370, 0xFB91, 0xF371, 0xFB91, 0xFB91, 0xF371, 0xFB91, 0xF371, 0xF371, 0xFB91,
    0xF371, 0xFB92, 0xFB91, 0xF371, 0xFB92, 0xF391, 0xF391, 0xFB92, 0xF391, 0xFB92, 0xFB92, 0xF391,
    0xFBB2, 0xF392, 0xF392, 0xFBB2, 0xF3B2, 0xFBB3, 0xF3B2, 0xF392, 0xFBB3, 0xF392, 0xF392, 0xFBB3,
    0xF3B3, 0xFBB3, 0xFBB3, 0xF3B3, 0xFBB3, 0xF3B3, 0xF3B3, 0xFBD4, 0xF3D3, 0xFBD4, 0xF3D4, 0xF3D3,
    0xFBF4, 0xF3D4, 0xF3D4, 0xF3F5, 0xF3F4, 0xFC15, 0xF415, 0xF3F5, 0xFC15, 0xF415, 0xF415, 0xF415,
    0xF415, 0xFC16, 0xF415, 0xF374, 0xFF7D, 0xFE5B, 0xF354, 0xCB51, 0xF3B3, 0xF3D4, 0xEBB3, 0xEBB3,
    0xEBD3, 0xEBB3, 0xE3B2, 0xEBB3, 0xE3B3, 0xE3B3, 0xE393, 0xDB92, 0xDB93, 0xDB92, 0xD372, 0xDB72,
    0xD372, 0xD372, 0xD371, 0xCB51, 0xCB71, 0xCB51, 0xC330, 0xC351, 0xC330, 0xC331, 0xC330, 0xBB10,
    0xB371, 0xB391, 0xB371, 0xB391, 0xB3B1, 0xB3B1, 0xBBD2, 0xB3D2, 0xB3D1, 0xBBF2, 0xB3F2, 0xB412,
    0xB433, 0xB432, 0xB453, 0xB473, 0xAC72, 0xB493, 0xAC93, 0xACB3, 0xACD3, 0xA4D3, 0xACF4, 0xA513,
    0x9D13, 0xA534, 0x9D33, 0x8DB3, 0x9C32, 0xFB57, 0xFF7E, 0xFE9C, 0xF334, 0xF436, 0xF416, 0xF416,
    0xF436, 0xF436, 0xF457, 0xF456, 0xEC56, 0xF476, 0xEC56, 0xEC55, 0xEC56, 0xEC55, 0xEC56, 0xEC55,
    0xEC35, 0xEC56, 0xEC35, 0xE435, 0xEC35, 0xE435, 0xEC35, 0xE435, 0xE414, 0xEC35, 0xE434, 0xE414,
    0xE435, 0xE414, 0xEC35, 0xE414, 0xE414, 0xE414, 0xE414, 0xDBF3, 0xE414, 0xE414, 0xE414, 0xE414,
    0xDBF3, 0xE414, 0xE3F3, 0xDBF3, 0xE3F4, 0xDBF3, 0xE3F4, 0xE3F3, 0xDBD3, 0xE3F3, 0xDBF3, 0xDBD3,
    0xE3F3, 0xDBD3, 0xE3F3, 0xE3F3, 0xDBD2, 0xE3F3, 0xE3D3, 0xDBD2, 0xE3F3, 0xE3D2, 0xE3F3, 0xE3F3,
    0xE3D2, 0xE3F3, 0xE3D2, 0xE3D2, 0xE3F3, 0xE3D2, 0xEBF3, 0xE3D2, 0xE3D2, 0xEBD3, 0xE3D2, 0xE3D2,
    0xEBD2, 0xE3D2, 0xEBD3, 0xEBD2, 0xE3B2, 0xEBD2, 0xEBB2, 0xE3B2, 0xEBD2, 0xEBB2, 0xEBD2, 0xEBB2,
    0xEBB2, 0xEBD2, 0xEBB2, 0xEBB1, 0xEBB2, 0xEBB1, 0xF3D2, 0xEBB2, 0xEBB1, 0xF3D2, 0xEBB1, 0xEBB1,
    0xEBB2, 0xEBB1, 0xF3D2, 0xEBB1, 0xEBB1, 0xEBD2, 0xEBB1, 0xEBB1, 0xEBB1, 0xEBB1, 0xF3D2, 0xEBB1,
    0xEBB1, 0xEBD2, 0xEBB1, 0xEBB1, 0xEBB1, 0xEBB1, 0xF3D2, 0xEBB1, 0xEBB1, 0xF3B1, 0xEBB1, 0xEBB1,
    0xEBB1, 0xEBB1, 0xF3B1, 0xEBB1, 0xEBB1, 0xF3B1, 0xEBB1, 0xEB90, 0xF3B1, 0xEBB1, 0xF3B1, 0xF3B1,
    0xEB90, 0xF3B1, 0xF390, 0xEB90, 0xF391, 0xF390, 0xF391, 0xF390, 0xF370, 0xF390, 0xF370, 0xF370,
    0xF370, 0xF370, 0xFB90, 0xF370, 0xF370, 0xFB90, 0xF370, 0xF36F, 0xFB70, 0xF370, 0xFB90, 0xF370,
    0xF370, 0xFB90, 0xF370, 0xF370, 0xF370, 0xF370, 0xFB91, 0xF370, 0xF370, 0xFB90, 0xF370, 0xF370,
    0xFB70, 0xF370, 0xFB91, 0xFB70, 0xF370, 0xFB90, 0xF370, 0xF370, 0xFB70, 0xF370, 0xFB91, 0xFB70,
    0xF370, 0xFB91, 0xF370, 0xF370, 0xFB71, 0xF370, 0xFB91, 0xFB71, 0xF370, 0xFB91, 0xF371, 0xF370,
    0xFB91, 0xF371, 0xFB91, 0xFB91, 0xF371, 0xFB91, 0xF391, 0xF371, 0xFB91, 0xF391, 0xFB92, 0xFB91,
    0xF371, 0xFB92, 0xF391, 0xF371, 0xFB92, 0xF392, 0xFB92, 0xF392, 0xF392, 0xFBB2, 0xF3B2, 0xF3B2,
    0xFBB2, 0xF3B2, 0xFBB3, 0xFBB2, 0xF392, 0xFBB3, 0xF3B2, 0xF392, 0xFBB3, 0xF3B3, 0xFBD3, 0xF3B3,
    0xF3B3, 0xFBD3, 0xF3B3, 0xF3B3, 0xFBD4, 0xF3D3, 0xFBD4, 0xF3D4, 0xF3D4, 0xFBF4, 0xF3F4, 0xF3F4,
    0xF3F5, 0xF3F4, 0xFC15, 0xF415, 0xF3F5, 0xFC15, 0xF415, 0xF415, 0xF415, 0xF415, 0xFC16, 0xF374,
    0xFF5D, 0xFE5B, 0xF354, 0xC331, 0xFBD3, 0xEBB3, 0xF3D4, 0xEBB3, 0xEBB3, 0xEBB3, 0xEBB3, 0xE392,
    0xE3B3, 0xE393, 0xE3B3, 0xDB93, 0xDB92, 0xDB92, 0xDB72, 0xD371, 0xD372, 0xD371, 0xD372, 0xCB71,
    0xCB51, 0xCB51, 0xC351, 0xC330, 0xC331, 0xC330, 0xC331, 0xBB30, 0xB371, 0xB371, 0xB391, 0xB391,
    0xB391, 0xB3B2, 0xB3B1, 0xBBD2, 0xB3D2, 0xB3F2, 0xB412, 0xB412, 0xB412, 0xB433, 0xB452, 0xB473,
    0xB473, 0xAC93, 0xB4B3, 0xACB3, 0xA4B3, 0xACF3, 0xA4F3, 0xA514, 0xA513, 0x9D33, 0xA554, 0x8DB3,
    0x9C11, 0xFB57, 0xFF5D, 0xFEBC, 0xF354, 0xF416, 0xF436, 0xF436, 0xF436, 0xF436, 0xF436, 0xF457,
    0xF456, 0xEC56, 0xF476, 0xEC56, 0xEC55, 0xEC56, 0xEC55, 0xEC56, 0xEC55, 0xE435, 0xEC56, 0xEC35,
    0xE435, 0xEC35, 0xE435, 0xEC35, 0xE435, 0xE414, 0xEC35, 0xE414, 0xE414, 0xE414, 0xE414, 0xEC35,
    0xE414, 0xE414, 0xE414, 0xE414, 0xDBF3, 0xE414, 0xE3F4, 0xE414, 0xE414, 0xDBF3, 0xE414, 0xE3F3,
    0xDBF3, 0xE3F4, 0xDBF3, 0xE3F4, 0xE3F3, 0xDBD3, 0xE3F3, 0xDBD3, 0xDBD3, 0xE3F3, 0xDBD3, 0xE3F3,
    0xE3F3, 0xDBD2, 0xE3F3, 0xE3D3, 0xDBD2, 0xE3F3, 0xE3D2, 0xE3F3, 0xE3F3, 0xE3D2, 0xE3F3, 0xE3D2,
    0xE3D2, 0xE3F3, 0xE3D2, 0xEBF3, 0xE3D2, 0xE3D2, 0xEBD3, 0xE3D2, 0xE3D2, 0xEBD2, 0xE3D2, 0xEBD3,
    0xEBD2, 0xE3B2, 0xEBD2, 0xEBB2, 0xE3B2, 0xEBD2, 0xEBB2, 0xEBD2, 0xEBB2, 0xEBB2, 0xEBD2, 0xEBB2,
    0xEBB1, 0xEBB2, 0xEBB1, 0xF3D2, 0xEBB2, 0xEBB1, 0xEBD2, 0xEBB1, 0xEBB1, 0xEBB2, 0xEBB1, 0xF3D2,
    0xEBB2, 0xEBB1, 0xEBD2, 0xEBB1, 0xEBB1, 0xEBB2, 0xEBB1, 0xF3D2, 0xEBB1, 0xEBB1, 0xEBD2, 0xEBB1,
    0xEBB1, 0xEBB1, 0xEBB1, 0xF3D2, 0xEBB1, 0xEBB1, 0xEBD1, 0xEBB1, 0xEBB1, 0xEBB1, 0xEBB1, 0xF3B1,
    0xEBB1, 0xEBB1, 0xF3B1, 0xEBB1, 0xEB90, 0xF3B1, 0xEBB1, 0xF3B1, 0xF3B1, 0xEB90, 0xF3B1, 0xF390,
    0xEB90, 0xF391, 0xF390, 0xF391, 0xF390, 0xF370, 0xF390, 0xF370, 0xF370, 0xF370, 0xF370, 0xFB90,
    0xF370, 0xF370, 0xFB90, 0xF370, 0xF36F, 0xF370, 0xF370, 0xFB90, 0xF370, 0xF370, 0xFB90, 0xF370,
    0xF370, 0xF370, 0xF370, 0xFB91, 0xF370, 0xF370, 0xFB91, 0xF370, 0xF370, 0xFB70, 0xF370, 0xFB91,
    0xFB70, 0xF370, 0xFB91, 0xF370, 0xF370, 0xFB71, 0xF370, 0xFB91, 0xFB71, 0xF370, 0xFB91, 0xF370,
    0xF370, 0xFB71, 0xF370, 0xFB91, 0xFB91, 0xF370, 0xFB91, 0xF371, 0xF370, 0xFB91, 0xF391, 0xFB91,
    0xFB91, 0xF371, 0xFB91, 0xF391, 0xF371, 0xFB92, 0xF391, 0xFB92, 0xFB91, 0xF391, 0xFB92, 0xF392,
    0xF391, 0xFB92, 0xF391, 0xFB92, 0xFB92, 0xF392, 0xFBB2, 0xF392, 0xF392, 0xFBB3, 0xF3B2, 0xFBB3,
    0xFBB3, 0xF392, 0xFBB3, 0xF3B3, 0xF3B2, 0xFBB3, 0xF3B3, 0xFBD3, 0xF3B3, 0xF3B3, 0xFBD4, 0xF3D3,
    0xF3D3, 0xFBD4, 0xF3D4, 0xFBD4, 0xF3D4, 0xF3D4, 0xFBF5, 0xF3F4, 0xF3F4, 0xF415, 0xF415, 0xFC15,
    0xF415, 0xF415, 0xFC15, 0xF415, 0xF3F5, 0xFC15, 0xF3F5, 0xFB95, 0xFF5D, 0xFE5A, 0xFB75, 0xCB51,
    0xF3B3, 0xF3D3, 0xEBB3, 0xF3D4, 0xEBB3, 0xE3B3, 0xEBB3, 0xE3B3, 0xE392, 0xE3B3, 0xE392, 0xE3B3,
    0xDB92, 0xDB72, 0xDB92, 0xD372, 0xD371, 0xD372, 0xCB71, 0xD372, 0xCB51, 0xC351, 0xCB51, 0xC331,
    0xBB30, 0xC331, 0xBB30, 0xC331, 0xB371, 0xB371, 0xB371, 0xB392, 0xB391, 0xB3B1, 0xB3B2, 0xB3D2,
    0xBBF2, 0xB3F2, 0xB3F2, 0xB413, 0xB432, 0xB432, 0xB453, 0xB453, 0xB493, 0xB493, 0xAC93, 0xACB3,
    0xACD3, 0xA4D3, 0xACF4, 0xA4F3, 0xA534, 0xA534, 0x9D33, 0x95D4, 0x9C12, 0xFB36, 0xFF7E, 0xFE9C,
    0xFB75, 0xF436, 0xF416, 0xF436, 0xF436, 0xEC36, 0xF456, 0xEC56, 0xF477, 0xF476, 0xEC56, 0xF476,
    0xEC56, 0xEC55, 0xEC56, 0xEC55, 0xEC56, 0xEC55, 0xE435, 0xEC55, 0xEC35, 0xE435, 0xEC35, 0xE435,
    0xEC35, 0xE435, 0xE414, 0xEC35, 0xE414, 0xE414, 0xE414, 0xE414, 0xE415, 0xE414, 0xE414, 0xE414,
    0xE414, 0xDBF3, 0xE414, 0xE3F4, 0xE414, 0xE3F4, 0xDBF3, 0xE414, 0xE3F3, 0xDBF3, 0xE3F4, 0xDBF3,
    0xE3F4, 0xE3F3, 0xDBD3, 0xE3F3, 0xE3D3, 0xDBD3, 0xE3F3, 0xDBD3, 0xE3F3, 0xE3F3, 0xDBD2, 0xE3F3,
    0xE3D3, 0xDBD2, 0xE3F3, 0xE3D2, 0xE3F3, 0xE3F3, 0xE3D2, 0xE3F3, 0xE3D2, 0xE3D2, 0xE3F3, 0xE3D2,
    0xEBF3, 0xE3D2, 0xE3D2, 0xEBD3, 0xE3D2, 0xE3D2, 0xEBD2, 0xE3D2, 0xEBD3, 0xEBD2, 0xE3B2, 0xEBD2,
    0xEBB2, 0xE3B2, 0xEBD2, 0xEBB2, 0xEBD2, 0xEBD2, 0xEBB2, 0xEBD2, 0xEBB2, 0xEBB1, 0xEBB2, 0xEBB2,
    0xF3D2, 0xEBB2, 0xEBB1, 0xEBD2, 0xEBB2, 0xEBB1, 0xEBB2, 0xEBB1, 0xF3D2, 0xEBB2, 0xEBB1, 0xEBD2,
    0xEBB1, 0xEBB1, 0xEBB2, 0xEBB1, 0xF3D2, 0xEBB1, 0xEBB1, 0xEBD2, 0xEBB1, 0xEBB1, 0xEBB1, 0xEBB1,
    0xF3D2, 0xEBB1, 0xEBB1, 0xEBD2, 0xEBB1, 0xEBB1, 0xEBB1, 0xEBB1, 0xF3B1, 0xEBB1, 0xEBB1, 0xF3B1,
    0xEBB1, 0xEB90, 0xF3B1, 0xEBB1, 0xF3B1, 0xF3B1, 0xEB90, 0xF3B1, 0xF390, 0xEB90, 0xF391, 0xF390,
    0xF391, 0xF390, 0xF370, 0xF390, 0xF370, 0xF370, 0xF390, 0xF370, 0xFB90, 0xF370, 0xF370, 0xFB90,
    0xF370, 0xF36F, 0xF370, 0xF370, 0xFB70, 0xF370, 0xF370, 0xFB70, 0xF370, 0xF370, 0xFB70, 0xF370,
    0xFB91, 0xF370, 0xF370, 0xFB91, 0xF370, 0xF370, 0xFB70, 0xF370, 0xFB71, 0xFB70, 0xF370, 0xFB91,
    0xF370, 0xF370, 0xFB71, 0xF370, 0xFB91, 0xFB71, 0xF370, 0xFB91, 0xF371, 0xF370, 0xFB71, 0xF371,
    0xFB91, 0xFB91, 0xF371, 0xFB91, 0xF371, 0xF371, 0xFB91, 0xF391, 0xFB92, 0xFB91, 0xF371, 0xFB92,
    0xF391, 0xF371, 0xFB92, 0xF391, 0xFB92, 0xFB92, 0xF371, 0xFB92, 0xF391, 0xF391, 0xFB92, 0xF392,
    0xFB92, 0xFBB2, 0xF392, 0xFBB2, 0xF3B2, 0xF392, 0xFBB3, 0xF3B2, 0xFBB3, 0xFBB3, 0xF3B2, 0xFBB3,
    0xF3B3, 0xF3B2, 0xFBB3, 0xF3B3, 0xFBD4, 0xF3D3, 0xF3B3, 0xFBD4, 0xF3D4, 0xF3D3, 0xFBD4, 0xF3D4,
    0xFBF4, 0xF3F4, 0xF3F4, 0xFC15, 0xF3F5, 0xF3F4, 0xF415, 0xF415, 0xFC16, 0xF415, 0xF415, 0xFC36,
    0xF415, 0xF3F5, 0xFC15, 0xF374, 0xFF7E, 0xFE7B, 0xF354, 0xCB72, 0xF3B3, 0xEBB3, 0xF3D3, 0xEBB3,
    0xEBD4, 0xEBB3, 0xE3B3, 0xEBB3, 0xE3B3, 0xE392, 0xE3B3, 0xDB92, 0xE393, 0xDB92, 0xD372, 0xDB92,
    0xD372, 0xCB71, 0xD372, 0xCB51, 0xCB72, 0xCB51, 0xC331, 0xC351, 0xC331, 0xBB30, 0xC331, 0xBB30,
    0xB371, 0xBB91, 0xB391, 0xB391, 0xBBB2, 0xB3B1, 0xB3B1, 0xB3D2, 0xB3D2, 0xBBF2, 0xB412, 0xB412,
    0xB433, 0xB432, 0xB452, 0xB473, 0xB473, 0xB493, 0xACB3, 0xACB3, 0xACD4, 0xACD3, 0xA4F3, 0xA514,
    0xA513, 0xA534, 0xA534, 0x8D93, 0x9C32, 0xFB57, 0xF75D, 0xFE9C, 0xF354, 0xFC36, 0xF436, 0xF436,
    0xF457, 0xF436, 0xEC36, 0xF456, 0xEC56, 0xF476, 0xEC76, 0xEC56, 0xEC76, 0xEC56, 0xEC55, 0xEC56,
    0xEC55, 0xEC56, 0xEC55, 0xE435, 0xEC55, 0xEC35, 0xE435, 0xEC35, 0xE435, 0xEC35, 0xE435, 0xE414,
    0xEC35, 0xE414, 0xE414, 0xE414, 0xE414, 0xE415, 0xE414, 0xE3F4, 0xE414, 0xE414, 0xDBF3, 0xE414,
    0xE3F3, 0xE414, 0xE3F4, 0xDBF3, 0xE3F4, 0xE3F3, 0xDBF3, 0xE3F4, 0xDBF3, 0xE3F4, 0xE3F3, 0xDBD3,
    0xE3F3, 0xE3D3, 0xDBD3, 0xE3F3, 0xE3D3, 0xE3F3, 0xE3F3, 0xDBD3, 0xE3F3, 0xE3D3, 0xDBD2, 0xE3F3,
    0xE3D2, 0xE3F3, 0xE3F3, 0xE3D2, 0xE3F3, 0xE3D2, 0xE3D2, 0xE3D3, 0xE3D2, 0xEBF3, 0xE3D2, 0xE3D2,
    0xEBD3, 0xE3D2, 0xE3D2, 0xEBD2, 0xE3D2, 0xEBD3, 0xEBD2, 0xE3B2, 0xEBD2, 0xEBD2, 0xE3B2, 0xEBD2,
    0xEBB2, 0xEBD2, 0xEBD2, 0xEBB2, 0xEBD2, 0xEBB2, 0xEBB1, 0xEBD2, 0xEBB2, 0xEBD2, 0xEBD2, 0xEBB1,
    0xEBD2, 0xEBB2, 0xEBB1, 0xEBD2, 0xEBB1, 0xEBD2, 0xEBD2, 0xEBB1, 0xEBD2, 0xEBB1, 0xEBB1, 0xEBD2,
    0xEBB1, 0xEBD2, 0xEBD1, 0xEBB1, 0xEBD2, 0xEBB1, 0xEBB1, 0xEBB2, 0xEBB1, 0xF3D2, 0xEBB1, 0xEBB1,
    0xEBD2, 0xEBB1, 0xEBB1, 0xEBB1, 0xEBB1, 0xF3D2, 0xEBB1, 0xEBB1, 0xF3B1, 0xEBB1, 0xEB90, 0xF3B1,
    0xEBB1, 0xF3B1, 0xF3B1, 0xEB90, 0xF3B1, 0xF390, 0xEB90, 0xF391, 0xF390, 0xF391, 0xF390, 0xF370,
    0xF390, 0xF370, 0xF370, 0xF390, 0xF370, 0xFB90, 0xF370, 0xF370, 0xFB90, 0xF370, 0xF370, 0xF370,
    0xF370, 0xFB70, 0xF370, 0xF370, 0xFB90, 0xF370, 0xF370, 0xFB70, 0xF370, 0xFB91, 0xF370, 0xF370,
    0xFB91, 0xF370, 0xF370, 0xFB70, 0xF370, 0xFB91, 0xFB70, 0xF370, 0xFB91, 0xF370, 0xF370, 0xFB71,
    0xF370, 0xFB91, 0xFB71, 0xF370, 0xFB91, 0xF371, 0xF370, 0xFB71, 0xF371, 0xFB91, 0xFB91, 0xF371,
    0xFB91, 0xF391, 0xF371, 0xFB91, 0xF391, 0xFB92, 0xFB91, 0xF371, 0xFB92, 0xF391, 0xF371, 0xFB92,
    0xF391, 0xFB92, 0xFB92, 0xF391, 0xFB92, 0xF392, 0xF391, 0xFB92, 0xF392, 0xFBB2, 0xFBB2, 0xF392,
    0xFBB3, 0xF392, 0xF392, 0xFBB3, 0xF3B2, 0xFBB3, 0xFBB3, 0xF3B2, 0xFBB3, 0xF3B3, 0xF3B3, 0xFBB3,
    0xF3B3, 0xFBD4, 0xF3D3, 0xF3B3, 0xFBD4, 0xF3D4, 0xF3D3, 0xFBF4, 0xF3F4, 0xFBF5, 0xF3F4, 0xF3F4,
    0xFC15, 0xF415, 0xF414, 0xF415, 0xF415, 0xFC36, 0xF415, 0xF415, 0xFC16, 0xF415, 0xF3F5, 0xFB74,
    0xFF5D, 0xFE7B, 0xF375, 0xC351, 0xFBD4, 0xEBB3, 0xEBB3, 0xEBD3, 0xEBB3, 0xEBD4, 0xEBB3, 0xE3B3,
    0xE3B3, 0xE3B3, 0xDB92, 0xE393, 0xDB92, 0xDB93, 0xDB92, 0xD372, 0xD392, 0xD372, 0xCB51, 0xCB72,
    0xCB51, 0xCB52, 0xC351, 0xC331, 0xC351, 0xC330, 0xBB30, 0xBB30, 0xB371, 0xB371, 0xBB92, 0xB391,
    0xB391, 0xBBB2, 0xB3B2, 0xB3B1, 0xB3D2, 0xB3F2, 0xBC13, 0xB412, 0xB412, 0xB453, 0xB453, 0xAC52,
    0xB473, 0xAC93, 0xB4B4, 0xACB3, 0xACB3, 0xACF4, 0xA4F3, 0xA4F3, 0xA514, 0xA533, 0xA534, 0x95B3,
    0x9C11, 0xFB77, 0xFF5D, 0xF67B, 0xF355, 0xF416, 0xFC36, 0xF436, 0xF436, 0xF457, 0xF436, 0xEC36,
    0xF456, 0xEC56, 0xF476, 0xEC56, 0xEC56, 0xEC76, 0xEC56, 0xEC55, 0xEC56, 0xEC55, 0xEC56, 0xEC55,
    0xE435, 0xEC55, 0xEC35, 0xE434, 0xEC35, 0xE435, 0xEC35, 0xE435, 0xE414, 0xEC35, 0xE414, 0xE414,
    0xE414, 0xE414, 0xE415, 0xE414, 0xE414, 0xE414, 0xE414, 0xDBF3, 0xE414, 0xE3F3, 0xE414, 0xE3F4,
    0xDBF3, 0xE414, 0xE3F3, 0xDBF3, 0xE3F3, 0xDBF3, 0xE3F4, 0xE3F3, 0xDBD3, 0xE3F3, 0xE3F3, 0xDBD3,
    0xE3F3, 0xE3D3, 0xE3F3, 0xE3F3, 0xE3D3, 0xE3F3, 0xE3D3, 0xDBD2, 0xE3F3, 0xE3D2, 0xE3F3, 0xE3F3,
    0xE3D2, 0xE3F3, 0xE3D2, 0xE3D2, 0xE3D3, 0xE3D2, 0xEBF3, 0xE3D2, 0xE3D2, 0xEBD3, 0xE3D2, 0xE3D2,
    0xEBD2, 0xE3D2, 0xEBD3, 0xEBD2, 0xE3B2, 0xEBD2, 0xEBD2, 0xE3B2, 0xEBD2, 0xEBB2, 0xEBD2, 0xEBD2,
    0xEBB2, 0xEBD2, 0xEBB2, 0xEBB1, 0xEBD2, 0xEBB2, 0xEBD2, 0xEBD2, 0xEBB1, 0xEBD2, 0xEBB2, 0xEBB1,
    0xEBD2, 0xEBB1, 0xEBD2, 0xEBD2, 0xEBB1, 0xEBD2, 0xEBB1, 0xEBB1, 0xEBD2, 0xEBB1, 0xEBD2, 0xEBD2,
    0xEBB1, 0xEBD2, 0xEBB1, 0xEBB1, 0xEBD2, 0xEBB1, 0xEBD2, 0xEBD1, 0xEBB1, 0xEBD2, 0xEBB1, 0xEBB1,
    0xEBB1, 0xEBB1, 0xF3D2, 0xEBB1, 0xEBB1, 0xF3B1, 0xEBB1, 0xEB90, 0xF3B1, 0xEBB1, 0xF3B1, 0xF3B1,
    0xEB90, 0xF3B1, 0xF391, 0xEB90, 0xF391, 0xF390, 0xF391, 0xF390, 0xF370, 0xF391, 0xF370, 0xF370,
    0xF390, 0xF370, 0xFB90, 0xF370, 0xF370, 0xFB70, 0xF370, 0xF370, 0xFB70, 0xF370, 0xFB71, 0xF370,
    0xF370, 0xFB70, 0xF370, 0xF370, 0xFB70, 0xF370, 0xFB91, 0xF370, 0xF370, 0xFB70, 0xF370, 0xF370,
    0xFB70, 0xF370, 0xFB91, 0xFB70, 0xF370, 0xFB91, 0xF370, 0xF370, 0xFB71, 0xF370, 0xFB91, 0xFB71,
    0xF370, 0xFB91, 0xFB71, 0xF370, 0xFB91, 0xF371, 0xFB91, 0xFB91, 0xF371, 0xFB91, 0xF391, 0xF371,
    0xFB91, 0xF391, 0xFB92, 0xFB91, 0xF371, 0xFB92, 0xF391, 0xF391, 0xFB92, 0xF391, 0xFB92, 0xFB92,
    0xF391, 0xFB92, 0xF392, 0xF391, 0xFB92, 0xF392, 0xFBB3, 0xFB92, 0xF392, 0xFBB3, 0xF3B2, 0xF392,
    0xFBB3, 0xF3B3, 0xFBB3, 0xFBB3, 0xF3B3, 0xFBD3, 0xF3B3, 0xF3B3, 0xFBB3, 0xF3B3, 0xFBD4, 0xFBD4,
    0xF3B3, 0xFBD4, 0xF3D4, 0xF3D4, 0xFBF4, 0xF3F4, 0xFC15, 0xF415, 0xF3F4, 0xFC15, 0xF415, 0xF415,
    0xF415, 0xF415, 0xFC36, 0xF435, 0xF415, 0xFC16, 0xF415, 0xF374, 0xFF5D, 0xFE5B, 0xFB75, 0xCB71,
    0xF3B3, 0xF3D4, 0xEBB3, 0xEBB3, 0xEBB3, 0xEBB3, 0xEBD4, 0xE3B3, 0xE3B3, 0xE3B3, 0xE393, 0xDB92,
    0xDB93, 0xDB92, 0xDB93, 0xD392, 0xD372, 0xD372, 0xCB72, 0xCB51, 0xCB51, 0xC351, 0xCB51, 0xC351,
    0xC330, 0xC351, 0xBB30, 0xBB10, 0xB370, 0xB371, 0xB371, 0xBB92, 0xB3B1, 0xB391, 0xBBD2, 0xB3D2,
    0xB3D1, 0xB3F2, 0xB3F2, 0xBC13, 0xB433, 0xB432, 0xB453, 0xB453, 0xAC72, 0xB493, 0xAC93, 0xB4B4,
    0xACD3, 0xACD3, 0xACF4, 0xA4F3, 0xA513, 0xA534, 0x9D33, 0x95B4, 0x9C32, 0xFB77, 0xFF7E, 0xFE7C,
    0xF354, 0xF436, 0xF416, 0xFC37, 0xF436, 0xF436, 0xF457, 0xF456, 0xEC56, 0xF456, 0xEC56, 0xF476,
    0xEC56, 0xEC56, 0xEC56, 0xEC56, 0xEC55, 0xEC56, 0xEC55, 0xEC56, 0xEC55, 0xE435, 0xEC55, 0xEC35,
    0xE434, 0xEC35, 0xE435, 0xEC35, 0xE435, 0xE414, 0xEC35, 0xE414, 0xE414, 0xE414, 0xE414, 0xE414,
    0xE414, 0xE3F4, 0xE414, 0xE414, 0xDBF3, 0xE414, 0xE3F3, 0xE414, 0xE3F4, 0xDBF3, 0xE414, 0xE3F3,
    0xDBF3, 0xE3F4, 0xE3F3, 0xE3F4, 0xE3F3, 0xDBD3, 0xE3F3, 0xE3D3, 0xDBD3, 0xE3F3, 0xE3D3, 0xE3F3,
    0xE3F3, 0xE3D3, 0xE3F3, 0xE3D3, 0xE3D2, 0xE3F3, 0xE3D2, 0xEBF3, 0xE3F3, 0xE3D2, 0xE3F3, 0xE3D2,
    0xE3D2, 0xE3D3, 0xE3D2, 0xEBF3, 0xE3D2, 0xE3D2, 0xEBD3, 0xE3D2, 0xE3D2, 0xEBD2, 0xE3D2, 0xEBD3,
    0xEBD2, 0xE3B2, 0xEBD2, 0xEBD2, 0xE3B2, 0xEBD2, 0xEBB2, 0xEBD2, 0xEBD2, 0xEBB2, 0xEBD2, 0xEBB2,
    0xE3B1, 0xEBD2, 0xEBB2, 0xEBD2, 0xEBD2, 0xEBB1, 0xEBD2, 0xEBB2, 0xEBB1, 0xEBD2, 0xEBB1, 0xEBD2,
    0xEBD2, 0xEBB1, 0xEBD2, 0xEBB1, 0xEBB1, 0xEBD2, 0xEBB1, 0xEBD2, 0xEBD2, 0xEBB1, 0xEBD2, 0xEBB1,
    0xEBB1, 0xEBD2, 0xEBB1, 0xEBD2, 0xEBD1, 0xEBB1, 0xEBD2, 0xEBB1, 0xEBB1, 0xEBB1, 0xEBB1, 0xF3D2,
    0xEBB1, 0xEBB1, 0xF3B1, 0xEBB1, 0xEB90, 0xF3B1, 0xEBB1, 0xF3B1, 0xF3B1, 0xEB90, 0xF3B1, 0xF391,
    0xEB90, 0xF391, 0xF390, 0xF391, 0xF390, 0xF370, 0xF390, 0xF370, 0xF370, 0xF370, 0xF370, 0xFB70,
    0xF370, 0xF350, 0xFB70, 0xF370, 0xF350, 0xFB70, 0xF370, 0xFB70, 0xF370, 0xF370, 0xFB70, 0xF370,
    0xF370, 0xFB70, 0xF370, 0xFB91, 0xFB70, 0xF350, 0xFB71, 0xF370, 0xF370, 0xFB71, 0xF370, 0xFB71,
    0xFB71, 0xF370, 0xFB91, 0xF370, 0xF370, 0xFB71, 0xF370, 0xFB91, 0xFB71, 0xF370, 0xFB91, 0xFB71,
    0xF370, 0xFB91, 0xF371, 0xFB91, 0xFB91, 0xF371, 0xFB91, 0xF391, 0xF371, 0xFB91, 0xF391, 0xFB92,
    0xFB91, 0xF371, 0xFB92, 0xF391, 0xF391, 0xFB92, 0xF391, 0xFB92, 0xFB92, 0xF392, 0xFBB2, 0xF392,
    0xF392, 0xFB92, 0xF392, 0xFBB3, 0xFBB2, 0xF392, 0xFBB3, 0xF3B3, 0xF392, 0xFBB3, 0xF3B3, 0xFBD3,
    0xFBB3, 0xF3B3, 0xFBD4, 0xF3B3, 0xF3B3, 0xFBD4, 0xF3D3, 0xFBD4, 0xF3D4, 0xF3D3, 0xFBF4, 0xF3D4,
    0xF3D4, 0xFBF5, 0xF3F4, 0xFC15, 0xF415, 0xF3F5, 0xFC15, 0xF415, 0xF415, 0xF415, 0xF415, 0xFC36,
    0xF416, 0xF415, 0xFC16, 0xF374, 0xFF5D, 0xFE5B, 0xF375, 0xCB72, 0xFBD3, 0xEBB3, 0xF3D4, 0xEBB3,
    0xE3B3, 0xEBB3, 0xE3B3, 0xEBB3, 0xE3B3, 0xE393, 0xE3B3, 0xDB93, 0xDB92, 0xDB93, 0xD392, 0xDB92,
    0xD372, 0xCB71, 0xD372, 0xCB51, 0xC351, 0xCB51, 0xC351, 0xC351, 0xC351, 0xBB30, 0xC331, 0xBB30,
    0xB371, 0xB371, 0xB391, 0xB391, 0xBBB2, 0xB3B2, 0xB3B1, 0xBBD2, 0xB3D2, 0xB3D2, 0xB412, 0xB412,
    0xBC33, 0xB433, 0xB432, 0xB473, 0xB473, 0xAC73, 0xB493, 0xACB3, 0xB4D4, 0xACD3, 0xA4D3, 0xAD14,
    0xA513, 0xA513, 0xA534, 0x9593, 0xA432, 0xFB77, 0xFF5D, 0xFE9C, 0xF354, 0xF416, 0xF416, 0xF436,
    0xF437, 0xF456, 0xEC36, 0xF457, 0xF456, 0xEC56, 0xF476, 0xEC56, 0xF476, 0xEC56, 0xEC55, 0xEC56,
    0xEC56, 0xE435, 0xEC56, 0xEC35, 0xEC56, 0xEC55, 0xE435, 0xEC55, 0xE435, 0xE434, 0xEC35, 0xE434,
    0xEC35, 0xE435, 0xE414, 0xEC35, 0xE414, 0xE414, 0xE414, 0xE414, 0xE414, 0xE414, 0xE3F4, 0xE414,
    0xE414, 0xDBF3, 0xE414, 0xE3F3, 0xE414, 0xE3F4, 0xDBF3, 0xE414, 0xE3F3, 0xDBF3, 0xE3F4, 0xE3F3,
    0xE3F4, 0xE3F3, 0xE3D3, 0xE3F3, 0xE3F3, 0xDBD3, 0xE3F3, 0xE3F3, 0xE3F3, 0xE3F3, 0xE3D3, 0xE3F3,
    0xE3D3, 0xE3D2, 0xE3F3, 0xE3D2, 0xEBF3, 0xE3F3, 0xE3D2, 0xEBF3, 0xE3D2, 0xE3D2, 0xE3D3, 0xE3D2,
    0xEBF3, 0xE3D2, 0xE3D2, 0xEBF3, 0xE3D2, 0xE3D2, 0xEBD2, 0xE3D2, 0xEBD3, 0xEBD2, 0xE3B2, 0xEBD2,
    0xEBD2, 0xE3B2, 0xEBD2, 0xEBD2, 0xEBD2, 0xEBD2, 0xEBB2, 0xEBD2, 0xEBD2, 0xE3B1, 0xEBD2, 0xEBD2,
    0xEBD2, 0xEBD2, 0xEBB2, 0xEBD2, 0xEBD2, 0xE3B1, 0xEBD2, 0xEBD2, 0xEBD2, 0xEBD2, 0xEBB1, 0xEBD2,
    0xEBD2, 0xE3B1, 0xEBD2, 0xEBB1, 0xEBD2, 0xEBD2, 0xEBB1, 0xEBD2, 0xEBB1, 0xEBB1, 0xEBD2, 0xEBB1,
    0xEBD2, 0xEBD1, 0xEBB1, 0xEBD2, 0xEBB1, 0xEBB1, 0xEBB1, 0xEBB1, 0xF3D2, 0xEBB1, 0xEBB1, 0xF3B1,
    0xEBB1, 0xEB90, 0xF3B1, 0xEBB1, 0xF3B1, 0xF3B1, 0xEB90, 0xF3B1, 0xF391, 0xEB90, 0xF391, 0xF390,
    0xF391, 0xF390, 0xF370, 0xF390, 0xF370, 0xF370, 0xFB70, 0xF370, 0xFB70, 0xFB70, 0xF350, 0xFB70,
    0xF370, 0xF34F, 0xFB70, 0xF370, 0xFB70, 0xFB70, 0xF370, 0xFB70, 0xF370, 0xF370, 0xFB70, 0xF370,
    0xFB71, 0xFB70, 0xF370, 0xFB91, 0xF370, 0xF370, 0xFB71, 0xF370, 0xFB91, 0xFB71, 0xF370, 0xFB91,
    0xF370, 0xF370, 0xFB71, 0xF371, 0xFB91, 0xFB71, 0xF371, 0xFB91, 0xFB71, 0xF370, 0xFB91, 0xF371,
    0xFB91, 0xFB91, 0xF371, 0xFB91, 0xF391, 0xF371, 0xFB91, 0xF391, 0xFB92, 0xFB91, 0xF371, 0xFB92,
    0xF391, 0xF391, 0xFB92, 0xF392, 0xFBB2, 0xFB92, 0xF392, 0xFB92, 0xF392, 0xF392, 0xFBB2, 0xF392,
    0xFBB3, 0xFBB3, 0xF392, 0xFBB3, 0xF3B3, 0xF3B2, 0xFBB3, 0xF3B3, 0xFBD4, 0xFBB3, 0xF3B3, 0xFBD4,
    0xF3B3, 0xF3B3, 0xFBD4, 0xF3D3, 0xFBD4, 0xFBD4, 0xF3D4, 0xFBF4, 0xF3F4, 0xF3D4, 0xF3F5, 0xF3F4,
    0xFC15, 0xF415, 0xF415, 0xFC15, 0xF415, 0xF415, 0xF436, 0xF415, 0xFC16, 0xF416, 0xF3F5, 0xFB95,
    0xFF5D, 0xFE5B, 0xF375, 0xCB71, 0xFBD4, 0xEBD4, 0xEBB3, 0xEBD4, 0xEBB3, 0xE3B3, 0xEBB3, 0xE3B3,
    0xEBB3, 0xE3B3, 0xDB92, 0xE3B3, 0xDB92, 0xD392, 0xDB92, 0xD372, 0xD392, 0xD372, 0xCB51, 0xCB72,
    0xCB51, 0xC351, 0xC351, 0xC351, 0xC351, 0xC331, 0xBB30, 0xBB31, 0xB371, 0xB371, 0xB371, 0xB391,
    0xB391, 0xBBB2, 0xB3B2, 0xB3B1, 0xBBF2, 0xB3F2, 0xB3F2, 0xB413, 0xB412, 0xBC33, 0xB453, 0xB453,
    0xB473, 0xB473, 0xAC93, 0xB4B3, 0xACB3, 0xB4D4, 0xACF4, 0xA4F3, 0xAD14, 0xA514, 0x9D13, 0x9594,
    0x9C12, 0xFB77, 0xFF7D, 0xFE7B, 0xFB55, 0xF416, 0xF416, 0xF436, 0xF436, 0xF457, 0xF456, 0xEC36,
    0xF457, 0xEC56, 0xEC56, 0xF476, 0xEC56, 0xF476, 0xEC56, 0xEC55, 0xEC56, 0xEC56, 0xE435, 0xEC56,
    0xEC35, 0xEC56, 0xEC35, 0xE435, 0xEC55, 0xE435, 0xE434, 0xEC35, 0xE434, 0xEC35, 0xE435, 0xE414,
    0xEC35, 0xE414, 0xE414, 0xE414, 0xE414, 0xE414, 0xE414, 0xE3F4, 0xE414, 0xE3F4, 0xDBF3, 0xE414,
    0xE3F3, 0xE414, 0xE3F4, 0xDBF3, 0xE3F4, 0xE3F3, 0xDBF3, 0xE3F3, 0xE3F3, 0xE3F4, 0xE3F3, 0xE3D3,
    0xE3F3, 0xE3F3, 0xE3D3, 0xE3F3, 0xE3D3, 0xE3F3, 0xE3F3, 0xE3D3, 0xE3F3, 0xE3D3, 0xE3D2, 0xE3F3,
    0xE3D2, 0xEBF3, 0xE3F3, 0xE3D2, 0xEBF3, 0xE3D2, 0xE3D2, 0xEBD3, 0xE3D2, 0xEBF3, 0xE3D2, 0xE3D2,
    0xEBF3, 0xE3D2, 0xE3D2, 0xEBD3, 0xE3D2, 0xEBD3, 0xEBD2, 0xE3D2, 0xEBD3, 0xEBD2, 0xE3B2, 0xEBD2,
    0xEBD2, 0xEBD3, 0xEBD2, 0xEBB2, 0xEBD2, 0xEBD2, 0xE3B2, 0xEBD2, 0xEBD2, 0xEBD2, 0xEBD2, 0xEBB2,
    0xEBD2, 0xEBD2, 0xE3B1, 0xEBD2, 0xEBD2, 0xEBD2, 0xEBD2, 0xEBB1, 0xEBD2, 0xEBD2, 0xE3B1, 0xEBD2,
    0xEBD1, 0xEBD2, 0xEBD2, 0xEBB1, 0xEBD2, 0xEBB1, 0xE3B1, 0xEBD2, 0xEBB1, 0xEBD2, 0xEBD1, 0xEBB1,
    0xEBD2, 0xEBB1, 0xEBB1, 0xEBB1, 0xEBB1, 0xF3D2, 0xEBB1, 0xEBB1, 0xF3B1, 0xEBB1, 0xEB90, 0xF3B1,
    0xEBB1, 0xF3B1, 0xF3B1, 0xEB90, 0xF3B1, 0xF391, 0xEB90, 0xF391, 0xF390, 0xF391, 0xF390, 0xF370,
    0xFB90, 0xF370, 0xF34F, 0xFB70, 0xF370, 0xFB70, 0xFB70, 0xF350, 0xFB70, 0xF350, 0xF34F, 0xFB70,
    0xF370, 0xFB70, 0xFB70, 0xF370, 0xFB70, 0xF370, 0xF370, 0xFB70, 0xF370, 0xFB91, 0xFB70, 0xF370,
    0xFB91, 0xF370, 0xF370, 0xFB71, 0xF370, 0xFB91, 0xFB71, 0xF370, 0xFB91, 0xF371, 0xF370, 0xFB91,
    0xF371, 0xFB91, 0xFB91, 0xF371, 0xFB91, 0xFB71, 0xF371, 0xFB91, 0xF371, 0xFB92, 0xFB91, 0xF371,
    0xFB92, 0xF391, 0xF371, 0xFB91, 0xF391, 0xFB92, 0xFB92, 0xF371, 0xFB92, 0xF392, 0xF391, 0xFB92,
    0xF392, 0xFBB2, 0xFB92, 0xF392, 0xFBB3, 0xF392, 0xF392, 0xFBB3, 0xF3B2, 0xFBB3, 0xFBB3, 0xF3B3,
    0xFBD3, 0xF3B3, 0xF3B3, 0xFBB3, 0xF3B3, 0xFBD4, 0xFBD3, 0xF3B3, 0xFBD4, 0xF3B3, 0xF3B3, 0xFBD4,
    0xF3D4, 0xFBD4, 0xF3D4, 0xF3D4, 0xFBF5, 0xF3F4, 0xF3F4, 0xF3F5, 0xF3F5, 0xFC15, 0xF415, 0xF415,
    0xFC36, 0xF415, 0xF415, 0xF436, 0xF415, 0xFC16, 0xF416, 0xF374, 0xFF7E, 0xFE7B, 0xF375, 0xCB72,
    0xF3D3, 0xF3D4, 0xEBD4, 0xEBB3, 0xEBD4, 0xEBB3, 0xE3B3, 0xE3B3, 0xE3B3, 0xE3B3, 0xE3B3, 0xDB92,
    0xDBB3, 0xDB92, 0xD372, 0xD392, 0xD372, 0xD372, 0xCB72, 0xCB51, 0xCB72, 0xC351, 0xC351, 0xC351,
    0xC331, 0xC351, 0xBB31, 0xBB10, 0xB351, 0xB391, 0xB371, 0xB391, 0xB392, 0xB3B1, 0xBBD2, 0xB3D2,
    0xB3D2, 0xBBF2, 0xB3F2, 0xB3F2, 0xB433, 0xB432, 0xBC53, 0xB453, 0xB473, 0xB493, 0xB493, 0xAC93,
    0xB4B4, 0xACD3, 0xACF4, 0xACF4, 0xA4F3, 0xAD34, 0xA514, 0x9593, 0xA432, 0xFB57, 0xFF5E, 0xFE9C,
    0xF334, 0xFC36, 0xF416, 0xF416, 0xF437, 0xF436, 0xF457, 0xF456, 0xEC56, 0xF477, 0xEC56, 0xEC56,
    0xEC76, 0xEC56, 0xF476, 0xEC56, 0xEC55, 0xEC56, 0xEC55, 0xE435, 0xEC56, 0xEC35, 0xEC56, 0xEC35,
    0xE435, 0xEC55, 0xE435, 0xE434, 0xEC35, 0xE434, 0xEC35, 0xE435, 0xE414, 0xEC35, 0xE414, 0xE414,
    0xE414, 0xE414, 0xE414, 0xE414, 0xE3F4, 0xE414, 0xE414, 0xDBF3, 0xE414, 0xE3F3, 0xE414, 0xE3F4,
    0xE3F3, 0xE414, 0xE3F3, 0xDBF3, 0xE3F4, 0xE3F3, 0xE3F4, 0xE3F3, 0xE3D3, 0xE3F3, 0xE3F3, 0xE3D3,
    0xE3F3, 0xE3F3, 0xEBF3, 0xE3F3, 0xE3D3, 0xE3F3, 0xE3D3, 0xE3D2, 0xE3F3, 0xE3D3, 0xEBF3, 0xE3F3,
    0xE3D2, 0xEBF3, 0xE3D3, 0xE3D2, 0xEBD3, 0xE3D2, 0xEBF3, 0xEBD3, 0xE3D2, 0xEBF3, 0xE3D2, 0xE3D2,
    0xEBD3, 0xE3D2, 0xEBD3, 0xEBD2, 0xE3D2, 0xEBD3, 0xEBD2, 0xE3B2, 0xEBD2, 0xEBD2, 0xEBD3, 0xEBD2,
    0xE3B2, 0xEBD2, 0xEBD2, 0xE3B2, 0xEBD2, 0xEBD2, 0xEBD2, 0xEBD2, 0xEBB2, 0xEBD2, 0xEBD2, 0xE3B1,
    0xEBD2, 0xEBD2, 0xEBD2, 0xEBD2, 0xEBB1, 0xEBD2, 0xEBD2, 0xE3B1, 0xEBD2, 0xEBD1, 0xEBD2, 0xEBD2,
    0xEBB1, 0xEBD2, 0xEBD1, 0xE3B1, 0xEBD2, 0xEBD1, 0xEBD2, 0xEBD1, 0xEBB1, 0xEBD2, 0xEBB1, 0xEBB1,
    0xEBD1, 0xEBB1, 0xF3D2, 0xEBB1, 0xEBB1, 0xF3B1, 0xEBB1, 0xEBB1, 0xF3B1, 0xEBB1, 0xF3B1, 0xF3B1,
    0xEB90, 0xF3B1, 0xF391, 0xF390, 0xF391, 0xF390, 0xFB91, 0xF370, 0xF370, 0xFB70, 0xF350, 0xF34F,
    0xFB70, 0xF350, 0xFB70, 0xFB70, 0xF34F, 0xFB70, 0xF350, 0xF34F, 0xFB70, 0xF370, 0xFB70, 0xFB70,
    0xF370, 0xFB70, 0xF370, 0xF370, 0xFB70, 0xF370, 0xFB91, 0xFB70, 0xF370, 0xFB91, 0xF370, 0xF370,
    0xFB71, 0xF370, 0xFB91, 0xFB71, 0xF370, 0xFB91, 0xF371, 0xF370, 0xFB91, 0xF371, 0xFB91, 0xFB91,
    0xF371, 0xFB91, 0xF391, 0xF371, 0xFB91, 0xF371, 0xFB92, 0xFB91, 0xF371, 0xFB92, 0xF391, 0xF371,
    0xFB92, 0xF391, 0xFB92, 0xFB92, 0xF371, 0xFB92, 0xF392, 0xF391, 0xFB92, 0xF392, 0xFBB3, 0xFBB2,
    0xF392, 0xFBB3, 0xF392, 0xF392, 0xFBB3, 0xF3B2, 0xFBB3, 0xFBB3, 0xF3B3, 0xFBD3, 0xF3B3, 0xF3B3,
    0xFBB3, 0xF3B3, 0xFBD4, 0xFBD3, 0xF3B3, 0xFBD4, 0xF3D3, 0xF3D3, 0xFBD4, 0xF3D4, 0xFBF4, 0xF3F4,
    0xF3D4, 0xFBF5, 0xF3F5, 0xF3F4, 0xF415, 0xF415, 0xFC16, 0xF415, 0xF415, 0xFC36, 0xF415, 0xF415,
    0xF416, 0xF415, 0xFC16, 0xF395, 0xFF5D, 0xFE7C, 0xF375, 0xC351, 0xFBD4, 0xEBD3, 0xF3D4, 0xEBD3,
    0xEBB3, 0xEBD4, 0xE3B3, 0xE3B3, 0xE3B3, 0xE3B3, 0xE3B3, 0xDBB3, 0xDB92, 0xDB93, 0xD392, 0xD372,
    0xD372, 0xCB72, 0xD372, 0xCB72, 0xC351, 0xCB51, 0xC351, 0xBB30, 0xC351, 0xBB30, 0xC331, 0xBB30,
    0xB371, 0xB371, 0xB391, 0xB391, 0xB391, 0xB3B2, 0xB3B1, 0xBBD2, 0xB3D2, 0xB3D2, 0xBC13, 0xB412,
    0xB412, 0xB433, 0xB433, 0xBC73, 0xB473, 0xB473, 0xB494, 0xB493, 0xACB3, 0xACD4, 0xACD3, 0xACF4,
    0xAD14, 0xA513, 0xA534, 0x9594, 0x9C12, 0xFB77, 0xFF5D, 0xFE9C, 0xF355, 0xF416, 0xF437, 0xF436,
    0xF436, 0xF457, 0xF456, 0xF457, 0xF456, 0xEC56, 0xF477, 0xEC56, 0xEC56, 0xEC76, 0xEC56, 0xF476,
    0xEC56, 0xEC55, 0xEC56, 0xEC55, 0xE435, 0xEC55, 0xEC35, 0xEC56, 0xEC35, 0xE435, 0xEC35, 0xE435,
    0xE434, 0xEC35, 0xE434, 0xEC35, 0xE435, 0xE414, 0xEC35, 0xE414, 0xE414, 0xE414, 0xE414, 0xEC14,
    0xE414, 0xE3F4, 0xE414, 0xE414, 0xE3F3, 0xE414, 0xE3F3, 0xE414, 0xE3F4, 0xE3F3, 0xE414, 0xE3F3,
    0xDBF3, 0xE3F4, 0xE3F3, 0xE3F4, 0xE3F3, 0xE3D3, 0xE3F3, 0xE3F3, 0xE3D3, 0xE3F3, 0xE3F3, 0xEBF3,
    0xE3F3, 0xE3D3, 0xEBF3, 0xE3D3, 0xE3D2, 0xE3F3, 0xE3D3, 0xEBF3, 0xE3F3, 0xE3D2, 0xEBF3, 0xE3D3,
    0xE3D2, 0xEBD3, 0xE3D2, 0xEBF3, 0xEBD3, 0xE3D2, 0xEBF3, 0xEBD2, 0xE3D2, 0xEBD3, 0xE3D2, 0xEBD3,
    0xEBD2, 0xE3D2, 0xEBD3, 0xEBD2, 0xE3D2, 0xEBD2, 0xEBD2, 0xEBD3, 0xEBD2, 0xEBB2, 0xEBD2, 0xEBD2,
    0xE3B2, 0xEBD2, 0xEBD2, 0xEBD2, 0xEBD2, 0xEBB2, 0xEBD2, 0xEBD2, 0xE3B1, 0xEBD2, 0xEBD2, 0xEBD2,
    0xEBD2, 0xEBB1, 0xEBD2, 0xEBD2, 0xE3B1, 0xEBD2, 0xEBD1, 0xEBD2, 0xEBD2, 0xEBB1, 0xEBD2, 0xEBD2,
    0xE3B1, 0xEBD2, 0xEBD1, 0xEBD2, 0xEBD2, 0xEBB1, 0xEBD2, 0xEBB1, 0xEBB1, 0xEBD1, 0xEBB1, 0xF3D2,
    0xEBB1, 0xEBB1, 0xF3B1, 0xEBB1, 0xEBB1, 0xF3B1, 0xEBB1, 0xF3B1, 0xF3B1, 0xF390, 0xF3B1, 0xF391,
    0xF390, 0xF391, 0xF370, 0xFB91, 0xF370, 0xF34F, 0xFB70, 0xF350, 0xF34F, 0xFB50, 0xF34F, 0xFB70,
    0xFB70, 0xF34F, 0xFB70, 0xF350, 0xF34F, 0xFB70, 0xF370, 0xFB71, 0xFB70, 0xF370, 0xFB70, 0xF370,
    0xF370, 0xFB70, 0xF370, 0xFB71, 0xFB70, 0xF370, 0xFB91, 0xF370, 0xF370, 0xFB71, 0xF370, 0xFB91,
    0xFB71, 0xF370, 0xFB91, 0xF371, 0xF371, 0xFB91, 0xF371, 0xFB91, 0xFB91, 0xF371, 0xFB92, 0xF371,
    0xF371, 0xFB91, 0xF371, 0xFB92, 0xFB91, 0xF371, 0xFB92, 0xFB91, 0xF371, 0xFB92, 0xF391, 0xFB92,
    0xFB92, 0xF391, 0xFB92, 0xF392, 0xF392, 0xFBB2, 0xF392, 0xFBB3, 0xFBB2, 0xF392, 0xFBB3, 0xF3B3,
    0xF392, 0xFBB3, 0xF3B3, 0xFBB3, 0xFBB3, 0xF3B3, 0xFBD3, 0xF3B3, 0xF3B3, 0xFBD3, 0xF3B3, 0xFBD4,
    0xFBD4, 0xF3B3, 0xFBD4, 0xF3D4, 0xF3D3, 0xFBD4, 0xF3D4, 0xFBF5, 0xF3F4, 0xF3F4, 0xFC15, 0xF3F5,
    0xF3F5, 0xF415, 0xF415, 0xFC36, 0xF435, 0xF415, 0xFC36, 0xF416, 0xF415, 0xF416, 0xF415, 0xFB95,
    0xFF7E, 0xFE7B, 0xFB96, 0xCB51, 0xF3D3, 0xEBD4, 0xEBD3, 0xEBD4, 0xEBD3, 0xE3B3, 0xEBD4, 0xE3B3,
    0xE3B3, 0xE3B3, 0xDBB3, 0xE3B3, 0xDB93, 0xD392, 0xDB93, 0xD372, 0xCB72, 0xD372, 0xCB71, 0xCB72,
    0xCB71, 0xC351, 0xC351, 0xC351, 0xBB30, 0xC331, 0xBB30, 0xBB31, 0xB371, 0xB371, 0xB371, 0xB392,
    0xB391, 0xB391, 0xB3B2, 0xB3B2, 0xBBD2, 0xB3F2, 0xB3F2, 0xBC13, 0xB412, 0xB412, 0xB453, 0xB453,
    0xBC73, 0xB473, 0xB493, 0xB4B4, 0xACB3, 0xACB3, 0xACD4, 0xACF3, 0xAD14, 0xAD14, 0xA513, 0x9D94,
    0xA412, 0xFB77, 0xFF5E, 0xFE9B, 0xFB55, 0xF436, 0xF416, 0xF437, 0xF436, 0xEC36, 0xF457, 0xF456,
    0xF477, 0xF456, 0xEC56, 0xF476, 0xEC56, 0xEC56, 0xEC76, 0xEC56, 0xF476, 0xEC56, 0xEC55, 0xEC56,
    0xEC55, 0xE435, 0xEC55, 0xEC35, 0xEC56, 0xEC35, 0xE435, 0xEC35, 0xE435, 0xE414, 0xEC35, 0xE434,
    0xEC35, 0xE434, 0xE414, 0xEC35, 0xE414, 0xE414, 0xE414, 0xE414, 0xEC14, 0xE414, 0xE3F4, 0xE414,
    0xE3F4, 0xE3F3, 0xE414, 0xE3F3, 0xE414, 0xE3F4, 0xE3F3, 0xE3F4, 0xE3F3, 0xE3F3, 0xE3F4, 0xE3F3,
    0xE3F4, 0xE3F3, 0xE3F3, 0xE3F3, 0xE3F3, 0xE3D3, 0xE3F3, 0xE3F3, 0xEBF3, 0xE3F3, 0xE3D3, 0xEBF3,
    0xE3F3, 0xE3D2, 0xEBF3, 0xE3D3, 0xEBF3, 0xE3F3, 0xE3D2, 0xEBF3, 0xE3D3, 0xE3D2, 0xEBD3, 0xE3D2,
    0xEBF3, 0xEBD3, 0xE3D2, 0xEBF3, 0xEBD2, 0xE3D2, 0xEBD3, 0xE3D2, 0xEBD3, 0xEBD2, 0xE3D2, 0xEBD3,
    0xEBD2, 0xE3D2, 0xEBD2, 0xEBD2, 0xEBD3, 0xEBD2, 0xEBD2, 0xEBD2, 0xEBD2, 0xE3D2, 0xEBD2, 0xEBD2,
    0xEBD2, 0xEBD2, 0xEBD2, 0xEBD2, 0xEBD2, 0xE3D1, 0xEBD2, 0xEBD2, 0xEBD2, 0xEBD2, 0xEBD1, 0xEBD2,
    0xEBD2, 0xE3D1, 0xEBD2, 0xEBD2, 0xEBD2, 0xEBD2, 0xEBB1, 0xEBD2, 0xEBD2, 0xE3B1, 0xEBD2, 0xEBD1,
    0xEBD2, 0xEBD2, 0xEBB1, 0xEBD2, 0xEBB1, 0xEBB1, 0xEBD1, 0xEBB1, 0xF3D2, 0xEBB1, 0xEBB1, 0xF3B1,
    0xEBB1, 0xEBB1, 0xF3B1, 0xEBB1, 0xF3B1, 0xF3B1, 0xF390, 0xF3B1, 0xF391, 0xF390, 0xF391, 0xF370,
    0xFB91, 0xFB70, 0xF34F, 0xFB70, 0xF350, 0xF34F, 0xFB50, 0xF350, 0xFB70, 0xFB70, 0xF350, 0xFB70,
    0xF350, 0xF350, 0xFB70, 0xF370, 0xFB71, 0xFB70, 0xF370, 0xFB71, 0xF370, 0xF370, 0xFB71, 0xF370,
    0xFB91, 0xFB71, 0xF370, 0xFB91, 0xF371, 0xF370, 0xFB71, 0xF370, 0xFB91, 0xFB71, 0xF371, 0xFB91,
    0xF371, 0xF371, 0xFB91, 0xF391, 0xFB92, 0xFB91, 0xF371, 0xFB92, 0xFB91, 0xF371, 0xFB91, 0xF391,
    0xFB92, 0xFB92, 0xF371, 0xFB92, 0xF392, 0xF391, 0xFB92, 0xF392, 0xFB92, 0xFB92, 0xF391, 0xFBB2,
    0xF392, 0xF392, 0xFBB2, 0xF3B2, 0xFBB3, 0xF3B3, 0xF3B2, 0xFBB3, 0xF3B2, 0xF392, 0xFBB3, 0xF3B3,
    0xFBB3, 0xFBB3, 0xF3B3, 0xFBD3, 0xF3B3, 0xF3B3, 0xF3D4, 0xF3D3, 0xFBD4, 0xF3D4, 0xF3D3, 0xFBD4,
    0xF3D4, 0xF3D4, 0xFBD4, 0xF3F4, 0xFBF5, 0xF3F5, 0xF3F4, 0xF415, 0xF415, 0xF415, 0xF415, 0xF415,
    0xFC36, 0xF436, 0xF415, 0xFC36, 0xF416, 0xF415, 0xF416, 0xF374, 0xFF7E, 0xFE7B, 0xF375, 0xCB72,
    0xF3D4, 0xEBD3, 0xEBD4, 0xEBD3, 0xEBD4, 0xEBD3, 0xE3B3, 0xE3D4, 0xE3B3, 0xDBB3, 0xE3B3, 0xDB93,
    0xDBB3, 0xDB93, 0xD372, 0xD392, 0xD372, 0xCB71, 0xCB72, 0xCB51, 0xCB72, 0xC351, 0xC331, 0xC351,
    0xBB31, 0xBB30, 0xBB31, 0xBB30, 0xB371, 0xB371, 0xB371, 0xB371, 0xB3B2, 0xB391, 0xB3B1, 0xB3D2,
    0xB3D2, 0xBBF2, 0xB3F2, 0xB3F2, 0xBC33, 0xB433, 0xB432, 0xB453, 0xB453, 0xB494, 0xB493, 0xAC93,
    0xB4B4, 0xACB3, 0xACD3, 0xACF4, 0xACF3, 0xAD14, 0xAD14, 0x9573, 0xAC32, 0xFB97, 0xF75D, 0xFE9C,
    0xF355, 0xFC37, 0xF416, 0xF416, 0xF457, 0xF436, 0xEC56, 0xF457, 0xEC56, 0xF477, 0xF476, 0xEC56,
    0xF476, 0xEC56, 0xEC56, 0xEC56, 0xEC56, 0xF476, 0xEC56, 0xEC55, 0xEC56, 0xEC55, 0xE435, 0xEC55,
    0xEC35, 0xEC56, 0xEC35, 0xE435, 0xEC35, 0xE435, 0xE414, 0xEC35, 0xE434, 0xEC35, 0xE434, 0xE414,
    0xEC35, 0xE414, 0xE414, 0xE414, 0xE414, 0xEC14, 0xE414, 0xE3F4, 0xE414, 0xE414, 0xE3F3, 0xE414,
    0xE3F3, 0xE414, 0xE3F4, 0xE3F3, 0xE414, 0xE3F3, 0xE3F3, 0xE3F4, 0xE3F3, 0xEBF4, 0xE3F3, 0xE3F3,
    0xE3F3, 0xE3F3, 0xE3D3, 0xE3F3, 0xE3F3, 0xEBF3, 0xE3F3, 0xE3D3, 0xEBF3, 0xE3F3, 0xE3D2, 0xEBF3,
    0xE3D3, 0xEBF3, 0xEBF3, 0xE3D2, 0xEBF3, 0xE3D3, 0xE3D2, 0xEBF3, 0xE3D2, 0xEBF3, 0xEBD3, 0xE3D2,
    0xEBF3, 0xEBD2, 0xE3D2, 0xEBD3, 0xEBD2, 0xEBF3, 0xEBD2, 0xE3D2, 0xEBD3, 0xEBD2, 0xE3D2, 0xEBD2,
    0xEBD2, 0xEBD3, 0xEBD2, 0xEBD2, 0xEBD2, 0xEBD2, 0xE3D2, 0xEBD2, 0xEBD2, 0xEBD2, 0xEBD2, 0xEBD2,
    0xEBD2, 0xEBD2, 0xE3D1, 0xEBD2, 0xEBD2, 0xEBD2, 0xEBD2, 0xEBD2, 0xEBD2, 0xEBD2, 0xE3D1, 0xEBD2,
    0xEBD2, 0xEBD2, 0xEBD2, 0xEBD1, 0xEBD2, 0xEBD2, 0xEBB1, 0xEBD2, 0xEBD1, 0xEBD2, 0xEBD2, 0xEBB1,
    0xEBD2, 0xEBB1, 0xEBB1, 0xEBD1, 0xEBB1, 0xF3D2, 0xEBB1, 0xEBB1, 0xF3B1, 0xEBB1, 0xEBB1, 0xF3B1,
    0xF3B1, 0xF3B1, 0xF3B1, 0xF390, 0xF3B1, 0xF391, 0xF390, 0xF391, 0xF370, 0xFB91, 0xF370, 0xF370,
    0xFB70, 0xF370, 0xF350, 0xFB70, 0xF370, 0xFB71, 0xFB70, 0xF370, 0xFB70, 0xF370, 0xF350, 0xFB70,
    0xF370, 0xFB71, 0xFB70, 0xF370, 0xFB71, 0xF370, 0xF370, 0xFB71, 0xF370, 0xFB91, 0xFB71, 0xF370,
    0xFB91, 0xF371, 0xF370, 0xFB91, 0xF371, 0xFB91, 0xFB91, 0xF371, 0xFB91, 0xFB91, 0xF371, 0xFB91,
    0xF391, 0xFB92, 0xFB91, 0xF371, 0xFB92, 0xFB91, 0xF371, 0xFB92, 0xF391, 0xFB92, 0xFB92, 0xF391,
    0xFB92, 0xF392, 0xF391, 0xFB92, 0xF392, 0xFBB2, 0xFB92, 0xF392, 0xFBB2, 0xF3B2, 0xF392, 0xFBB3,
    0xF3B2, 0xFBB3, 0xFBB3, 0xF3B2, 0xFBB3, 0xF3B3, 0xF3B2, 0xFBB3, 0xF3B3, 0xFBD3, 0xFBB3, 0xF3B3,
    0xFBD4, 0xF3D3, 0xF3B3, 0xFBD4, 0xF3D3, 0xFBD4, 0xF3D4, 0xF3D4, 0xFBF4, 0xF3D4, 0xF3D4, 0xF3F5,
    0xF3F4, 0xFC15, 0xF415, 0xF415, 0xF435, 0xF415, 0xF415, 0xF436, 0xF435, 0xFC36, 0xF436, 0xF415,
    0xFC36, 0xF416, 0xF3F5, 0xF375, 0xFF7D, 0xFE7C, 0xF396, 0xC351, 0xFBD4, 0xEBD4, 0xEBB3, 0xEBD4,
    0xEBB3, 0xEBD4, 0xE3D3, 0xE3B3, 0xE3B3, 0xE3B3, 0xDB92, 0xDBB3, 0xDB92, 0xDB93, 0xD392, 0xD372,
    0xD392, 0xCB72, 0xCB51, 0xCB72, 0xC351, 0xCB52, 0xC351, 0xBB31, 0xC351, 0xBB31, 0xBB30, 0xBB30,
    0xB371, 0xB371, 0xB391, 0xB391, 0xB391, 0xB3B2, 0xB3B2, 0xB3B1, 0xB3D2, 0xB3D2, 0xBBF3, 0xB412,
    0xB412, 0xBC33, 0xB433, 0xB432, 0xB473, 0xB473, 0xB494, 0xB493, 0xAC93, 0xB4D4, 0xACD4, 0xACD3,
    0xACF4, 0xACF4, 0xAD14, 0x9D74, 0xA412, 0xFB98, 0xFF7D, 0xF67B, 0xF355, 0xF436, 0xFC37, 0xF436,
    0xF436, 0xF457, 0xF457, 0xEC56, 0xF457, 0xEC56, 0xF477, 0xF476, 0xEC56, 0xF476, 0xEC56, 0xEC56,
    0xEC56, 0xEC56, 0xEC76, 0xEC56, 0xEC55, 0xEC56, 0xEC55, 0xE435, 0xEC55, 0xEC35, 0xEC55, 0xEC35,
    0xE435, 0xEC35, 0xE435, 0xE414, 0xEC35, 0xE434, 0xEC35, 0xE434, 0xE414, 0xEC35, 0xE414, 0xE414,
    0xE414, 0xE414, 0xEC14, 0xE414, 0xE3F4, 0xE414, 0xE414, 0xE3F3, 0xE414, 0xE3F3, 0xE414, 0xE3F4,
    0xE3F3, 0xE414, 0xE3F3, 0xE3F3, 0xE3F4, 0xE3F3, 0xEBF4, 0xE3F3, 0xE3F3, 0xEBF3, 0xE3F3, 0xE3F3,
    0xEBF3, 0xE3F3, 0xEBF3, 0xE3F3, 0xE3D3, 0xEBF3, 0xE3F3, 0xE3D2, 0xEBF3, 0xE3D3, 0xEBF3, 0xEBF3,
    0xE3D2, 0xEBF3, 0xEBD3, 0xE3D2, 0xEBF3, 0xE3D2, 0xEBF3, 0xEBD3, 0xE3D2, 0xEBF3, 0xEBD2, 0xE3D2,
    0xEBD3, 0xEBD2, 0xEBF3, 0xEBD2, 0xEBD2, 0xEBD3, 0xEBD2, 0xE3D2, 0xEBD2, 0xEBD2, 0xEBD3, 0xEBD2,
    0xEBD2, 0xEBD2, 0xEBD2, 0xE3D2, 0xEBD2, 0xEBD2, 0xEBD2, 0xEBD2, 0xEBD2, 0xEBD2, 0xEBD2, 0xE3D1,
    0xEBD2, 0xEBD2, 0xEBD2, 0xEBD2, 0xEBD2, 0xEBD2, 0xEBD2, 0xE3D1, 0xEBD2, 0xEBD2, 0xEBD2, 0xEBD2,
    0xEBD1, 0xEBD2, 0xEBD2, 0xEBD1, 0xEBD2, 0xEBD1, 0xF3D2, 0xEBD2, 0xEBB1, 0xEBD2, 0xEBB1, 0xEBB1,
    0xEBD2, 0xEBB1, 0xF3D2, 0xEBB1, 0xEBB1, 0xF3B1, 0xF3B1, 0xEBB1, 0xF3B1, 0xF3B1, 0xF3B1, 0xF3B1,
    0xF390, 0xF3B1, 0xF391, 0xF390, 0xF391, 0xF390, 0xFB91, 0xF370, 0xF370, 0xFB70, 0xF370, 0xF370,
    0xFB70, 0xF370, 0xFB91, 0xF370, 0xF370, 0xFB71, 0xF370, 0xF370, 0xFB70, 0xF370, 0xFB71, 0xFB70,
    0xF370, 0xFB71, 0xF370, 0xF370, 0xFB71, 0xF370, 0xFB91, 0xFB71, 0xF370, 0xFB91, 0xF371, 0xF370,
    0xFB91, 0xF371, 0xFB91, 0xFB91, 0xF371, 0xFB91, 0xFB91, 0xF371, 0xFB91, 0xF391, 0xFB92, 0xFB91,
    0xF371, 0xFB92, 0xF391, 0xF391, 0xFB92, 0xF391, 0xFBB2, 0xFB92, 0xF391, 0xFBB2, 0xF392, 0xF391,
    0xFB92, 0xF392, 0xFB92, 0xFB92, 0xF392, 0xFBB3, 0xF3B2, 0xF3B2, 0xFBB3, 0xF3B3, 0xFBD3, 0xFBB3,
    0xF3B3, 0xFBB3, 0xF3B3, 0xF3B3, 0xFBB3, 0xF3B3, 0xFBD4, 0xFBD3, 0xF3B3, 0xFBD4, 0xF3D3, 0xF3B3,
    0xFBD4, 0xF3D4, 0xFBD4, 0xF3D4, 0xF3D4, 0xFBF5, 0xF3F4, 0xF3F4, 0xF415, 0xF415, 0xFC15, 0xF415,
    0xF415, 0xF436, 0xF415, 0xF415, 0xF436, 0xF436, 0xFC36, 0xF436, 0xF416, 0xF436, 0xF416, 0xF374,
    0xFF7E, 0xFE5B, 0xFB96, 0xCB72, 0xF3D3, 0xF3D4, 0xEBD4, 0xE3B3, 0xEBD4, 0xE3B3, 0xEBD4, 0xE3B3,
    0xE3B3, 0xE3B3, 0xDBB3, 0xDB92, 0xDB93, 0xD392, 0xDB93, 0xD392, 0xCB72, 0xD372, 0xCB72, 0xC351,
    0xCB51, 0xC351, 0xC351, 0xC351, 0xBB30, 0xBB51, 0xBB30, 0xB310, 0xAB50, 0xB371, 0xB371, 0xB392,
    0xB391, 0xB391, 0xB3B2, 0xB3B2, 0xB3B1, 0xB3D2, 0xB3F2, 0xBC13, 0xB412, 0xB412, 0xBC33, 0xB453,
    0xB453, 0xB473, 0xB473, 0xB494, 0xB4B4, 0xACB3, 0xB4D4, 0xACD4, 0xACD3, 0xACF4, 0xACF4, 0xA574,
    0xA412, 0xFB77, 0xFF7E, 0xFE7C, 0xF375, 0xF437, 0xF436, 0xF457, 0xF457, 0xF456, 0xF457, 0xF456,
    0xEC56, 0xF477, 0xEC76, 0xF477, 0xEC76, 0xEC56, 0xF476, 0xEC56, 0xEC55, 0xEC56, 0xEC56, 0xEC56,
    0xEC56, 0xEC55, 0xEC56, 0xEC55, 0xE435, 0xEC55, 0xEC35, 0xEC55, 0xEC35, 0xE435, 0xEC35, 0xE435,
    0xE414, 0xEC35, 0xE434, 0xEC35, 0xE434, 0xE414, 0xEC35, 0xE414, 0xE414, 0xE414, 0xE414, 0xEC14,
    0xE414, 0xE3F4, 0xE414, 0xE414, 0xE3F3, 0xE414, 0xE3F3, 0xEC14, 0xE3F4, 0xE3F3, 0xE414, 0xE3F3,
    0xE3F3, 0xE3F4, 0xE3F3, 0xEC14, 0xE3F3, 0xE3F3, 0xEBF3, 0xE3F3, 0xE3F3, 0xEBF3, 0xE3F3, 0xEBF3,
    0xEBF3, 0xE3D3, 0xEBF3, 0xE3F3, 0xE3D2, 0xEBF3, 0xE3F3, 0xEBF3, 0xEBF3, 0xE3D2, 0xEBF3, 0xEBD3,
    0xE3D2, 0xEBF3, 0xEBD2, 0xEBF3, 0xEBD3, 0xE3D2, 0xEBF3, 0xEBD2, 0xE3D2, 0xEBD3, 0xEBD2, 0xEBF3,
    0xEBD2, 0xEBD2, 0xEBF3, 0xEBD2, 0xE3D2, 0xEBD2, 0xEBD2, 0xEBF3, 0xEBD2, 0xEBD2, 0xEBF3, 0xEBD2,
    0xEBD2, 0xEBD2, 0xEBD2, 0xEBF3, 0xEBD2, 0xEBD2, 0xEBF2, 0xEBD2, 0xEBD2, 0xEBD2, 0xEBD2, 0xEBD2,
    0xEBD2, 0xEBD2, 0xEBD2, 0xEBD2, 0xEBD1, 0xEBD2, 0xEBD2, 0xEBD2, 0xEBD2, 0xEBD1, 0xEBD2, 0xEBD2,
    0xEBD1, 0xEBD2, 0xEBD1, 0xF3D2, 0xEBD2, 0xEBB1, 0xF3D2, 0xEBB1, 0xEBB1, 0xF3D2, 0xEBB1, 0xF3D2,
    0xF3B1, 0xEBB1, 0xF3B1, 0xF3B1, 0xEBB1, 0xF3B1, 0xF3B1, 0xF3B1, 0xF3B1, 0xF391, 0xF3B1, 0xF391,
    0xF390, 0xF391, 0xF390, 0xFB91, 0xF390, 0xF370, 0xFB91, 0xF370, 0xF370, 0xFB71, 0xF370, 0xFB91,
    0xF370, 0xF370, 0xFB91, 0xF370, 0xF370, 0xFB71, 0xF370, 0xFB71, 0xFB70, 0xF370, 0xFB91, 0xF370,
    0xF370, 0xFB91, 0xF370, 0xFB91, 0xFB91, 0xF370, 0xFB91, 0xF371, 0xF370, 0xFB91, 0xF391, 0xFB92,
    0xFB91, 0xF371, 0xFB92, 0xF391, 0xF391, 0xFB92, 0xF391, 0xFB92, 0xFB92, 0xF391, 0xFB92, 0xFB91,
    0xF391, 0xFB92, 0xF392, 0xFBB2, 0xFB92, 0xF391, 0xFBB2, 0xF392, 0xF391, 0xFB92, 0xF392, 0xFBB3,
    0xFBB2, 0xF392, 0xFBB3, 0xF3B3, 0xF3B2, 0xFBB3, 0xF3B3, 0xFBD3, 0xFBB3, 0xF3B3, 0xFBD3, 0xF3B3,
    0xF3B3, 0xFBD3, 0xF3B3, 0xFBD4, 0xF3D3, 0xF3B3, 0xFBD4, 0xF3D4, 0xF3D3, 0xFBD4, 0xF3D4, 0xFBF5,
    0xF3F4, 0xF3F4, 0xFC15, 0xF3F5, 0xF3F4, 0xF415, 0xF415, 0xF436, 0xF435, 0xF415, 0xF436, 0xF436,
    0xF435, 0xF436, 0xF436, 0xFC36, 0xF436, 0xF416, 0xFC16, 0xF395, 0xFF5D, 0xFE5C, 0xF396, 0xCB72,
    0xF3D4, 0xEBD3, 0xEBD4, 0xEBD3, 0xE3B3, 0xEBD4, 0xE3B3, 0xE3D4, 0xE3B3, 0xDBB3, 0xE3B3, 0xDB93,
    0xD392, 0xDB93, 0xD392, 0xD393, 0xCB72, 0xCB71, 0xCB72, 0xCB51, 0xC351, 0xC351, 0xC351, 0xC351,
    0xBB31, 0xBB30, 0xBB31, 0xBB30, 0xAB51, 0xAB50, 0xB371, 0xB371, 0xB392, 0xB391, 0xB391, 0xB3D2,
    0xB3B2, 0xB3D2, 0xB3F2, 0xB3F2, 0xBC13, 0xB413, 0xB432, 0xBC53, 0xB453, 0xB453, 0xB473, 0xB493,
    0xB4B4, 0xB4B4, 0xACB3, 0xB4D4, 0xACD4, 0xACF3, 0xAD14, 0x9D53, 0xAC33, 0xFB98, 0xFF5D, 0xFE9C,
    0xF375, 0xF436, 0xF437, 0xF436, 0xF457, 0xF457, 0xEC56, 0xF477, 0xF476, 0xEC76, 0xF477, 0xEC76,
    0xF477, 0xEC76, 0xEC56, 0xF476, 0xEC56, 0xEC55, 0xEC56, 0xEC56, 0xEC56, 0xEC56, 0xEC35, 0xEC56,
    0xEC55, 0xE435, 0xEC55, 0xEC35, 0xEC55, 0xEC35, 0xE435, 0xEC35, 0xE435, 0xE414, 0xEC35, 0xE434,
    0xEC35, 0xE434, 0xE414, 0xEC35, 0xE414, 0xE414, 0xE414, 0xE414, 0xEC14, 0xE414, 0xE3F4, 0xE414,
    0xE414, 0xE3F3, 0xE414, 0xE3F3, 0xEC14, 0xE3F4, 0xE3F3, 0xEC14, 0xE3F3, 0xE3F3, 0xE3F4, 0xE3F3,
    0xEBF4, 0xE3F3, 0xE3F3, 0xEBF3, 0xE3F3, 0xE3F3, 0xEBF3, 0xE3F3, 0xEBF3, 0xEBF3, 0xE3F3, 0xEBF3,
    0xEBF3, 0xE3D2, 0xEBF3, 0xE3F3, 0xEBF3, 0xEBF3, 0xE3D2, 0xEBF3, 0xEBD3, 0xE3D2, 0xEBF3, 0xEBD2,
    0xEBF3, 0xEBF3, 0xE3D2, 0xEBF3, 0xEBD2, 0xE3D2, 0xEBD3, 0xEBD2, 0xEBF3, 0xEBD2, 0xEBD2, 0xEBF3,
    0xEBD2, 0xEBD2, 0xEBD3, 0xEBD2, 0xEBF3, 0xEBD2, 0xEBD2, 0xEBF3, 0xEBD2, 0xEBD2, 0xEBD2, 0xEBD2,
    0xEBF3, 0xEBD2, 0xEBD2, 0xEBF2, 0xEBD2, 0xEBD2, 0xEBD2, 0xEBD2, 0xEBF2, 0xEBD2, 0xEBD2, 0xEBD2,
    0xEBD2, 0xEBD1, 0xEBD2, 0xEBD2, 0xEBD2, 0xEBD2, 0xEBD1, 0xEBD2, 0xEBD2, 0xEBD1, 0xEBD2, 0xEBD1,
    0xF3D2, 0xEBD2, 0xEBB1, 0xF3D2, 0xEBD1, 0xEBB1, 0xF3D2, 0xEBB1, 0xF3D2, 0xF3B1, 0xEBB1, 0xF3D2,
    0xF3B1, 0xEBB1, 0xF3B1, 0xF3B1, 0xF3B1, 0xF3B1, 0xF391, 0xF3B1, 0xF391, 0xF390, 0xF391, 0xF390,
    0xFB91, 0xF391, 0xF370, 0xFB91, 0xF370, 0xF370, 0xFB91, 0xF370, 0xFB91, 0xF391, 0xF370, 0xFB91,
    0xF370, 0xF370, 0xFB71, 0xF370, 0xFB71, 0xFB70, 0xF370, 0xFB91, 0xF370, 0xF370, 0xFB91, 0xF370,
    0xFB91, 0xFB91, 0xF371, 0xFB91, 0xF391, 0xF391, 0xFB91, 0xF391, 0xFB92, 0xFB91, 0xF391, 0xFB92,
    0xF391, 0xF391, 0xFB92, 0xF391, 0xFBB2, 0xFB92, 0xF391, 0xFBB2, 0xF392, 0xF391, 0xFB92, 0xF392,
    0xFBB2, 0xFBB2, 0xF392, 0xFBB2, 0xF392, 0xF392, 0xFB92, 0xF392, 0xFBB3, 0xFBB2, 0xF392, 0xFBB3,
    0xF3B3, 0xF3B2, 0xFBB3, 0xF3B3, 0xFBD3, 0xFBB3, 0xF3B3, 0xFBD3, 0xF3B3, 0xF3B3, 0xFBD3, 0xF3B3,
    0xFBD4, 0xF3D4, 0xF3B3, 0xFBD4, 0xF3D4, 0xF3D3, 0xFBF4, 0xF3D4, 0xFBF5, 0xF3F5, 0xF3F4, 0xF415,
    0xF415, 0xF415, 0xF415, 0xF415, 0xF436, 0xF436, 0xF435, 0xF436, 0xF436, 0xF435, 0xF436, 0xF436,
    0xFC36, 0xF436, 0xF416, 0xFB95, 0xFF3D, 0xFE5B, 0xF396, 0xC351, 0xFBD4, 0xEBD4, 0xEBD3, 0xEBD4,
    0xEBD3, 0xE3B3, 0xE3D4, 0xE3B3, 0xE3B4, 0xDBB3, 0xDB93, 0xDBB3, 0xD393, 0xD392, 0xD392, 0xCB72,
    0xD392, 0xCB72, 0xC351, 0xCB72, 0xC351, 0xBB51, 0xC351, 0xBB31, 0xC351, 0xBB31, 0xB310, 0xBB30,
    0xB371, 0xAB51, 0xAB70, 0xB371, 0xB391, 0xB392, 0xB3B2, 0xB3B1, 0xB3D2, 0xB3D2, 0xB3D2, 0xB3F2,
    0xB3F2, 0xBC33, 0xB433, 0xB433, 0xBC53, 0xB453, 0xB473, 0xB494, 0xB493, 0xB4B4, 0xB4B4, 0xACB3,
    0xB4F4, 0xACF4, 0xACF3, 0xA554, 0xA412, 0xFBB8, 0xFF7E, 0xFE7B, 0xF395, 0xF436, 0xF436, 0xF457,
    0xF457, 0xF457, 0xF457, 0xEC56, 0xF477, 0xF476, 0xEC76, 0xF477, 0xEC76, 0xF477, 0xEC76, 0xEC56,
    0xF476, 0xEC56, 0xEC55, 0xEC56, 0xEC55, 0xEC56, 0xEC56, 0xEC35, 0xEC56, 0xEC55, 0xE435, 0xEC55,
    0xEC35, 0xEC55, 0xEC35, 0xE435, 0xEC35, 0xE435, 0xE414, 0xEC35, 0xE434, 0xEC35, 0xE434, 0xE414,
    0xEC35, 0xE414, 0xE414, 0xE414, 0xE414, 0xEC14, 0xE414, 0xE3F4, 0xEC14, 0xE414, 0xE3F3, 0xE414,
    0xE3F3, 0xEC14, 0xE414, 0xE3F3, 0xEC14, 0xE3F3, 0xE3F3, 0xEBF4, 0xE3F3, 0xEC14, 0xE3F3, 0xE3F3,
    0xEBF4, 0xE3F3, 0xE3F3, 0xEBF3, 0xE3F3, 0xEBF3, 0xEBF3, 0xE3F3, 0xEBF3, 0xEBF3, 0xE3D2, 0xEBF3,
    0xEBF3, 0xEBF3, 0xEBF3, 0xE3D2, 0xEBF3, 0xEBD3, 0xE3D2, 0xEBF3, 0xEBD2, 0xEBF3, 0xEBF3, 0xEBD2,
    0xEBF3, 0xEBD3, 0xE3D2, 0xEBD3, 0xEBD2, 0xEBF3, 0xEBD3, 0xEBD2, 0xEBF3, 0xEBD2, 0xEBD2, 0xEBD3,
    0xEBD2, 0xEBF3, 0xEBD2, 0xEBD2, 0xEBF3, 0xEBD2, 0xEBD2, 0xEBD2, 0xEBD2, 0xEBF3, 0xEBD2, 0xEBD2,
    0xEBF2, 0xEBD2, 0xEBD2, 0xEBD2, 0xEBD2, 0xEBF2, 0xEBD2, 0xEBD2, 0xEBF2, 0xEBD2, 0xEBD1, 0xEBD2,
    0xEBD2, 0xEBD2, 0xEBD2, 0xEBD1, 0xEBD2, 0xEBD2, 0xEBD1, 0xEBD2, 0xEBD1, 0xF3D2, 0xEBD2, 0xEBB1,
    0xF3D2, 0xEBD1, 0xEBB1, 0xF3D2, 0xEBB1, 0xF3D2, 0xF3B1, 0xEBB1, 0xF3D2, 0xF3B1, 0xEBB1, 0xF3B1,
    0xF3B1, 0xF3B1, 0xF3B1, 0xF391, 0xF3B1, 0xF391, 0xF390, 0xF391, 0xF390, 0xFB91, 0xF391, 0xF370,
    0xFB91, 0xF391, 0xF370, 0xF391, 0xF390, 0xFB91, 0xF391, 0xF370, 0xFB91, 0xF370, 0xF370, 0xFB71,
    0xF370, 0xFB91, 0xFB71, 0xF370, 0xFB91, 0xF370, 0xF370, 0xFB91, 0xF391, 0xFB91, 0xFB91, 0xF391,
    0xFB91, 0xF391, 0xF391, 0xFB91, 0xF391, 0xFBB2, 0xFB91, 0xF391, 0xFBB2, 0xF391, 0xF391, 0xFBB2,
    0xF391, 0xFBB2, 0xFBB2, 0xF391, 0xFBB2, 0xF392, 0xF391, 0xFBB2, 0xF392, 0xFBB2, 0xFB92, 0xF392,
    0xFBB2, 0xF392, 0xF392, 0xFB92, 0xF392, 0xFBB3, 0xF3B3, 0xF3B2, 0xFBD3, 0xF3B3, 0xF3B2, 0xFBB3,
    0xF3B3, 0xFBD3, 0xFBB3, 0xF3B3, 0xFBD4, 0xF3D3, 0xF3B3, 0xFBD4, 0xF3D3, 0xFBD4, 0xF3D4, 0xF3D4,
    0xFBF4, 0xF3F4, 0xF3F4, 0xF3F5, 0xF3F4, 0xFC15, 0xF415, 0xF415, 0xF415, 0xF415, 0xF415, 0xF436,
    0xF435, 0xF436, 0xF436, 0xF435, 0xF456, 0xF436, 0xF436, 0xF436, 0xF436, 0xFC36, 0xF436, 0xF395,
    0xFF5E, 0xFE5B, 0xEB96, 0xCB72, 0xF3D4, 0xEBD4, 0xEBD4, 0xE3B3, 0xEBD4, 0xE3B3, 0xE3B3, 0xE3B3,
    0xDBB3, 0xE3B3, 0xDBB3, 0xD392, 0xDBB3, 0xD392, 0xCB72, 0xD392, 0xCB72, 0xCB72, 0xCB72, 0xC351,
    0xC352, 0xC351, 0xBB30, 0xBB51, 0xBB30, 0xBB31, 0xBB30, 0xB310, 0xAB50, 0xB371, 0xAB71, 0xAB71,
    0xB391, 0xB391, 0xB3B2, 0xB3B2, 0xB3B1, 0xB3D2, 0xB3D2, 0xB3D2, 0xB413, 0xB412, 0xBC33, 0xB433,
    0xB433, 0xBC73, 0xB473, 0xB473, 0xB494, 0xB493, 0xB4B4, 0xB4D4, 0xACD3, 0xB4F4, 0xACF4, 0x9D33,
    0xA412, 0xFB98, 0xFF7E, 0xFE9C, 0xF375, 0xF457, 0xF436, 0xF436, 0xF457, 0xF457, 0xF477, 0xF477,
    0xEC76, 0xF497, 0xF476, 0xEC76, 0xF477, 0xEC76, 0xF477, 0xEC76, 0xEC56, 0xF476, 0xEC56, 0xEC55,
    0xEC56, 0xEC55, 0xEC56, 0xEC56, 0xEC35, 0xEC56, 0xEC35, 0xE435, 0xEC55, 0xEC35, 0xEC55, 0xEC35,
    0xE434, 0xEC35, 0xE435, 0xE414, 0xEC35, 0xE434, 0xEC35, 0xE434, 0xE414, 0xEC35, 0xE414, 0xE414,
    0xE414, 0xE414, 0xEC14, 0xE414, 0xE3F4, 0xEC14, 0xE414, 0xE3F3, 0xE414, 0xE3F3, 0xEC14, 0xE414,
    0xE3F3, 0xEC14, 0xE3F3, 0xE3F3, 0xEBF4, 0xE3F3, 0xEC14, 0xEBF3, 0xE3F3, 0xEC14, 0xE3F3, 0xE3F3,
    0xEBF3, 0xE3F3, 0xEBF3, 0xEBF3, 0xE3F3, 0xEBF3, 0xEBF3, 0xE3F2, 0xEBF3, 0xEBF3, 0xEBF3, 0xEBF3,
    0xEBD2, 0xEBF3, 0xEBF3, 0xE3D2, 0xEBF3, 0xEBD2, 0xEBF3, 0xEBF3, 0xEBD2, 0xEBF3, 0xEBD3, 0xEBD2,
    0xEBF3, 0xEBD2, 0xEBF3, 0xEBD3, 0xEBD2, 0xEBF3, 0xEBD2, 0xEBD2, 0xEBD3, 0xEBD2, 0xF3F3, 0xEBD2,
    0xEBD2, 0xEBF3, 0xEBD2, 0xEBD2, 0xEBD2, 0xEBD2, 0xF3F3, 0xEBD2, 0xEBD2, 0xEBF2, 0xEBD2, 0xEBD2,
    0xEBD2, 0xEBD2, 0xF3F2, 0xEBD2, 0xEBD2, 0xEBF2, 0xEBD2, 0xEBD1, 0xEBD2, 0xEBD2, 0xF3F2, 0xEBD2,
    0xEBD1, 0xEBF2, 0xEBD2, 0xEBD1, 0xEBD2, 0xEBD1, 0xF3D2, 0xEBD2, 0xEBB1, 0xF3D2, 0xEBD1, 0xEBB1,
    0xF3D2, 0xEBB1, 0xF3D2, 0xF3B1, 0xEBB1, 0xF3D2, 0xF3B1, 0xEBB1, 0xF3B1, 0xF3B1, 0xF3B1, 0xF3B1,
    0xF391, 0xF3B1, 0xF391, 0xF390, 0xF391, 0xF391, 0xFB91, 0xF391, 0xF390, 0xFB91, 0xF391, 0xF390,
    0xFB91, 0xF391, 0xFB91, 0xFB91, 0xF370, 0xFB91, 0xF370, 0xF370, 0xFB71, 0xF370, 0xFB91, 0xFB91,
    0xF370, 0xFB91, 0xF371, 0xF370, 0xFB91, 0xF391, 0xFB91, 0xFB91, 0xF391, 0xFBB2, 0xF391, 0xF391,
    0xFB92, 0xF391, 0xFBB2, 0xFB92, 0xF391, 0xFBB2, 0xF392, 0xF391, 0xFBB2, 0xF3B2, 0xFBB2, 0xFBB2,
    0xF392, 0xFBB2, 0xF3B2, 0xF392, 0xFBB2, 0xF392, 0xFBB3, 0xFBB2, 0xF392, 0xFBB2, 0xF392, 0xF392,
    0xFBB3, 0xF392, 0xFBB3, 0xFBB3, 0xF3B2, 0xFBD3, 0xF3B3, 0xF3B3, 0xFBD3, 0xF3B3, 0xFBD4, 0xF3D3,
    0xF3B3, 0xFBD4, 0xF3D3, 0xF3B3, 0xFBD4, 0xF3D4, 0xFBF4, 0xF3F4, 0xF3D4, 0xFBF5, 0xF3F4, 0xF3F4,
    0xF415, 0xF415, 0xFC15, 0xF415, 0xF415, 0xF436, 0xF435, 0xF415, 0xF436, 0xF435, 0xF456, 0xF436,
    0xF436, 0xF456, 0xF436, 0xF436, 0xF436, 0xF436, 0xFC36, 0xF395, 0xFF5D, 0xFE7C, 0xF396, 0xC371,
    0xF3D4, 0xEBD4, 0xEBD4, 0xEBD4, 0xE3B3, 0xE3D4, 0xE3B3, 0xDBB3, 0xE3B3, 0xDBB3, 0xDBB3, 0xDBB3,
    0xD392, 0xD393, 0xD372, 0xCB72, 0xCB72, 0xCB71, 0xCB72, 0xC351, 0xC351, 0xC351, 0xBB31, 0xBB30,
    0xBB31, 0xB330, 0xBB31, 0xB330, 0xAB50, 0xAB50, 0xB371, 0xAB71, 0xAB71, 0xB391, 0xB391, 0xB3B2,
    0xB3B2, 0xB3B1, 0xB3D2, 0xB3F2, 0xB3F2, 0xB413, 0xB412, 0xBC33, 0xB453, 0xB453, 0xBC73, 0xB473,
    0xB473, 0xB494, 0xB4B3, 0xB4D4, 0xB4D4, 0xACD3, 0xB4F4, 0xA534, 0xA412, 0xFBB8, 0xFF7D, 0xFEBC,
    0xF375, 0xF436, 0xF457, 0xF457, 0xF456, 0xF457, 0xF457, 0xF477, 0xF477, 0xEC76, 0xF497, 0xF476,
    0xEC76, 0xF477, 0xEC76, 0xF477, 0xEC76, 0xEC56, 0xF476, 0xEC56, 0xEC55, 0xEC56, 0xEC55, 0xEC56,
    0xEC56, 0xEC35, 0xEC56, 0xEC35, 0xE435, 0xEC55, 0xEC35, 0xEC55, 0xEC35, 0xE434, 0xEC35, 0xEC35,
    0xE414, 0xEC35, 0xE414, 0xEC35, 0xE434, 0xE414, 0xEC35, 0xE414, 0xE414, 0xEC14, 0xE414, 0xEC14,
    0xE414, 0xE3F4, 0xEC14, 0xE414, 0xE3F3, 0xEC14, 0xE3F4, 0xEC14, 0xE414, 0xE3F3, 0xEC14, 0xE3F3,
    0xE3F3, 0xEBF4, 0xE3F3, 0xEC14, 0xEBF3, 0xE3F3, 0xEC14, 0xEBF3, 0xE3F3, 0xEBF3, 0xE3F3, 0xEBF4,
    0xEBF3, 0xE3F3, 0xEBF3, 0xEBF3, 0xE3F2, 0xEBF3, 0xEBF3, 0xEBF3, 0xEBF3, 0xEBD2, 0xEBF3, 0xEBF3,
    0xE3D2, 0xEBF3, 0xEBD3, 0xEBF3, 0xEBF3, 0xEBD2, 0xEBF3, 0xEBD3, 0xEBD2, 0xEBF3, 0xEBD2, 0xEBF3,
    0xEBF3, 0xEBD2, 0xEBF3, 0xEBD2, 0xEBD2, 0xEBF3, 0xEBD2, 0xF3F3, 0xEBF2, 0xEBD2, 0xEBF3, 0xEBD2,
    0xEBD2, 0xEBF2, 0xEBD2, 0xF3F3, 0xEBF2, 0xEBD2, 0xEBF2, 0xEBD2, 0xEBD2, 0xEBD2, 0xEBD2, 0xF3F2,
    0xEBD2, 0xEBD2, 0xEBF2, 0xEBD2, 0xEBD1, 0xEBD2, 0xEBD2, 0xF3F2, 0xEBD2, 0xEBD1, 0xF3F2, 0xEBD2,
    0xEBD1, 0xEBD2, 0xEBD2, 0xF3D2, 0xEBD2, 0xEBB1, 0xF3D2, 0xEBD2, 0xEBB1, 0xF3D2, 0xEBB1, 0xF3D2,
    0xF3D1, 0xEBB1, 0xF3D2, 0xF3B1, 0xEBB1, 0xF3B1, 0xF3B1, 0xF3B2, 0xF3B1, 0xF391, 0xF3B1, 0xF391,
    0xF390, 0xF391, 0xF391, 0xFBB1, 0xF391, 0xF391, 0xFB91, 0xF391, 0xF390, 0xFB91, 0xF391, 0xFB91,
    0xFB91, 0xF370, 0xFB91, 0xF370, 0xF370, 0xFB91, 0xF370, 0xFB91, 0xFB71, 0xF370, 0xFB91, 0xFB91,
    0xF390, 0xFB91, 0xF391, 0xFBB2, 0xFB91, 0xF391, 0xFBB2, 0xF391, 0xF391, 0xFBB2, 0xF391, 0xFBB2,
    0xFBB2, 0xF391, 0xFBB2, 0xF3B2, 0xF391, 0xFBB2, 0xF3B2, 0xFBB2, 0xF3B2, 0xF3B2, 0xFBB2, 0xF3B2,
    0xF392, 0xFBB2, 0xF392, 0xFBB3, 0xFB92, 0xF392, 0xFBB3, 0xF3B2, 0xF392, 0xFBB3, 0xF3B2, 0xFBB3,
    0xFBB3, 0xF3B2, 0xFBD3, 0xF3B3, 0xF3B3, 0xFBD3, 0xF3B3, 0xFBD4, 0xFBD3, 0xF3B3, 0xFBD4, 0xF3D4,
    0xF3D3, 0xF3F4, 0xF3F4, 0xFBF5, 0xF3F4, 0xF3F4, 0xF415, 0xF3F5, 0xF3F4, 0xF415, 0xF415, 0xF435,
    0xF435, 0xF415, 0xF436, 0xF435, 0xF435, 0xF436, 0xF436, 0xF456, 0xF456, 0xF436, 0xF456, 0xF436,
    0xF416, 0xF436, 0xF416, 0xFBB6, 0xFF5D, 0xFE5B, 0xF3B7, 0xC372, 0xF3D3, 0xEBD4, 0xEBD3, 0xEBD4,
    0xE3D4, 0xE3B3, 0xE3D4, 0xE3B3, 0xDBB3, 0xDBB3, 0xDB93, 0xDBB3, 0xD393, 0xD372, 0xD392, 0xCB72,
    0xCB71, 0xCB72, 0xC351, 0xC372, 0xC351, 0xBB31, 0xBB51, 0xBB30, 0xB330, 0xBB30, 0xB310, 0xB330,
    0xAB51, 0xAB51, 0xAB50, 0xB371, 0xAB71, 0xAB71, 0xB391, 0xB391, 0xB3B2, 0xB3D2, 0xB3D2, 0xB3F2,
    0xB3F2, 0xB3F2, 0xB413, 0xB432, 0xBC53, 0xB453, 0xB453, 0xBC74, 0xB473, 0xB493, 0xB4B4, 0xB4B3,
    0xB4D4, 0xB4D4, 0xACD3, 0xAD34, 0xAC12, 0xFBB8, 0xFF7E, 0xFE9C, 0xFB76, 0xF437, 0xF436, 0xF457,
    0xF457, 0xF456, 0xF477, 0xF477, 0xF477, 0xF477, 0xEC76, 0xF497, 0xEC76, 0xEC76, 0xF477, 0xEC76,
    0xF477, 0xEC76, 0xEC56, 0xEC76, 0xEC56, 0xEC55, 0xEC56, 0xEC55, 0xEC56, 0xEC56, 0xEC35, 0xEC56,
    0xEC35, 0xE435, 0xEC55, 0xEC35, 0xEC55, 0xEC35, 0xE434, 0xEC35, 0xEC35, 0xE414, 0xEC35, 0xE434,
    0xEC35, 0xEC34, 0xE414, 0xEC35, 0xE414, 0xE414, 0xEC14, 0xE414, 0xEC14, 0xE414, 0xE414, 0xEC14,
    0xE414, 0xE3F3, 0xEC14, 0xE3F4, 0xEC14, 0xEC14, 0xE3F3, 0xEC14, 0xE3F3, 0xE3F3, 0xEBF4, 0xE3F3,
    0xEC14, 0xEBF3, 0xE3F3, 0xEC14, 0xEBF3, 0xE3F3, 0xEBF3, 0xEBF3, 0xEBF4, 0xEBF3, 0xEBF3, 0xEBF3,
    0xEBF3, 0xE3F2, 0xEBF3, 0xEBF3, 0xEBF3, 0xEBF3, 0xEBD3, 0xEBF3, 0xEBF3, 0xEBD2, 0xEBF3, 0xEBF3,
    0xEBF3, 0xEBF3, 0xEBD2, 0xEBF3, 0xEBD3, 0xEBD2, 0xEBF3, 0xEBD2, 0xF3F3, 0xEBF3, 0xEBD2, 0xEBF3,
    0xEBD2, 0xEBD2, 0xEBF3, 0xEBD2, 0xF3F3, 0xEBF2, 0xEBD2, 0xEBF3, 0xEBD2, 0xEBD2, 0xEBF2, 0xEBD2,
    0xF3F3, 0xEBF2, 0xEBD2, 0xEBF2, 0xEBD2, 0xEBD2, 0xEBF2, 0xEBD2, 0xF3F3, 0xEBD2, 0xEBD2, 0xEBF2,
    0xEBD2, 0xEBD1, 0xEBD2, 0xEBD2, 0xF3F2, 0xEBD2, 0xEBD2, 0xF3F2, 0xEBD2, 0xEBD1, 0xF3D2, 0xEBD2,
    0xF3D2, 0xEBD2, 0xEBD1, 0xF3D2, 0xEBD2, 0xEBB1, 0xF3D2, 0xEBB1, 0xF3D2, 0xF3D2, 0xEBB1, 0xF3D2,
    0xF3B1, 0xEBB1, 0xF3B1, 0xF3B1, 0xF3B2, 0xF3B1, 0xF391, 0xF3B1, 0xF391, 0xF391, 0xF3B1, 0xF391,
    0xFBB1, 0xF391, 0xF391, 0xFBB1, 0xF391, 0xF390, 0xFB91, 0xF391, 0xFB91, 0xFB91, 0xF370, 0xFB91,
    0xF370, 0xF370, 0xFB91, 0xF370, 0xFB91, 0xFB91, 0xF370, 0xFB91, 0xFB91, 0xF391, 0xFB91, 0xF391,
    0xFBB2, 0xF3B1, 0xF391, 0xFBB2, 0xF392, 0xF391, 0xFBB2, 0xF392, 0xFBB2, 0xF3B2, 0xF392, 0xFBB2,
    0xF3B2, 0xF3B2, 0xFBB2, 0xF3B2, 0xFBB3, 0xF3B2, 0xF3B2, 0xFBB3, 0xF3B2, 0xF392, 0xFBB2, 0xF392,
    0xFBB3, 0xFBB2, 0xF392, 0xFBB3, 0xF3B3, 0xF392, 0xFBB3, 0xF3B3, 0xFBD3, 0xFBD3, 0xF3B3, 0xFBD3,
    0xF3B3, 0xF3B3, 0xFBD4, 0xF3D3, 0xFBD4, 0xF3D4, 0xF3D3, 0xFBF4, 0xF3D4, 0xF3D4, 0xF3F4, 0xF3F4,
    0xFC15, 0xF415, 0xF3F4, 0xF415, 0xF415, 0xF414, 0xF435, 0xF415, 0xF436, 0xF435, 0xF435, 0xF456,
    0xF436, 0xEC35, 0xF456, 0xF456, 0xF456, 0xF456, 0xF436, 0xF457, 0xF436, 0xF416, 0xF436, 0xF395,
    0xFF5E, 0xFE5B, 0xF3B6, 0xCB92, 0xF3D4, 0xE3D3, 0xEBD4, 0xE3D3, 0xEBD4, 0xE3D3, 0xDBB3, 0xE3D3,
    0xDBB3, 0xDB92, 0xDBB3, 0xD392, 0xD393, 0xD392, 0xCB72, 0xCB92, 0xCB72, 0xC351, 0xC352, 0xC351,
    0xC351, 0xBB51, 0xBB30, 0xBB31, 0xB330, 0xB310, 0xB310, 0xB310, 0xAB30, 0xAB51, 0xAB51, 0xAB50,
    0xB371, 0xAB71, 0xAB71, 0xB391, 0xB3B1, 0xB3D2, 0xB3D2, 0xB3D2, 0xB3F2, 0xB3F2, 0xB3F2, 0xB433,
    0xB433, 0xBC53, 0xB453, 0xB453, 0xBC74, 0xB473, 0xB493, 0xB4B4, 0xB4B3, 0xB4D4, 0xB4D4, 0xA513,
    0xAC13, 0xFBD8, 0xFF7D, 0xFE9C, 0xF375, 0xFC57, 0xF457, 0xF437, 0xF477, 0xF457, 0xEC56, 0xF477,
    0xF477, 0xF497, 0xF477, 0xEC76, 0xF497, 0xEC76, 0xEC76, 0xF476, 0xEC76, 0xF477, 0xEC76, 0xEC56,
    0xEC76, 0xEC56, 0xEC55, 0xEC56, 0xEC55, 0xEC56, 0xEC55, 0xEC35, 0xEC56, 0xEC35, 0xE435, 0xEC55,
    0xEC35, 0xEC55, 0xEC35, 0xE434, 0xEC35, 0xEC35, 0xE414, 0xEC35, 0xE434, 0xEC35, 0xEC34, 0xE414,
    0xEC35, 0xE414, 0xE414, 0xEC14, 0xE414, 0xEC14, 0xEC14, 0xE3F4, 0xEC14, 0xE414, 0xE3F3, 0xEC14,
    0xE3F4, 0xEC14, 0xEC14, 0xE3F3, 0xEC14, 0xEBF3, 0xE3F3, 0xEC14, 0xEBF3, 0xEC14, 0xEBF3, 0xE3F3,
    0xEC14, 0xEBF3, 0xE3F3, 0xEBF3, 0xEBF3, 0xEC14, 0xEBF3, 0xEBF3, 0xEBF3, 0xEBF3, 0xEBF3, 0xEBF3,
    0xEBF3, 0xEBF3, 0xEBF3, 0xEBD3, 0xEBF3, 0xEBF3, 0xEBD2, 0xEBF3, 0xEBF3, 0xF3F3, 0xEBF3, 0xEBD2,
    0xEBF3, 0xEBD3, 0xEBD2, 0xEBF3, 0xEBD2, 0xF3F3, 0xEBF3, 0xEBD2, 0xF3F3, 0xEBD2, 0xEBD2, 0xEBF3,
    0xEBD2, 0xF3F3, 0xEBF2, 0xEBD2, 0xF3F3, 0xEBD2, 0xEBD2, 0xEBF2, 0xEBD2, 0xF3F3, 0xEBF2, 0xEBD2,
    0xF3F3, 0xEBD2, 0xEBD2, 0xEBF2, 0xEBD2, 0xF3F2, 0xEBF2, 0xEBD2, 0xF3F2, 0xEBD2, 0xEBD2, 0xEBF2,
    0xEBD2, 0xF3F2, 0xEBD2, 0xEBD2, 0xF3F2, 0xEBD2, 0xEBD1, 0xF3D2, 0xEBD2, 0xF3D2, 0xEBD2, 0xEBD1,
    0xF3D2, 0xEBD2, 0xEBB1, 0xF3D2, 0xEBD1, 0xF3D2, 0xF3D2, 0xEBB1, 0xF3D2, 0xF3B1, 0xEBB1, 0xF3B1,
    0xF3B1, 0xF3B2, 0xF3B1, 0xF391, 0xF3B1, 0xF3B1, 0xF391, 0xF3B1, 0xF391, 0xFBB2, 0xF3B1, 0xF391,
    0xFBB1, 0xF391, 0xF390, 0xFB91, 0xF391, 0xFB91, 0xFB71, 0xF370, 0xFB91, 0xF371, 0xF370, 0xFB71,
    0xF371, 0xFB91, 0xFB91, 0xF391, 0xFBB1, 0xF391, 0xF391, 0xFBB2, 0xF391, 0xFBB2, 0xF3B2, 0xF391,
    0xFBB2, 0xF3B2, 0xF391, 0xFBB2, 0xF3B2, 0xFBB2, 0xF3B2, 0xF3B2, 0xFBB2, 0xF3B2, 0xF3B2, 0xFBB2,
    0xF3B2, 0xFBD3, 0xF3B2, 0xF3B2, 0xFBB3, 0xF3B2, 0xF392, 0xFBB3, 0xF392, 0xFBB3, 0xFBB3, 0xF392,
    0xFBB3, 0xF3B3, 0xF3B2, 0xFBB3, 0xF3B3, 0xFBD3, 0xF3B3, 0xF3B3, 0xFBD3, 0xF3D3, 0xF3B3, 0xFBD4,
    0xF3D3, 0xFBD4, 0xF3D4, 0xF3D4, 0xFBF4, 0xF3F4, 0xF3F4, 0xF3F5, 0xF3F4, 0xFC15, 0xF415, 0xF414,
    0xF435, 0xF415, 0xF415, 0xF435, 0xF435, 0xF436, 0xF436, 0xF435, 0xF456, 0xF436, 0xF436, 0xF456,
    0xF456, 0xFC57, 0xF456, 0xF436, 0xF437, 0xF436, 0xF436, 0xF3B5, 0xFF3D, 0xFE7C, 0xF3B7, 0xC372,
    0xF3D4, 0xEBD4, 0xE3B3, 0xE3D4, 0xE3B3, 0xE3D4, 0xE3B3, 0xDBB3, 0xDBB3, 0xDBB3, 0xD392, 0xD393,
    0xD392, 0xD393, 0xCB72, 0xCB72, 0xCB72, 0xC351, 0xC351, 0xC351, 0xBB51, 0xC351, 0xBB31, 0xB330,
    0xBB31, 0xB310, 0xAB0F, 0xB310, 0xAB30, 0xAB50, 0xAB51, 0xAB51, 0xAB50, 0xB391, 0xAB71, 0xAB91,
    0xB3B2, 0xB3B1, 0xB3D2, 0xB3D2, 0xB3D2, 0xB3F3, 0xB3F2, 0xB412, 0xB433, 0xB433, 0xBC53, 0xB453,
    0xB453, 0xBC94, 0xB493, 0xB493, 0xB4B4, 0xB4B3, 0xB4D4, 0xAD14, 0xABF2, 0xFBD8, 0xFF5E, 0xF69B,
    0xF376, 0xF437, 0xFC57, 0xF457, 0xF457, 0xF477, 0xF477, 0xEC76, 0xF477, 0xF477, 0xF497, 0xF497,
    0xEC76, 0xF497, 0xEC76, 0xEC76, 0xF476, 0xEC76, 0xF477, 0xEC76, 0xEC56, 0xEC76, 0xEC56, 0xEC55,
    0xEC56, 0xEC55, 0xEC56, 0xEC55, 0xEC35, 0xEC56, 0xEC35, 0xE435, 0xEC55, 0xEC35, 0xEC55, 0xEC35,
    0xE434, 0xEC35, 0xEC35, 0xE414, 0xEC35, 0xE434, 0xEC35, 0xEC34, 0xE414, 0xEC35, 0xE414, 0xE414,
    0xEC14, 0xE414, 0xEC14, 0xEC14, 0xE3F4, 0xEC14, 0xE414, 0xE3F3, 0xEC14, 0xE414, 0xEC14, 0xEC14,
    0xE3F3, 0xEC14, 0xEBF3, 0xE3F3, 0xEC14, 0xEBF3, 0xEC14, 0xEC13, 0xEBF3, 0xEC14, 0xEBF3, 0xE3F3,
    0xEBF3, 0xEBF3, 0xEC14, 0xEBF3, 0xEBF3, 0xEBF3, 0xEBF3, 0xEBF3, 0xEBF3, 0xEBF3, 0xEBF3, 0xEBF3,
    0xEBF3, 0xEBF3, 0xEBF3, 0xEBD2, 0xEBF3, 0xEBF3, 0xF3F3, 0xEBF3, 0xEBD2, 0xF3F3, 0xEBF3, 0xEBD2,
    0xEBF3, 0xEBF2, 0xF3F3, 0xEBF3, 0xEBD2, 0xF3F3, 0xEBF2, 0xEBD2, 0xEBF3, 0xEBF2, 0xF3F3, 0xEBF2,
    0xEBD2, 0xF3F3, 0xEBD2, 0xEBD2, 0xEBF2, 0xEBD2, 0xF3F3, 0xEBF2, 0xEBD2, 0xF3F2, 0xEBD2, 0xEBD2,
    0xEBF2, 0xEBD2, 0xF3F3, 0xEBF2, 0xEBD2, 0xF3F2, 0xEBD2, 0xEBD2, 0xEBF2, 0xEBD2, 0xF3F2, 0xEBF2,
    0xEBD2, 0xF3F2, 0xEBD2, 0xEBD1, 0xF3D2, 0xEBD2, 0xF3D2, 0xF3D2, 0xEBD1, 0xF3D2, 0xEBD2, 0xEBB1,
    0xF3D2, 0xEBD1, 0xF3D2, 0xF3D2, 0xEBB1, 0xF3D2, 0xF3B1, 0xEBB1, 0xF3B2, 0xF3B1, 0xF3B2, 0xF3B1,
    0xF3B1, 0xF3B2, 0xF3B1, 0xF391, 0xF3B1, 0xF391, 0xFBB2, 0xF3B1, 0xF391, 0xFBB1, 0xF391, 0xF391,
    0xFB91, 0xF391, 0xFB91, 0xFB91, 0xF370, 0xFB91, 0xF371, 0xF370, 0xFB91, 0xF391, 0xFB91, 0xFB91,
    0xF391, 0xFBB2, 0xF391, 0xF391, 0xFBB2, 0xF3B1, 0xFBB2, 0xF3B2, 0xF391, 0xFBB2, 0xF3B2, 0xF391,
    0xFBB2, 0xF3B2, 0xFBB3, 0xF3B2, 0xF3B2, 0xFBD3, 0xF3B2, 0xF3B2, 0xFBD3, 0xF3B2, 0xFBD3, 0xF3B3,
    0xF3B2, 0xFBB3, 0xF392, 0xF392, 0xFBB3, 0xF3B2, 0xFBB3, 0xF3B3, 0xF3B2, 0xFBD3, 0xF3B3, 0xF3B3,
    0xFBD3, 0xF3B3, 0xFBD4, 0xF3D3, 0xF3B3, 0xFBD4, 0xF3D4, 0xF3D3, 0xF3D4, 0xF3D4, 0xFBF4, 0xF3F4,
    0xF3F4, 0xF415, 0xF3F4, 0xF3F4, 0xF415, 0xF414, 0xF415, 0xF415, 0xF415, 0xF435, 0xF435, 0xEC35,
    0xF436, 0xF435, 0xF456, 0xF456, 0xF436, 0xF456, 0xF456, 0xF456, 0xF456, 0xF456, 0xFC57, 0xF456,
    0xF436, 0xF437, 0xF436, 0xF395, 0xFF5E, 0xFE7B, 0xFBD7, 0xC372, 0xEBD3, 0xEBD4, 0xE3D4, 0xE3B3,
    0xE3D4, 0xE3B3, 0xE3D4, 0xDBB3, 0xDB93, 0xDBB3, 0xD393, 0xD392, 0xD392, 0xCB72, 0xD392, 0xCB72,
    0xC351, 0xC372, 0xC351, 0xBB31, 0xBB51, 0xBB30, 0xBB31, 0xB330, 0xB310, 0xB330, 0xB310, 0xAAEF,
    0xA330, 0xAB50, 0xAB50, 0xAB51, 0xAB71, 0xAB50, 0xB391, 0xAB91, 0xAB91, 0xB3B2, 0xB3B1, 0xB3D2,
    0xB3D2, 0xB3D2, 0xB413, 0xB412, 0xB412, 0xB433, 0xB433, 0xBC54, 0xB473, 0xB473, 0xBC94, 0xB493,
    0xB493, 0xB4B4, 0xB4B4, 0xAD14, 0xABF2, 0xFBB8, 0xFF7E, 0xFE9C, 0xF375, 0xF457, 0xF437, 0xF457,
    0xF457, 0xF457, 0xF477, 0xF477, 0xEC76, 0xF477, 0xEC77, 0xF497, 0xF497, 0xEC76, 0xF497, 0xEC76,
    0xEC76, 0xEC76, 0xEC76, 0xF477, 0xEC76, 0xEC56, 0xEC76, 0xEC56, 0xEC55, 0xEC56, 0xEC55, 0xEC56,
    0xEC55, 0xEC35, 0xEC56, 0xEC35, 0xE435, 0xEC55, 0xEC35, 0xEC55, 0xEC35, 0xE434, 0xEC35, 0xEC35,
    0xE414, 0xEC35, 0xE434, 0xEC35, 0xEC34, 0xE414, 0xEC35, 0xEC14, 0xE414, 0xEC14, 0xE414, 0xEC15,
    0xEC14, 0xE414, 0xEC14, 0xEC14, 0xE3F3, 0xEC14, 0xE414, 0xEC14, 0xEC14, 0xE3F3, 0xEC14, 0xEBF4,
    0xE3F3, 0xEC14, 0xEBF3, 0xEC14, 0xEC13, 0xEBF3, 0xEC14, 0xEBF3, 0xEBF3, 0xEBF3, 0xEBF3, 0xEC14,
    0xEBF3, 0xEBF3, 0xEC13, 0xEBF3, 0xEBF3, 0xEBF3, 0xEBF3, 0xF3F3, 0xEBF3, 0xEBF3, 0xEBF3, 0xEBF3,
    0xEBF2, 0xEBF3, 0xEBF3, 0xF3F3, 0xEBF3, 0xEBD2, 0xF3F3, 0xEBF3, 0xEBD2, 0xEBF3, 0xEBF2, 0xF3F3,
    0xEBF3, 0xEBD2, 0xF3F3, 0xEBF2, 0xEBD2, 0xF3F3, 0xEBF2, 0xF3F3, 0xEBF2, 0xEBD2, 0xF3F3, 0xEBF2,
    0xEBD2, 0xEBF2, 0xEBF2, 0xF3F3, 0xEBF2, 0xEBD2, 0xF3F3, 0xEBD2, 0xEBD2, 0xEBF2, 0xEBD2, 0xF3F3,
    0xEBF2, 0xEBD2, 0xF3F2, 0xEBD2, 0xEBD2, 0xF3F2, 0xEBD2, 0xF3F2, 0xEBF2, 0xEBD2, 0xF3F2, 0xEBD2,
    0xEBD1, 0xF3D2, 0xEBD2, 0xF3F2, 0xF3D2, 0xEBD1, 0xF3D2, 0xF3D2, 0xEBB1, 0xF3D2, 0xEBD1, 0xF3D2,
    0xF3D2, 0xEBB1, 0xF3D2, 0xF3B1, 0xEBB1, 0xF3B2, 0xF3B1, 0xF3D2, 0xF3B1, 0xF3B1, 0xF3B2, 0xF3B1,
    0xF391, 0xF3B2, 0xF3B1, 0xFBB2, 0xF3B1, 0xF391, 0xFBB1, 0xF391, 0xF391, 0xFB91, 0xF391, 0xFB91,
    0xFB91, 0xF371, 0xFB91, 0xF391, 0xF391, 0xFB91, 0xF391, 0xFBB2, 0xFBB1, 0xF391, 0xFBB2, 0xF3B2,
    0xF3B1, 0xFBB2, 0xF3B2, 0xFBB2, 0xF3B2, 0xF391, 0xFBB2, 0xF3B2, 0xF3B2, 0xFBB2, 0xF3B2, 0xFBB3,
    0xF3B2, 0xF3B2, 0xFBD3, 0xF3B2, 0xF3B2, 0xF3D3, 0xF3B2, 0xFBD3, 0xF3D3, 0xF3B2, 0xFBB3, 0xF3B3,
    0xF3B2, 0xFBB3, 0xF3B3, 0xFBD3, 0xF3B3, 0xF3B3, 0xFBD3, 0xF3D3, 0xF3B3, 0xFBD3, 0xF3D3, 0xFBD4,
    0xF3D4, 0xF3D3, 0xFBF4, 0xF3D4, 0xF3D3, 0xF3F4, 0xF3F4, 0xFBF5, 0xF3F4, 0xF3F4, 0xF415, 0xF415,
    0xF414, 0xF415, 0xF415, 0xF435, 0xF435, 0xF415, 0xF436, 0xF435, 0xEC35, 0xF436, 0xF436, 0xF456,
    0xF456, 0xF436, 0xF456, 0xF456, 0xF456, 0xF457, 0xF456, 0xFC57, 0xF436, 0xF436, 0xFC37, 0xF3B5,
    0xFF3D, 0xFE7C, 0xF3B6, 0xCB92, 0xEBD4, 0xE3B3, 0xEBD4, 0xE3B3, 0xDBB3, 0xE3B3, 0xDBB3, 0xDBB3,
    0xDBB3, 0xD392, 0xD3B3, 0xD392, 0xCB72, 0xCB92, 0xCB72, 0xCB72, 0xC372, 0xC351, 0xC351, 0xBB51,
    0xBB30, 0xBB31, 0xB330, 0xBB31, 0xB310, 0xAB0F, 0xB310, 0xAB0F, 0xA330, 0xA330, 0xAB50, 0xA350,
    0xAB71, 0xAB71, 0xAB70, 0xB391, 0xAB91, 0xAB91, 0xB3B2, 0xB3B1, 0xB3D2, 0xB3F2, 0xB3F2, 0xB413,
    0xB413, 0xB412, 0xB433, 0xB453, 0xBC74, 0xB473, 0xB473, 0xBC94, 0xB493, 0xB493, 0xB4B4, 0xACF3,
    0xABF2, 0xFBB8, 0xFF7D, 0xFEBC, 0xF375, 0xF436, 0xF457, 0xF457, 0xF477, 0xF477, 0xF457, 0xF477,
    0xF477, 0xEC76, 0xF497, 0xEC77, 0xF497, 0xF497, 0xEC76, 0xF497, 0xEC76, 0xEC76, 0xEC76, 0xEC76,
    0xF477, 0xEC76, 0xEC56, 0xF476, 0xEC56, 0xEC55, 0xEC56, 0xEC55, 0xEC56, 0xEC55, 0xEC35, 0xEC56,
    0xEC35, 0xE435, 0xEC35, 0xEC35, 0xEC55, 0xEC35, 0xE434, 0xEC35, 0xEC35, 0xE414, 0xEC35, 0xE434,
    0xEC35, 0xEC34, 0xE414, 0xEC35, 0xEC14, 0xE414, 0xEC14, 0xE414, 0xEC15, 0xEC14, 0xE414, 0xEC14,
    0xEC14, 0xE3F3, 0xEC14, 0xEC14, 0xEC14, 0xEC14, 0xE3F3, 0xEC14, 0xEC14, 0xE3F3, 0xEC14, 0xEBF3,
    0xEC14, 0xEC13, 0xEBF3, 0xEC14, 0xEBF3, 0xEBF3, 0xEBF3, 0xEBF3, 0xEC14, 0xEBF3, 0xEBF3, 0xEC13,
    0xEBF3, 0xEBF3, 0xEBF3, 0xEBF3, 0xF3F3, 0xEBF3, 0xEBF3, 0xF3F3, 0xEBF3, 0xEBF2, 0xEBF3, 0xEBF3,
    0xF3F3, 0xEBF3, 0xEBD2, 0xF3F3, 0xEBF3, 0xEBD2, 0xF3F3, 0xEBF2, 0xF3F3, 0xEBF3, 0xEBD2, 0xF3F3,
    0xEBF3, 0xEBD2, 0xF3F3, 0xEBF2, 0xF3F3, 0xEBF3, 0xEBD2, 0xF3F3, 0xEBF2, 0xEBD2, 0xF3F3, 0xEBF2,
    0xF3F3, 0xEBF2, 0xEBD2, 0xF3F3, 0xEBF2, 0xEBD2, 0xF3F2, 0xEBF2, 0xF3F3, 0xEBF2, 0xEBD2, 0xF3F2,
    0xEBD2, 0xEBD2, 0xF3F2, 0xEBD2, 0xF3F2, 0xF3F2, 0xEBD2, 0xF3F2, 0xEBD2, 0xEBD1, 0xF3D2, 0xEBD2,
    0xF3F2, 0xF3D2, 0xEBD2, 0xF3D2, 0xF3D2, 0xEBD1, 0xF3D2, 0xEBD2, 0xF3D2, 0xF3D2, 0xEBB1, 0xF3D2,
    0xF3B2, 0xEBB1, 0xF3D2, 0xF3B1, 0xF3D2, 0xF3B2, 0xF3B1, 0xF3B2, 0xF3B1, 0xF3B1, 0xF3B2, 0xF3B1,
    0xFBB2, 0xF3B1, 0xF391, 0xFBB2, 0xF391, 0xF391, 0xFB91, 0xF391, 0xFB91, 0xF391, 0xF391, 0xFB91,
    0xF391, 0xF391, 0xFBB2, 0xF391, 0xFBB2, 0xF3B2, 0xF3B1, 0xFBB2, 0xF3B2, 0xF3B1, 0xFBB2, 0xF3B2,
    0xFBB2, 0xFB92, 0xF391, 0xFBB2, 0xF3B2, 0xF3B2, 0xF3B2, 0xF3B2, 0xFBB3, 0xF3D2, 0xF3B2, 0xFBD3,
    0xF3D3, 0xF3B2, 0xF3D3, 0xF3D3, 0xFBD3, 0xF3D3, 0xF3B2, 0xFBD3, 0xF3B3, 0xF3B2, 0xFBD3, 0xF3B3,
    0xFBD4, 0xF3D3, 0xF3B3, 0xFBD4, 0xF3D3, 0xF3D3, 0xFBD4, 0xF3D3, 0xFBF4, 0xF3F4, 0xF3D4, 0xFBF4,
    0xF3F4, 0xF3F4, 0xF3F4, 0xF3F4, 0xFC15, 0xF415, 0xF3F4, 0xF415, 0xF415, 0xF414, 0xF435, 0xF435,
    0xF436, 0xF435, 0xF435, 0xF456, 0xF436, 0xEC35, 0xF456, 0xF456, 0xF456, 0xF456, 0xF456, 0xF477,
    0xF456, 0xF456, 0xF457, 0xF436, 0xFC57, 0xF436, 0xF436, 0xFBB6, 0xFF3D, 0xFE5B, 0xF3B7, 0xC372,
    0xF3D4, 0xE3D4, 0xE3B3, 0xE3D4, 0xE3B3, 0xDBB3, 0xDBB3, 0xDBB3, 0xDBB3, 0xD393, 0xD392, 0xD393,
    0xCB72, 0xCB72, 0xCB72, 0xC371, 0xC372, 0xC351, 0xBB31, 0xBB51, 0xBB31, 0xB330, 0xB330, 0xB310,
    0xB330, 0xAB10, 0xAAEF, 0xAB10, 0xA330, 0xA330, 0xA330, 0xAB50, 0xA350, 0xAB71, 0xAB71, 0xAB70,
    0xB391, 0xAB91, 0xAB91, 0xB3B2, 0xB3D2, 0xB3F2, 0xB3F2, 0xB3F2, 0xB413, 0xB413, 0xB412, 0xBC33,
    0xB453, 0xBC74, 0xB473, 0xB473, 0xBC94, 0xB494, 0xB493, 0xACF4, 0xABF2, 0xFBD9, 0xFF7E, 0xFE9C,
    0xF376, 0xF437, 0xF436, 0xF457, 0xF457, 0xF478, 0xF477, 0xF477, 0xF497, 0xF477, 0xEC76, 0xF497,
    0xEC77, 0xF497, 0xF497, 0xEC76, 0xF497, 0xEC76, 0xEC76, 0xEC76, 0xEC76, 0xF476, 0xEC76, 0xEC56,
    0xF476, 0xEC56, 0xEC55, 0xEC56, 0xEC55, 0xEC56, 0xEC55, 0xEC35, 0xEC56, 0xEC35, 0xE435, 0xEC55,
    0xEC35, 0xEC55, 0xEC35, 0xE434, 0xEC35, 0xEC35, 0xE414, 0xEC35, 0xEC34, 0xEC35, 0xEC35, 0xE414,
    0xEC35, 0xEC14, 0xE414, 0xEC14, 0xEC14, 0xEC15, 0xEC14, 0xE414, 0xEC14, 0xEC14, 0xE413, 0xEC14,
    0xEC14, 0xEC14, 0xEC14, 0xEBF3, 0xEC14, 0xEC14, 0xE3F3, 0xEC14, 0xEBF3, 0xEC14, 0xEC14, 0xEBF3,
    0xEC14, 0xEBF3, 0xEBF3, 0xEC13, 0xEBF3, 0xF414, 0xEBF3, 0xEBF3, 0xEC13, 0xEBF3, 0xEBF3, 0xEBF3,
    0xEBF3, 0xF3F3, 0xEBF3, 0xEBF3, 0xF3F3, 0xEBF3, 0xEBF2, 0xEBF3, 0xEBF3, 0xF3F3, 0xEBF3, 0xEBD3,
    0xF3F3, 0xEBF3, 0xEBD2, 0xF3F3, 0xEBF3, 0xF3F3, 0xEBF3, 0xEBD2, 0xF3F3, 0xEBF3, 0xEBD2, 0xF3F3,
    0xEBF2, 0xF3F3, 0xEBF3, 0xEBD2, 0xF3F3, 0xEBF2, 0xEBD2, 0xF3F3, 0xEBF2, 0xF3F3, 0xEBF2, 0xEBD2,
    0xF3F3, 0xEBF2, 0xEBD2, 0xF3F2, 0xEBF2, 0xF3F3, 0xF3F2, 0xEBD2, 0xF3F2, 0xEBF2, 0xEBD2, 0xF3F2,
    0xEBD2, 0xF3F2, 0xF3F2, 0xEBD2, 0xF3F2, 0xF3D2, 0xEBD2, 0xF3D2, 0xEBD2, 0xF3F2, 0xF3D2, 0xEBD2,
    0xF3D2, 0xF3D2, 0xEBD1, 0xF3D2, 0xF3D2, 0xF3D2, 0xF3D2, 0xEBB1, 0xF3D2, 0xF3B2, 0xEBB1, 0xF3D2,
    0xF3B1, 0xF3D2, 0xF3B2, 0xF3B1, 0xF3D2, 0xF3B1, 0xF3B1, 0xF3B2, 0xF3B1, 0xFBB2, 0xF3B1, 0xF391,
    0xFBB2, 0xF391, 0xF391, 0xFB91, 0xF391, 0xFBB2, 0xF3B1, 0xF391, 0xFBB2, 0xF3B1, 0xF391, 0xFBB2,
    0xF3B1, 0xFBB2, 0xF3B2, 0xF3B2, 0xFBD2, 0xF3B2, 0xF3B2, 0xF3B2, 0xF3B2, 0xFBB2, 0xF3B2, 0xF3B2,
    0xFBD3, 0xF3B2, 0xF3B2, 0xF3D3, 0xF3D2, 0xFBD3, 0xF3D3, 0xF3D2, 0xFBD3, 0xF3D3, 0xF3D2, 0xF3D3,
    0xF3D3, 0xFBD3, 0xF3D3, 0xF3B3, 0xFBD3, 0xF3D3, 0xF3B3, 0xF3D3, 0xF3D3, 0xFBD4, 0xF3D3, 0xF3D3,
    0xFBF4, 0xF3D4, 0xF3D3, 0xF3F4, 0xF3F4, 0xFBF4, 0xF3F4, 0xF3F4, 0xF414, 0xF3F4, 0xF3F4, 0xF415,
    0xF414, 0xF415, 0xF415, 0xF414, 0xF435, 0xF415, 0xF415, 0xF435, 0xF435, 0xF436, 0xF436, 0xEC35,
    0xF456, 0xF456, 0xEC35, 0xF456, 0xF456, 0xF477, 0xF456, 0xF456, 0xF477, 0xF456, 0xF436, 0xF457,
    0xF436, 0xFC37, 0xF436, 0xF395, 0xFF5E, 0xFE7C, 0xF3B6, 0xC372, 0xEBD3, 0xE3D4, 0xE3D4, 0xDBB3,
    0xE3D4, 0xDBB3, 0xDBB3, 0xDBB3, 0xD393, 0xDBB3, 0xD393, 0xCB72, 0xCB92, 0xCB72, 0xC351, 0xC372,
    0xC351, 0xC351, 0xBB51, 0xBB30, 0xBB31, 0xB330, 0xB310, 0xB310, 0xAB10, 0xB310, 0xAB0F, 0xA2EF,
    0x9B0F, 0xA330, 0xA330, 0xA330, 0xAB50, 0xA350, 0xAB71, 0xAB71, 0xAB71, 0xB391, 0xAB91, 0xAB91,
    0xB3B2, 0xB3D2, 0xB3F2, 0xB3F2, 0xB3F2, 0xBC13, 0xB413, 0xB432, 0xBC53, 0xB453, 0xBC74, 0xB473,
    0xB473, 0xBC94, 0xB494, 0xACD3, 0xABF2, 0xFBD8, 0xFF7E, 0xFE9C, 0xF375, 0xF457, 0xF437, 0xF457,
    0xF477, 0xF477, 0xF478, 0xF477, 0xEC77, 0xF497, 0xF497, 0xEC76, 0xF497, 0xEC77, 0xF497, 0xEC77,
    0xEC76, 0xF497, 0xEC76, 0xEC76, 0xEC76, 0xEC76, 0xF476, 0xEC76, 0xEC56, 0xF476, 0xEC56, 0xEC55,
    0xEC56, 0xEC55, 0xF456, 0xEC55, 0xEC35, 0xEC56, 0xEC35, 0xEC35, 0xEC55, 0xEC35, 0xEC55, 0xEC35,
    0xEC34, 0xEC35, 0xEC35, 0xE434, 0xEC35, 0xEC34, 0xEC35, 0xEC35, 0xEC14, 0xEC35, 0xEC14, 0xE414,
    0xEC14, 0xEC14, 0xEC35, 0xEC14, 0xEC14, 0xEC14, 0xEC14, 0xE414, 0xEC14, 0xEC14, 0xEC14, 0xEC14,
    0xEBF3, 0xEC14, 0xEC14, 0xEBF3, 0xEC14, 0xEC13, 0xEC14, 0xEC14, 0xEBF3, 0xEC14, 0xEBF3, 0xEBF3,
    0xEC13, 0xEBF3, 0xF414, 0xEBF3, 0xEBF3, 0xF413, 0xEBF3, 0xEBF3, 0xEBF3, 0xEBF3, 0xF413, 0xEBF3,
    0xEBF3, 0xF3F3, 0xEBF3, 0xEBF2, 0xF3F3, 0xEBF3, 0xF3F3, 0xEBF3, 0xEBF3, 0xF3F3, 0xEBF3, 0xEBF2,
    0xF3F3, 0xEBF3, 0xF3F3, 0xF3F3, 0xEBF2, 0xF3F3, 0xEBF2, 0xEBF2, 0xF3F3, 0xEBF2, 0xF3F3, 0xF3F2,
    0xEBF2, 0xF3F3, 0xEBF2, 0xEBD2, 0xF3F3, 0xEBF2, 0xF3F3, 0xF3F2, 0xEBD2, 0xF3F3, 0xEBF2, 0xEBD2,
    0xF3F2, 0xEBF2, 0xF3F3, 0xF3F2, 0xEBD2, 0xF3F2, 0xEBF2, 0xEBD2, 0xF3F2, 0xEBF2, 0xF3F3, 0xF3F2,
    0xEBD2, 0xF3F2, 0xF3D2, 0xEBD2, 0xF3D2, 0xF3D2, 0xF3F2, 0xF3D2, 0xEBD2, 0xF3F2, 0xF3D2, 0xEBD1,
    0xF3D2, 0xF3D2, 0xF3D2, 0xF3D2, 0xEBB1, 0xF3D2, 0xF3D2, 0xEBB1, 0xF3D2, 0xF3B1, 0xF3D2, 0xF3B2,
    0xF3B1, 0xF3D2, 0xF3B2, 0xF3B1, 0xF3B2, 0xF3B1, 0xFBB2, 0xF3B2, 0xF391, 0xFBB2, 0xF391, 0xF391,
    0xFBB2, 0xF391, 0xFBB2, 0xF3B2, 0xF391, 0xFBB2, 0xF3B2, 0xF3B1, 0xFBB2, 0xF3B2, 0xFBD2, 0xF3D2,
    0xF3B2, 0xFBD2, 0xF3B2, 0xF3B2, 0xFBB2, 0xF3B2, 0xFBD3, 0xF3D2, 0xF3B2, 0xFBD3, 0xF3D2, 0xF3D2,
    0xF3D3, 0xF3D3, 0xFBD3, 0xF3D3, 0xF3D3, 0xF3F3, 0xF3D3, 0xF3D3, 0xF3D3, 0xF3D3, 0xFBD3, 0xF3D3,
    0xF3D3, 0xFBD4, 0xF3D3, 0xF3D3, 0xF3D4, 0xF3D3, 0xFBF4, 0xF3F4, 0xF3D3, 0xFBF4, 0xF3F4, 0xF3D3,
    0xF3F4, 0xF3F4, 0xFC15, 0xF3F4, 0xF3F4, 0xF415, 0xF414, 0xF3F4, 0xF415, 0xF415, 0xF435, 0xF435,
    0xF415, 0xF435, 0xF435, 0xEC35, 0xF436, 0xF435, 0xF456, 0xF456, 0xEC35, 0xF456, 0xF456, 0xEC56,
    0xF456, 0xF456, 0xF477, 0xF476, 0xF456, 0xF477, 0xF456, 0xF436, 0xF437, 0xF436, 0xFC37, 0xF395,
    0xFF3D, 0xFE7C, 0xF3B7, 0xC351, 0xEBD4, 0xE3D3, 0xE3D4, 0xE3D3, 0xDBB3, 0xDBB3, 0xDBB3, 0xD392,
    0xD393, 0xD392, 0xD393, 0xCB92, 0xCB72, 0xCB72, 0xC371, 0xBB51, 0xC351, 0xBB51, 0xBB51, 0xBB31,
    0xB310, 0xB330, 0xB310, 0xAB0F, 0xAB10, 0xAAEF, 0xAB10, 0xA2EF, 0xA30F, 0x9B0F, 0xA330, 0xA330,
    0xA32F, 0xAB50, 0xA350, 0xAB71, 0xAB71, 0xAB71, 0xAB91, 0xAB91, 0xABB1, 0xB3D2, 0xB3D2, 0xB3F2,
    0xB3F2, 0xB3F2, 0xBC33, 0xB413, 0xB432, 0xBC53, 0xB453, 0xBC74, 0xB473, 0xB473, 0xBC94, 0xACB3,
    0xA3D2, 0xFBD8, 0xFF5D, 0xFEBC, 0xF396, 0xF437, 0xF457, 0xF457, 0xF457, 0xF477, 0xF477, 0xF498,
    0xF497, 0xEC77, 0xF497, 0xF497, 0xEC76, 0xF497, 0xEC77, 0xF497, 0xEC77, 0xEC76, 0xF497, 0xEC76,
    0xEC76, 0xF476, 0xEC76, 0xF476, 0xEC76, 0xEC56, 0xF476, 0xEC56, 0xEC55, 0xEC56, 0xEC55, 0xF456,
    0xEC55, 0xEC35, 0xEC56, 0xEC35, 0xEC35, 0xEC55, 0xEC35, 0xEC55, 0xEC35, 0xEC35, 0xEC35, 0xEC35,
    0xE414, 0xEC35, 0xEC34, 0xEC35, 0xEC35, 0xEC14, 0xEC35, 0xEC14, 0xE414, 0xEC14, 0xEC14, 0xEC35,
    0xEC14, 0xEC14, 0xEC34, 0xEC14, 0xEC14, 0xEC14, 0xEC14, 0xEC14, 0xEC14, 0xEC13, 0xEC14, 0xEC14,
    0xEBF3, 0xEC14, 0xEC13, 0xF414, 0xEC14, 0xEBF3, 0xF414, 0xEBF3, 0xEBF3, 0xEC13, 0xEBF3, 0xF414,
    0xEC13, 0xEBF3, 0xF413, 0xEBF3, 0xEBF3, 0xF3F3, 0xEBF3, 0xF413, 0xEBF3, 0xEBF3, 0xF413, 0xEBF3,
    0xEBF3, 0xF3F3, 0xEBF3, 0xF3F3, 0xF3F3, 0xEBF3, 0xF3F3, 0xEBF3, 0xEBF2, 0xF3F3, 0xEBF3, 0xF3F3,
    0xF3F3, 0xEBF2, 0xF3F3, 0xEBF3, 0xEBF2, 0xF3F3, 0xEBF2, 0xF3F3, 0xF3F3, 0xEBF2, 0xF3F3, 0xEBF2,
    0xEBF2, 0xF3F3, 0xEBF2, 0xF3F3, 0xF3F2, 0xEBD2, 0xF3F3, 0xEBF2, 0xEBD2, 0xF3F2, 0xEBF2, 0xF3F3,
    0xF3F2, 0xEBD2, 0xF3F2, 0xF3F2, 0xEBD2, 0xF3F2, 0xEBF2, 0xF3F3, 0xF3F2, 0xEBD2, 0xF3F2, 0xF3D2,
    0xEBD2, 0xF3F2, 0xF3D2, 0xF3F2, 0xF3D2, 0xEBD2, 0xF3F2, 0xF3D2, 0xEBD1, 0xF3D2, 0xF3D2, 0xF3D2,
    0xF3D2, 0xF3B1, 0xF3D2, 0xF3D2, 0xEBB1, 0xF3D2, 0xF3B2, 0xF3D2, 0xF3D2, 0xF3B1, 0xF3D2, 0xF3B2,
    0xF3B1, 0xF3B2, 0xF3B1, 0xFBB2, 0xF3B2, 0xF3B1, 0xFBB2, 0xF3B1, 0xF391, 0xF3B2, 0xF3B1, 0xFBB2,
    0xF3B2, 0xF3B1, 0xFBD2, 0xF3B2, 0xF3B2, 0xF3D2, 0xF3B2, 0xFBD3, 0xF3D2, 0xF3B2, 0xFBD3, 0xF3D2,
    0xF3B2, 0xF3D3, 0xF3B2, 0xFBD3, 0xF3D3, 0xF3D2, 0xF3D3, 0xF3D3, 0xF3D2, 0xF3D3, 0xF3D3, 0xFBF3,
    0xF3D3, 0xF3D3, 0xF3F3, 0xF3D3, 0xF3D3, 0xF3D3, 0xF3D3, 0xFBF4, 0xF3D3, 0xF3D3, 0xFBF4, 0xF3D3,
    0xF3D3, 0xF3F4, 0xF3D3, 0xFBF4, 0xF3F4, 0xF3D4, 0xFBF4, 0xF3F4, 0xF3F4, 0xF3F4, 0xF3F4, 0xFC15,
    0xF415, 0xF3F4, 0xF415, 0xF415, 0xF414, 0xF415, 0xF415, 0xF435, 0xF435, 0xF435, 0xF436, 0xF435,
    0xEC35, 0xF456, 0xF455, 0xF456, 0xF456, 0xEC56, 0xF476, 0xF456, 0xEC56, 0xF477, 0xF456, 0xF477,
    0xF477, 0xF456, 0xF457, 0xF457, 0xF436, 0xF437, 0xF436, 0xFBB6, 0xFF3D, 0xF65B, 0xFBD7, 0xC372,
    0xE3B3, 0xE3D4, 0xDBB3, 0xE3D4, 0xDBB3, 0xDBB3, 0xDBB3, 0xD393, 0xD392, 0xD393, 0xCB92, 0xCB92,
    0xCB72, 0xC351, 0xC372, 0xC351, 0xBB31, 0xBB51, 0xB330, 0xBB31, 0xB330, 0xAB10, 0xB310, 0xAB10,
    0xA2EF, 0xAAEF, 0xA2EF, 0xAAEF, 0xA310, 0x9B0F, 0x9B0F, 0xA330, 0xA330, 0xA330, 0xAB50, 0xA350,
    0xAB71, 0xAB71, 0xAB71, 0xB3B1, 0xABB1, 0xABB1, 0xB3D2, 0xB3D2, 0xB3F3, 0xB3F2, 0xB3F2, 0xBC33,
    0xB433, 0xB432, 0xBC53, 0xB453, 0xBC74, 0xB473, 0xB473, 0xB4B4, 0xABD2, 0xFBD8, 0xFF7E, 0xFE9C,
    0xF396, 0xF457, 0xF437, 0xF477, 0xF477, 0xEC77, 0xF477, 0xF477, 0xF498, 0xF497, 0xEC97, 0xF497,
    0xEC97, 0xEC76, 0xF497, 0xEC76, 0xF497, 0xEC77, 0xEC76, 0xF497, 0xEC76, 0xEC76, 0xF476, 0xEC76,
    0xF476, 0xEC76, 0xEC56, 0xF476, 0xEC56, 0xEC55, 0xEC56, 0xEC55, 0xF456, 0xEC55, 0xEC35, 0xEC56,
    0xEC55, 0xEC35, 0xEC55, 0xEC35, 0xEC55, 0xEC35, 0xEC35, 0xEC35, 0xEC35, 0xEC34, 0xEC35, 0xEC34,
    0xEC35, 0xEC35, 0xEC14, 0xEC35, 0xEC14, 0xEC14, 0xEC34, 0xEC14, 0xEC35, 0xEC14, 0xEC14, 0xEC34,
    0xEC14, 0xEC14, 0xEC14, 0xEC14, 0xF414, 0xEC14, 0xEC13, 0xF414, 0xEC14, 0xEBF3, 0xEC14, 0xEC13,
    0xF414, 0xEC14, 0xEBF3, 0xF414, 0xEBF3, 0xEBF3, 0xF414, 0xEBF3, 0xF414, 0xEC13, 0xEBF3, 0xF413,
    0xEBF3, 0xEBF3, 0xF3F3, 0xEBF3, 0xF414, 0xF3F3, 0xEBF3, 0xF413, 0xEBF3, 0xEBF3, 0xF3F3, 0xEBF3,
    0xF3F3, 0xF3F3, 0xEBF3, 0xF3F3, 0xF3F3, 0xEBF2, 0xF3F3, 0xEBF3, 0xF3F3, 0xF3F3, 0xEBF2, 0xF3F3,
    0xEBF3, 0xEBF2, 0xF3F3, 0xEBF2, 0xF3F3, 0xF3F3, 0xEBF2, 0xF3F3, 0xEBF2, 0xEBF2, 0xF3F3, 0xEBF2,
    0xF3F3, 0xF3F2, 0xEBF2, 0xF3F3, 0xEBF2, 0xEBF2, 0xF3F2, 0xEBF2, 0xF3F3, 0xF3F2, 0xEBF2, 0xF3F2,
    0xF3F2, 0xEBD2, 0xF3F2, 0xF3F2, 0xF3F3, 0xF3F2, 0xEBD2, 0xF3F2, 0xF3D2, 0xEBD2, 0xF3F2, 0xF3D2,
    0xF3F3, 0xF3F2, 0xF3D2, 0xF3F2, 0xF3D2, 0xEBD2, 0xF3D2, 0xF3D2, 0xF3D2, 0xF3D2, 0xF3D2, 0xF3D2,
    0xF3D2, 0xEBB1, 0xF3D2, 0xF3D2, 0xF3D2, 0xF3D2, 0xF3B1, 0xF3D2, 0xF3B2, 0xF3B1, 0xF3B2, 0xF3B2,
    0xFBB2, 0xF3B2, 0xF3B1, 0xFBB2, 0xF3B2, 0xF3B1, 0xF3B2, 0xF3B2, 0xFBB2, 0xF3B2, 0xF3B2, 0xFBD2,
    0xF3B2, 0xF3B2, 0xF3D2, 0xF3D2, 0xFBD3, 0xF3D2, 0xF3B2, 0xF3D3, 0xF3D2, 0xF3B2, 0xF3D3, 0xF3D2,
    0xFBD3, 0xF3D3, 0xF3D2, 0xF3F3, 0xF3D3, 0xF3D3, 0xF3F3, 0xF3D3, 0xFBF4, 0xF3F3, 0xF3D3, 0xF3F4,
    0xF3D3, 0xF3D3, 0xF3F4, 0xF3D3, 0xFBF4, 0xF3F4, 0xF3D3, 0xF3F4, 0xF3D4, 0xF3D3, 0xF3F4, 0xF3F4,
    0xFBF4, 0xF3F4, 0xF3F4, 0xF414, 0xF3F4, 0xF3F4, 0xF415, 0xF414, 0xFC15, 0xF415, 0xF414, 0xF435,
    0xF415, 0xEC15, 0xF435, 0xF435, 0xF436, 0xF435, 0xF435, 0xF456, 0xF436, 0xEC35, 0xF456, 0xEC56,
    0xF456, 0xF456, 0xEC56, 0xF477, 0xF456, 0xEC56, 0xF477, 0xF476, 0xF477, 0xF457, 0xF456, 0xF457,
    0xF436, 0xF436, 0xF437, 0xF3B6, 0xFF5E, 0xFE7C, 0xF3B7, 0xC392, 0xE3B3, 0xDBB3, 0xE3B4, 0xDBB3,
    0xDBB4, 0xDBB3, 0xD393, 0xD3B3, 0xD392, 0xCB72, 0xCB92, 0xCB72, 0xCB72, 0xC372, 0xBB51, 0xC351,
    0xBB31, 0xB330, 0xBB31, 0xB330, 0xB330, 0xB310, 0xAAEF, 0xAB10, 0xA2EF, 0xA2EF, 0xA2EF, 0xA2CF,
    0x9AEF, 0xA30F, 0x9B0F, 0x9B0F, 0xA330, 0xA330, 0xA330, 0xA350, 0xA350, 0xAB71, 0xAB71, 0xAB71,
    0xABB1, 0xABB1, 0xABB1, 0xB3D2, 0xB3D2, 0xB3F3, 0xB3F2, 0xB412, 0xBC33, 0xB433, 0xB433, 0xBC53,
    0xB453, 0xBC74, 0xBC73, 0xAC93, 0xABD2, 0xFBD8, 0xFF5D, 0xFEBC, 0xF396, 0xF457, 0xF457, 0xF457,
    0xF478, 0xF477, 0xEC77, 0xF498, 0xF497, 0xF498, 0xF497, 0xEC97, 0xF497, 0xEC97, 0xEC76, 0xF497,
    0xEC76, 0xF497, 0xF477, 0xEC76, 0xF477, 0xEC76, 0xEC76, 0xF476, 0xEC76, 0xF477, 0xEC76, 0xEC56,
    0xF476, 0xEC56, 0xEC55, 0xEC56, 0xEC55, 0xF456, 0xEC55, 0xEC35, 0xEC56, 0xEC35, 0xEC35, 0xEC55,
    0xEC35, 0xF455, 0xEC35, 0xEC35, 0xEC35, 0xEC35, 0xEC34, 0xEC35, 0xEC34, 0xF435, 0xEC35, 0xEC14,
    0xEC35, 0xEC14, 0xEC14, 0xEC35, 0xEC14, 0xF435, 0xEC14, 0xEC14, 0xEC14, 0xEC14, 0xEC14, 0xEC14,
    0xEC14, 0xF414, 0xEC14, 0xEC13, 0xF414, 0xEC14, 0xEC13, 0xEC14, 0xEC13, 0xF414, 0xEC14, 0xEBF3,
    0xF414, 0xEBF3, 0xEBF3, 0xF414, 0xEBF3, 0xF414, 0xEC13, 0xEBF3, 0xF414, 0xEBF3, 0xEBF3, 0xF413,
    0xEBF3, 0xF414, 0xF3F3, 0xEBF3, 0xF413, 0xF3F3, 0xEBF3, 0xF3F3, 0xEBF3, 0xF413, 0xF3F3, 0xEBF3,
    0xF413, 0xF3F3, 0xEBF2, 0xF3F3, 0xEBF3, 0xF413, 0xF3F3, 0xEBF2, 0xF413, 0xF3F3, 0xEBF2, 0xF3F3,
    0xEBF2, 0xF3F3, 0xF3F3, 0xEBF2, 0xF3F3, 0xF3F2, 0xEBF2, 0xF3F3, 0xEBF2, 0xF3F3, 0xF3F2, 0xEBF2,
    0xF3F3, 0xF3F2, 0xEBF2, 0xF3F2, 0xEBF2, 0xF3F3, 0xF3F2, 0xEBF2, 0xF3F3, 0xF3F2, 0xEBF2, 0xF3F2,
    0xF3F2, 0xF3F3, 0xF3F2, 0xEBD2, 0xF3F2, 0xF3F2, 0xEBD2, 0xF3F2, 0xF3D2, 0xF3F3, 0xF3F2, 0xF3D2,
    0xF3F2, 0xF3D2, 0xEBD2, 0xF3D2, 0xF3D2, 0xF3D2, 0xF3D2, 0xF3B2, 0xF3D2, 0xF3D2, 0xEBB1, 0xF3D2,
    0xF3D2, 0xF3D2, 0xF3D2, 0xF3B2, 0xF3D2, 0xF3B2, 0xF3B1, 0xF3B2, 0xF3B2, 0xFBD2, 0xF3B2, 0xF3B1,
    0xFBD2, 0xF3B2, 0xF3B1, 0xF3B2, 0xF3B2, 0xFBD2, 0xF3D2, 0xF3B2, 0xFBD3, 0xF3D2, 0xF3B2, 0xF3D3,
    0xF3D2, 0xFBD3, 0xF3D3, 0xF3D2, 0xF3D3, 0xF3D3, 0xF3D2, 0xF3D3, 0xF3D3, 0xFBF3, 0xF3F3, 0xF3D3,
    0xF3F3, 0xF3D3, 0xF3D3, 0xF3F3, 0xF3F3, 0xF3F4, 0xF3F3, 0xF3D3, 0xF3F4, 0xF3F3, 0xF3D3, 0xF3F4,
    0xF3F3, 0xFBF4, 0xF3F4, 0xF3D3, 0xF3F4, 0xF3F4, 0xF3F3, 0xF3F4, 0xF3F4, 0xFC15, 0xF3F4, 0xF3F4,
    0xF415, 0xF414, 0xF3F4, 0xF415, 0xF414, 0xF435, 0xF415, 0xF415, 0xF435, 0xF435, 0xEC15, 0xF435,
    0xF435, 0xF456, 0xF456, 0xEC35, 0xF456, 0xF456, 0xEC55, 0xF456, 0xEC56, 0xF477, 0xF476, 0xEC56,
    0xF477, 0xF476, 0xEC76, 0xF477, 0xF476, 0xF477, 0xF457, 0xF456, 0xF457, 0xF436, 0xF436, 0xF3B6,
    0xFF3D, 0xFE7C, 0xF3D7, 0xC372, 0xE3D4, 0xDBB3, 0xDBB3, 0xDBB3, 0xDBB3, 0xDBB3, 0xD3B3, 0xD392,
    0xD393, 0xCB92, 0xCB72, 0xCB72, 0xC371, 0xC372, 0xC351, 0xBB31, 0xBB51, 0xB330, 0xB310, 0xB330,
    0xAB10, 0xB310, 0xAB0F, 0xA2EF, 0xAAEF, 0xA2EF, 0x9ACE, 0xA2CF, 0x9AEF, 0x9AEF, 0xA30F, 0x9B0F,
    0x9B0F, 0xA330, 0xA330, 0xA330, 0xA350, 0xA350, 0xAB71, 0xAB91, 0xAB91, 0xB3B2, 0xABB1, 0xABB1,
    0xB3D2, 0xB3D2, 0xB3F3, 0xB412, 0xB412, 0xBC33, 0xB433, 0xB433, 0xBC53, 0xB453, 0xBC74, 0xB493,
    0xABB2, 0xFBF9, 0xFF7E, 0xF69C, 0xF396, 0xF457, 0xF458, 0xF457, 0xF457, 0xF498, 0xF477, 0xEC77,
    0xF497, 0xEC97, 0xF4B8, 0xF497, 0xEC97, 0xF497, 0xEC97, 0xEC76, 0xF497, 0xEC76, 0xF497, 0xF477,
    0xEC76, 0xF497, 0xEC76, 0xEC76, 0xF476, 0xEC76, 0xF476, 0xEC76, 0xEC56, 0xF476, 0xEC56, 0xEC55,
    0xEC56, 0xEC55, 0xF456, 0xEC55, 0xEC35, 0xEC56, 0xEC35, 0xEC35, 0xEC55, 0xEC35, 0xF455, 0xEC35,
    0xEC35, 0xEC35, 0xEC35, 0xEC34, 0xEC35, 0xEC34, 0xF435, 0xEC35, 0xEC14, 0xF435, 0xEC14, 0xEC14,
    0xEC35, 0xEC14, 0xF435, 0xEC34, 0xEC14, 0xF434, 0xEC14, 0xEC14, 0xEC14, 0xEC14, 0xF434, 0xEC14,
    0xEC13, 0xF414, 0xEC14, 0xEC13, 0xF414, 0xEC13, 0xF414, 0xEC14, 0xEBF3, 0xF414, 0xEC13, 0xEBF3,
    0xF414, 0xEBF3, 0xF414, 0xF413, 0xEBF3, 0xF414, 0xEBF3, 0xEBF3, 0xF413, 0xEBF3, 0xF414, 0xF413,
    0xEBF3, 0xF413, 0xF3F3, 0xEBF3, 0xF3F3, 0xEBF3, 0xF413, 0xF3F3, 0xEBF3, 0xF413, 0xF3F3, 0xEBF2,
    0xF3F3, 0xEBF3, 0xF413, 0xF3F3, 0xEBF2, 0xF413, 0xF3F3, 0xEBF2, 0xF3F3, 0xEBF2, 0xF413, 0xF3F3,
    0xEBF2, 0xF3F3, 0xF3F2, 0xEBF2, 0xF3F3, 0xEBF2, 0xF3F3, 0xF3F2, 0xEBF2, 0xF3F3, 0xF3F2, 0xEBF2,
    0xF3F2, 0xF3F2, 0xF3F3, 0xF3F2, 0xEBF2, 0xF3F3, 0xF3F2, 0xEBF2, 0xF3F2, 0xF3F2, 0xF3F3, 0xF3F2,
    0xF3D2, 0xF3F3, 0xF3F2, 0xEBD2, 0xF3F2, 0xF3D2, 0xF3F3, 0xF3F2, 0xF3D2, 0xF3F2, 0xF3D2, 0xF3D2,
    0xF3D2, 0xF3D2, 0xF3F2, 0xF3D2, 0xF3D2, 0xF3D2, 0xF3D2, 0xF3B2, 0xF3D2, 0xF3D2, 0xF3D2, 0xF3D2,
    0xF3B2, 0xF3D2, 0xF3B2, 0xF3B2, 0xF3D2, 0xF3B2, 0xFBD2, 0xF3B2, 0xF3B2, 0xF3D2, 0xF3B2, 0xF3B2,
    0xF3D2, 0xF3B2, 0xFBD3, 0xF3D2, 0xF3B2, 0xF3D3, 0xF3D2, 0xF3D2, 0xF3D3, 0xF3D2, 0xFBF3, 0xF3D3,
    0xF3D2, 0xF3D3, 0xF3D3, 0xF3D2, 0xF3F3, 0xF3D3, 0xFBF3, 0xF3F3, 0xF3D3, 0xF3F4, 0xF3F3, 0xF3F3,
    0xF3F4, 0xF3F3, 0xF3F4, 0xF3F4, 0xF3D3, 0xF3F4, 0xF3F4, 0xF3D3, 0xF3F4, 0xF3F4, 0xFBF4, 0xF3F4,
    0xF3F4, 0xF414, 0xF3F4, 0xF3F4, 0xF414, 0xF3F4, 0xFC15, 0xF414, 0xF3F4, 0xF415, 0xF415, 0xF414,
    0xF415, 0xF415, 0xF435, 0xF435, 0xF415, 0xF436, 0xF435, 0xEC35, 0xF436, 0xF435, 0xF456, 0xF456,
    0xEC35, 0xF456, 0xF456, 0xEC56, 0xF476, 0xEC56, 0xF477, 0xF476, 0xEC56, 0xF477, 0xF477, 0xEC76,
    0xF477, 0xF477, 0xF477, 0xF457, 0xF436, 0xF457, 0xF437, 0xF3B5, 0xFF5E, 0xFE9C, 0xFBF8, 0xC372,
    0xE3B3, 0xDBD4, 0xDBB3, 0xD3B3, 0xDBB3, 0xD393, 0xD3B3, 0xD393, 0xCB72, 0xCB92, 0xCB72, 0xC351,
    0xC372, 0xBB51, 0xC351, 0xBB51, 0xB330, 0xB331, 0xB310, 0xAB0F, 0xAB10, 0xAAEF, 0xAB10, 0xA2EF,
    0xA2CF, 0xA2EF, 0x9ACE, 0x9AAE, 0x92CE, 0x9AEF, 0x9AEF, 0x9B0F, 0x9B0F, 0x9B0F, 0xA330, 0xA330,
    0xA330, 0xA350, 0xA350, 0xAB71, 0xAB91, 0xAB91, 0xB3B2, 0xABB1, 0xABB1, 0xB3D2, 0xB3D2, 0xB3F3,
    0xB412, 0xB412, 0xBC33, 0xB433, 0xB433, 0xBC53, 0xB453, 0xB494, 0xB3D2, 0xFBF8, 0xFF7E, 0xFEBC,
    0xF396, 0xF458, 0xF457, 0xF478, 0xF478, 0xF477, 0xF498, 0xF497, 0xEC97, 0xF498, 0xEC97, 0xF4B8,
    0xF497, 0xEC97, 0xF497, 0xEC97, 0xEC76, 0xF497, 0xEC76, 0xF497, 0xF477, 0xEC76, 0xF497, 0xEC76,
    0xEC76, 0xF476, 0xEC76, 0xF476, 0xEC76, 0xEC56, 0xF476, 0xEC56, 0xEC55, 0xEC56, 0xEC55, 0xF456,
    0xEC56, 0xEC35, 0xF456, 0xEC55, 0xEC35, 0xEC55, 0xEC35, 0xF455, 0xEC35, 0xEC35, 0xF455, 0xEC35,
    0xEC34, 0xEC35, 0xEC35, 0xF435, 0xEC35, 0xEC14, 0xF435, 0xEC14, 0xEC14, 0xEC35, 0xEC14, 0xF435,
    0xEC14, 0xEC14, 0xF434, 0xEC14, 0xEC14, 0xF414, 0xEC14, 0xF434, 0xEC14, 0xEC14, 0xF414, 0xEC14,
    0xEC13, 0xF414, 0xEC13, 0xF414, 0xF414, 0xEBF3, 0xF414, 0xEC13, 0xEBF3, 0xF414, 0xEC13, 0xF414,
    0xF413, 0xEBF3, 0xF414, 0xF3F3, 0xEBF3, 0xF413, 0xEBF3, 0xF414, 0xF413, 0xEBF3, 0xF413, 0xF3F3,
    0xEBF3, 0xF3F3, 0xF3F3, 0xF413, 0xF3F3, 0xEBF3, 0xF413, 0xF3F3, 0xEBF2, 0xF3F3, 0xF3F3, 0xF413,
    0xF3F3, 0xEBF2, 0xF413, 0xF3F3, 0xEBF2, 0xF3F3, 0xF3F2, 0xF413, 0xF3F3, 0xEBF2, 0xF413, 0xF3F2,
    0xEBF2, 0xF3F3, 0xF3F2, 0xF413, 0xF3F2, 0xEBF2, 0xF413, 0xF3F2, 0xEBF2, 0xF3F3, 0xF3F2, 0xF3F3,
    0xF3F2, 0xF3F2, 0xF3F3, 0xF3F2, 0xEBF2, 0xF3F2, 0xF3F2, 0xF3F3, 0xF3F2, 0xF3D2, 0xF3F3, 0xF3F2,
    0xF3D2, 0xF3F2, 0xF3F2, 0xF3F3, 0xF3F2, 0xF3D2, 0xF3F2, 0xF3D2, 0xF3D2, 0xF3D2, 0xF3D2, 0xF3D3,
    0xF3D2, 0xF3D2, 0xF3D2, 0xF3D2, 0xF3B2, 0xF3D2, 0xF3D2, 0xF3D3, 0xF3D2, 0xF3B2, 0xF3D2, 0xF3B2,
    0xF3B2, 0xF3D2, 0xF3B2, 0xFBD2, 0xF3D2, 0xF3B2, 0xF3D2, 0xF3B2, 0xF3B2, 0xF3D2, 0xF3D2, 0xFBD3,
    0xF3D2, 0xF3D2, 0xF3D3, 0xF3D3, 0xF3D2, 0xF3D3, 0xF3D3, 0xFBF3, 0xF3D3, 0xF3D3, 0xF3F3, 0xF3D3,
    0xF3D3, 0xF3F3, 0xF3F3, 0xFBF4, 0xF3F3, 0xF3F3, 0xF3F4, 0xF3F3, 0xF3F3, 0xF3F4, 0xF3F3, 0xF3F4,
    0xF3F4, 0xF3F3, 0xF3F4, 0xF3F4, 0xF3F3, 0xF3F4, 0xF3F4, 0xFC14, 0xF3F4, 0xF3F4, 0xF414, 0xF3F4,
    0xF3F4, 0xF415, 0xF414, 0xFC15, 0xF415, 0xF414, 0xF415, 0xF415, 0xF414, 0xF435, 0xF415, 0xF436,
    0xF435, 0xF435, 0xF456, 0xF435, 0xEC35, 0xF456, 0xF456, 0xF456, 0xF456, 0xEC56, 0xF476, 0xF456,
    0xEC56, 0xF476, 0xEC76, 0xF477, 0xF477, 0xEC76, 0xF497, 0xF477, 0xEC76, 0xF477, 0xF477, 0xF477,
    0xF457, 0xF436, 0xF457, 0xF3D6, 0xFF3D, 0xFE9C, 0xF3F7, 0xC372, 0xE3B3, 0xDBB3, 0xDBB3, 0xD3B3,
    0xD392, 0xD393, 0xD392, 0xD393, 0xCB92, 0xC372, 0xCB72, 0xC371, 0xBB51, 0xBB51, 0xBB31, 0xBB51,
    0xB330, 0xB310, 0xB330, 0xAB10, 0xA2EF, 0xAAEF, 0xA2EF, 0xA2EF, 0xA2CF, 0x9ACE, 0x9ACF, 0x9AAE,
    0x92CE, 0x92CE, 0x9AEF, 0x9AEF, 0x9B0F, 0x9B0F, 0x9B0F, 0xA330, 0xA330, 0xA330, 0xA350, 0xA370,
    0xAB91, 0xAB91, 0xAB91, 0xB3B2, 0xABB1, 0xABB1, 0xB3D2, 0xB3F2, 0xBBF3, 0xB413, 0xB412, 0xBC33,
    0xB433, 0xB433, 0xBC53, 0xB473, 0xB3D3, 0xFC19, 0xFF7D, 0xFEBC, 0xF396, 0xF457, 0xF458, 0xF477,
    0xF498, 0xF498, 0xF477, 0xF498, 0xF497, 0xEC97, 0xF4B7, 0xEC97, 0xF4B8, 0xF497, 0xEC97, 0xF497,
    0xF497, 0xEC76, 0xF497, 0xEC76, 0xF497, 0xF477, 0xEC76, 0xF477, 0xF476, 0xEC76, 0xF476, 0xEC76,
    0xF476, 0xF476, 0xEC56, 0xF476, 0xEC56, 0xEC55, 0xF456, 0xEC55, 0xF456, 0xEC56, 0xEC35, 0xF456,
    0xEC35, 0xEC35, 0xF455, 0xEC35, 0xF456, 0xEC35, 0xEC35, 0xF455, 0xEC35, 0xEC34, 0xF435, 0xEC35,
    0xF435, 0xEC35, 0xEC14, 0xF435, 0xEC14, 0xEC14, 0xF435, 0xEC14, 0xF435, 0xEC34, 0xEC14, 0xF434,
    0xEC14, 0xEC14, 0xF414, 0xEC14, 0xF434, 0xF414, 0xEC14, 0xF434, 0xEC14, 0xEC13, 0xF414, 0xEC13,
    0xF414, 0xF414, 0xEBF3, 0xF414, 0xF413, 0xEBF3, 0xF414, 0xEC13, 0xF414, 0xF413, 0xEBF3, 0xF414,
    0xF3F3, 0xEBF3, 0xF413, 0xF3F3, 0xF414, 0xF413, 0xEBF3, 0xF413, 0xF3F3, 0xEBF3, 0xF413, 0xF3F3,
    0xF413, 0xF413, 0xF3F3, 0xF413, 0xF3F3, 0xEBF2, 0xF413, 0xF3F3, 0xF413, 0xF3F3, 0xEBF2, 0xF413,
    0xF3F3, 0xEBF2, 0xF3F3, 0xF3F2, 0xF413, 0xF3F3, 0xEBF2, 0xF413, 0xF3F2, 0xEBF2, 0xF3F3, 0xF3F2,
    0xF413, 0xF3F2, 0xF3F2, 0xF413, 0xF3F2, 0xEBF2, 0xF3F3, 0xF3F2, 0xF413, 0xF3F2, 0xF3F2, 0xF3F3,
    0xF3F2, 0xEBF2, 0xF3F2, 0xF3F2, 0xF3F3, 0xF3F2, 0xF3D2, 0xF3F3, 0xF3F2, 0xF3D2, 0xF3F2, 0xF3F2,
    0xF3F3, 0xF3F2, 0xF3D2, 0xF3F3, 0xF3D2, 0xF3D2, 0xF3D2, 0xF3D2, 0xF3F3, 0xF3D2, 0xF3D2, 0xF3D2,
    0xF3D2, 0xF3D2, 0xF3D2, 0xF3D2, 0xFBD3, 0xF3D2, 0xF3B2, 0xF3D2, 0xF3D2, 0xF3B2, 0xF3D2, 0xF3D2,
    0xFBD3, 0xF3D2, 0xF3B2, 0xF3D3, 0xF3D2, 0xF3D2, 0xF3D3, 0xF3D2, 0xFBD3, 0xF3D3, 0xF3D2, 0xF3F3,
    0xF3D3, 0xF3D2, 0xF3F3, 0xF3D3, 0xFBF3, 0xF3F3, 0xF3D3, 0xF3F3, 0xF3F3, 0xF3D3, 0xF3F3, 0xF3F3,
    0xFBF4, 0xF3F3, 0xF3F3, 0xF414, 0xF3F3, 0xF3F3, 0xF3F4, 0xF3F4, 0xF414, 0xF3F4, 0xF3F4, 0xF414,
    0xF3F4, 0xF3F4, 0xF3F4, 0xF3F4, 0xFC15, 0xF414, 0xF3F4, 0xF415, 0xF414, 0xF3F4, 0xF415, 0xF414,
    0xFC15, 0xF415, 0xF415, 0xF435, 0xF415, 0xF415, 0xF435, 0xF435, 0xF436, 0xF435, 0xF435, 0xF456,
    0xF436, 0xEC35, 0xF456, 0xF456, 0xF456, 0xF456, 0xEC56, 0xF477, 0xF476, 0xEC56, 0xF477, 0xEC76,
    0xF497, 0xF477, 0xEC77, 0xF497, 0xF477, 0xEC77, 0xF477, 0xF477, 0xF477, 0xF457, 0xF457, 0xF3D7,
    0xFF5D, 0xF67B, 0xFC18, 0xBB72, 0xE3B3, 0xDBB3, 0xD393, 0xDBB3, 0xD393, 0xCB92, 0xD393, 0xCB92,
    0xCB92, 0xCB72, 0xC351, 0xC372, 0xBB51, 0xBB30, 0xBB31, 0xB330, 0xB331, 0xB310, 0xAB0F, 0xAB10,
    0xA2EF, 0xA2EF, 0xA2EF, 0x9ACE, 0xA2CF, 0x9ACE, 0x92AE, 0x9ACE, 0x92CE, 0x92CE, 0x92CE, 0x9AEF,
    0x92EF, 0x9B0F, 0x9B0F, 0x9B0F, 0xA330, 0xA330, 0xA330, 0xA350, 0xA370, 0xAB91, 0xAB91, 0xAB91,
    0xB3B2, 0xABB2, 0xABB1, 0xB3D2, 0xB3F2, 0xBBF3, 0xB413, 0xB412, 0xBC33, 0xB433, 0xB433, 0xB473,
    0xABB2, 0xFC19, 0xFF5E, 0xFEBC, 0xF3B6, 0xF457, 0xF457, 0xF478, 0xF477, 0xF498, 0xF498, 0xEC97,
    0xF4B8, 0xF4B7, 0xEC97, 0xF4B7, 0xEC97, 0xF4B8, 0xF497, 0xEC97, 0xF497, 0xF497, 0xEC76, 0xF497,
    0xEC77, 0xF497, 0xF477, 0xEC76, 0xF497, 0xF476, 0xEC76, 0xF476, 0xEC76, 0xF476, 0xF476, 0xEC56,
    0xF476, 0xEC56, 0xEC55, 0xF456, 0xEC55, 0xF456, 0xEC56, 0xEC35, 0xF456, 0xEC55, 0xEC35, 0xF455,
    0xEC35, 0xF456, 0xEC35, 0xEC35, 0xF455, 0xEC35, 0xEC34, 0xF435, 0xEC35, 0xF435, 0xF435, 0xEC14,
    0xF435, 0xEC34, 0xEC14, 0xF435, 0xEC14, 0xF435, 0xF434, 0xEC14, 0xF434, 0xF414, 0xEC14, 0xF414,
    0xEC14, 0xF434, 0xF414, 0xEC14, 0xF434, 0xF414, 0xEC13, 0xF414, 0xEC14, 0xF414, 0xF414, 0xEC13,
    0xF414, 0xF413, 0xEBF3, 0xF414, 0xF413, 0xF414, 0xF413, 0xEBF3, 0xF414, 0xF413, 0xEBF3, 0xF413,
    0xF3F3, 0xF414, 0xF413, 0xEBF3, 0xF413, 0xF3F3, 0xEBF3, 0xF413, 0xF3F3, 0xF413, 0xF413, 0xF3F3,
    0xF413, 0xF3F3, 0xEBF2, 0xF413, 0xF3F3, 0xF413, 0xF3F3, 0xF3F2, 0xF413, 0xF3F3, 0xEBF2, 0xF3F3,
    0xF3F2, 0xF413, 0xF3F3, 0xF3F2, 0xF413, 0xF3F2, 0xEBF2, 0xF3F3, 0xF3F2, 0xF413, 0xF3F2, 0xF3F2,
    0xF413, 0xF3F2, 0xEBF2, 0xF3F3, 0xF3F2, 0xF413, 0xF3F2, 0xF3F2, 0xF3F3, 0xF3F2, 0xF3F2, 0xF3F3,
    0xF3F2, 0xF3F3, 0xF3F2, 0xF3F2, 0xF3F3, 0xF3F2, 0xF3D2, 0xF3F3, 0xF3F2, 0xFBF3, 0xF3F2, 0xF3D2,
    0xF3F3, 0xF3D2, 0xF3D2, 0xF3D2, 0xF3D2, 0xFBF3, 0xF3D2, 0xF3D2, 0xF3D3, 0xF3D2, 0xF3D2, 0xF3D2,
    0xF3D2, 0xFBD3, 0xF3D2, 0xF3B2, 0xF3D2, 0xF3D2, 0xF3B2, 0xF3D2, 0xF3D2, 0xFBD3, 0xF3D2, 0xF3D2,
    0xF3D3, 0xF3D2, 0xF3D2, 0xF3D3, 0xF3D2, 0xFBF3, 0xF3D3, 0xF3D2, 0xF3F3, 0xF3D3, 0xF3D3, 0xF3F3,
    0xF3D3, 0xFBF4, 0xF3F3, 0xF3D3, 0xF3F4, 0xF3F3, 0xF3F3, 0xF3F4, 0xF3F3, 0xFC14, 0xF3F4, 0xF3F3,
    0xF414, 0xF3F4, 0xF3F3, 0xF3F4, 0xF3F4, 0xF414, 0xF3F4, 0xF3F4, 0xF414, 0xF3F4, 0xF3F4, 0xF414,
    0xF3F4, 0xFC15, 0xF414, 0xF3F4, 0xF415, 0xF415, 0xF414, 0xF415, 0xF415, 0xFC35, 0xF435, 0xF415,
    0xF435, 0xF435, 0xF415, 0xF436, 0xF435, 0xF456, 0xF456, 0xF435, 0xF456, 0xF456, 0xEC55, 0xF456,
    0xF456, 0xF477, 0xF476, 0xEC56, 0xF477, 0xF476, 0xEC76, 0xF477, 0xEC77, 0xF497, 0xF497, 0xEC77,
    0xF497, 0xF477, 0xF477, 0xF477, 0xF457, 0xF457, 0xF457, 0xF3D6, 0xFF5E, 0xFE7C, 0xFC58, 0xC372,
    0xDBB3, 0xDBB3, 0xD3B3, 0xD392, 0xD3B3, 0xCB92, 0xCB72, 0xCB92, 0xC372, 0xCB72, 0xC372, 0xBB51,
    0xBB51, 0xBB31, 0xB330, 0xB330, 0xAB10, 0xB310, 0xAB10, 0xA2EF, 0xAAEF, 0xA2CF, 0x9ACE, 0x9ACF,
    0x9ACE, 0x9ACE, 0x92AE, 0x928D, 0x8AAD, 0x92CE, 0x92CE, 0x92CE, 0x92EF, 0x92EE, 0x9B0F, 0x9B0F,
    0x9B0F, 0xA330, 0xA330, 0xA330, 0xA350, 0xA370, 0xAB91, 0xAB91, 0xAB91, 0xB3B2, 0xB3B2, 0xABB1,
    0xB3D2, 0xB3F2, 0xBBF3, 0xB413, 0xB412, 0xBC33, 0xBC13, 0xB452, 0x9B50, 0xFBF9, 0xFEFD, 0xFF1D,
    0xF3B6, 0xF478, 0xF457, 0xF477, 0xF498, 0xF498, 0xF4B8, 0xF4B8, 0xEC97, 0xF4B8, 0xF4B7, 0xEC97,
    0xF4B7, 0xEC97, 0xF4B8, 0xF497, 0xEC97, 0xF497, 0xF497, 0xEC76, 0xF497, 0xF477, 0xF497, 0xF477,
    0xEC76, 0xF497, 0xF476, 0xEC76, 0xF476, 0xEC76, 0xF476, 0xF476, 0xEC56, 0xF476, 0xEC56, 0xEC55,
    0xF456, 0xEC55, 0xF456, 0xF456, 0xEC35, 0xF456, 0xEC55, 0xEC35, 0xF455, 0xEC35, 0xF456, 0xF435,
    0xEC35, 0xF455, 0xF435, 0xEC34, 0xF435, 0xEC35, 0xF435, 0xF435, 0xEC14, 0xF435, 0xF434, 0xEC14,
    0xF435, 0xEC14, 0xF435, 0xF434, 0xEC14, 0xF434, 0xF414, 0xEC14, 0xF414, 0xF414, 0xF434, 0xF414,
    0xEC14, 0xF414, 0xF414, 0xEC13, 0xF414, 0xF413, 0xF414, 0xF414, 0xEBF3, 0xF414, 0xF413, 0xEBF3,
    0xF414, 0xF413, 0xF414, 0xF413, 0xF3F3, 0xF414, 0xF413, 0xEBF3, 0xF413, 0xF3F3, 0xF414, 0xF413,
    0xF3F3, 0xF413, 0xF3F3, 0xEBF3, 0xF413, 0xF3F3, 0xF413, 0xF413, 0xF3F3, 0xF413, 0xF3F3, 0xEBF2,
    0xF3F3, 0xF3F3, 0xF413, 0xF3F3, 0xF3F2, 0xF3F3, 0xF3F3, 0xEBF2, 0xF3F3, 0xF3F2, 0xF3F3, 0xF3F3,
    0xF3F2, 0xF3F3, 0xF3F2, 0xEBF2, 0xF3F3, 0xF3F2, 0xF3F3, 0xF3F2, 0xF3F2, 0xF413, 0xF3F2, 0xF3F2,
    0xF3F3, 0xF3F2, 0xF413, 0xF3F2, 0xF3F2, 0xF3F3, 0xF3F2, 0xF3F2, 0xF3F3, 0xF3F2, 0xFBF3, 0xF3F2,
    0xF3F2, 0xF3F3, 0xF3F2, 0xF3D2, 0xF3F3, 0xF3F2, 0xFBF3, 0xF3F2, 0xF3D2, 0xF3F3, 0xF3D2, 0xF3D2,
    0xF3D2, 0xF3D2, 0xFBF3, 0xF3D2, 0xF3D2, 0xF3F3, 0xF3D2, 0xF3D2, 0xF3D2, 0xF3D2, 0xFBD3, 0xF3D2,
    0xF3D2, 0xFBD3, 0xF3D2, 0xF3D2, 0xF3D3, 0xF3D2, 0xFBD3, 0xF3D3, 0xF3D2, 0xF3F3, 0xF3D3, 0xF3D2,
    0xF3D3, 0xF3D3, 0xFBF3, 0xF3F3, 0xF3D3, 0xF3F3, 0xF3F3, 0xF3D3, 0xF3F3, 0xF3F3, 0xFBF4, 0xF3F3,
    0xF3F3, 0xF3F4, 0xF3F3, 0xF3F3, 0xF3F4, 0xF3F3, 0xFC14, 0xF414, 0xF3F3, 0xF414, 0xF3F4, 0xF3F3,
    0xF414, 0xF3F4, 0xFC14, 0xF414, 0xF3F4, 0xF415, 0xF3F4, 0xF3F4, 0xF415, 0xF414, 0xFC15, 0xF415,
    0xF414, 0xF415, 0xF415, 0xF414, 0xF415, 0xF415, 0xF435, 0xF435, 0xF415, 0xF436, 0xF435, 0xF435,
    0xF436, 0xF435, 0xF456, 0xF456, 0xF436, 0xF456, 0xF456, 0xEC56, 0xF456, 0xF456, 0xF477, 0xF477,
    0xEC76, 0xF477, 0xF477, 0xEC76, 0xF497, 0xEC97, 0xF497, 0xF497, 0xF497, 0xF498, 0xF477, 0xF477,
    0xF477, 0xF457, 0xFC57, 0xF417, 0xFF9E, 0xFE5C, 0xFBF8, 0x928D, 0xE3D4, 0xD3B3, 0xD3B3, 0xD393,
    0xCB92, 0xD393, 0xCB72, 0xC371, 0xC372, 0xC371, 0xC372, 0xBB51, 0xBB30, 0xBB51, 0xB330, 0xAB10,
    0xAB10, 0xAB0F, 0xAB10, 0xA2EF, 0xA2CF, 0xA2EF, 0x9ACE, 0x92AE, 0x9AAE, 0x92AE, 0x9AAE, 0x92AD,
    0x8AAE, 0x8AAD, 0x92CE, 0x92CE, 0x92CE, 0x92EF, 0x92EE, 0x9B0F, 0x9B0F, 0x9B0F, 0xA330, 0xA330,
    0xA350, 0xA350, 0xA370, 0xAB91, 0xAB91, 0xAB91, 0xB3B2, 0xB3B2, 0xABB1, 0xB3D2, 0xB3F2, 0xBBF3,
    0xB413, 0xB3F2, 0xBC13, 0xC494, 0x6A6B, 0xFBD8, 0xFE5C, 0xFFBF, 0xF417, 0xF457, 0xF478, 0xF478,
    0xF498, 0xF4B8, 0xF4B8, 0xF4B8, 0xF4B8, 0xECB7, 0xF4B8, 0xF4B7, 0xEC97, 0xF4B7, 0xF497, 0xF4B8,
    0xF497, 0xEC97, 0xF497, 0xF497, 0xEC76, 0xF497, 0xF477, 0xF497, 0xF477, 0xEC76, 0xF477, 0xF476,
    0xEC56, 0xF476, 0xEC56, 0xF476, 0xF456, 0xEC56, 0xF456, 0xF456, 0xEC55, 0xF456, 0xEC55, 0xF456,
    0xF456, 0xEC35, 0xF456, 0xF435, 0xEC35, 0xF455, 0xEC35, 0xF456, 0xF435, 0xEC35, 0xF455, 0xF435,
    0xEC34, 0xF435, 0xEC35, 0xF435, 0xF435, 0xEC14, 0xF435, 0xF414, 0xEC14, 0xF435, 0xF414, 0xF435,
    0xF414, 0xEC14, 0xF434, 0xF414, 0xEC14, 0xF414, 0xF414, 0xF414, 0xF414, 0xEC14, 0xF414, 0xF414,
    0xEBF3, 0xF414, 0xF414, 0xF414, 0xF414, 0xF3F3, 0xF414, 0xF3F3, 0xEBF3, 0xF414, 0xF3F3, 0xF414,
    0xF413, 0xF3F3, 0xF414, 0xF3F3, 0xEBF3, 0xF3F3, 0xF3F3, 0xF414, 0xF3F3, 0xF3F3, 0xF413, 0xF3F3,
    0xF3F3, 0xF3F3, 0xF3F3, 0xF413, 0xF3F3, 0xF3F3, 0xF413, 0xF3F3, 0xF3F2, 0xF3F3, 0xF3F3, 0xF3F3,
    0xF3F3, 0xF3F2, 0xF3F3, 0xF3F3, 0xF3F2, 0xF3F3, 0xF3F2, 0xF3F3, 0xF3F3, 0xF3D2, 0xF3F3, 0xF3F2,
    0xF3D2, 0xF3F3, 0xF3F2, 0xF3F3, 0xF3F2, 0xF3F2, 0xF3F3, 0xF3F2, 0xF3F2, 0xF3F3, 0xF3F2, 0xFBF3,
    0xF3F2, 0xF3D2, 0xF3F3, 0xF3F2, 0xF3F2, 0xF3F3, 0xF3F2, 0xFBF3, 0xF3F3, 0xF3D2, 0xFBF3, 0xF3F2,
    0xF3D2, 0xF3F3, 0xF3F2, 0xFBF3, 0xF3F2, 0xF3D2, 0xFBF3, 0xF3D2, 0xF3D2, 0xF3D3, 0xF3D2, 0xFBF3,
    0xF3D2, 0xF3D2, 0xFBF3, 0xF3D2, 0xF3D2, 0xF3D3, 0xF3D2, 0xFBD3, 0xF3D2, 0xF3D2, 0xFBD3, 0xF3D2,
    0xF3D2, 0xF3D3, 0xF3D2, 0xFBF3, 0xF3D3, 0xF3D2, 0xFBF3, 0xF3D3, 0xF3D2, 0xF3F3, 0xF3D3, 0xFBF3,
    0xF3F3, 0xF3D3, 0xFBF3, 0xF3F3, 0xF3D3, 0xF3F3, 0xF3F3, 0xFBF4, 0xF3F4, 0xF3F3, 0xFC14, 0xF3F4,
    0xF3F3, 0xF414, 0xF3F4, 0xFC14, 0xF414, 0xF3F4, 0xF414, 0xF3F4, 0xF3F4, 0xF414, 0xF3F4, 0xFC15,
    0xF414, 0xF3F4, 0xFC15, 0xF414, 0xF3F4, 0xF415, 0xF414, 0xFC15, 0xF415, 0xF414, 0xF435, 0xF415,
    0xF415, 0xF435, 0xF435, 0xFC36, 0xF435, 0xF435, 0xF436, 0xF435, 0xF435, 0xF456, 0xF436, 0xF456,
    0xF456, 0xF456, 0xF476, 0xF456, 0xEC56, 0xF477, 0xF476, 0xF477, 0xF477, 0xEC76, 0xF497, 0xF477,
    0xEC77, 0xF497, 0xF497, 0xF4B8, 0xF497, 0xF497, 0xF498, 0xF477, 0xF457, 0xF457, 0xF416, 0xFC78,
    0xFFFF, 0xFD5A, 0xF396, 0x71EA, 0xEC14, 0xD393, 0xD392, 0xD3B3, 0xCB92, 0xCB72, 0xCB92, 0xC372,
    0xC351, 0xC372, 0xBB51, 0xBB51, 0xBB31, 0xB330, 0xB330, 0xAB10, 0xAAEF, 0xAB10, 0xA2EF, 0xA2EF,
    0xA2CF, 0x9ACE, 0x9ACE, 0x9AAE, 0x92AD, 0x92AE, 0x928D, 0x92AE, 0x8AAE, 0x8AAD, 0x8AAD, 0x92CE,
    0x92CE, 0x92CE, 0x92EF, 0x92EE, 0x9B0F, 0x9B0F, 0x9B0F, 0xA330, 0xA330, 0xA350, 0xA370, 0xA370,
    0xAB91, 0xAB91, 0xAB91, 0xB3B2, 0xB3B2, 0xABB1, 0xB3D2, 0xB3F2, 0xBBF3, 0xBBF3, 0xB3F2, 0xDCD6,
    0x3986, 0xD355, 0xFDBC, 0xFFFF, 0xFCD9, 0xF3F7, 0xF477, 0xF498, 0xF4B8, 0xECB8, 0xF4B8, 0xF4B8,
    0xF4D8, 0xF4B8, 0xECB7, 0xF4B8, 0xF497, 0xEC97, 0xF497, 0xF497, 0xF498, 0xF497, 0xF477, 0xF497,
    0xF477, 0xEC76, 0xF497, 0xF477, 0xF497, 0xF477, 0xEC76, 0xF477, 0xF456, 0xEC56, 0xF456, 0xF456,
    0xF456, 0xF456, 0xEC56, 0xF456, 0xF456, 0xEC35, 0xF456, 0xF455, 0xF456, 0xF456, 0xEC35, 0xF456,
    0xF435, 0xEC35, 0xF435, 0xF435, 0xF436, 0xF435, 0xEC35, 0xF435, 0xF435, 0xEC14, 0xF435, 0xF415,
    0xF435, 0xF435, 0xEC14, 0xF435, 0xF414, 0xEC14, 0xF415, 0xF414, 0xF435, 0xF414, 0xF414, 0xF415,
    0xF414, 0xEC14, 0xF414, 0xF414, 0xF414, 0xF414, 0xF3F4, 0xF414, 0xF414, 0xF3F3, 0xF414, 0xF3F4,
    0xF414, 0xF3F4, 0xF3F3, 0xF414, 0xF3F3, 0xF3F3, 0xF3F4, 0xF3F3, 0xF414, 0xF3F3, 0xF3F3, 0xF414,
    0xF3F3, 0xF3F3, 0xF3F3, 0xF3F3, 0xF3F4, 0xF3F3, 0xF3F3, 0xF3F3, 0xF3F3, 0xF3F3, 0xF3F3, 0xF3F3,
    0xFBF3, 0xF3F3, 0xF3F3, 0xF3F3, 0xF3F3, 0xF3D2, 0xF3F3, 0xF3F2, 0xF3F3, 0xF3F3, 0xF3D2, 0xF3F3,
    0xF3F2, 0xF3D2, 0xF3F3, 0xF3F2, 0xF3F3, 0xF3F2, 0xF3D2, 0xF3F3, 0xF3F2, 0xF3D2, 0xF3F2, 0xF3F2,
    0xFBF3, 0xF3F2, 0xF3D2, 0xF3F3, 0xF3F2, 0xF3D2, 0xF3F3, 0xF3D2, 0xFBF3, 0xF3F2, 0xF3D2, 0xF3F3,
    0xF3F2, 0xF3D2, 0xF3F3, 0xF3F2, 0xFBF3, 0xF3F3, 0xF3D2, 0xFBF3, 0xF3D2, 0xF3D2, 0xF3F3, 0xF3D2,
    0xFBF3, 0xF3F2, 0xF3D2, 0xFBF3, 0xF3D2, 0xF3D2, 0xF3D3, 0xF3D2, 0xFBD3, 0xF3D2, 0xF3D2, 0xFBF3,
    0xF3D2, 0xF3D2, 0xF3D3, 0xF3D2, 0xFBF3, 0xF3D2, 0xF3D2, 0xFBF3, 0xF3D2, 0xF3D2, 0xF3D3, 0xF3D2,
    0xFBF3, 0xF3F3, 0xF3D2, 0xFBF3, 0xF3D3, 0xF3D2, 0xF3F3, 0xF3F3, 0xFBF4, 0xF3F3, 0xF3F3, 0xFBF4,
    0xF3F3, 0xF3F3, 0xF3F4, 0xF3F3, 0xFC14, 0xF3F4, 0xF3F3, 0xFC14, 0xF3F4, 0xF3F3, 0xF414, 0xF414,
    0xFC14, 0xF414, 0xF3F4, 0xFC14, 0xF414, 0xF3F4, 0xF414, 0xF414, 0xFC15, 0xF414, 0xF3F4, 0xFC15,
    0xF414, 0xF414, 0xF415, 0xF415, 0xFC35, 0xF415, 0xF415, 0xFC35, 0xF415, 0xF415, 0xF435, 0xF435,
    0xFC36, 0xF435, 0xF435, 0xF456, 0xF436, 0xF435, 0xF456, 0xF456, 0xF456, 0xF456, 0xF456, 0xF477,
    0xF456, 0xEC56, 0xF477, 0xF476, 0xF497, 0xF477, 0xEC77, 0xF497, 0xF497, 0xEC97, 0xF497, 0xF497,
    0xF4B8, 0xF4B8, 0xF497, 0xF498, 0xF477, 0xF457, 0xF3D6, 0xF579, 0xFFFF, 0xFD1B, 0xCB74, 0x4946,
    0xFC56, 0xCB92, 0xD393, 0xCB92, 0xCB93, 0xCB92, 0xC372, 0xC372, 0xC351, 0xBB51, 0xBB51, 0xB331,
    0xBB51, 0xB330, 0xAB10, 0xAB10, 0xAAEF, 0xA2EF, 0xA2EF, 0x9ACE, 0xA2CF, 0x9ACE, 0x92AE, 0x9AAE,
    0x92AD, 0x8A8D, 0x928D, 0x8A8D, 0x828D, 0x8AAE, 0x8AAD, 0x8AAD, 0x92CE, 0x92CE, 0x92CE, 0x92EF,
    0x92EE, 0x9B0F, 0x9B0F, 0x9B0F, 0xA330, 0xA330, 0xA350, 0xAB71, 0xA370, 0xAB91, 0xAB91, 0xAB91,
    0xB3B2, 0xB3B2, 0xB3B1, 0xB3D2, 0xB3D2, 0xBBF3, 0xB3F2, 0xE4F7, 0x2924, 0x928F, 0xFD3D, 0xFFDE,
    0xF63B, 0xF397, 0xF478, 0xF498, 0xF4D9, 0xF4D8, 0xECB8, 0xF4D8, 0xF4B8, 0xF4B8, 0xF4B8, 0xEC97,
    0xF4B8, 0xF497, 0xEC97, 0xF497, 0xF497, 0xF498, 0xF497, 0xF477, 0xF497, 0xF477, 0xEC76, 0xF477,
    0xF476, 0xF477, 0xF477, 0xF456, 0xF477, 0xF456, 0xEC56, 0xF456, 0xF456, 0xF456, 0xF456, 0xEC36,
    0xF456, 0xF436, 0xEC35, 0xF456, 0xF435, 0xF456, 0xF436, 0xF435, 0xF436, 0xF435, 0xEC35, 0xF435,
    0xF435, 0xF436, 0xF435, 0xF415, 0xF435, 0xF415, 0xEC14, 0xF415, 0xF415, 0xF435, 0xF415, 0xF414,
    0xF415, 0xF414, 0xEC14, 0xF415, 0xF414, 0xF415, 0xF414, 0xF3F4, 0xF414, 0xF414, 0xF3F4, 0xF414,
    0xF414, 0xF414, 0xF414, 0xF3F4, 0xF414, 0xF3F4, 0xF3F3, 0xF3F4, 0xF3F3, 0xF414, 0xF3F4, 0xF3F3,
    0xF414, 0xF3F3, 0xF3F3, 0xF3F4, 0xF3F3, 0xFBF4, 0xF3F3, 0xF3F3, 0xF3F4, 0xF3F3, 0xF3F3, 0xF3F3,
    0xF3F3, 0xFBF4, 0xF3F3, 0xF3F3, 0xF3F3, 0xF3F3, 0xF3F3, 0xF3F3, 0xF3F3, 0xFBF3, 0xF3F3, 0xF3D2,
    0xF3F3, 0xF3D3, 0xF3D2, 0xF3F3, 0xF3D2, 0xFBF3, 0xF3F3, 0xF3D2, 0xF3F3, 0xF3D2, 0xF3D2, 0xF3F3,
    0xF3D2, 0xFBF3, 0xF3F2, 0xF3D2, 0xF3F3, 0xF3D2, 0xF3D2, 0xF3F2, 0xF3D2, 0xFBF3, 0xF3F2, 0xF3D2,
    0xF3F3, 0xF3F2, 0xF3D2, 0xF3F2, 0xF3D2, 0xFBF3, 0xF3F2, 0xF3D2, 0xFBF3, 0xF3D2, 0xF3D2, 0xF3F3,
    0xF3D2, 0xFBF3, 0xF3D3, 0xF3D2, 0xFBF3, 0xF3D2, 0xF3D2, 0xFBD3, 0xF3D2, 0xFBF3, 0xF3D3, 0xF3D2,
    0xFBD3, 0xF3D2, 0xF3D2, 0xF3D3, 0xF3D2, 0xFBD3, 0xF3D3, 0xF3D2, 0xFBF3, 0xF3D2, 0xF3D2, 0xFBD3,
    0xF3D2, 0xFBF3, 0xF3D3, 0xF3D2, 0xFBF3, 0xF3D3, 0xF3D2, 0xFBD3, 0xF3D3, 0xFBF3, 0xF3F3, 0xF3D2,
    0xFBF3, 0xF3D3, 0xF3D3, 0xF3F3, 0xF3F3, 0xFBF4, 0xF3F3, 0xF3F3, 0xFBF4, 0xF3F3, 0xF3F3, 0xF3F4,
    0xF3F3, 0xFC14, 0xF414, 0xF3F3, 0xFC14, 0xF3F4, 0xF3F3, 0xF414, 0xF414, 0xFC14, 0xF414, 0xF3F4,
    0xFC15, 0xF414, 0xF3F4, 0xF415, 0xF414, 0xFC15, 0xF415, 0xF414, 0xFC15, 0xF415, 0xF414, 0xF415,
    0xF415, 0xFC35, 0xF435, 0xF415, 0xFC35, 0xF435, 0xF435, 0xF436, 0xF435, 0xFC56, 0xF436, 0xF435,
    0xF456, 0xF456, 0xF435, 0xF456, 0xF456, 0xF477, 0xF456, 0xF456, 0xF477, 0xF476, 0xEC56, 0xF477,
    0xF477, 0xF497, 0xF497, 0xEC77, 0xF497, 0xF497, 0xEC97, 0xF4B8, 0xF4B7, 0xF4B8, 0xF4B8, 0xF498,
    0xF498, 0xF457, 0xF396, 0xFEFD, 0xF75D, 0xFD1D, 0x824D, 0x28C3, 0xFC98, 0xCB92, 0xCB92, 0xCB92,
    0xCB72, 0xCB92, 0xC372, 0xBB51, 0xC372, 0xBB51, 0xB330, 0xBB31, 0xB330, 0xB330, 0xAB10, 0xA2EF,
    0xAB10, 0xA2EF, 0x9ACE, 0x9ACF, 0x9ACE, 0x9ACE, 0x92AE, 0x928D, 0x92AE, 0x8A8D, 0x8A6C, 0x8A8D,
    0x828D, 0x828D, 0x8AAE, 0x8AAD, 0x8AAD, 0x92CE, 0x92CE, 0x8ACE, 0x92EF, 0x92EE, 0x9B0F, 0x9B0F,
    0x9B0F, 0xA330, 0xA330, 0xA350, 0xAB71, 0xAB71, 0xAB91, 0xAB91, 0xAB91, 0xB3B2, 0xB3B2, 0xB3B2,
    0xB3D2, 0xB3D2, 0xBBF3, 0xECF7, 0x2924, 0x2083, 0xFCFE, 0xF65B, 0xFFFF, 0xF417, 0xF438, 0xF4D8,
    0xF4D8, 0xF4F9, 0xF4D8, 0xECB8, 0xF4B8, 0xF4B8, 0xF4B8, 0xF498, 0xF497, 0xF498, 0xF497, 0xEC77,
    0xF497, 0xF477, 0xF498, 0xF477, 0xF477, 0xF477, 0xF477, 0xF456, 0xF477, 0xF476, 0xF477, 0xF477,
    0xF456, 0xF457, 0xF456, 0xEC36, 0xF456, 0xF436, 0xF456, 0xF436, 0xF436, 0xF456, 0xF436, 0xEC35,
    0xF436, 0xF435, 0xF436, 0xF436, 0xF415, 0xF436, 0xF435, 0xEC15, 0xF435, 0xF415, 0xF436, 0xF415,
    0xF415, 0xF435, 0xF415, 0xF414, 0xF415, 0xF415, 0xF415, 0xF415, 0xF3F4, 0xF415, 0xF414, 0xF3F4,
    0xF415, 0xF414, 0xFC15, 0xF414, 0xF3F4, 0xF414, 0xF3F4, 0xF3F4, 0xF414, 0xF3F4, 0xFC14, 0xF3F4,
    0xF3F4, 0xF414, 0xF3F4, 0xF3F3, 0xF3F4, 0xF3F3, 0xFBF4, 0xF3F3, 0xF3F3, 0xF3F4, 0xF3F3, 0xF3F3,
    0xF3F3, 0xF3F3, 0xFBF4, 0xF3F3, 0xF3D3, 0xF3F3, 0xF3F3, 0xF3D3, 0xF3F3, 0xF3F3, 0xFBF3, 0xF3F3,
    0xF3D3, 0xFBF3, 0xF3F3, 0xF3D2, 0xF3F3, 0xF3F3, 0xFBF3, 0xF3F3, 0xF3D2, 0xF3F3, 0xF3D2, 0xF3D2,
    0xF3D3, 0xF3D2, 0xFBF3, 0xF3D2, 0xF3D2, 0xF3F3, 0xF3D2, 0xF3D2, 0xF3D2, 0xF3D2, 0xFBF3, 0xF3D2,
    0xF3D2, 0xF3F2, 0xF3D2, 0xF3D2, 0xF3D2, 0xF3D2, 0xFBF3, 0xF3F2, 0xF3D2, 0xFBF2, 0xF3D2, 0xF3D2,
    0xF3D2, 0xF3D2, 0xFBF3, 0xF3D2, 0xF3D2, 0xFBF3, 0xF3D2, 0xF3D2, 0xFBD3, 0xF3D2, 0xFBD3, 0xF3D2,
    0xF3D2, 0xFBD3, 0xF3D2, 0xF3D2, 0xFBD3, 0xF3D2, 0xFBD3, 0xF3D3, 0xF3B2, 0xFBD3, 0xF3D2, 0xF3B2,
    0xFBD3, 0xF3D2, 0xFBD3, 0xF3D3, 0xF3D2, 0xFBD3, 0xF3D2, 0xF3D2, 0xFBD3, 0xF3D2, 0xFBD3, 0xF3D3,
    0xF3D2, 0xFBF3, 0xF3D3, 0xF3D2, 0xFBD3, 0xF3D3, 0xFBF3, 0xF3D3, 0xF3D3, 0xFBF3, 0xF3D3, 0xF3D3,
    0xFBF3, 0xF3F3, 0xFBF4, 0xF3F3, 0xF3D3, 0xFBF4, 0xF3F3, 0xF3F3, 0xFBF4, 0xF3F4, 0xFC14, 0xF3F4,
    0xF3F4, 0xFC14, 0xF3F4, 0xF3F4, 0xFC14, 0xF414, 0xFC15, 0xF414, 0xF3F4, 0xFC15, 0xF414, 0xF3F4,
    0xFC15, 0xF414, 0xFC15, 0xF415, 0xF414, 0xFC35, 0xF415, 0xF414, 0xF435, 0xF415, 0xFC36, 0xF435,
    0xF415, 0xFC36, 0xF435, 0xF435, 0xF436, 0xF435, 0xFC56, 0xF436, 0xF436, 0xF456, 0xF456, 0xF456,
    0xF456, 0xF456, 0xFC77, 0xF456, 0xF456, 0xF477, 0xF477, 0xF456, 0xF477, 0xF477, 0xF497, 0xF497,
    0xF477, 0xF498, 0xF497, 0xEC97, 0xF4B8, 0xF4B8, 0xF4D9, 0xF4D8, 0xF498, 0xF3D7, 0xF478, 0xFFFF,
    0xF59A, 0xFCFD, 0x0841, 0x4125, 0xFC77, 0xCB92, 0xCB92, 0xC372, 0xCB72, 0xC372, 0xC372, 0xC371,
    0xBB51, 0xBB51, 0xB331, 0xB330, 0xB330, 0xAB10, 0xAB10, 0xAAEF, 0xA2EF, 0xA2EF, 0x9ACE, 0x92AE,
    0x9ACE, 0x92AE, 0x92AE, 0x92AD, 0x8A8D, 0x8A8D, 0x8A6D, 0x826C, 0x7A6C, 0x828D, 0x828D, 0x8AAE,
    0x8AAD, 0x8AAD, 0x92CE, 0x92CE, 0x92CE, 0x92EF, 0x92EF, 0x9B0F, 0x9B2F, 0x9B0F, 0xA350, 0xA350,
    0xA350, 0xAB71, 0xAB71, 0xB391, 0xAB91, 0xAB91, 0xB3B2, 0xB3B2, 0xB3B2, 0xBBD2, 0xB3D2, 0xE4D7,
    0x51C8, 0x0000, 0xFC39, 0xFCFA, 0xFFFF, 0xFE1B, 0xF3D6, 0xFD19, 0xF519, 0xF4F8, 0xF4F9, 0xF4D8,
    0xECB8, 0xF4B8, 0xF498, 0xF498, 0xF498, 0xF477, 0xF498, 0xF477, 0xF477, 0xF477, 0xF477, 0xF478,
    0xF477, 0xF457, 0xF477, 0xF457, 0xF456, 0xF477, 0xF456, 0xF477, 0xF457, 0xF436, 0xF457, 0xF436,
    0xF436, 0xF436, 0xF436, 0xF436, 0xF436, 0xF435, 0xF436, 0xF436, 0xF435, 0xF436, 0xF435, 0xF436,
    0xF435, 0xF415, 0xF436, 0xF415, 0xF415, 0xF415, 0xF415, 0xFC15, 0xF415, 0xF415, 0xF415, 0xF415,
    0xF3F4, 0xF415, 0xF414, 0xFC15, 0xF415, 0xF3F4, 0xF415, 0xF3F4, 0xF3F4, 0xF414, 0xF3F4, 0xFC15,
    0xF3F4, 0xF3F4, 0xFC14, 0xF3F4, 0xF3F3, 0xF3F4, 0xF3F4, 0xFBF4, 0xF3F4, 0xF3F3, 0xFBF4, 0xF3F3,
    0xF3D3, 0xF3F4, 0xF3F3, 0xFBF4, 0xF3F3, 0xF3D3, 0xFBF3, 0xF3F3, 0xF3D3, 0xF3F3, 0xF3D3, 0xFBF3,
    0xF3F3, 0xF3D3, 0xFBF3, 0xF3D3, 0xF3D3, 0xF3F3, 0xF3D3, 0xFBF3, 0xF3F3, 0xF3D2, 0xFBF3, 0xF3D3,
    0xF3D2, 0xF3D3, 0xF3D2, 0xFBF3, 0xF3D2, 0xF3D2, 0xFBD3, 0xF3D2, 0xF3D2, 0xF3D2, 0xF3D2, 0xFBD3,
    0xF3D2, 0xF3D2, 0xFBD2, 0xF3D2, 0xF3D2, 0xF3D2, 0xF3D2, 0xFBD2, 0xF3D2, 0xF3D2, 0xFBD2, 0xF3D2,
    0xF3D2, 0xF3D2, 0xF3D2, 0xFBF2, 0xF3D2, 0xF3D2, 0xFBD2, 0xF3D2, 0xF3D2, 0xFBD2, 0xF3D2, 0xFBD3,
    0xF3D2, 0xF3D2, 0xFBD3, 0xF3D2, 0xF3D2, 0xFBD2, 0xF3D2, 0xFBD3, 0xF3D2, 0xF3B2, 0xFBD3, 0xF3D2,
    0xF3B2, 0xFBD2, 0xF3D2, 0xFBD3, 0xF3D2, 0xF3B2, 0xFBD3, 0xF3B2, 0xF3B2, 0xFBD3, 0xF3B2, 0xFBD3,
    0xF3D3, 0xF3B2, 0xFBD3, 0xF3D3, 0xF3B2, 0xFBD3, 0xF3D2, 0xFBD3, 0xF3D3, 0xF3D2, 0xFBD3, 0xF3D3,
    0xF3D2, 0xFBD3, 0xF3D3, 0xFBD3, 0xF3D3, 0xF3D3, 0xFBF3, 0xF3D3, 0xF3D3, 0xFBF3, 0xF3D3, 0xFBF4,
    0xF3F4, 0xF3D3, 0xFBF4, 0xF3F4, 0xF3D3, 0xFBF4, 0xF3F4, 0xFBF4, 0xF3F4, 0xF3F4, 0xFC14, 0xF3F4,
    0xF3F4, 0xFC14, 0xF3F4, 0xFC15, 0xF414, 0xF3F4, 0xFC15, 0xF414, 0xF3F4, 0xFC15, 0xF414, 0xFC15,
    0xF415, 0xF414, 0xFC15, 0xF415, 0xF415, 0xFC35, 0xF415, 0xFC36, 0xF435, 0xF415, 0xFC36, 0xF435,
    0xF415, 0xF436, 0xF436, 0xFC36, 0xF436, 0xF436, 0xF456, 0xF456, 0xF436, 0xF456, 0xF456, 0xFC77,
    0xF457, 0xF456, 0xF477, 0xF457, 0xF456, 0xF477, 0xF477, 0xF498, 0xF497, 0xF477, 0xF4B8, 0xF4B8,
    0xF4B8, 0xF4D8, 0xF4F8, 0xFD19, 0xF4D8, 0xF395, 0xFEFD, 0xFFBE, 0xFC59, 0xFC58, 0x0000, 0x61A9,
    0xFC77, 0xC372, 0xCB93, 0xCB72, 0xC371, 0xC372, 0xBB51, 0xC372, 0xBB51, 0xB330, 0xBB31, 0xB330,
    0xAB10, 0xAB10, 0xA2EF, 0xAAF0, 0xA2EF, 0x9ACE, 0x9ACF, 0x9AAE, 0x92AD, 0x92AE, 0x8A8D, 0x928E,
    0x8A8D, 0x826C, 0x8A8D, 0x826C, 0x826C, 0x7A6C, 0x828D, 0x828D, 0x8AAE, 0x8AAD, 0x8AAD, 0x92CE,
    0x92CE, 0x92CE, 0x92EF, 0x92EF, 0x9B0F, 0x9B2F, 0x9B2F, 0xA350, 0xA350, 0xA350, 0xAB71, 0xAB71,
    0xB392, 0xB391, 0xAB91, 0xB3B2, 0xB3B2, 0xB3B2, 0xB3D2, 0xE4B6, 0x620A, 0x0000, 0x59A9, 0xFCFE,
    0xF65B, 0xFFFF, 0xFD7A, 0xF57A, 0xFD7A, 0xF519, 0xF4D8, 0xF4D9, 0xF4B8, 0xEC98, 0xF498, 0xF498,
    0xF498, 0xF478, 0xF477, 0xF478, 0xF477, 0xF477, 0xF477, 0xF477, 0xFC78, 0xF477, 0xF457, 0xF477,
    0xF457, 0xF456, 0xF457, 0xF456, 0xFC57, 0xF456, 0xF436, 0xF456, 0xF436, 0xF436, 0xF436, 0xF436,
    0xFC36, 0xF436, 0xF415, 0xF436, 0xF436, 0xF415, 0xF436, 0xF415, 0xFC36, 0xF435, 0xF415, 0xF436,
    0xF415, 0xF415, 0xF415, 0xF415, 0xFC15, 0xF415, 0xF3F4, 0xFC15, 0xF3F5, 0xF3F4, 0xF415, 0xF3F4,
    0xFC15, 0xF3F4, 0xF3F4, 0xFC15, 0xF3F4, 0xF3F4, 0xFBF4, 0xF3F4, 0xFBF4, 0xF3F4, 0xF3F4, 0xFBF4,
    0xF3F4, 0xF3D3, 0xFBF4, 0xF3F3, 0xFBF4, 0xF3F4, 0xF3D3, 0xFBF4, 0xF3D3, 0xF3D3, 0xFBF3, 0xF3D3,
    0xFBF4, 0xF3F3, 0xF3D3, 0xFBF3, 0xF3D3, 0xF3D3, 0xFBD3, 0xF3D3, 0xFBF3, 0xF3D3, 0xF3D3, 0xFBF3,
    0xF3D3, 0xF3D2, 0xFBD3, 0xF3D3, 0xFBF3, 0xF3D3, 0xF3D2, 0xFBF3, 0xF3D2, 0xF3D2, 0xFBD3, 0xF3D2,
    0xFBD3, 0xF3D2, 0xF3B2, 0xFBD3, 0xF3D2, 0xF3B2, 0xFBD2, 0xF3D2, 0xFBD3, 0xF3D2, 0xF3B2, 0xFBD2,
    0xF3D2, 0xF3B1, 0xFBD2, 0xF3B2, 0xFBD2, 0xF3D2, 0xF3B2, 0xFBD2, 0xF3D2, 0xF3B1, 0xFBD2, 0xF3D2,
    0xFBD2, 0xF3D2, 0xF3B2, 0xFBD2, 0xF3D2, 0xF3B1, 0xFBD2, 0xF3D2, 0xFBD2, 0xFBD2, 0xF3B2, 0xFBD2,
    0xF3D2, 0xF3B2, 0xFBD2, 0xF3B2, 0xFBD3, 0xFBD2, 0xF3B2, 0xFBD2, 0xF3B2, 0xF3B2, 0xFBD2, 0xF3B2,
    0xFBD3, 0xFBB2, 0xF3B2, 0xFBD3, 0xF3B2, 0xF3B2, 0xFBB3, 0xF3B2, 0xFBD3, 0xFBD3, 0xF3B2, 0xFBD3,
    0xF3B3, 0xF3B2, 0xFBD3, 0xF3D2, 0xFBD3, 0xFBD3, 0xF3B2, 0xFBD3, 0xF3D3, 0xF3B2, 0xFBD3, 0xF3D3,
    0xFBD3, 0xFBD3, 0xF3D3, 0xFBD4, 0xF3D3, 0xF3D3, 0xFBD4, 0xF3D3, 0xFBF4, 0xFBD4, 0xF3D3, 0xFBF4,
    0xF3D4, 0xF3D3, 0xFBF4, 0xF3F4, 0xFBF4, 0xFBF4, 0xF3F4, 0xFBF4, 0xF3F4, 0xF3F4, 0xFBF5, 0xF3F4,
    0xFC15, 0xF3F5, 0xF3F4, 0xFC15, 0xF3F5, 0xF3F4, 0xFC15, 0xF415, 0xFC15, 0xF415, 0xF3F5, 0xFC15,
    0xF415, 0xF415, 0xFC35, 0xF415, 0xFC36, 0xF435, 0xF415, 0xFC36, 0xF416, 0xF415, 0xFC36, 0xF436,
    0xFC36, 0xF436, 0xF436, 0xFC57, 0xF436, 0xF436, 0xF457, 0xF456, 0xFC57, 0xF457, 0xF457, 0xF477,
    0xF457, 0xF457, 0xF477, 0xF477, 0xF498, 0xF498, 0xF477, 0xF4B8, 0xF4B8, 0xF4D8, 0xF519, 0xF559,
    0xFD39, 0xFDBA, 0xFFFF, 0xF55A, 0xFCBC, 0x4987, 0x0000, 0x61C9, 0xFC77, 0xC372, 0xC372, 0xCB92,
    0xC372, 0xBB51, 0xC372, 0xBB51, 0xBB51, 0xB331, 0xB330, 0xB330, 0xAB10, 0xA2EF, 0xA2EF, 0xA2EF,
    0xA2EF, 0x9ACF, 0x92AE, 0x9ACE, 0x92AE, 0x8A8D, 0x8A8D, 0x8A8D, 0x8A8D, 0x826D, 0x824C, 0x826C,
    0x826C, 0x826C, 0x7A6C, 0x828D, 0x828D, 0x8AAE, 0x8AAD, 0x8AAD, 0x92CE, 0x92CE, 0x92CE, 0x9AEF,
    0x9B0F, 0x9B10, 0x9B30, 0x9B2F, 0xA350, 0xA350, 0xA350, 0xAB71, 0xAB71, 0xB392, 0xB391, 0xB391,
    0xB3B2, 0xB3B2, 0xB3B1, 0xE4B7, 0x59E9, 0x0000, 0x0000, 0xF438, 0xFCDB, 0xFF5D, 0xFF5D, 0xFDFB,
    0xF59A, 0xFD3A, 0xF4D9, 0xF498, 0xF498, 0xF478, 0xF477, 0xF478, 0xF477, 0xF478, 0xF477, 0xF457,
    0xF478, 0xF477, 0xF457, 0xF477, 0xF457, 0xFC77, 0xF457, 0xF456, 0xF457, 0xF457, 0xF436, 0xF457,
    0xF436, 0xFC57, 0xF436, 0xF436, 0xFC36, 0xF436, 0xF415, 0xF436, 0xF415, 0xFC36, 0xF436, 0xF415,
    0xFC36, 0xF415, 0xF415, 0xF415, 0xF415, 0xFC16, 0xF415, 0xF415, 0xFC15, 0xF415, 0xF3F4, 0xFC15,
    0xF3F5, 0xFC15, 0xF415, 0xF3F4, 0xFC15, 0xF3F4, 0xF3F4, 0xF3F4, 0xF3F4, 0xFBF5, 0xF3F4, 0xF3F4,
    0xFBF4, 0xF3F4, 0xF3D3, 0xFBF4, 0xF3F4, 0xFBF4, 0xF3F4, 0xF3D3, 0xFBF4, 0xF3D4, 0xF3D3, 0xFBF4,
    0xF3D3, 0xFBF4, 0xFBD3, 0xF3D3, 0xFBD3, 0xF3D3, 0xF3D3, 0xFBD3, 0xF3D3, 0xFBD3, 0xFBD3, 0xF3D3,
    0xFBD3, 0xF3D3, 0xF3B2, 0xFBD3, 0xF3D3, 0xFBD3, 0xFBD3, 0xF3B2, 0xFBD3, 0xF3D3, 0xF3B2, 0xFBD3,
    0xF3D2, 0xFBD3, 0xFBD3, 0xF3B2, 0xFBD3, 0xF3D2, 0xF3B2, 0xFBD2, 0xF3B2, 0xFBD2, 0xFBD2, 0xF3B2,
    0xFBD2, 0xF3B2, 0xF3B2, 0xFBB2, 0xF3B2, 0xFBD2, 0xFBB2, 0xF3B2, 0xFBD2, 0xF3B2, 0xF3B1, 0xFBB2,
    0xF3B2, 0xFBD2, 0xFBB2, 0xF3B1, 0xFBD2, 0xF3B2, 0xF3B1, 0xFBD2, 0xF3B2, 0xFBD2, 0xFBD2, 0xF3B1,
    0xFBD2, 0xF3B2, 0xF3B1, 0xFBB2, 0xF3B2, 0xFBD2, 0xFBD2, 0xF3B2, 0xFBD2, 0xFBB2, 0xF3B2, 0xFBB2,
    0xF3B2, 0xFBD2, 0xFBB2, 0xF3B2, 0xFBD2, 0xFBB2, 0xF3B2, 0xFBB2, 0xF3B2, 0xFBB3, 0xFBB2, 0xF392,
    0xFBB2, 0xF3B2, 0xF3B2, 0xFBB3, 0xF3B2, 0xFBD3, 0xFBB3, 0xF3B2, 0xFBD3, 0xF3B2, 0xF3B2, 0xFBD3,
    0xF3B2, 0xFBD3, 0xFBD3, 0xF3B2, 0xFBD3, 0xF3B3, 0xF3B2, 0xFBD3, 0xF3B3, 0xFBD3, 0xFBD3, 0xF3B3,
    0xFBD3, 0xF3D3, 0xF3D3, 0xFBD4, 0xF3D3, 0xFBD4, 0xFBD4, 0xF3D3, 0xFBF4, 0xF3D4, 0xF3D3, 0xFBF4,
    0xF3D4, 0xFBF4, 0xFBF4, 0xF3D4, 0xFBF4, 0xF3F4, 0xF3F4, 0xFBF5, 0xF3F4, 0xFBF5, 0xF3F5, 0xF3F4,
    0xFC15, 0xF3F5, 0xF3F4, 0xFC15, 0xF3F5, 0xFC15, 0xF415, 0xF3F5, 0xFC15, 0xF415, 0xF415, 0xFC15,
    0xF415, 0xFC16, 0xF415, 0xF415, 0xFC36, 0xF416, 0xF415, 0xFC36, 0xF436, 0xFC37, 0xF436, 0xF436,
    0xFC57, 0xF436, 0xF436, 0xF457, 0xF456, 0xFC57, 0xF457, 0xF457, 0xF477, 0xF457, 0xF457, 0xF477,
    0xF477, 0xFC78, 0xF478, 0xF477, 0xF4B8, 0xF4D8, 0xF519, 0xFD9A, 0xFE1B, 0xFFFF, 0xF6FC, 0xFC7A,
    0xE3F6, 0x0000, 0x0000, 0x61C9, 0xF456, 0xC392, 0xC392, 0xC371, 0xC372, 0xBB51, 0xBB51, 0xBB51,
    0xB331, 0xBB31, 0xB330, 0xAB10, 0xAB10, 0xA2EF, 0xA2EF, 0xA2EF, 0x9ACE, 0x9ACF, 0x9ACE, 0x92AD,
    0x92AE, 0x8A8D, 0x8A6C, 0x8A8D, 0x826C, 0x8A6D, 0x826C, 0x7A4C, 0x7A4C, 0x826C, 0x7A6C, 0x7A6C,
    0x828D, 0x828D, 0x8AAE, 0x8AAD, 0x8AAD, 0x92CE, 0x92CE, 0x92CE, 0x9AEF, 0x9B0F, 0xA330, 0xA330,
    0xA32F, 0xAB50, 0xA350, 0xA350, 0xAB71, 0xAB71, 0xB392, 0xB391, 0xB391, 0xBBB2, 0xB3B2, 0xDC96,
    0x59E9, 0x0000, 0x0000, 0x1082, 0xFCDD, 0xFC39, 0xFF5D, 0xFF3D, 0xFDBB, 0xF3F6, 0xF478, 0xF498,
    0xF457, 0xF478, 0xF478, 0xF457, 0xF458, 0xF457, 0xFC78, 0xF457, 0xF457, 0xF477, 0xF457, 0xF457,
    0xF457, 0xF457, 0xFC57, 0xF457, 0xF436, 0xFC57, 0xF436, 0xF436, 0xF436, 0xF436, 0xFC36, 0xF436,
    0xF415, 0xFC36, 0xF416, 0xF415, 0xFC16, 0xF415, 0xFC16, 0xF415, 0xF415, 0xFC16, 0xF3F5, 0xF3F5,
    0xFC15, 0xF3F5, 0xFC15, 0xFC15, 0xF3F5, 0xFC15, 0xF3F5, 0xF3F4, 0xFBF5, 0xF3F4, 0xFBF5, 0xFBF4,
    0xF3D4, 0xFBF5, 0xF3F4, 0xF3D4, 0xFBF4, 0xF3D4, 0xFBF4, 0xFBD4, 0xF3D4, 0xFBF4, 0xF3D4, 0xF3D3,
    0xFBD4, 0xF3D3, 0xFBD4, 0xFBD4, 0xF3D3, 0xFBD4, 0xF3D3, 0xF3D3, 0xFBD4, 0xF3D3, 0xFBD4, 0xFBD3,
    0xF3B3, 0xFBD3, 0xF3B3, 0xF3B2, 0xFBD3, 0xF3B3, 0xFBD3, 0xFBD3, 0xF3B2, 0xFBD3, 0xFBB2, 0xF3B2,
    0xFBB3, 0xF3B2, 0xFBD3, 0xFBB3, 0xF3B2, 0xFBB3, 0xFBB2, 0xF3B2, 0xFBB3, 0xF3B2, 0xFBB3, 0xFBB2,
    0xF3B2, 0xFBB2, 0xF3B2, 0xF3B2, 0xFBB2, 0xF3B2, 0xFBB2, 0xFBB2, 0xF391, 0xFBB2, 0xF392, 0xF391,
    0xFBB2, 0xF391, 0xFBB2, 0xFBB2, 0xF391, 0xFBB2, 0xF391, 0xF391, 0xFBB2, 0xF391, 0xFBB2, 0xFBB2,
    0xF391, 0xFBB2, 0xFBB1, 0xF3B1, 0xFBB2, 0xF3B1, 0xFBB2, 0xFBB2, 0xF391, 0xFBB2, 0xFBB1, 0xF391,
    0xFBB2, 0xF3B2, 0xFBB2, 0xFBB2, 0xF391, 0xFBB2, 0xFBB2, 0xF391, 0xFBB2, 0xF3B2, 0xFBB2, 0xFBB2,
    0xF391, 0xFBB2, 0xFB92, 0xF392, 0xFBB2, 0xF392, 0xFBB2, 0xFB92, 0xF392, 0xFBB2, 0xF392, 0xF392,
    0xFBB2, 0xF3B2, 0xFBB3, 0xFBB2, 0xF3B2, 0xFBB3, 0xF3B2, 0xF3B2, 0xFBB3, 0xF3B2, 0xFBD3, 0xFBB3,
    0xF3B2, 0xFBD3, 0xF3B3, 0xF3B2, 0xFBB3, 0xF3B3, 0xFBD3, 0xFBB3, 0xF3B3, 0xFBD3, 0xF3D3, 0xF3B3,
    0xFBD4, 0xF3B3, 0xFBD4, 0xFBD4, 0xF3D3, 0xFBD4, 0xF3D4, 0xF3D3, 0xFBD4, 0xF3D4, 0xFBF4, 0xFBF4,
    0xF3D4, 0xFBF4, 0xF3F4, 0xF3D4, 0xFBF5, 0xF3F4, 0xFBF5, 0xF3F4, 0xF3F4, 0xFBF5, 0xF3F5, 0xF3F4,
    0xFBF5, 0xF3F4, 0xFBF5, 0xF3F5, 0xF3F5, 0xFC15, 0xF415, 0xF3F5, 0xFC15, 0xF415, 0xFC16, 0xF415,
    0xF415, 0xFC16, 0xF416, 0xF415, 0xF436, 0xF416, 0xFC36, 0xF436, 0xF416, 0xFC36, 0xF436, 0xF436,
    0xF457, 0xF457, 0xFC57, 0xF457, 0xF437, 0xF457, 0xF457, 0xF457, 0xF457, 0xF457, 0xFC78, 0xF477,
    0xF477, 0xFC58, 0xF3D7, 0xF5BA, 0xFF5E, 0xF73D, 0xFC9A, 0xFD3D, 0x0000, 0x0000, 0x0000, 0x61A8,
    0xF457, 0xC372, 0xCB92, 0xC372, 0xBB51, 0xC372, 0xBB51, 0xB330, 0xB331, 0xB330, 0xB330, 0xAB10,
    0xA2EF, 0xAB0F, 0xA2EF, 0x9ACE, 0x9ACE, 0x92AE, 0x9AAE, 0x92AE, 0x8A8D, 0x8A8D, 0x8A6D, 0x826C,
    0x826C, 0x824C, 0x826C, 0x7A4C, 0x7A4C, 0x7A4C, 0x826C, 0x7A6C, 0x7A6C, 0x828D, 0x828D, 0x8AAE,
    0x8AAE, 0x8AAD, 0x92CE, 0x92CE, 0x92EE, 0x9AEF, 0x9B0F, 0xA330, 0xA330, 0xA330, 0xAB50, 0xAB50,
    0xAB50, 0xAB71, 0xAB71, 0xB392, 0xB392, 0xB391, 0xB3B2, 0xE496, 0x59C8, 0x0000, 0x0000, 0x0000,
    0x4967, 0xFC9D, 0xFCD9, 0xFFFF, 0xFFFF, 0xFD7A, 0xF396, 0xF3D7, 0xF438, 0xF457, 0xF478, 0xF478,
    0xF457, 0xF478, 0xF457, 0xFC78, 0xF477, 0xF457, 0xFC77, 0xF457, 0xF457, 0xF457, 0xF457, 0xFC57,
    0xF457, 0xF436, 0xFC57, 0xF436, 0xF436, 0xFC36, 0xF436, 0xFC36, 0xF436, 0xF415, 0xFC16, 0xF415,
    0xF415, 0xFC16, 0xF415, 0xFC16, 0xFC15, 0xF415, 0xFC16, 0xF415, 0xF3F5, 0xFC15, 0xF415, 0xFC15,
    0xFC15, 0xF3F5, 0xFC15, 0xFBF5, 0xF3F4, 0xFBF5, 0xF3F4, 0xFBF5, 0xFBF5, 0xF3F4, 0xFBF5, 0xFBF4,
    0xF3D4, 0xFBF4, 0xF3D4, 0xFBF4, 0xFBF4, 0xF3D4, 0xFBF4, 0xFBD4, 0xF3D3, 0xFBD4, 0xF3D3, 0xFBF4,
    0xFBD4, 0xF3D3, 0xFBF4, 0xFBD3, 0xF3D3, 0xFBD3, 0xF3D3, 0xFBD4, 0xFBD3, 0xF3B3, 0xFBD3, 0xFBD3,
    0xF3B2, 0xFBD3, 0xF3B3, 0xFBD3, 0xFBD3, 0xF3B2, 0xFBD3, 0xFBB3, 0xF3B2, 0xFBD3, 0xF3B2, 0xFBD3,
    0xFBB3, 0xF3B2, 0xFBD3, 0xFBB2, 0xF3B2, 0xFBD3, 0xFBB2, 0xFBD3, 0xFBB2, 0xF3B2, 0xFBD2, 0xFBB2,
    0xF3B2, 0xFBB2, 0xF3B2, 0xFBB2, 0xFBB2, 0xF392, 0xFBB2, 0xFBB2, 0xF391, 0xFBB2, 0xF3B2, 0xFBB2,
    0xFBB2, 0xF391, 0xFBB2, 0xFBB1, 0xF391, 0xFBB2, 0xF3B1, 0xFBB2, 0xFBB2, 0xF3B1, 0xFBD2, 0xFBB2,
    0xF3B1, 0xFBB2, 0xF3B1, 0xFBB2, 0xFBB2, 0xF391, 0xFBB2, 0xFBB2, 0xF3B1, 0xFBB2, 0xFBB2, 0xFBD2,
    0xFBB2, 0xF3B2, 0xFBB2, 0xFBB2, 0xF391, 0xFBB2, 0xF3B2, 0xFBB2, 0xFBB2, 0xF392, 0xFBB2, 0xFBB2,
    0xF392, 0xFBB2, 0xF3B2, 0xFBB2, 0xFBB2, 0xF392, 0xFBB2, 0xFBB2, 0xF3B2, 0xFBB3, 0xF3B2, 0xFBB3,
    0xFBB2, 0xF3B2, 0xFBD3, 0xF3B2, 0xF3B2, 0xFBD3, 0xF3B3, 0xFBD3, 0xFBD3, 0xF3B2, 0xFBD3, 0xF3B3,
    0xF3B2, 0xFBD3, 0xF3B3, 0xFBD4, 0xFBD3, 0xF3B3, 0xFBD4, 0xF3D3, 0xF3B3, 0xFBD4, 0xF3D3, 0xFBD4,
    0xFBD4, 0xF3D3, 0xFBF4, 0xF3D4, 0xF3D3, 0xFBD4, 0xF3D4, 0xFBF4, 0xFBF4, 0xF3D4, 0xFBF5, 0xF3F4,
    0xF3D4, 0xFBF5, 0xF3F4, 0xFC15, 0xFBF5, 0xF3F4, 0xFC15, 0xF3F5, 0xF3F4, 0xFBF5, 0xF3F5, 0xFC15,
    0xFC15, 0xF415, 0xFC15, 0xF415, 0xF415, 0xFC15, 0xF415, 0xFC36, 0xF416, 0xF415, 0xFC36, 0xF416,
    0xF415, 0xF436, 0xF436, 0xFC37, 0xF436, 0xF436, 0xFC37, 0xF436, 0xF436, 0xF457, 0xF457, 0xFC57,
    0xF457, 0xF457, 0xF457, 0xF457, 0xF457, 0xF457, 0xF457, 0xFC58, 0xF3B6, 0xF3B6, 0xFDDB, 0xFFDE,
    0xF6DC, 0xFBF7, 0xFD1E, 0x3926, 0x0000, 0x0000, 0x0000, 0x61A9, 0xF436, 0xC372, 0xC372, 0xC372,
    0xBB71, 0xBB51, 0xBB51, 0xB331, 0xB330, 0xB330, 0xAB10, 0xAB10, 0xA30F, 0xA2EF, 0xA2EF, 0x9ACE,
    0x92AE, 0x92AE, 0x92AD, 0x92AE, 0x8A8D, 0x826C, 0x8A8D, 0x826C, 0x7A4C, 0x824C, 0x7A4B, 0x7A4C,
    0x7A4C, 0x7A4C, 0x7A4C, 0x826C, 0x7A6C, 0x7A6C, 0x828D, 0x828D, 0x8AAE, 0x8AAE, 0x8AAD, 0x92CE,
    0x92EE, 0x92EE, 0x9B0F, 0x9B0F, 0xA330, 0xA330, 0xA330, 0xAB51, 0xAB50, 0xAB50, 0xB371, 0xAB71,
    0xB392, 0xB392, 0xB391, 0xE476, 0x59C9, 0x0000, 0x0000, 0x0000, 0x0000, 0x69EA, 0xFD9F, 0xFD1A,
    0xF73D, 0xFFFF, 0xFEBD, 0xF478, 0xF3B6, 0xF396, 0xF3D6, 0xF417, 0xF3F7, 0xF3D6, 0xF3D7, 0xF3D6,
    0xFBD7, 0xF3F6, 0xF3D6, 0xFBD6, 0xF3D6, 0xF3B5, 0xF3D6, 0xF3B6, 0xFBD6, 0xF3D6, 0xF3B5, 0xFBB6,
    0xF3B5, 0xF395, 0xFBB5, 0xF395, 0xFB95, 0xF395, 0xF374, 0xFB95, 0xF394, 0xF374, 0xFB94, 0xF374,
    0xFB95, 0xFB94, 0xF374, 0xFB94, 0xF374, 0xF373, 0xFB74, 0xF374, 0xFB94, 0xFB74, 0xF373, 0xFB74,
    0xF373, 0xF373, 0xFB74, 0xF373, 0xFB73, 0xFB73, 0xF352, 0xFB73, 0xFB53, 0xF352, 0xFB53, 0xF352,
    0xFB53, 0xFB53, 0xF332, 0xFB53, 0xFB52, 0xF352, 0xFB52, 0xF332, 0xFB53, 0xFB52, 0xF332, 0xFB52,
    0xFB32, 0xF331, 0xFB32, 0xFB31, 0xFB32, 0xFB31, 0xF331, 0xFB32, 0xFB31, 0xF311, 0xFB31, 0xF331,
    0xFB32, 0xFB31, 0xF331, 0xFB31, 0xFB31, 0xF331, 0xFB31, 0xFB31, 0xFB31, 0xFB31, 0xF311, 0xFB31,
    0xFB31, 0xF330, 0xFB31, 0xFB31, 0xFB31, 0xFB31, 0xF310, 0xFB31, 0xFB10, 0xF310, 0xFB10, 0xFB10,
    0xFB31, 0xFB10, 0xF310, 0xFB31, 0xFB10, 0xF310, 0xFB10, 0xFB10, 0xFB31, 0xFB10, 0xF2EF, 0xFB10,
    0xFB10, 0xF30F, 0xFB10, 0xF310, 0xFB10, 0xFB10, 0xF310, 0xFB30, 0xFB10, 0xF30F, 0xFB10, 0xF310,
    0xFB10, 0xFB10, 0xF310, 0xFB30, 0xFB10, 0xF310, 0xFB30, 0xF310, 0xFB31, 0xFB10, 0xF310, 0xFB31,
    0xFB10, 0xF310, 0xFB10, 0xF310, 0xFB11, 0xFB10, 0xF310, 0xFB31, 0xFB10, 0xF310, 0xFB11, 0xF2F0,
    0xFB11, 0xFB11, 0xF310, 0xFB11, 0xFB11, 0xF310, 0xFB11, 0xF311, 0xFB31, 0xFB11, 0xF311, 0xFB31,
    0xFB11, 0xF311, 0xFB31, 0xF331, 0xFB32, 0xFB31, 0xF311, 0xFB31, 0xF311, 0xF311, 0xFB31, 0xF331,
    0xFB52, 0xFB52, 0xF332, 0xFB52, 0xFB32, 0xF332, 0xFB32, 0xF332, 0xFB53, 0xFB52, 0xF352, 0xFB53,
    0xFB52, 0xF352, 0xFB53, 0xF352, 0xFB73, 0xFB53, 0xF353, 0xFB73, 0xF353, 0xF353, 0xFB73, 0xF373,
    0xFB74, 0xFB73, 0xF373, 0xFB94, 0xFB73, 0xF373, 0xFB74, 0xF373, 0xFB94, 0xFB94, 0xF373, 0xFB94,
    0xF374, 0xF374, 0xFB94, 0xF374, 0xFB95, 0xF394, 0xF394, 0xFBB5, 0xF395, 0xF394, 0xF3B5, 0xF3B5,
    0xFBB6, 0xF3B5, 0xF3B5, 0xFBD6, 0xF3B6, 0xF3B5, 0xF3D6, 0xF3D6, 0xFBD7, 0xF3D6, 0xF3B6, 0xF3F6,
    0xF3B6, 0xF396, 0xF396, 0xF3D6, 0xFD5A, 0xFF7E, 0xFFFF, 0xFEDC, 0xFC18, 0xFC9C, 0x4967, 0x0000,
    0x0000, 0x0000, 0x0000, 0x61C9, 0xF436, 0xBB51, 0xC372, 0xBB51, 0xC372, 0xBB51, 0xB331, 0xB351,
    0xB330, 0xAB10, 0xAB10, 0xA2EF, 0xA310, 0xA2EF, 0x9ACE, 0x9ACF, 0x92AE, 0x92AD, 0x92AE, 0x8A8D,
    0x8A8D, 0x8A6D, 0x826C, 0x826C, 0x7A4C, 0x7A4B, 0x7A4C, 0x722B, 0x722B, 0x7A4C, 0x7A4C, 0x7A4C,
    0x826C, 0x826C, 0x7A6C, 0x828D, 0x828D, 0x8AAE, 0x8AAE, 0x8AAE, 0x92EE, 0x92EE, 0x92EE, 0x9B0F,
    0x9B0F, 0xA330, 0xA330, 0xA330, 0xAB51, 0xAB51, 0xAB70, 0xB371, 0xB371, 0xB392, 0xB391, 0xDC56,
    0x59E9, 0x0000, 0x0000, 0x0000, 0x0000, 0x0000, 0x51A8, 0xFD1D, 0xFC3B, 0xF519, 0xF73C, 0xFFFF,
    0xFF9D, 0xFE9C, 0xFDBA, 0xF559, 0xFD5A, 0xFD39, 0xF539, 0xFD5A, 0xF539, 0xFD5A, 0xFD59, 0xF539,
    0xFD5A, 0xFD39, 0xF519, 0xFD39, 0xF539, 0xFD39, 0xFD39, 0xF519, 0xFD39, 0xFD19, 0xF518, 0xFD19,
    0xF518, 0xFD19, 0xFD18, 0xF4F8, 0xFD19, 0xFD18, 0xF518, 0xFD18, 0xFD18, 0xFD18, 0xFD18, 0xF4F8,
    0xFD18, 0xFCF8, 0xF4F7, 0xFCF8, 0xFCF8, 0xFD18, 0xFCF8, 0xFCF7, 0xFCF8, 0xFCF7, 0xF4D7, 0xFCF7,
    0xFCF7, 0xFCF8, 0xFCF7, 0xFCD7, 0xFCF7, 0xFCD7, 0xF4D7, 0xFCF7, 0xFCD7, 0xFCF7, 0xFCF7, 0xFCD7,
    0xFCF7, 0xFCF7, 0xFCD6, 0xFCF7, 0xFCD6, 0xFCF7, 0xFCD7, 0xFCD6, 0xFCF7, 0xFCD6, 0xF4B5, 0xFCD7,
    0xFCD6, 0xFCD7, 0xFCD6, 0xFCD6, 0xFCD7, 0xFCD6, 0xF4B5, 0xFCD6, 0xFCD6, 0xFCD6, 0xFCD6, 0xFCB5,
    0xFCD6, 0xFCD6, 0xF4B6, 0xFCD6, 0xFCD5, 0xFCD6, 0xFCD6, 0xFCB5, 0xFCD6, 0xFCD5, 0xFCD5, 0xFCD6,
    0xFCD5, 0xFCD6, 0xFCB5, 0xFCB5, 0xFCD5, 0xFCB5, 0xFCB5, 0xFCD6, 0xFCD5, 0xFCD6, 0xFCD5, 0xFCB5,
    0xFCD5, 0xFCB5, 0xF4B5, 0xFCD5, 0xFCB5, 0xFCD5, 0xFCB5, 0xFC94, 0xFCB5, 0xFCB5, 0xF4B4, 0xFCB5,
    0xFCB5, 0xFCD5, 0xFCD5, 0xFCB5, 0xFCD5, 0xFCB5, 0xF4B4, 0xFCB5, 0xFCB5, 0xFCD5, 0xFCD5, 0xFCB5,
    0xFCD5, 0xFCB5, 0xF4B5, 0xFCB5, 0xFCB5, 0xFCD6, 0xFCD5, 0xFCB5, 0xFCD6, 0xFCD6, 0xFCB5, 0xFCD6,
    0xFCB5, 0xFCD6, 0xFCD5, 0xFCB5, 0xFCD6, 0xFCB5, 0xF4B5, 0xFCB5, 0xFCB5, 0xFCD6, 0xFCB5, 0xFCB5,
    0xFCD6, 0xFCB5, 0xF4B5, 0xFCB6, 0xFCB6, 0xFCD6, 0xFCB6, 0xFCB6, 0xFCD6, 0xFCD6, 0xF4B5, 0xFCD6,
    0xFCD6, 0xFCD6, 0xFCD6, 0xFCB5, 0xFCD6, 0xFCB6, 0xF4B5, 0xFCD6, 0xFCD6, 0xFCD7, 0xFCD7, 0xFCD6,
    0xFCD7, 0xFCD7, 0xF4D6, 0xFCD7, 0xFCD7, 0xFCF7, 0xFCD7, 0xFCD6, 0xFCF7, 0xFCD7, 0xF4D7, 0xFCF7,
    0xFCD7, 0xFCF8, 0xFCF7, 0xFCD7, 0xFCF8, 0xFCF7, 0xF4F7, 0xFCF8, 0xFCF7, 0xFCF8, 0xFCF8, 0xFCF7,
    0xFD18, 0xFCF8, 0xF4F7, 0xFD18, 0xFD18, 0xFD18, 0xFD18, 0xF4F7, 0xFD18, 0xFCF8, 0xF4F7, 0xFD18,
    0xFD18, 0xFD19, 0xFD18, 0xF518, 0xFD39, 0xFD18, 0xF518, 0xFD39, 0xFD39, 0xFD39, 0xFD39, 0xF519,
    0xFD39, 0xF539, 0xF539, 0xFD39, 0xF539, 0xFD5A, 0xFD39, 0xF519, 0xFD5A, 0xFD9A, 0xF65B, 0xFF7E,
    0xFFFF, 0xFF7E, 0xF53A, 0xFCDB, 0xFD5D, 0x3905, 0x0000, 0x0000, 0x0000, 0x0000, 0x0000, 0x61A8,
    0xF456, 0xBB51, 0xBB51, 0xC372, 0xBB51, 0xBB51, 0xB351, 0xB330, 0xB330, 0xAB10, 0xA2EF, 0xA2F0,
    0xA2EF, 0xA2EF, 0x9ACF, 0x92AE, 0x92AE, 0x92AE, 0x8A8D, 0x8A8D, 0x826C, 0x8A6D, 0x826C, 0x7A4C,
    0x824C, 0x7A4B, 0x722B, 0x7A2B, 0x722B, 0x722B, 0x7A4C, 0x7A4C, 0x7A4C, 0x826D, 0x826C, 0x826C,
    0x8A8D, 0x82AD, 0x8AAE, 0x8ACE, 0x8ACE, 0x92EF, 0x92EF, 0x92EE, 0x9B0F, 0x9B0F, 0xA330, 0xA350,
    0xA330, 0xAB71, 0xAB51, 0xAB71, 0xB371, 0xB391, 0xB392, 0xE476, 0x59C8, 0x0000, 0x0000, 0x0000,
    0x0000, 0x0000, 0x0000, 0x0020, 0xD395, 0xFCBE, 0xFCDC, 0xFDBA, 0xFEFD, 0xFFDE, 0xFFFF, 0xFFFF,
    0xFFFE, 0xFFFF, 0xFFFF, 0xFFFE, 0xFFFF, 0xFFFF, 0xFFFF, 0xFFFF, 0xFFFF, 0xFFFF, 0xFFFF, 0xFFFF,
    0xFFFF, 0xFFFF, 0xFFFF, 0xFFFF, 0xFFFF, 0xFFFF, 0xFFFF, 0xFFFF, 0xFFFF, 0xFFFF, 0xFFFF, 0xFFFF,
    0xFFFF, 0xFFFF, 0xFFFF, 0xFFFF, 0xFFFF, 0xFFFF, 0xFFFF, 0xFFFF, 0xFFFF, 0xFFFF, 0xFFFF, 0xFFFF,
    0xFFFF, 0xFFFF, 0xFFFF, 0xFFFF, 0xFFFF, 0xFFFF, 0xFFFF, 0xFFFE, 0xFFFF, 0xFFFF, 0xFFFF, 0xFFFF,
    0xFFFF, 0xFFFF, 0xFFFF, 0xFFFF, 0xFFFF, 0xFFFF, 0xFFFF, 0xFFFF, 0xFFFF, 0xFFFF, 0xFFFF, 0xFFFF,
    0xFFFF, 0xFFFF, 0xFFFF, 0xFFFF, 0xFFFF, 0xFFFF, 0xFFFF, 0xFFFF, 0xFFFF, 0xFFFF, 0xFFFF, 0xFFFF,
    0xFFFF, 0xFFFF, 0xFFFF, 0xFFFF, 0xFFFF, 0xFFFF, 0xFFFF, 0xFFFF, 0xFFFF, 0xFFFF, 0xFFFF, 0xFFFF,
    0xFFFF, 0xFFFF, 0xFFFF, 0xFFFF, 0xFFFF, 0xFFFF, 0xFFFF, 0xFFFF, 0xFFFF, 0xFFFF, 0xFFFF, 0xFFFF,
    0xFFFF, 0xFFFF, 0xFFFF, 0xFFFF, 0xFFFF, 0xFFFF, 0xFFFF, 0xFFFF, 0xFFFF, 0xFFFF, 0xFFFF, 0xFFFF,
    0xFFFF, 0xFFFF, 0xFFFF, 0xFFFF, 0xFFFF, 0xFFFF, 0xFFFF, 0xFFFF, 0xFFFF, 0xFFFF, 0xFFFF, 0xFFFF,
    0xFFFF, 0xFFFF, 0xFFFF, 0xFFFF, 0xFFFF, 0xFFFF, 0xFFFF, 0xFFFF, 0xFFFF, 0xFFFF, 0xFFFF, 0xFFFF,
    0xFFFF, 0xFFFF, 0xFFFF, 0xFFFF, 0xFFFF, 0xFFFF, 0xFFFF, 0xFFFF, 0xFFFF, 0xFFFF, 0xFFFF, 0xFFFF,
    0xFFFF, 0xFFFF, 0xFFFF, 0xFFFF, 0xFFFF, 0xFFFF, 0xFFFF, 0xFFFF, 0xFFFF, 0xFFFF, 0xFFFF, 0xFFFF,
    0xFFFF, 0xFFFF, 0xFFFF, 0xFFFF, 0xFFFF, 0xFFFF, 0xFFFF, 0xFFFF, 0xFFFF, 0xFFFF, 0xFFFF, 0xFFFF,
    0xFFFF, 0xFFFF, 0xFFFF, 0xFFFF, 0xFFFF, 0xFFFF, 0xFFFF, 0xFFFF, 0xFFFE, 0xFFFF, 0xFFFF, 0xFFFF,
    0xFFFF, 0xFFFF, 0xFFFF, 0xFFFF, 0xFFFF, 0xFFFF, 0xFFFF, 0xFFFF, 0xFFFF, 0xFFFF, 0xFFFF, 0xFFFF,
    0xFFFF, 0xFFFF, 0xFFFF, 0xFFFF, 0xFFFF, 0xFFFF, 0xFFFF, 0xFFFF, 0xFFFF, 0xFFFF, 0xFFFF, 0xFFFF,
    0xFFFF, 0xFFFF, 0xFFFF, 0xFFFF, 0xFFFF, 0xFFFF, 0xFFFF, 0xFFFF, 0xFFFF, 0xFFFF, 0xFFFF, 0xFFFF,
    0xFFFF, 0xFFFF, 0xFFFF, 0xFFFF, 0xFFFF, 0xFFFF, 0xFFFF, 0xFFFF, 0xFFFF, 0xFFFF, 0xFFFF, 0xFFFF,
    0xFFFF, 0xFFFF, 0xFFFF, 0xFFFF, 0xFFFE, 0xFFFF, 0xFFBE, 0xF65B, 0xFCB9, 0xFC3A, 0xFCFE, 0xD3D5,
    0x0000, 0x0000, 0x0000, 0x0000, 0x0000, 0x0000, 0x0000, 0x61C9, 0xEC36, 0xC372, 0xBB51, 0xBB51,
    0xBB51, 0xB351, 0xBB51, 0xB330, 0xAB10, 0xAB10, 0xA30F, 0xA2EF, 0xA2EF, 0x9ACE, 0x9ACF, 0x92AE,
    0x92AD, 0x92AE, 0x8A8D, 0x826C, 0x8A6D, 0x826C, 0x826C, 0x7A4C, 0x7A2B, 0x7A4C, 0x722B, 0x720A,
    0x6A0A, 0x722B, 0x722B, 0x7A4C, 0x7A4C, 0x7A4C, 0x826C, 0x826C, 0x828C, 0x8A8D, 0x8AAD, 0x92CE,
    0x92CE, 0x92CE, 0x9AEF, 0x9AEF, 0x9AEF, 0xA310, 0xA30F, 0xAB30, 0xAB30, 0xA330, 0xAB71, 0xAB51,
    0xAB71, 0xB371, 0xB371, 0xE456, 0x59C9, 0x0000, 0x0000, 0x0000, 0x0000, 0x0000, 0x0000, 0x0000,
    0x0000, 0x4147, 0xDC37, 0xFCFC, 0xFCFC, 0xFC9B, 0xFC59, 0xFC99, 0xF4D9, 0xFCB9, 0xFCDA, 0xFCD9,
    0xF4B9, 0xFCD9, 0xFCB9, 0xFCB9, 0xFC99, 0xFC98, 0xFC98, 0xFC99, 0xFC98, 0xFCB9, 0xFCB8, 0xFC99,
    0xFC98, 0xFC98, 0xFC98, 0xFC77, 0xFC57, 0xFC78, 0xFC57, 0xFC78, 0xFC77, 0xFC57, 0xFC77, 0xFC57,
    0xFC56, 0xFC57, 0xFC57, 0xFC57, 0xFC57, 0xFC36, 0xFC57, 0xFC36, 0xFC36, 0xFC57, 0xFC56, 0xFC57,
    0xFC56, 0xFC36, 0xFC56, 0xFC36, 0xFC36, 0xFC56, 0xFC36, 0xFC56, 0xFC56, 0xFC36, 0xFC56, 0xFC36,
    0xFC15, 0xFC15, 0xFC35, 0xFC56, 0xFC36, 0xFC35, 0xFC55, 0xFC35, 0xFC15, 0xFC15, 0xFC14, 0xFC35,
    0xFC15, 0xFC14, 0xFC35, 0xFC14, 0xFC14, 0xFC35, 0xFC14, 0xFC35, 0xFC35, 0xFC14, 0xFC15, 0xFC14,
    0xFBF4, 0xFBF4, 0xFC14, 0xFC15, 0xFC14, 0xFC14, 0xFC14, 0xFBF4, 0xFBD3, 0xFBF4, 0xFBF3, 0xFBF4,
    0xFC14, 0xFBF3, 0xFC14, 0xFC14, 0xFBF3, 0xFBF4, 0xFBF3, 0xFC14, 0xFC14, 0xFBD3, 0xFBF4, 0xFBF3,
    0xFBF3, 0xFBF3, 0xFBF3, 0xFC14, 0xFBF3, 0xFBF3, 0xFBF3, 0xFBF3, 0xFBD2, 0xFBF3, 0xFBF3, 0xFBF3,
    0xFBF3, 0xFBD3, 0xFBF3, 0xFBF3, 0xFBD2, 0xFBF3, 0xFBD2, 0xFBF3, 0xFBF3, 0xFBF3, 0xFC13, 0xFC13,
    0xFBF3, 0xFBF3, 0xFBF3, 0xFBF3, 0xFBF3, 0xFBF3, 0xFBF3, 0xFBD3, 0xFBD3, 0xFBF3, 0xFBD3, 0xFBF4,
    0xFBF3, 0xFBD3, 0xFBF3, 0xFBF3, 0xFBF3, 0xFBF4, 0xFBF3, 0xFBF4, 0xFC14, 0xFBF3, 0xFC14, 0xFBF4,
    0xFC13, 0xFC14, 0xFBF4, 0xFBF4, 0xFBF4, 0xFBD3, 0xFBF4, 0xFBF4, 0xFBF3, 0xFBF4, 0xFBF4, 0xFBF4,
    0xFC14, 0xFC14, 0xFC14, 0xFBF4, 0xFBF4, 0xFC14, 0xFBF4, 0xFC15, 0xFBF4, 0xFBF4, 0xFC15, 0xFC35,
    0xFC14, 0xFC35, 0xFC15, 0xFC35, 0xFC35, 0xFC15, 0xFC35, 0xFC35, 0xFC15, 0xFC36, 0xFC35, 0xFC56,
    0xFC36, 0xFC36, 0xFC56, 0xFC36, 0xFC35, 0xFC56, 0xFC36, 0xFC56, 0xFC56, 0xFC36, 0xFC56, 0xFC56,
    0xFC36, 0xFC56, 0xFC56, 0xFC57, 0xFC56, 0xFC36, 0xFC57, 0xFC56, 0xFC36, 0xFC56, 0xFC56, 0xFC77,
    0xFC77, 0xFC56, 0xFC77, 0xF477, 0xF457, 0xFC77, 0xFC77, 0xFC98, 0xFC98, 0xF477, 0xFCB8, 0xFC98,
    0xF497, 0xFC98, 0xF498, 0xFC99, 0xFCB9, 0xFC98, 0xFCB9, 0xF499, 0xF498, 0xFC99, 0xF4B9, 0xFCB9,
    0xFCB9, 0xFC98, 0xFCBA, 0xFCBB, 0xFC5A, 0xD374, 0x3905, 0x0000, 0x0000, 0x0000, 0x0000, 0x0000,
    0x0000, 0x0000, 0x0000, 0x61C9, 0xEC36, 0xBB51, 0xC372, 0xBB51, 0xB351, 0xB351, 0xB330, 0xB331,
    0xAB10, 0xA30F, 0xAB10, 0xA2EF, 0x9ACE, 0x9ACF, 0x92AE, 0x9ACE, 0x92AE, 0x8A8D, 0x8A8D, 0x826D,
    0x826C, 0x826C, 0x7A4C, 0x824C, 0x7A4B, 0x722B, 0x722B, 0x720B, 0x6A0B, 0x6A0A, 0x722B, 0x722B,
    0x7A4C, 0x7A4C, 0x7A4C, 0x828D, 0x826D, 0x828C, 0x8AAD, 0x8AAD, 0x92CE, 0x92CE, 0x92CE, 0x9AEF,
    0x9AEF, 0x9AEF, 0xA310, 0xA330, 0xAB30, 0xAB50, 0xAB50, 0xB371, 0xB371, 0xAB71, 0xB371, 0xDC55,
    0x59C9, 0x0000, 0x0000, 0x0000, 0x0000, 0x0000, 0x0000, 0x0000, 0x0000, 0x0000, 0x0000, 0x1041,
    0x61EA, 0x9ACF, 0xCB54, 0xE3D6, 0xE3F7, 0xE3F6, 0xDBD6, 0xE3F6, 0xE3D6, 0xDBD6, 0xE3D6, 0xE3B5,
    0xE3D6, 0xE3B6, 0xE395, 0xE3B5, 0xE3B5, 0xDBB5, 0xE3B5, 0xE3B5, 0xE395, 0xE395, 0xE374, 0xE395,
    0xE374, 0xDB54, 0xE374, 0xE374, 0xEB75, 0xE374, 0xE354, 0xE374, 0xE374, 0xE373, 0xE374, 0xE353,
    0xEB54, 0xE354, 0xE353, 0xE354, 0xE353, 0xE353, 0xE374, 0xE353, 0xE353, 0xE353, 0xE333, 0xE373,
    0xE353, 0xE352, 0xE353, 0xE353, 0xEB53, 0xE353, 0xE332, 0xE353, 0xE332, 0xE332, 0xE332, 0xE332,
    0xE353, 0xE352, 0xE332, 0xE352, 0xE332, 0xE331, 0xE332, 0xE311, 0xEB32, 0xE331, 0xE331, 0xEB52,
    0xE331, 0xE311, 0xE332, 0xE331, 0xEB52, 0xE331, 0xE2F1, 0xE311, 0xE311, 0xE311, 0xE311, 0xE331,
    0xEB32, 0xE331, 0xE311, 0xEB11, 0xE2F0, 0xE2F0, 0xE311, 0xE310, 0xEB31, 0xE331, 0xE2F0, 0xE311,
    0xE310, 0xE310, 0xEB31, 0xE310, 0xEB11, 0xE310, 0xE310, 0xE330, 0xE310, 0xE310, 0xEB30, 0xE310,
    0xEB30, 0xE330, 0xE310, 0xEB10, 0xE2EF, 0xE2EF, 0xE310, 0xE2EF, 0xEB10, 0xE2F0, 0xE2EF, 0xE310,
    0xE2EF, 0xE2EF, 0xE2EF, 0xE2EF, 0xEB10, 0xE310, 0xE310, 0xEB30, 0xE310, 0xE2EF, 0xE310, 0xE310,
    0xEB31, 0xE330, 0xE310, 0xEB30, 0xE310, 0xE2EF, 0xEAF0, 0xE2F0, 0xEB10, 0xE310, 0xE2F0, 0xEB10,
    0xE2F0, 0xE2F0, 0xE311, 0xE310, 0xEB11, 0xE310, 0xE310, 0xEB11, 0xE310, 0xE310, 0xEB31, 0xE311,
    0xEB31, 0xE311, 0xE311, 0xEB31, 0xE311, 0xE311, 0xE331, 0xE331, 0xEB32, 0xE331, 0xE331, 0xEB31,
    0xE331, 0xE331, 0xEB32, 0xE331, 0xEB32, 0xE331, 0xE331, 0xEB52, 0xE332, 0xE331, 0xE352, 0xE352,
    0xEB53, 0xE352, 0xE332, 0xEB53, 0xE332, 0xE332, 0xEB53, 0xE352, 0xEB53, 0xE373, 0xE353, 0xEB73,
    0xE373, 0xE353, 0xEB73, 0xE373, 0xEB73, 0xE373, 0xE353, 0xEB73, 0xE373, 0xE373, 0xEB94, 0xE373,
    0xEB74, 0xE373, 0xE353, 0xEB74, 0xE374, 0xE373, 0xE394, 0xE394, 0xEB95, 0xE394, 0xE394, 0xEB95,
    0xE394, 0xE394, 0xE3B5, 0xE3B5, 0xEBD6, 0xE3B5, 0xE3B5, 0xE3D6, 0xE3D6, 0xE3B6, 0xE3D6, 0xE3D6,
    0xEBF7, 0xE3D6, 0xE3D6, 0xE3F6, 0xE3D6, 0xDBD6, 0xE3D6, 0xE3D6, 0xE3D6, 0xCB74, 0xA2CF, 0x61CA,
    0x0020, 0x0000, 0x0000, 0x0000, 0x0000, 0x0000, 0x0000, 0x0000, 0x0000, 0x0000, 0x0000, 0x59A9,
    0xF436, 0xBB51, 0xBB51, 0xBB51, 0xB351, 0xB330, 0xB331, 0xAB30, 0xAB30, 0xAB10, 0xA2EF, 0xA2EF,
    0x9ACF, 0x92CE, 0x9ACE, 0x92AE, 0x92AE, 0x8A8D, 0x826C, 0x8A8D, 0x826C, 0x7A4C, 0x7A4C, 0x7A4B,
    0x7A4C, 0x722B, 0x720A, 0x722B,
};
